id,image_filename,class,x,y,width,height,conf
1,ASCUS_1_patch01.png,0,664.29,663.23,100,100,0.7855
2,ASCUS_1_patch01.png,0,906.53,581.58,100,100,0.7769
3,ASCUS_1_patch01.png,0,750.98,782.11,100,100,0.7564
4,ASCUS_1_patch01.png,0,109.85,943.8,100,100,0.7447
5,ASCUS_1_patch01.png,0,408.48,40.18,100,100,0.7431
6,ASCUS_1_patch01.png,0,791.67,842.72,100,100,0.7343
7,ASCUS_1_patch01.png,0,590.58,945.32,100,100,0.7298
8,ASCUS_1_patch01.png,0,926.92,753.4,100,100,0.7206
9,ASCUS_1_patch01.png,0,868.86,733.54,100,100,0.7148
10,ASCUS_1_patch01.png,0,371.74,408.74,100,100,0.7076
11,ASCUS_1_patch01.png,0,938.08,837.5,100,100,0.7058
12,ASCUS_1_patch01.png,0,532.98,720.48,100,100,0.7009
13,ASCUS_1_patch01.png,0,102.34,837.03,100,100,0.7005
14,ASCUS_1_patch01.png,0,489.38,718.49,100,100,0.694
15,ASCUS_1_patch01.png,0,280.05,759.02,100,100,0.6933
16,ASCUS_1_patch01.png,0,767.88,156.77,100,100,0.6933
17,ASCUS_1_patch01.png,0,912.01,62.43,100,100,0.6902
18,ASCUS_1_patch01.png,0,534.63,286.76,100,100,0.6876
19,ASCUS_1_patch01.png,0,750.67,589.57,100,100,0.6809
20,ASCUS_1_patch01.png,0,994.24,25.98,100,100,0.6743
21,ASCUS_1_patch01.png,0,525.21,84.47,100,100,0.6581
22,ASCUS_1_patch01.png,0,477.82,963.17,100,100,0.6542
23,ASCUS_1_patch01.png,0,401.88,899.52,100,100,0.6529
24,ASCUS_1_patch01.png,0,854.87,835.83,100,100,0.6493
25,ASCUS_1_patch01.png,0,803.26,434.16,100,100,0.6469
26,ASCUS_1_patch01.png,0,801.2,702.61,100,100,0.6461
27,ASCUS_1_patch01.png,0,999.76,769.85,100,100,0.6385
28,ASCUS_1_patch01.png,0,18.26,86.22,100,100,0.6385
29,ASCUS_1_patch01.png,0,414.15,548.65,100,100,0.6363
30,ASCUS_1_patch01.png,0,721.96,419.7,100,100,0.6335
31,ASCUS_1_patch01.png,0,930.05,142.27,100,100,0.6307
32,ASCUS_1_patch01.png,0,65.83,680.89,100,100,0.6262
33,ASCUS_1_patch01.png,0,312.16,873.68,100,100,0.6219
34,ASCUS_1_patch01.png,0,854.75,109.0,100,100,0.6196
35,ASCUS_1_patch01.png,0,322.58,721.7,100,100,0.6194
36,ASCUS_1_patch01.png,0,599.27,248.65,100,100,0.6172
37,ASCUS_1_patch01.png,0,13.16,230.82,100,100,0.6156
38,ASCUS_1_patch01.png,0,372.64,834.23,100,100,0.6136
39,ASCUS_1_patch01.png,0,272.69,847.39,100,100,0.603
40,ASCUS_1_patch01.png,0,659.59,258.67,100,100,0.602
41,ASCUS_1_patch01.png,0,511.74,185.93,100,100,0.5997
42,ASCUS_1_patch01.png,0,388.07,987.26,100,100,0.5922
43,ASCUS_1_patch01.png,0,351.96,800.8,100,100,0.5918
44,ASCUS_1_patch01.png,0,866.86,365.44,100,100,0.5894
45,ASCUS_1_patch01.png,0,219.26,873.02,100,100,0.5878
46,ASCUS_1_patch01.png,0,71.4,517.86,100,100,0.585
47,ASCUS_1_patch01.png,0,123.94,598.95,100,100,0.5847
48,ASCUS_1_patch01.png,0,504.21,787.17,100,100,0.5828
49,ASCUS_1_patch01.png,0,686.73,221.39,100,100,0.5818
50,ASCUS_1_patch01.png,0,368.97,302.41,100,100,0.5816
51,ASCUS_1_patch01.png,0,1011.83,649.89,100,100,0.5808
52,ASCUS_1_patch01.png,0,224.43,588.77,100,100,0.5788
53,ASCUS_1_patch01.png,0,163.39,22.89,100,100,0.5782
54,ASCUS_1_patch01.png,0,665.55,157.57,100,100,0.5746
55,ASCUS_1_patch01.png,0,297.65,649.48,100,100,0.5741
56,ASCUS_1_patch01.png,0,39.66,122.41,100,100,0.5667
57,ASCUS_1_patch01.png,0,240.96,558.48,100,100,0.5591
58,ASCUS_1_patch01.png,0,150.26,411.52,100,100,0.5589
59,ASCUS_1_patch01.png,0,633.22,386.54,100,100,0.5561
60,ASCUS_1_patch01.png,0,839.02,256.26,100,100,0.5548
61,ASCUS_1_patch01.png,0,745.0,520.47,100,100,0.5534
62,ASCUS_1_patch01.png,0,97.38,635.9,100,100,0.553
63,ASCUS_1_patch01.png,0,355.88,944.8,100,100,0.5512
64,ASCUS_1_patch01.png,0,125.08,465.99,100,100,0.5505
65,ASCUS_1_patch01.png,0,542.5,797.05,100,100,0.5471
66,ASCUS_1_patch01.png,0,719.41,869.6,100,100,0.5444
67,ASCUS_1_patch01.png,0,36.92,31.1,100,100,0.5429
68,ASCUS_1_patch01.png,0,114.76,82.29,100,100,0.5391
69,ASCUS_1_patch01.png,0,274.56,594.73,100,100,0.5351
70,ASCUS_1_patch01.png,0,696.19,26.36,100,100,0.533
71,ASCUS_1_patch01.png,0,131.85,126.35,100,100,0.5311
72,ASCUS_1_patch01.png,0,146.79,727.83,100,100,0.5308
73,ASCUS_1_patch01.png,0,415.13,173.43,100,100,0.5305
74,ASCUS_1_patch01.png,0,810.17,351.35,100,100,0.5266
75,ASCUS_1_patch01.png,0,345.43,151.96,100,100,0.5238
76,ASCUS_1_patch01.png,0,916.06,254.53,100,100,0.5233
77,ASCUS_1_patch01.png,0,559.18,69.54,100,100,0.52
78,ASCUS_1_patch01.png,0,49.06,467.35,100,100,0.5162
79,ASCUS_1_patch01.png,0,475.35,397.7,100,100,0.51
80,ASCUS_1_patch01.png,0,152.39,264.35,100,100,0.5068
81,ASCUS_1_patch01.png,0,451.24,845.44,100,100,0.5055
82,ASCUS_1_patch01.png,0,587.9,769.36,100,100,0.5025
83,ASCUS_1_patch01.png,0,266.66,25.69,100,100,0.5013
84,ASCUS_1_patch01.png,0,424.24,685.6,100,100,0.4939
85,ASCUS_1_patch01.png,0,829.06,647.97,100,100,0.4908
86,ASCUS_1_patch01.png,0,262.74,194.46,100,100,0.4878
87,ASCUS_1_patch01.png,0,720.7,303.38,100,100,0.4813
88,ASCUS_1_patch01.png,0,174.25,716.8,100,100,0.4813
89,ASCUS_1_patch01.png,0,277.87,105.67,100,100,0.4801
90,ASCUS_1_patch01.png,0,212.06,427.88,100,100,0.4754
91,ASCUS_1_patch01.png,0,820.48,10.22,100,100,0.4692
92,ASCUS_1_patch01.png,0,614.39,548.78,100,100,0.4652
93,ASCUS_1_patch01.png,0,304.79,330.26,100,100,0.458
94,ASCUS_1_patch01.png,0,593.79,190.18,100,100,0.4571
95,ASCUS_1_patch01.png,0,757.09,1007.57,100,100,0.4471
96,ASCUS_1_patch01.png,0,845.55,198.02,100,100,0.4418
97,ASCUS_1_patch01.png,0,195.35,1010.74,100,100,0.4405
98,ASCUS_1_patch01.png,0,623.27,569.76,100,100,0.4371
99,ASCUS_1_patch01.png,0,208.44,145.11,100,100,0.4315
100,ASCUS_1_patch01.png,0,526.95,990.15,100,100,0.4296
101,ASCUS_1_patch01.png,0,29.33,765.11,100,100,0.4284
102,ASCUS_1_patch01.png,0,664.89,79.78,100,100,0.4261
103,ASCUS_1_patch01.png,0,385.86,216.04,100,100,0.4212
104,ASCUS_1_patch01.png,0,214.71,254.08,100,100,0.4193
105,ASCUS_1_patch01.png,0,482.01,637.48,100,100,0.4178
106,ASCUS_1_patch01.png,0,228.49,986.76,100,100,0.412
107,ASCUS_1_patch01.png,0,559.23,441.09,100,100,0.4083
108,ASCUS_1_patch01.png,0,229.35,798.05,100,100,0.4037
109,ASCUS_1_patch01.png,0,319.16,52.43,100,100,0.4021
110,ASCUS_1_patch01.png,0,746.34,266.48,100,100,0.3831
111,ASCUS_1_patch01.png,0,448.99,475.01,100,100,0.3826
112,ASCUS_1_patch01.png,0,139.37,645.13,100,100,0.3804
113,ASCUS_1_patch01.png,0,378.12,718.78,100,100,0.378
114,ASCUS_1_patch01.png,0,440.12,77.38,100,100,0.3738
115,ASCUS_1_patch01.png,0,1009.65,526.35,100,100,0.3736
116,ASCUS_1_patch01.png,0,986.44,301.09,100,100,0.3713
117,ASCUS_1_patch01.png,0,337.1,577.07,100,100,0.3652
118,ASCUS_1_patch01.png,0,853.37,477.24,100,100,0.3636
119,ASCUS_1_patch01.png,0,245.33,500.71,100,100,0.36
120,ASCUS_1_patch01.png,0,379.26,355.43,100,100,0.3537
121,ASCUS_1_patch01.png,0,758.65,49.18,100,100,0.3448
122,ASCUS_1_patch01.png,0,248.49,954.56,100,100,0.3437
123,ASCUS_1_patch01.png,0,359.27,901.47,100,100,0.341
124,ASCUS_1_patch01.png,0,796.89,235.36,100,100,0.3391
125,ASCUS_1_patch01.png,0,877.39,441.83,100,100,0.326
126,ASCUS_1_patch01.png,0,204.0,0.0,100,100,0.3209652006626129
127,ASCUS_1_patch01.png,0,273.62,378.59,100,100,0.3196
128,ASCUS_1_patch01.png,0,45.88,945.73,100,100,0.3102
129,ASCUS_1_patch01.png,0,1005.6,339.02,100,100,0.3053
130,ASCUS_1_patch01.png,0,501.8,338.68,100,100,0.292
131,ASCUS_1_patch01.png,0,415.12,749.67,100,100,0.2906
132,ASCUS_1_patch01.png,0,428.71,378.4,100,100,0.282
133,ASCUS_1_patch01.png,0,207.65,15.83,100,100,0.2808
134,ASCUS_1_patch01.png,0,968.52001953125,435.54998779296875,100,100,0.2696000039577484
135,ASCUS_1_patch01.png,0,965.14,419.02,100,100,0.2658
136,ASCUS_1_patch01.png,0,526.62,493.74,100,100,0.2478
137,ASCUS_1_patch01.png,0,649.6599731445312,419.010009765625,100,100,0.24150000512599945
138,ASCUS_1_patch01.png,0,314.71,545.6,100,100,0.2336
139,ASCUS_1_patch01.png,0,613.37,15.75,100,100,0.2231
140,ASCUS_1_patch01.png,0,628.97998046875,287.20001220703125,100,100,0.20749999582767487
141,ASCUS_1_patch01.png,0,622.39,342.64,100,100,0.2058
142,ASCUS_1_patch01.png,0,673.7100219726562,734.7999877929688,100,100,0.19370000064373016
143,ASCUS_1_patch01.png,0,189.0399932861328,164.25999450683594,100,100,0.19210000336170197
144,ASCUS_1_patch01.png,0,251.8300018310547,312.010009765625,100,100,0.1881999969482422
145,ASCUS_1_patch01.png,0,937.77001953125,280.4100036621094,100,100,0.1793999969959259
146,ASCUS_1_patch01.png,0,526.94,603.02,100,100,0.1758
147,ASCUS_1_patch01.png,0,590.97998046875,795.0,100,100,0.17249999940395355
148,ASCUS_1_patch01.png,0,1011.530029296875,198.36000061035156,100,100,0.1535000056028366
149,ASCUS_1_patch01.png,0,924.280029296875,219.7899932861328,100,100,0.14970000088214874
150,ASCUS_1_patch01.png,0,487.97,543.27,100,100,0.1401
151,ASCUS_1_patch01.png,0,385.92999267578125,522.1500244140625,100,100,0.12099999934434891
152,ASCUS_1_patch01.png,0,752.1099853515625,241.39999389648438,100,100,0.1103999987244606
153,ASCUS_1_patch01.png,0,77.51000213623047,5.53000020980835,100,100,0.10840000212192535
154,ASCUS_1_patch01.png,0,531.7999877929688,479.1400146484375,100,100,0.10440000146627426
155,ASCUS_1_patch01.png,0,256.3500061035156,607.97998046875,100,100,0.09910000115633011
156,ASCUS_1_patch01.png,0,228.5,427.0400085449219,100,100,0.09390000253915787
157,ASCUS_1_patch01.png,0,10.100000381469727,488.510009765625,100,100,0.09139999747276306
158,ASCUS_1_patch01.png,0,654.9099731445312,1016.4000244140625,100,100,0.08940000087022781
159,ASCUS_1_patch01.png,0,419.0899963378906,559.5399780273438,100,100,0.0892999991774559
160,ASCUS_1_patch01.png,0,132.50999450683594,302.7099914550781,100,100,0.0843999981880188
161,ASCUS_1_patch01.png,0,56.720001220703125,49.20000076293945,100,100,0.08089999854564667
162,ASCUS_1_patch01.png,0,18.829999923706055,330.760009765625,100,100,0.0771000012755394
163,ASCUS_1_patch01.png,0,579.5599975585938,51.95000076293945,100,100,0.07689999788999557
164,ASCUS_1_patch01.png,0,586.2000122070312,352.6000061035156,100,100,0.07360000163316727
165,ASCUS_1_patch01.png,0,973.989990234375,156.3300018310547,100,100,0.0731000006198883
166,ASCUS_1_patch01.png,0,364.2300109863281,316.5400085449219,100,100,0.0722000002861023
167,ASCUS_1_patch01.png,0,203.6199951171875,320.8599853515625,100,100,0.06610000133514404
168,ASCUS_1_patch01.png,0,190.44000244140625,4.690000057220459,100,100,0.0649000033736229
169,ASCUS_1_patch01.png,0,571.3599853515625,397.010009765625,100,100,0.06379999965429306
170,ASCUS_1_patch01.png,0,637.0800170898438,516.0499877929688,100,100,0.06030000001192093
171,ASCUS_1_patch01.png,0,11.510000228881836,375.9100036621094,100,100,0.057500001043081284
172,ASCUS_1_patch01.png,0,851.3599853515625,618.77001953125,100,100,0.05590000003576279
173,ASCUS_1_patch01.png,0,651.8599853515625,826.5800170898438,100,100,0.054999999701976776
174,ASCUS_1_patch01.png,0,606.510009765625,4.960000038146973,100,100,0.05480000004172325
175,ASCUS_1_patch01.png,0,6.929999828338623,34.59000015258789,100,100,0.053599998354911804
176,ASCUS_1_patch01.png,0,237.4499969482422,470.80999755859375,100,100,0.051899999380111694
177,ASCUS_1_patch01.png,0,171.10000610351562,367.5899963378906,100,100,0.05139999836683273
178,ASCUS_1_patch01.png,0,810.9600219726562,140.3800048828125,100,100,0.05079999938607216
179,ASCUS_1_patch01.png,0,622.010009765625,30.469999313354492,100,100,0.050200000405311584
180,ASCUS_1_patch01.png,0,630.3900146484375,829.030029296875,100,100,0.04650000110268593
181,ASCUS_1_patch01.png,0,157.89999389648438,527.47998046875,100,100,0.046300001442432404
182,ASCUS_1_patch01.png,0,125.47000122070312,1016.0,100,100,0.04490000009536743
183,ASCUS_1_patch01.png,0,207.82000732421875,359.17999267578125,100,100,0.04479999840259552
184,ASCUS_1_patch01.png,0,473.6000061035156,378.5899963378906,100,100,0.044599998742341995
185,ASCUS_1_patch01.png,0,587.52001953125,458.69000244140625,100,100,0.04450000077486038
186,ASCUS_1_patch01.png,0,7.179999828338623,334.05999755859375,100,100,0.043699998408555984
187,ASCUS_1_patch01.png,0,446.75,203.10000610351562,100,100,0.042899999767541885
188,ASCUS_1_patch01.png,0,45.290000915527344,288.69000244140625,100,100,0.041099999099969864
189,ASCUS_1_patch01.png,0,218.77999877929688,66.05999755859375,100,100,0.04050000011920929
190,ASCUS_1_patch01.png,0,168.77000427246094,125.69000244140625,100,100,0.04019999876618385
191,ASCUS_1_patch01.png,0,944.5999755859375,1016.4299926757812,100,100,0.03959999978542328
192,ASCUS_1_patch01.png,0,564.6199951171875,828.9000244140625,100,100,0.03750000149011612
193,ASCUS_1_patch01.png,0,274.8599853515625,284.8500061035156,100,100,0.037300001829862595
194,ASCUS_1_patch01.png,0,663.5499877929688,116.5,100,100,0.035100001841783524
195,ASCUS_1_patch01.png,0,178.92999267578125,446.9800109863281,100,100,0.032600000500679016
196,ASCUS_1_patch01.png,0,120.61000061035156,15.90999984741211,100,100,0.031599998474121094
197,ASCUS_1_patch01.png,0,295.3800048828125,303.3699951171875,100,100,0.031099999323487282
198,ASCUS_1_patch01.png,0,584.9099731445312,519.8099975585938,100,100,0.030500000342726707
199,ASCUS_1_patch01.png,0,211.49000549316406,932.3099975585938,100,100,0.029899999499320984
200,ASCUS_1_patch01.png,0,988.2000122070312,453.67999267578125,100,100,0.028999999165534973
201,ASCUS_1_patch01.png,0,308.1600036621094,791.8800048828125,100,100,0.028300000354647636
202,ASCUS_1_patch01.png,0,417.07000732421875,305.55999755859375,100,100,0.02800000086426735
203,ASCUS_1_patch01.png,0,158.41000366210938,717.969970703125,100,100,0.027799999341368675
204,ASCUS_1_patch01.png,0,219.02999877929688,241.27000427246094,100,100,0.027799999341368675
205,ASCUS_1_patch01.png,0,167.66000366210938,57.849998474121094,100,100,0.026599999517202377
206,ASCUS_1_patch01.png,0,4.369999885559082,62.470001220703125,100,100,0.026000000536441803
207,ASCUS_1_patch01.png,0,804.7100219726562,219.3300018310547,100,100,0.025800000876188278
208,ASCUS_1_patch01.png,0,951.1500244140625,839.239990234375,100,100,0.02539999969303608
209,ASCUS_1_patch01.png,0,55.310001373291016,795.260009765625,100,100,0.024299999698996544
210,ASCUS_1_patch01.png,0,633.4000244140625,106.5999984741211,100,100,0.024000000208616257
211,ASCUS_1_patch01.png,0,168.4499969482422,434.760009765625,100,100,0.022099999710917473
212,ASCUS_1_patch01.png,0,80.04000091552734,1019.8800048828125,100,100,0.021299999207258224
213,ASCUS_1_patch01.png,0,673.4199829101562,776.22998046875,100,100,0.020999999716877937
214,ASCUS_1_patch01.png,0,386.69000244140625,958.1300048828125,100,100,0.020500000566244125
215,ASCUS_1_patch01.png,0,947.0800170898438,439.8299865722656,100,100,0.019600000232458115
216,ASCUS_1_patch01.png,0,948.1300048828125,123.83000183105469,100,100,0.019500000402331352
217,ASCUS_1_patch01.png,0,54.029998779296875,90.76000213623047,100,100,0.019200000911951065
218,ASCUS_1_patch01.png,0,1017.6300048828125,638.030029296875,100,100,0.018300000578165054
219,ASCUS_1_patch01.png,0,142.52999877929688,396.7799987792969,100,100,0.017999999225139618
220,ASCUS_1_patch01.png,0,602.75,941.02001953125,100,100,0.01720000058412552
221,ASCUS_1_patch01.png,0,185.97000122070312,363.4700012207031,100,100,0.016300000250339508
222,ASCUS_1_patch01.png,0,254.08999633789062,6.429999828338623,100,100,0.015300000086426735
223,ASCUS_1_patch01.png,0,360.4200134277344,810.5599975585938,100,100,0.014999999664723873
224,ASCUS_1_patch01.png,0,231.3699951171875,230.69000244140625,100,100,0.014999999664723873
225,ASCUS_1_patch01.png,0,432.8699951171875,419.5199890136719,100,100,0.01489999983459711
226,ASCUS_1_patch01.png,0,366.79998779296875,520.5700073242188,100,100,0.014800000004470348
227,ASCUS_1_patch01.png,0,937.1900024414062,306.67999267578125,100,100,0.013899999670684338
228,ASCUS_1_patch01.png,0,260.010009765625,504.3800048828125,100,100,0.013500000350177288
229,ASCUS_1_patch01.png,0,242.14999389648438,300.94000244140625,100,100,0.013399999588727951
230,ASCUS_1_patch01.png,0,933.5900268554688,293.260009765625,100,100,0.013199999928474426
231,ASCUS_1_patch01.png,0,853.530029296875,229.5500030517578,100,100,0.012900000438094139
232,ASCUS_1_patch01.png,0,809.2100219726562,999.489990234375,100,100,0.012799999676644802
233,ASCUS_1_patch01.png,0,236.75,962.5499877929688,100,100,0.01269999984651804
234,ASCUS_1_patch01.png,0,401.6499938964844,534.0499877929688,100,100,0.012400000356137753
235,ASCUS_1_patch01.png,0,182.10000610351562,899.0499877929688,100,100,0.012299999594688416
236,ASCUS_1_patch01.png,0,410.7900085449219,889.4299926757812,100,100,0.012199999764561653
237,ASCUS_1_patch01.png,0,361.5899963378906,827.280029296875,100,100,0.012000000104308128
238,ASCUS_1_patch01.png,0,638.4099731445312,410.6400146484375,100,100,0.011800000444054604
239,ASCUS_1_patch01.png,0,361.7099914550781,140.7899932861328,100,100,0.011500000022351742
240,ASCUS_1_patch01.png,0,507.92999267578125,805.5499877929688,100,100,0.011500000022351742
241,ASCUS_1_patch01.png,0,51.9900016784668,772.5700073242188,100,100,0.01140000019222498
242,ASCUS_1_patch01.png,0,47.40999984741211,111.2699966430664,100,100,0.01140000019222498
243,ASCUS_1_patch01.png,0,1013.75,761.8599853515625,100,100,0.01140000019222498
244,ASCUS_1_patch01.png,0,326.79998779296875,870.010009765625,100,100,0.01119999960064888
245,ASCUS_1_patch01.png,0,234.9499969482422,576.1500244140625,100,100,0.010900000110268593
246,ASCUS_1_patch01.png,0,1019.1199951171875,386.7900085449219,100,100,0.010900000110268593
247,ASCUS_1_patch01.png,0,463.2699890136719,837.52001953125,100,100,0.010700000450015068
248,ASCUS_1_patch01.png,0,52.849998474121094,35.06999969482422,100,100,0.010499999858438969
249,ASCUS_1_patch01.png,0,358.25,406.80999755859375,100,100,0.010400000028312206
250,ASCUS_1_patch01.png,0,218.10000610351562,7.170000076293945,100,100,0.010300000198185444
251,ASCUS_1_patch01.png,0,461.80999755859375,852.3599853515625,100,100,0.010200000368058681
252,ASCUS_1_patch01.png,0,512.7000122070312,90.63999938964844,100,100,0.010200000368058681
253,ASCUS_1_patch01.png,0,107.91000366210938,66.58000183105469,100,100,0.009999999776482582
254,ASCUS_1_patch01.png,0,618.8400268554688,390.2300109863281,100,100,0.009999999776482582
255,ASCUS_1_patch01.png,0,470.239990234375,628.4099731445312,100,100,0.009999999776482582
256,ASCUS_1_patch01.png,0,202.6199951171875,261.9200134277344,100,100,0.009499999694526196
257,ASCUS_1_patch01.png,0,257.6000061035156,380.5799865722656,100,100,0.009499999694526196
258,ASCUS_1_patch01.png,0,335.2300109863281,140.1999969482422,100,100,0.00930000003427267
259,ASCUS_1_patch01.png,0,265.6499938964844,365.0799865722656,100,100,0.009200000204145908
260,ASCUS_1_patch01.png,0,286.0799865722656,314.79998779296875,100,100,0.008899999782443047
261,ASCUS_1_patch01.png,0,1000.5999755859375,831.530029296875,100,100,0.008899999782443047
262,ASCUS_1_patch01.png,0,398.010009765625,433.1000061035156,100,100,0.008799999952316284
263,ASCUS_1_patch01.png,0,367.32000732421875,286.45001220703125,100,100,0.008799999952316284
264,ASCUS_1_patch01.png,0,1014.280029296875,287.4800109863281,100,100,0.008799999952316284
265,ASCUS_1_patch01.png,0,437.32000732421875,839.3499755859375,100,100,0.00839999970048666
266,ASCUS_1_patch01.png,0,264.739990234375,295.1400146484375,100,100,0.00839999970048666
267,ASCUS_1_patch01.png,0,839.25,636.4600219726562,100,100,0.00839999970048666
268,ASCUS_1_patch01.png,0,139.64999389648438,269.3699951171875,100,100,0.008299999870359898
269,ASCUS_1_patch01.png,0,737.7899780273438,585.0499877929688,100,100,0.008299999870359898
270,ASCUS_1_patch01.png,0,845.0700073242188,241.33999633789062,100,100,0.008200000040233135
271,ASCUS_1_patch01.png,0,9.149999618530273,732.7899780273438,100,100,0.008200000040233135
272,ASCUS_1_patch01.png,0,351.29998779296875,114.62999725341797,100,100,0.008200000040233135
273,ASCUS_1_patch01.png,0,178.1999969482422,1019.2999877929688,100,100,0.008100000210106373
274,ASCUS_1_patch01.png,0,708.6699829101562,413.3900146484375,100,100,0.008100000210106373
275,ASCUS_1_patch01.png,0,397.19000244140625,996.5999755859375,100,100,0.008100000210106373
276,ASCUS_1_patch01.png,0,536.8599853515625,69.87999725341797,100,100,0.008100000210106373
277,ASCUS_1_patch01.png,0,846.72998046875,815.7000122070312,100,100,0.00800000037997961
278,ASCUS_1_patch01.png,0,273.7799987792969,784.5599975585938,100,100,0.00800000037997961
279,ASCUS_1_patch01.png,0,428.1000061035156,548.1199951171875,100,100,0.007699999958276749
280,ASCUS_1_patch01.png,0,207.57000732421875,1015.6900024414062,100,100,0.007600000128149986
281,ASCUS_1_patch01.png,0,718.1400146484375,392.1499938964844,100,100,0.007600000128149986
282,ASCUS_1_patch01.png,0,903.719970703125,51.68000030517578,100,100,0.007499999832361937
283,ASCUS_1_patch01.png,0,717.7899780273438,271.9700012207031,100,100,0.007499999832361937
284,ASCUS_1_patch01.png,0,60.08000183105469,692.6099853515625,100,100,0.007400000002235174
285,ASCUS_1_patch01.png,0,291.6099853515625,744.97998046875,100,100,0.007400000002235174
286,ASCUS_1_patch01.png,0,415.2099914550781,849.760009765625,100,100,0.007300000172108412
287,ASCUS_1_patch01.png,0,735.3400268554688,509.0199890136719,100,100,0.007300000172108412
288,ASCUS_1_patch01.png,0,915.239990234375,571.530029296875,100,100,0.007199999876320362
289,ASCUS_1_patch01.png,0,9.430000305175781,73.5,100,100,0.007199999876320362
290,ASCUS_1_patch01.png,0,648.3099975585938,534.8200073242188,100,100,0.007199999876320362
291,ASCUS_1_patch01.png,0,434.7799987792969,942.1300048828125,100,100,0.007199999876320362
292,ASCUS_1_patch01.png,0,220.85000610351562,922.4600219726562,100,100,0.007199999876320362
293,ASCUS_1_patch01.png,0,1015.47998046875,325.45001220703125,100,100,0.0071000000461936
294,ASCUS_1_patch01.png,0,346.92999267578125,936.97998046875,100,100,0.0071000000461936
295,ASCUS_1_patch01.png,0,863.9099731445312,96.54000091552734,100,100,0.007000000216066837
296,ASCUS_1_patch01.png,0,90.7699966430664,624.1799926757812,100,100,0.007000000216066837
297,ASCUS_1_patch01.png,0,252.4499969482422,188.1999969482422,100,100,0.006899999920278788
298,ASCUS_1_patch01.png,0,301.4800109863281,878.1300048828125,100,100,0.006899999920278788
299,ASCUS_1_patch01.png,0,593.0399780273438,235.80999755859375,100,100,0.006800000090152025
300,ASCUS_1_patch01.png,0,775.719970703125,1016.4500122070312,100,100,0.006800000090152025
301,ASCUS_1_patch01.png,0,575.6400146484375,760.739990234375,100,100,0.0066999997943639755
302,ASCUS_1_patch01.png,0,728.9400024414062,292.6600036621094,100,100,0.006599999964237213
303,ASCUS_1_patch01.png,0,644.5800170898438,379.0799865722656,100,100,0.006500000134110451
304,ASCUS_1_patch01.png,0,367.8999938964844,956.3499755859375,100,100,0.006500000134110451
305,ASCUS_1_patch01.png,0,829.47998046875,243.35000610351562,100,100,0.006399999838322401
306,ASCUS_1_patch01.png,0,30.420000076293945,1019.4099731445312,100,100,0.006399999838322401
307,ASCUS_1_patch01.png,0,267.8900146484375,833.8300170898438,100,100,0.006399999838322401
308,ASCUS_1_patch01.png,0,305.8399963378906,313.6000061035156,100,100,0.006300000008195639
309,ASCUS_1_patch01.png,0,229.5500030517578,861.8499755859375,100,100,0.006300000008195639
310,ASCUS_1_patch01.png,0,568.6900024414062,36.70000076293945,100,100,0.006200000178068876
311,ASCUS_1_patch01.png,0,413.1199951171875,426.5199890136719,100,100,0.006200000178068876
312,ASCUS_1_patch01.png,0,203.00999450683594,1000.0700073242188,100,100,0.006099999882280827
313,ASCUS_1_patch01.png,0,915.4600219726562,425.1300048828125,100,100,0.006099999882280827
314,ASCUS_1_patch01.png,0,899.1699829101562,68.75,100,100,0.006099999882280827
315,ASCUS_1_patch01.png,0,161.4600067138672,400.9200134277344,100,100,0.006000000052154064
316,ASCUS_1_patch01.png,0,224.17999267578125,781.9299926757812,100,100,0.006000000052154064
317,ASCUS_1_patch01.png,0,755.8800048828125,150.05999755859375,100,100,0.006000000052154064
318,ASCUS_1_patch01.png,0,339.30999755859375,362.4100036621094,100,100,0.005799999926239252
319,ASCUS_1_patch01.png,0,766.5399780273438,591.3300170898438,100,100,0.00570000009611249
320,ASCUS_1_patch01.png,0,196.77000427246094,439.1400146484375,100,100,0.00570000009611249
321,ASCUS_1_patch01.png,0,807.5599975585938,7.079999923706055,100,100,0.00570000009611249
322,ASCUS_1_patch01.png,0,578.469970703125,191.8699951171875,100,100,0.00559999980032444
323,ASCUS_1_patch01.png,0,438.1400146484375,466.3699951171875,100,100,0.00559999980032444
324,ASCUS_1_patch01.png,0,778.3699951171875,625.8800048828125,100,100,0.005499999970197678
325,ASCUS_1_patch01.png,0,706.4199829101562,866.739990234375,100,100,0.005499999970197678
326,ASCUS_1_patch01.png,0,552.9000244140625,784.4099731445312,100,100,0.005499999970197678
327,ASCUS_1_patch01.png,0,534.1900024414062,979.2100219726562,100,100,0.005400000140070915
328,ASCUS_1_patch01.png,0,213.50999450683594,155.5399932861328,100,100,0.005400000140070915
329,ASCUS_1_patch01.png,0,923.280029296875,833.9500122070312,100,100,0.005400000140070915
330,ASCUS_1_patch01.png,0,882.8499755859375,678.5800170898438,100,100,0.005400000140070915
331,ASCUS_1_patch01.png,0,25.670000076293945,74.16999816894531,100,100,0.0052999998442828655
332,ASCUS_1_patch01.png,0,1014.6099853515625,349.05999755859375,100,100,0.005200000014156103
333,ASCUS_1_patch01.png,0,393.8800048828125,972.3099975585938,100,100,0.005200000014156103
334,ASCUS_1_patch01.png,0,38.720001220703125,88.29000091552734,100,100,0.005200000014156103
335,ASCUS_1_patch01.png,0,838.219970703125,99.33000183105469,100,100,0.005100000184029341
336,ASCUS_1_patch01.png,0,821.5,207.55999755859375,100,100,0.005100000184029341
337,ASCUS_1_patch01.png,0,123.62000274658203,68.91999816894531,100,100,0.004999999888241291
338,ASCUS_1_patch01.png,0,796.1900024414062,424.1300048828125,100,100,0.004900000058114529
339,ASCUS_1_patch01.png,0,326.510009765625,885.2899780273438,100,100,0.004900000058114529
340,ASCUS_1_patch01.png,0,336.57000732421875,805.260009765625,100,100,0.004800000227987766
341,ASCUS_1_patch01.png,0,53.81999969482422,18.010000228881836,100,100,0.004800000227987766
342,ASCUS_1_patch01.png,0,1017.5700073242188,512.3300170898438,100,100,0.004600000102072954
343,ASCUS_1_patch01.png,0,675.5499877929688,650.0700073242188,100,100,0.004600000102072954
344,ASCUS_1_patch01.png,0,873.1099853515625,180.2899932861328,100,100,0.004600000102072954
345,ASCUS_1_patch01.png,0,13.789999961853027,124.25,100,100,0.004600000102072954
346,ASCUS_1_patch01.png,0,384.79998779296875,822.7999877929688,100,100,0.0044999998062849045
347,ASCUS_1_patch01.png,0,386.6600036621094,698.1400146484375,100,100,0.0044999998062849045
348,ASCUS_1_patch01.png,0,224.22000122070312,939.3599853515625,100,100,0.004399999976158142
349,ASCUS_1_patch01.png,0,236.2899932861328,544.969970703125,100,100,0.004399999976158142
350,ASCUS_1_patch01.png,0,166.49000549316406,10.720000267028809,100,100,0.004399999976158142
351,ASCUS_1_patch01.png,0,815.27001953125,701.1699829101562,100,100,0.004399999976158142
352,ASCUS_1_patch01.png,0,227.8800048828125,825.030029296875,100,100,0.004399999976158142
353,ASCUS_1_patch01.png,0,546.780029296875,277.4200134277344,100,100,0.00430000014603138
354,ASCUS_1_patch01.png,0,866.5499877929688,468.5,100,100,0.00430000014603138
355,ASCUS_1_patch01.png,0,987.4600219726562,760.7100219726562,100,100,0.00430000014603138
356,ASCUS_1_patch01.png,0,78.02999877929688,674.9500122070312,100,100,0.00430000014603138
357,ASCUS_1_patch01.png,0,1019.5800170898438,790.3099975585938,100,100,0.00430000014603138
358,ASCUS_1_patch01.png,0,708.9400024414062,289.82000732421875,100,100,0.00419999985024333
359,ASCUS_1_patch01.png,0,610.030029296875,237.2899932861328,100,100,0.00419999985024333
360,ASCUS_1_patch01.png,0,381.0799865722656,294.0400085449219,100,100,0.00419999985024333
361,ASCUS_1_patch01.png,0,300.6700134277344,861.47998046875,100,100,0.00419999985024333
362,ASCUS_1_patch01.png,0,266.94000244140625,180.55999755859375,100,100,0.00419999985024333
363,ASCUS_1_patch01.png,0,282.75,838.4299926757812,100,100,0.004100000020116568
364,ASCUS_1_patch01.png,0,823.780029296875,260.42999267578125,100,100,0.004100000020116568
365,ASCUS_1_patch01.png,0,761.3499755859375,777.4199829101562,100,100,0.004100000020116568
366,ASCUS_1_patch01.png,0,483.8699951171875,406.6199951171875,100,100,0.004100000020116568
367,ASCUS_1_patch01.png,0,228.6300048828125,255.0399932861328,100,100,0.004100000020116568
368,ASCUS_1_patch01.png,0,528.02001953125,275.5899963378906,100,100,0.004000000189989805
369,ASCUS_1_patch01.png,0,599.780029296875,536.8599853515625,100,100,0.004000000189989805
370,ASCUS_1_patch01.png,0,863.510009765625,488.4700012207031,100,100,0.0038999998942017555
371,ASCUS_1_patch01.png,0,925.6099853515625,55.849998474121094,100,100,0.0038999998942017555
372,ASCUS_1_patch01.png,0,600.8900146484375,774.27001953125,100,100,0.0038999998942017555
373,ASCUS_1_patch01.png,0,402.19000244140625,736.8599853515625,100,100,0.0038999998942017555
374,ASCUS_1_patch01.png,0,606.5599975585938,182.38999938964844,100,100,0.0038999998942017555
375,ASCUS_1_patch01.png,0,895.4099731445312,573.1199951171875,100,100,0.0038999998942017555
376,ASCUS_1_patch01.png,0,813.2000122070312,425.1400146484375,100,100,0.0038999998942017555
377,ASCUS_1_patch01.png,0,534.0,787.3200073242188,100,100,0.0038999998942017555
378,ASCUS_1_patch01.png,0,236.83999633789062,592.969970703125,100,100,0.003800000064074993
379,ASCUS_1_patch01.png,0,117.94999694824219,930.6799926757812,100,100,0.003800000064074993
380,ASCUS_1_patch01.png,0,143.88999938964844,423.5,100,100,0.003800000064074993
381,ASCUS_1_patch01.png,0,470.29998779296875,362.5,100,100,0.003800000064074993
382,ASCUS_1_patch01.png,0,395.7300109863281,846.0800170898438,100,100,0.003700000001117587
383,ASCUS_1_patch01.png,0,910.7100219726562,1019.469970703125,100,100,0.003700000001117587
384,ASCUS_1_patch01.png,0,857.8599853515625,739.72998046875,100,100,0.003700000001117587
385,ASCUS_1_patch01.png,0,102.30999755859375,929.5700073242188,100,100,0.003700000001117587
386,ASCUS_1_patch01.png,0,23.709999084472656,19.670000076293945,100,100,0.003700000001117587
387,ASCUS_1_patch01.png,0,512.5800170898438,591.489990234375,100,100,0.003599999938160181
388,ASCUS_1_patch01.png,0,558.739990234375,744.780029296875,100,100,0.003599999938160181
389,ASCUS_1_patch01.png,0,846.5399780273438,491.1000061035156,100,100,0.003599999938160181
390,ASCUS_1_patch01.png,0,579.739990234375,932.3400268554688,100,100,0.003599999938160181
391,ASCUS_1_patch01.png,0,318.2300109863281,321.7900085449219,100,100,0.003599999938160181
392,ASCUS_1_patch01.png,0,372.989990234375,983.3900146484375,100,100,0.003599999938160181
393,ASCUS_1_patch01.png,0,565.2100219726562,453.9100036621094,100,100,0.003599999938160181
394,ASCUS_1_patch01.png,0,88.5999984741211,829.8599853515625,100,100,0.003599999938160181
395,ASCUS_1_patch01.png,0,445.1199951171875,374.489990234375,100,100,0.0035000001080334187
396,ASCUS_1_patch01.png,0,438.2900085449219,996.5700073242188,100,100,0.0035000001080334187
397,ASCUS_1_patch01.png,0,570.010009765625,506.1499938964844,100,100,0.0035000001080334187
398,ASCUS_1_patch01.png,0,118.0999984741211,452.1700134277344,100,100,0.0035000001080334187
399,ASCUS_1_patch01.png,0,210.58999633789062,859.7100219726562,100,100,0.0035000001080334187
400,ASCUS_1_patch01.png,0,517.3900146484375,288.8299865722656,100,100,0.0035000001080334187
401,ASCUS_1_patch01.png,0,125.87000274658203,281.57000732421875,100,100,0.0034000000450760126
402,ASCUS_1_patch01.png,0,771.25,43.59000015258789,100,100,0.0034000000450760126
403,ASCUS_1_patch01.png,0,759.97998046875,514.2999877929688,100,100,0.0034000000450760126
404,ASCUS_1_patch01.png,0,685.3900146484375,12.149999618530273,100,100,0.0034000000450760126
405,ASCUS_1_patch01.png,0,843.3099975585938,466.6499938964844,100,100,0.0034000000450760126
406,ASCUS_1_patch01.png,0,760.1599731445312,579.72998046875,100,100,0.0034000000450760126
407,ASCUS_1_patch01.png,0,495.42999267578125,772.3300170898438,100,100,0.0034000000450760126
408,ASCUS_1_patch01.png,0,428.9800109863281,170.69000244140625,100,100,0.0034000000450760126
409,ASCUS_1_patch01.png,0,858.8200073242188,354.5199890136719,100,100,0.0034000000450760126
410,ASCUS_1_patch01.png,0,624.8200073242188,5.46999979019165,100,100,0.0032999999821186066
411,ASCUS_1_patch01.png,0,80.30000305175781,503.8599853515625,100,100,0.0032999999821186066
412,ASCUS_1_patch01.png,0,416.8999938964844,28.260000228881836,100,100,0.0032999999821186066
413,ASCUS_1_patch01.png,0,333.45001220703125,158.72000122070312,100,100,0.0031999999191612005
414,ASCUS_1_patch01.png,0,920.8900146484375,127.5199966430664,100,100,0.0031999999191612005
415,ASCUS_1_patch01.png,0,473.2900085449219,714.97998046875,100,100,0.0031999999191612005
416,ASCUS_1_patch01.png,0,607.2999877929688,565.5499877929688,100,100,0.0031999999191612005
417,ASCUS_1_patch01.png,0,861.4600219726562,722.3499755859375,100,100,0.0031999999191612005
418,ASCUS_1_patch01.png,0,286.3599853515625,367.7699890136719,100,100,0.0031999999191612005
419,ASCUS_1_patch01.png,0,183.47000122070312,129.3699951171875,100,100,0.0031999999191612005
420,ASCUS_1_patch01.png,0,655.9099731445312,146.91000366210938,100,100,0.003100000089034438
421,ASCUS_1_patch01.png,0,452.9100036621094,80.5999984741211,100,100,0.003100000089034438
422,ASCUS_1_patch01.png,0,131.36000061035156,588.3499755859375,100,100,0.003100000089034438
423,ASCUS_1_patch01.png,0,197.39999389648438,418.8299865722656,100,100,0.003100000089034438
424,ASCUS_1_patch01.png,0,1019.5999755859375,188.11000061035156,100,100,0.003100000089034438
425,ASCUS_1_patch01.png,0,646.4400024414062,270.010009765625,100,100,0.003100000089034438
426,ASCUS_1_patch01.png,0,652.3800048828125,656.6099853515625,100,100,0.003100000089034438
427,ASCUS_1_patch01.png,0,778.9099731445312,296.1099853515625,100,100,0.003000000026077032
428,ASCUS_1_patch01.png,0,244.3800048828125,283.6400146484375,100,100,0.003000000026077032
429,ASCUS_1_patch01.png,0,382.92999267578125,41.290000915527344,100,100,0.003000000026077032
430,ASCUS_1_patch01.png,0,501.2300109863281,180.4199981689453,100,100,0.003000000026077032
431,ASCUS_1_patch01.png,0,330.2699890136719,559.6099853515625,100,100,0.003000000026077032
432,ASCUS_1_patch01.png,0,708.0499877929688,311.7200012207031,100,100,0.003000000026077032
433,ASCUS_1_patch01.png,0,965.030029296875,15.729999542236328,100,100,0.002899999963119626
434,ASCUS_1_patch01.png,0,680.1300048828125,208.3800048828125,100,100,0.002899999963119626
435,ASCUS_1_patch01.png,0,805.510009765625,689.1799926757812,100,100,0.002899999963119626
436,ASCUS_1_patch01.png,0,212.4199981689453,584.8099975585938,100,100,0.002899999963119626
437,ASCUS_1_patch01.png,0,732.1400146484375,526.219970703125,100,100,0.002899999963119626
438,ASCUS_1_patch01.png,0,121.80999755859375,634.9400024414062,100,100,0.002899999963119626
439,ASCUS_1_patch01.png,0,308.760009765625,718.469970703125,100,100,0.002899999963119626
440,ASCUS_1_patch01.png,0,458.6199951171875,390.6600036621094,100,100,0.00279999990016222
441,ASCUS_1_patch01.png,0,67.11000061035156,1018.3200073242188,100,100,0.00279999990016222
442,ASCUS_1_patch01.png,0,815.030029296875,644.77001953125,100,100,0.00279999990016222
443,ASCUS_1_patch01.png,0,471.2799987792969,952.0499877929688,100,100,0.00279999990016222
444,ASCUS_1_patch01.png,0,957.8499755859375,154.27999877929688,100,100,0.00279999990016222
445,ASCUS_1_patch01.png,0,84.54000091552734,522.8699951171875,100,100,0.00279999990016222
446,ASCUS_1_patch01.png,0,822.3099975585938,130.64999389648438,100,100,0.00279999990016222
447,ASCUS_1_patch01.png,0,637.0499877929688,550.0900268554688,100,100,0.00279999990016222
448,ASCUS_1_patch01.png,0,268.989990234375,748.0999755859375,100,100,0.0027000000700354576
449,ASCUS_1_patch01.png,0,25.899999618530273,113.11000061035156,100,100,0.0027000000700354576
450,ASCUS_1_patch01.png,0,204.47999572753906,243.58999633789062,100,100,0.0027000000700354576
451,ASCUS_1_patch01.png,0,538.6799926757812,42.79999923706055,100,100,0.0027000000700354576
452,ASCUS_1_patch01.png,0,983.8499755859375,36.470001220703125,100,100,0.0027000000700354576
453,ASCUS_1_patch01.png,0,564.5599975585938,423.3900146484375,100,100,0.0027000000700354576
454,ASCUS_1_patch01.png,0,379.1099853515625,5.78000020980835,100,100,0.0027000000700354576
455,ASCUS_1_patch01.png,0,914.9299926757812,234.36000061035156,100,100,0.0027000000700354576
456,ASCUS_1_patch01.png,0,527.75,801.9199829101562,100,100,0.0027000000700354576
457,ASCUS_1_patch01.png,0,376.3399963378906,996.989990234375,100,100,0.0027000000700354576
458,ASCUS_1_patch01.png,0,304.05999755859375,540.4000244140625,100,100,0.0026000000070780516
459,ASCUS_1_patch01.png,0,94.87000274658203,948.0599975585938,100,100,0.0026000000070780516
460,ASCUS_1_patch01.png,0,244.61000061035156,418.55999755859375,100,100,0.0026000000070780516
461,ASCUS_1_patch01.png,0,543.6799926757812,450.239990234375,100,100,0.0026000000070780516
462,ASCUS_1_patch01.png,0,410.5899963378906,382.0799865722656,100,100,0.0026000000070780516
463,ASCUS_1_patch01.png,0,495.25,11.130000114440918,100,100,0.0026000000070780516
464,ASCUS_1_patch01.png,0,253.36000061035156,355.70001220703125,100,100,0.0026000000070780516
465,ASCUS_1_patch01.png,0,54.08000183105469,357.7200012207031,100,100,0.0026000000070780516
466,ASCUS_1_patch01.png,0,1000.52001953125,316.6300048828125,100,100,0.0026000000070780516
467,ASCUS_1_patch01.png,0,982.77001953125,418.9100036621094,100,100,0.0026000000070780516
468,ASCUS_1_patch01.png,0,197.1699981689453,913.9500122070312,100,100,0.0024999999441206455
469,ASCUS_1_patch01.png,0,998.8800048828125,12.640000343322754,100,100,0.0024999999441206455
470,ASCUS_1_patch01.png,0,401.8900146484375,552.52001953125,100,100,0.0024999999441206455
471,ASCUS_1_patch01.png,0,939.72998046875,757.3599853515625,100,100,0.0024999999441206455
472,ASCUS_1_patch01.png,0,214.11000061035156,371.9100036621094,100,100,0.0024999999441206455
473,ASCUS_1_patch01.png,0,123.69999694824219,98.5199966430664,100,100,0.0024999999441206455
474,ASCUS_1_patch01.png,0,36.77000045776367,463.6400146484375,100,100,0.0024999999441206455
475,ASCUS_1_patch01.png,0,876.9000244140625,718.8300170898438,100,100,0.0024999999441206455
476,ASCUS_1_patch01.png,0,380.2099914550781,396.95001220703125,100,100,0.002400000113993883
477,ASCUS_1_patch01.png,0,841.6900024414062,651.5700073242188,100,100,0.002400000113993883
478,ASCUS_1_patch01.png,0,363.44000244140625,788.260009765625,100,100,0.002400000113993883
479,ASCUS_1_patch01.png,0,425.510009765625,757.260009765625,100,100,0.002400000113993883
480,ASCUS_1_patch01.png,0,459.94000244140625,774.3900146484375,100,100,0.002400000113993883
481,ASCUS_1_patch01.png,0,336.010009765625,718.2000122070312,100,100,0.002400000113993883
482,ASCUS_1_patch01.png,0,178.5800018310547,146.27999877929688,100,100,0.002400000113993883
483,ASCUS_1_patch01.png,0,140.5,470.239990234375,100,100,0.002400000113993883
484,ASCUS_1_patch01.png,0,520.4000244140625,706.25,100,100,0.002400000113993883
485,ASCUS_1_patch01.png,0,225.9499969482422,410.6000061035156,100,100,0.002400000113993883
486,ASCUS_1_patch01.png,0,133.97999572753906,412.1499938964844,100,100,0.002300000051036477
487,ASCUS_1_patch01.png,0,527.1500244140625,35.310001373291016,100,100,0.002300000051036477
488,ASCUS_1_patch01.png,0,153.83999633789062,739.22998046875,100,100,0.002300000051036477
489,ASCUS_1_patch01.png,0,703.219970703125,14.699999809265137,100,100,0.002300000051036477
490,ASCUS_1_patch01.png,0,546.1199951171875,716.0399780273438,100,100,0.002300000051036477
491,ASCUS_1_patch01.png,0,946.9099731445312,269.94000244140625,100,100,0.002300000051036477
492,ASCUS_1_patch01.png,0,596.719970703125,760.27001953125,100,100,0.002300000051036477
493,ASCUS_1_patch01.png,0,178.85000610351562,23.959999084472656,100,100,0.002300000051036477
494,ASCUS_1_patch01.png,0,509.07000732421875,613.8400268554688,100,100,0.002300000051036477
495,ASCUS_1_patch01.png,0,918.0999755859375,208.02999877929688,100,100,0.002300000051036477
496,ASCUS_1_patch01.png,0,727.3200073242188,405.510009765625,100,100,0.002199999988079071
497,ASCUS_1_patch01.png,0,389.1700134277344,885.77001953125,100,100,0.002199999988079071
498,ASCUS_1_patch01.png,0,801.4500122070312,341.9200134277344,100,100,0.002199999988079071
499,ASCUS_1_patch01.png,0,401.8399963378906,169.32000732421875,100,100,0.002199999988079071
500,ASCUS_1_patch01.png,0,916.9500122070312,742.9600219726562,100,100,0.002199999988079071
501,ASCUS_1_patch01.png,0,636.0700073242188,576.4199829101562,100,100,0.002199999988079071
502,ASCUS_1_patch01.png,0,933.5999755859375,740.1199951171875,100,100,0.002099999925121665
503,ASCUS_1_patch01.png,0,146.77000427246094,299.94000244140625,100,100,0.002099999925121665
504,ASCUS_1_patch01.png,0,35.90999984741211,937.6300048828125,100,100,0.002099999925121665
505,ASCUS_1_patch01.png,0,839.280029296875,117.16000366210938,100,100,0.002099999925121665
506,ASCUS_1_patch01.png,0,147.38999938964844,17.860000610351562,100,100,0.002099999925121665
507,ASCUS_1_patch01.png,0,876.0700073242188,354.55999755859375,100,100,0.002099999925121665
508,ASCUS_1_patch01.png,0,216.57000732421875,976.3900146484375,100,100,0.002099999925121665
509,ASCUS_1_patch01.png,0,794.8099975585938,146.72000122070312,100,100,0.002099999925121665
510,ASCUS_1_patch01.png,0,918.72998046875,152.94000244140625,100,100,0.0020000000949949026
511,ASCUS_1_patch01.png,0,177.6300048828125,420.010009765625,100,100,0.0020000000949949026
512,ASCUS_1_patch01.png,0,204.36000061035156,887.2100219726562,100,100,0.0020000000949949026
513,ASCUS_1_patch01.png,0,803.239990234375,847.8099975585938,100,100,0.0020000000949949026
514,ASCUS_1_patch01.png,0,1005.780029296875,508.9200134277344,100,100,0.0019000000320374966
515,ASCUS_1_patch01.png,0,308.239990234375,640.3400268554688,100,100,0.0019000000320374966
516,ASCUS_1_patch01.png,0,666.2899780273438,244.36000061035156,100,100,0.0019000000320374966
517,ASCUS_1_patch01.png,0,781.989990234375,831.77001953125,100,100,0.0019000000320374966
518,ASCUS_1_patch01.png,0,854.469970703125,209.63999938964844,100,100,0.0019000000320374966
519,ASCUS_1_patch01.png,0,1012.5499877929688,782.47998046875,100,100,0.0019000000320374966
520,ASCUS_1_patch01.png,0,330.2099914550781,113.4800033569336,100,100,0.0019000000320374966
521,ASCUS_1_patch01.png,0,181.5800018310547,175.85000610351562,100,100,0.0019000000320374966
522,ASCUS_1_patch01.png,0,252.5500030517578,548.4099731445312,100,100,0.0019000000320374966
523,ASCUS_1_patch01.png,0,934.5599975585938,115.8499984741211,100,100,0.0017999999690800905
524,ASCUS_1_patch01.png,0,545.1799926757812,55.97999954223633,100,100,0.0017999999690800905
525,ASCUS_1_patch01.png,0,110.5999984741211,813.9400024414062,100,100,0.0017999999690800905
526,ASCUS_1_patch01.png,0,134.8699951171875,716.4400024414062,100,100,0.0017999999690800905
527,ASCUS_1_patch01.png,0,609.239990234375,519.1300048828125,100,100,0.0017999999690800905
528,ASCUS_1_patch01.png,0,113.6500015258789,589.27001953125,100,100,0.0017999999690800905
529,ASCUS_1_patch01.png,0,812.3499755859375,443.2099914550781,100,100,0.0017999999690800905
530,ASCUS_1_patch01.png,0,21.350000381469727,753.0999755859375,100,100,0.0017000000225380063
531,ASCUS_1_patch01.png,0,267.6300048828125,581.0999755859375,100,100,0.0017000000225380063
532,ASCUS_1_patch01.png,0,940.1900024414062,223.82000732421875,100,100,0.0017000000225380063
533,ASCUS_1_patch01.png,0,421.3800048828125,361.8599853515625,100,100,0.0015999999595806003
534,ASCUS_1_patch01.png,0,548.2000122070312,734.4199829101562,100,100,0.0015999999595806003
535,ASCUS_1_patch01.png,0,988.0599975585938,778.0499877929688,100,100,0.0015999999595806003
536,ASCUS_1_patch01.png,0,867.3400268554688,827.7000122070312,100,100,0.0015999999595806003
537,ASCUS_1_patch01.png,0,982.5900268554688,9.399999618530273,100,100,0.0015999999595806003
538,ASCUS_1_patch01.png,0,165.1300048828125,383.6499938964844,100,100,0.0015999999595806003
539,ASCUS_1_patch01.png,0,386.32000732421875,1004.5700073242188,100,100,0.0015999999595806003
540,ASCUS_1_patch01.png,0,190.88999938964844,709.0999755859375,100,100,0.0015999999595806003
541,ASCUS_1_patch01.png,0,217.83999633789062,130.88999938964844,100,100,0.0015999999595806003
542,ASCUS_1_patch01.png,0,290.6099853515625,593.6099853515625,100,100,0.0015999999595806003
543,ASCUS_1_patch01.png,0,560.1799926757812,83.4000015258789,100,100,0.0015999999595806003
544,ASCUS_1_patch01.png,0,1001.6099853515625,415.1499938964844,100,100,0.001500000013038516
545,ASCUS_1_patch01.png,0,510.92999267578125,760.5499877929688,100,100,0.001500000013038516
546,ASCUS_1_patch01.png,0,782.510009765625,875.9600219726562,100,100,0.001500000013038516
547,ASCUS_1_patch01.png,0,490.6199951171875,390.3999938964844,100,100,0.001500000013038516
548,ASCUS_1_patch01.png,0,278.6199951171875,353.8699951171875,100,100,0.001500000013038516
549,ASCUS_1_patch01.png,0,10.180000305175781,98.9800033569336,100,100,0.001500000013038516
550,ASCUS_1_patch01.png,0,495.32000732421875,631.469970703125,100,100,0.001500000013038516
551,ASCUS_1_patch01.png,0,121.79000091552734,955.030029296875,100,100,0.00139999995008111
552,ASCUS_1_patch01.png,0,681.3599853515625,69.94000244140625,100,100,0.00139999995008111
553,ASCUS_1_patch01.png,0,246.35000610351562,828.3099975585938,100,100,0.00139999995008111
554,ASCUS_1_patch01.png,0,421.45001220703125,58.97999954223633,100,100,0.00139999995008111
555,ASCUS_1_patch01.png,0,600.6300048828125,346.489990234375,100,100,0.00139999995008111
556,ASCUS_1_patch01.png,0,517.1099853515625,173.97000122070312,100,100,0.00139999995008111
557,ASCUS_1_patch01.png,0,819.0399780273438,660.3200073242188,100,100,0.0013000000035390258
558,ASCUS_1_patch01.png,0,251.27000427246094,532.27001953125,100,100,0.0013000000035390258
559,ASCUS_1_patch01.png,0,855.5,372.8900146484375,100,100,0.0013000000035390258
560,ASCUS_1_patch01.png,0,794.4600219726562,209.3800048828125,100,100,0.0013000000035390258
561,ASCUS_1_patch01.png,0,590.6099853515625,365.6700134277344,100,100,0.0013000000035390258
562,ASCUS_1_patch01.png,0,599.239990234375,446.3699951171875,100,100,0.0013000000035390258
563,ASCUS_1_patch01.png,0,365.44000244140625,392.55999755859375,100,100,0.0012000000569969416
564,ASCUS_1_patch01.png,0,368.2799987792969,876.6099853515625,100,100,0.0012000000569969416
565,ASCUS_1_patch01.png,0,914.4500122070312,43.220001220703125,100,100,0.0012000000569969416
566,ASCUS_1_patch01.png,0,399.44000244140625,517.260009765625,100,100,0.0012000000569969416
567,ASCUS_1_patch01.png,0,321.69000244140625,971.75,100,100,0.0012000000569969416
568,ASCUS_1_patch01.png,0,731.9400024414062,876.969970703125,100,100,0.0012000000569969416
569,ASCUS_1_patch01.png,0,798.5900268554688,818.1199951171875,100,100,0.0010999999940395355
570,ASCUS_1_patch01.png,0,408.75,679.0599975585938,100,100,0.0010999999940395355
571,ASCUS_1_patch01.png,0,189.47000122070312,257.3699951171875,100,100,0.0010000000474974513
572,ASCUS_1_patch02.png,0,698.69,388.02,100,100,0.7685
573,ASCUS_1_patch02.png,0,866.38,512.62,100,100,0.7324
574,ASCUS_1_patch02.png,0,691.77,241.21,100,100,0.7282
575,ASCUS_1_patch02.png,0,967.29,232.54,100,100,0.7261
576,ASCUS_1_patch02.png,0,82.41,495.91,100,100,0.7261
577,ASCUS_1_patch02.png,0,460.45,290.82,100,100,0.72
578,ASCUS_1_patch02.png,0,203.77,693.07,100,100,0.7131
579,ASCUS_1_patch02.png,0,714.35,700.95,100,100,0.7122
580,ASCUS_1_patch02.png,0,956.98,992.35,100,100,0.7085
581,ASCUS_1_patch02.png,0,937.32,101.29,100,100,0.707
582,ASCUS_1_patch02.png,0,840.04,282.16,100,100,0.6913
583,ASCUS_1_patch02.png,0,955.69,557.42,100,100,0.6854
584,ASCUS_1_patch02.png,0,813.61,108.28,100,100,0.6809
585,ASCUS_1_patch02.png,0,614.95,307.18,100,100,0.6753
586,ASCUS_1_patch02.png,0,691.54,110.97,100,100,0.6695
587,ASCUS_1_patch02.png,0,129.51,602.12,100,100,0.6573
588,ASCUS_1_patch02.png,0,911.12,212.32,100,100,0.634
589,ASCUS_1_patch02.png,0,58.48,685.55,100,100,0.6334
590,ASCUS_1_patch02.png,0,821.52,720.92,100,100,0.5734
591,ASCUS_1_patch02.png,0,949.45,19.61,100,100,0.547
592,ASCUS_1_patch02.png,0,660.4,362.68,100,100,0.3177
593,ASCUS_1_patch02.png,0,1018.760009765625,501.8500061035156,100,100,0.09130000323057175
594,ASCUS_1_patch02.png,0,740.6699829101562,4.190000057220459,100,100,0.044599998742341995
595,ASCUS_1_patch02.png,0,964.7100219726562,412.45001220703125,100,100,0.027499999850988388
596,ASCUS_1_patch02.png,0,116.88999938964844,594.47998046875,100,100,0.01269999984651804
597,ASCUS_1_patch02.png,0,192.41000366210938,685.469970703125,100,100,0.011300000362098217
598,ASCUS_1_patch02.png,0,858.8300170898438,283.2300109863281,100,100,0.011300000362098217
599,ASCUS_1_patch02.png,0,802.8400268554688,116.87999725341797,100,100,0.010300000198185444
600,ASCUS_1_patch02.png,0,219.14999389648438,687.0499877929688,100,100,0.009700000286102295
601,ASCUS_1_patch02.png,0,725.1699829101562,691.0800170898438,100,100,0.008799999952316284
602,ASCUS_1_patch02.png,0,922.7899780273438,92.47000122070312,100,100,0.007699999958276749
603,ASCUS_1_patch02.png,0,951.7100219726562,392.3599853515625,100,100,0.007600000128149986
604,ASCUS_1_patch02.png,0,626.9400024414062,297.94000244140625,100,100,0.007600000128149986
605,ASCUS_1_patch02.png,0,851.9000244140625,271.7699890136719,100,100,0.007300000172108412
606,ASCUS_1_patch02.png,0,854.6099853515625,503.70001220703125,100,100,0.007199999876320362
607,ASCUS_1_patch02.png,0,600.760009765625,304.6499938964844,100,100,0.0071000000461936
608,ASCUS_1_patch02.png,0,943.9500122070312,987.1900024414062,100,100,0.007000000216066837
609,ASCUS_1_patch02.png,0,823.4199829101562,91.04000091552734,100,100,0.007000000216066837
610,ASCUS_1_patch02.png,0,67.45999908447266,490.489990234375,100,100,0.006899999920278788
611,ASCUS_1_patch02.png,0,821.9099731445312,277.3599853515625,100,100,0.006800000090152025
612,ASCUS_1_patch02.png,0,796.27001953125,103.38999938964844,100,100,0.00570000009611249
613,ASCUS_1_patch02.png,0,704.3400268554688,688.9600219726562,100,100,0.00559999980032444
614,ASCUS_1_patch02.png,0,874.010009765625,499.8999938964844,100,100,0.005400000140070915
615,ASCUS_1_patch02.png,0,949.8400268554688,541.9600219726562,100,100,0.005100000184029341
616,ASCUS_1_patch02.png,0,179.10000610351562,557.5599975585938,100,100,0.004999999888241291
617,ASCUS_1_patch02.png,0,607.719970703125,293.70001220703125,100,100,0.004800000227987766
618,ASCUS_1_patch02.png,0,946.9500122070312,87.43000030517578,100,100,0.004699999932199717
619,ASCUS_1_patch02.png,0,807.7000122070312,88.69000244140625,100,100,0.004600000102072954
620,ASCUS_1_patch02.png,0,708.1199951171875,236.14999389648438,100,100,0.0044999998062849045
621,ASCUS_1_patch02.png,0,676.4099731445312,236.25999450683594,100,100,0.0044999998062849045
622,ASCUS_1_patch02.png,0,447.69000244140625,283.3599853515625,100,100,0.004399999976158142
623,ASCUS_1_patch02.png,0,700.5499877929688,706.7999877929688,100,100,0.004399999976158142
624,ASCUS_1_patch02.png,0,681.7999877929688,375.7099914550781,100,100,0.00430000014603138
625,ASCUS_1_patch02.png,0,680.6199951171875,251.64999389648438,100,100,0.004100000020116568
626,ASCUS_1_patch02.png,0,881.02001953125,515.6199951171875,100,100,0.004100000020116568
627,ASCUS_1_patch02.png,0,685.3699951171875,97.7300033569336,100,100,0.0038999998942017555
628,ASCUS_1_patch02.png,0,808.1500244140625,711.9000244140625,100,100,0.0038999998942017555
629,ASCUS_1_patch02.png,0,905.8499755859375,199.27000427246094,100,100,0.003800000064074993
630,ASCUS_1_patch02.png,0,710.5700073242188,382.1199951171875,100,100,0.003700000001117587
631,ASCUS_1_patch02.png,0,823.1699829101562,119.54000091552734,100,100,0.003700000001117587
632,ASCUS_1_patch02.png,0,450.5899963378906,300.1000061035156,100,100,0.003599999938160181
633,ASCUS_1_patch02.png,0,94.20999908447266,486.4599914550781,100,100,0.003599999938160181
634,ASCUS_1_patch02.png,0,49.36000061035156,671.3499755859375,100,100,0.0034000000450760126
635,ASCUS_1_patch02.png,0,978.8499755859375,221.75,100,100,0.0034000000450760126
636,ASCUS_1_patch02.png,0,697.6199951171875,226.02000427246094,100,100,0.0034000000450760126
637,ASCUS_1_patch02.png,0,474.8500061035156,287.489990234375,100,100,0.0032999999821186066
638,ASCUS_1_patch02.png,0,926.3300170898438,108.08000183105469,100,100,0.0032999999821186066
639,ASCUS_1_patch02.png,0,837.2000122070312,715.8599853515625,100,100,0.0032999999821186066
640,ASCUS_1_patch02.png,0,828.8099975585938,105.05999755859375,100,100,0.003100000089034438
641,ASCUS_1_patch02.png,0,189.1199951171875,699.8200073242188,100,100,0.003000000026077032
642,ASCUS_1_patch02.png,0,968.6699829101562,983.3099975585938,100,100,0.002899999963119626
643,ASCUS_1_patch02.png,0,72.7699966430664,506.6400146484375,100,100,0.00279999990016222
644,ASCUS_1_patch02.png,0,68.51000213623047,671.3099975585938,100,100,0.00279999990016222
645,ASCUS_1_patch02.png,0,971.0599975585938,997.7100219726562,100,100,0.0027000000700354576
646,ASCUS_1_patch02.png,0,959.7000122070312,103.05999755859375,100,100,0.002300000051036477
647,ASCUS_1_patch02.png,0,99.11000061035156,592.9500122070312,100,100,0.002300000051036477
648,ASCUS_1_patch02.png,0,702.260009765625,95.12999725341797,100,100,0.002199999988079071
649,ASCUS_1_patch02.png,0,204.22999572753906,673.3800048828125,100,100,0.002099999925121665
650,ASCUS_1_patch02.png,0,954.2899780273438,242.41000366210938,100,100,0.002099999925121665
651,ASCUS_1_patch02.png,0,45.11000061035156,686.6500244140625,100,100,0.002099999925121665
652,ASCUS_1_patch02.png,0,136.64999389648438,590.0,100,100,0.0020000000949949026
653,ASCUS_1_patch02.png,0,957.8499755859375,219.72000122070312,100,100,0.0019000000320374966
654,ASCUS_1_patch02.png,0,970.219970703125,542.5900268554688,100,100,0.0019000000320374966
655,ASCUS_1_patch02.png,0,849.9600219726562,520.719970703125,100,100,0.0017999999690800905
656,ASCUS_1_patch02.png,0,923.9199829101562,204.39999389648438,100,100,0.0015999999595806003
657,ASCUS_1_patch02.png,0,135.5800018310547,615.6400146484375,100,100,0.001500000013038516
658,ASCUS_1_patch02.png,0,849.1199951171875,301.0799865722656,100,100,0.00139999995008111
659,ASCUS_1_patch02.png,0,963.0999755859375,18.260000228881836,100,100,0.0013000000035390258
660,ASCUS_1_patch02.png,0,967.1099853515625,1012.1099853515625,100,100,0.0010000000474974513
661,ASCUS_1_patch02.png,0,687.239990234375,122.0999984741211,100,100,0.0010000000474974513
662,ASCUS_1_patch03.png,0,768.85,254.67,100,100,0.7705
663,ASCUS_1_patch03.png,0,465.41,88.96,100,100,0.7321
664,ASCUS_1_patch03.png,0,954.0,224.64,100,100,0.7212
665,ASCUS_1_patch03.png,0,912.72,351.38,100,100,0.7177
666,ASCUS_1_patch03.png,0,307.42,107.6,100,100,0.713
667,ASCUS_1_patch03.png,0,610.24,144.14,100,100,0.7066
668,ASCUS_1_patch03.png,0,492.13,379.4,100,100,0.6946
669,ASCUS_1_patch03.png,0,359.62,329.53,100,100,0.6926
670,ASCUS_1_patch03.png,0,141.67,481.12,100,100,0.6896
671,ASCUS_1_patch03.png,0,843.28,965.67,100,100,0.6884
672,ASCUS_1_patch03.png,0,201.86,93.97,100,100,0.6867
673,ASCUS_1_patch03.png,0,697.31,147.29,100,100,0.6864
674,ASCUS_1_patch03.png,0,863.04,131.84,100,100,0.6833
675,ASCUS_1_patch03.png,0,515.3,226.56,100,100,0.679
676,ASCUS_1_patch03.png,0,19.62,254.38,100,100,0.668
677,ASCUS_1_patch03.png,0,796.3,92.04,100,100,0.662
678,ASCUS_1_patch03.png,0,1011.13,946.76,100,100,0.6586
679,ASCUS_1_patch03.png,0,671.1,93.24,100,100,0.6578
680,ASCUS_1_patch03.png,0,170.33,286.11,100,100,0.6495
681,ASCUS_1_patch03.png,0,628.61,34.02,100,100,0.6468
682,ASCUS_1_patch03.png,0,959.61,86.99,100,100,0.6353
683,ASCUS_1_patch03.png,0,284.08,23.12,100,100,0.6269
684,ASCUS_1_patch03.png,0,209.99,225.35,100,100,0.6268
685,ASCUS_1_patch03.png,0,137.11,109.49,100,100,0.6239
686,ASCUS_1_patch03.png,0,216.43,187.99,100,100,0.601
687,ASCUS_1_patch03.png,0,392.79,231.11,100,100,0.5957
688,ASCUS_1_patch03.png,0,39.02,412.15,100,100,0.5847
689,ASCUS_1_patch03.png,0,101.11,273.35,100,100,0.5785
690,ASCUS_1_patch03.png,0,89.74,74.79,100,100,0.5619
691,ASCUS_1_patch03.png,0,878.7,10.17,100,100,0.4329
692,ASCUS_1_patch03.png,0,10.39,495.72,100,100,0.4249
693,ASCUS_1_patch03.png,0,221.3,48.0,100,100,0.399
694,ASCUS_1_patch03.png,0,1014.19,52.57,100,100,0.3456
695,ASCUS_1_patch03.png,0,739.18,39.55,100,100,0.2996
696,ASCUS_1_patch03.png,0,287.99,352.29,100,100,0.2807
697,ASCUS_1_patch03.png,0,549.75,5.25,100,100,0.2528
698,ASCUS_1_patch03.png,0,0.0,0.0,100,100,0.23324866592884064
699,ASCUS_1_patch03.png,0,13.39,15.76,100,100,0.2281
700,ASCUS_1_patch03.png,0,425.7900085449219,8.380000114440918,100,100,0.20569999516010284
701,ASCUS_1_patch03.png,0,332.4200134277344,221.50999450683594,100,100,0.13249999284744263
702,ASCUS_1_patch03.png,0,1017.9400024414062,386.010009765625,100,100,0.11219999939203262
703,ASCUS_1_patch03.png,0,528.489990234375,127.04000091552734,100,100,0.10859999805688858
704,ASCUS_1_patch03.png,0,369.04998779296875,131.0,100,100,0.09369999915361404
705,ASCUS_1_patch03.png,0,690.9199829101562,12.949999809265137,100,100,0.050200000405311584
706,ASCUS_1_patch03.png,0,570.2000122070312,165.38999938964844,100,100,0.04010000079870224
707,ASCUS_1_patch03.png,0,889.4500122070312,5.829999923706055,100,100,0.030300000682473183
708,ASCUS_1_patch03.png,0,221.80999755859375,20.399999618530273,100,100,0.026000000536441803
709,ASCUS_1_patch03.png,0,114.87999725341797,41.27000045776367,100,100,0.02410000003874302
710,ASCUS_1_patch03.png,0,280.4599914550781,367.6499938964844,100,100,0.02199999988079071
711,ASCUS_1_patch03.png,0,217.77999877929688,202.82000732421875,100,100,0.021199999377131462
712,ASCUS_1_patch03.png,0,1000.6199951171875,355.55999755859375,100,100,0.01860000006854534
713,ASCUS_1_patch03.png,0,133.82000732421875,239.64999389648438,100,100,0.018200000748038292
714,ASCUS_1_patch03.png,0,19.100000381469727,130.22000122070312,100,100,0.017799999564886093
715,ASCUS_1_patch03.png,0,869.4299926757812,122.6500015258789,100,100,0.014399999752640724
716,ASCUS_1_patch03.png,0,784.8099975585938,96.01000213623047,100,100,0.01209999993443489
717,ASCUS_1_patch03.png,0,1017.510009765625,935.7000122070312,100,100,0.011699999682605267
718,ASCUS_1_patch03.png,0,298.3900146484375,15.649999618530273,100,100,0.010900000110268593
719,ASCUS_1_patch03.png,0,195.63999938964844,215.9199981689453,100,100,0.010400000028312206
720,ASCUS_1_patch03.png,0,616.02001953125,28.040000915527344,100,100,0.009800000116229057
721,ASCUS_1_patch03.png,0,661.97998046875,84.80000305175781,100,100,0.009700000286102295
722,ASCUS_1_patch03.png,0,944.6799926757812,82.94999694824219,100,100,0.009700000286102295
723,ASCUS_1_patch03.png,0,124.16999816894531,480.6300048828125,100,100,0.009499999694526196
724,ASCUS_1_patch03.png,0,297.6400146484375,32.34000015258789,100,100,0.008999999612569809
725,ASCUS_1_patch03.png,0,30.010000228881836,245.72999572753906,100,100,0.008799999952316284
726,ASCUS_1_patch03.png,0,154.83999633789062,471.5,100,100,0.008700000122189522
727,ASCUS_1_patch03.png,0,897.2100219726562,348.7799987792969,100,100,0.00860000029206276
728,ASCUS_1_patch03.png,0,809.3200073242188,85.20999908447266,100,100,0.00860000029206276
729,ASCUS_1_patch03.png,0,761.0999755859375,241.27999877929688,100,100,0.007199999876320362
730,ASCUS_1_patch03.png,0,6.940000057220459,507.2099914550781,100,100,0.007199999876320362
731,ASCUS_1_patch03.png,0,854.2899780273438,957.22998046875,100,100,0.0071000000461936
732,ASCUS_1_patch03.png,0,441.17999267578125,4.179999828338623,100,100,0.007000000216066837
733,ASCUS_1_patch03.png,0,639.2000122070312,25.84000015258789,100,100,0.007000000216066837
734,ASCUS_1_patch03.png,0,483.8699951171875,365.6300048828125,100,100,0.007000000216066837
735,ASCUS_1_patch03.png,0,183.1699981689453,277.9200134277344,100,100,0.007000000216066837
736,ASCUS_1_patch03.png,0,965.6300048828125,97.5,100,100,0.006899999920278788
737,ASCUS_1_patch03.png,0,21.360000610351562,6.039999961853027,100,100,0.0066999997943639755
738,ASCUS_1_patch03.png,0,685.0999755859375,86.8499984741211,100,100,0.006599999964237213
739,ASCUS_1_patch03.png,0,50.939998626708984,402.7699890136719,100,100,0.006500000134110451
740,ASCUS_1_patch03.png,0,1017.9500122070312,63.75,100,100,0.006300000008195639
741,ASCUS_1_patch03.png,0,729.9199829101562,26.309999465942383,100,100,0.006300000008195639
742,ASCUS_1_patch03.png,0,968.5999755859375,78.06999969482422,100,100,0.006099999882280827
743,ASCUS_1_patch03.png,0,365.5400085449219,316.2099914550781,100,100,0.005900000222027302
744,ASCUS_1_patch03.png,0,960.6400146484375,212.58999633789062,100,100,0.005400000140070915
745,ASCUS_1_patch03.png,0,850.6199951171875,125.80999755859375,100,100,0.005200000014156103
746,ASCUS_1_patch03.png,0,868.510009765625,4.409999847412109,100,100,0.004999999888241291
747,ASCUS_1_patch03.png,0,131.83999633789062,468.1400146484375,100,100,0.004999999888241291
748,ASCUS_1_patch03.png,0,99.69000244140625,64.05999755859375,100,100,0.004900000058114529
749,ASCUS_1_patch03.png,0,501.4599914550781,367.3599853515625,100,100,0.004699999932199717
750,ASCUS_1_patch03.png,0,837.3200073242188,52.75,100,100,0.004699999932199717
751,ASCUS_1_patch03.png,0,478.32000732421875,86.06999969482422,100,100,0.0044999998062849045
752,ASCUS_1_patch03.png,0,522.9299926757812,237.91000366210938,100,100,0.0044999998062849045
753,ASCUS_1_patch03.png,0,751.3099975585938,257.0899963378906,100,100,0.00430000014603138
754,ASCUS_1_patch03.png,0,596.8900146484375,139.89999389648438,100,100,0.00419999985024333
755,ASCUS_1_patch03.png,0,226.83999633789062,225.8300018310547,100,100,0.00419999985024333
756,ASCUS_1_patch03.png,0,380.7699890136719,139.3300018310547,100,100,0.004000000189989805
757,ASCUS_1_patch03.png,0,942.5499877929688,216.88999938964844,100,100,0.004000000189989805
758,ASCUS_1_patch03.png,0,504.3599853515625,221.67999267578125,100,100,0.004000000189989805
759,ASCUS_1_patch03.png,0,112.75,262.3299865722656,100,100,0.003800000064074993
760,ASCUS_1_patch03.png,0,6.610000133514404,478.8999938964844,100,100,0.003800000064074993
761,ASCUS_1_patch03.png,0,4.949999809265137,268.6300048828125,100,100,0.003700000001117587
762,ASCUS_1_patch03.png,0,402.3800048828125,219.16000366210938,100,100,0.0035000001080334187
763,ASCUS_1_patch03.png,0,322.4800109863281,101.18000030517578,100,100,0.0034000000450760126
764,ASCUS_1_patch03.png,0,12.949999809265137,242.6699981689453,100,100,0.0034000000450760126
765,ASCUS_1_patch03.png,0,535.3599853515625,114.69000244140625,100,100,0.0031999999191612005
766,ASCUS_1_patch03.png,0,272.4100036621094,13.199999809265137,100,100,0.003100000089034438
767,ASCUS_1_patch03.png,0,31.09000015258789,398.9599914550781,100,100,0.003100000089034438
768,ASCUS_1_patch03.png,0,74.9000015258789,18.100000381469727,100,100,0.003000000026077032
769,ASCUS_1_patch03.png,0,126.06999969482422,96.68000030517578,100,100,0.003000000026077032
770,ASCUS_1_patch03.png,0,523.7000122070312,215.92999267578125,100,100,0.002899999963119626
771,ASCUS_1_patch03.png,0,750.6900024414062,30.139999389648438,100,100,0.002899999963119626
772,ASCUS_1_patch03.png,0,384.5899963378906,115.83000183105469,100,100,0.00279999990016222
773,ASCUS_1_patch03.png,0,197.1199951171875,78.44000244140625,100,100,0.00279999990016222
774,ASCUS_1_patch03.png,0,839.0,949.989990234375,100,100,0.00279999990016222
775,ASCUS_1_patch03.png,0,81.81999969482422,61.81999969482422,100,100,0.0027000000700354576
776,ASCUS_1_patch03.png,0,147.32000732421875,100.86000061035156,100,100,0.0026000000070780516
777,ASCUS_1_patch03.png,0,347.42999267578125,317.4700012207031,100,100,0.0024999999441206455
778,ASCUS_1_patch03.png,0,1003.4500122070312,931.47998046875,100,100,0.002400000113993883
779,ASCUS_1_patch03.png,0,968.77001953125,231.35000610351562,100,100,0.002400000113993883
780,ASCUS_1_patch03.png,0,686.1500244140625,140.25,100,100,0.002400000113993883
781,ASCUS_1_patch03.png,0,851.010009765625,978.719970703125,100,100,0.002400000113993883
782,ASCUS_1_patch03.png,0,732.489990234375,47.83000183105469,100,100,0.002400000113993883
783,ASCUS_1_patch03.png,0,157.0500030517578,291.6600036621094,100,100,0.002300000051036477
784,ASCUS_1_patch03.png,0,224.8699951171875,174.72000122070312,100,100,0.002300000051036477
785,ASCUS_1_patch03.png,0,160.30999755859375,271.0,100,100,0.002300000051036477
786,ASCUS_1_patch03.png,0,831.280029296875,975.0900268554688,100,100,0.002300000051036477
787,ASCUS_1_patch03.png,0,560.1900024414062,157.24000549316406,100,100,0.002099999925121665
788,ASCUS_1_patch03.png,0,269.0,25.040000915527344,100,100,0.002099999925121665
789,ASCUS_1_patch03.png,0,503.9100036621094,388.75,100,100,0.0020000000949949026
790,ASCUS_1_patch03.png,0,377.5199890136719,274.07000732421875,100,100,0.0020000000949949026
791,ASCUS_1_patch03.png,0,98.20999908447266,86.54000091552734,100,100,0.0019000000320374966
792,ASCUS_1_patch03.png,0,566.280029296875,8.760000228881836,100,100,0.0019000000320374966
793,ASCUS_1_patch03.png,0,86.87000274658203,277.1400146484375,100,100,0.0017999999690800905
794,ASCUS_1_patch03.png,0,619.5,14.449999809265137,100,100,0.0017000000225380063
795,ASCUS_1_patch03.png,0,807.4299926757812,106.56999969482422,100,100,0.0017000000225380063
796,ASCUS_1_patch03.png,0,605.1300048828125,127.30999755859375,100,100,0.0017000000225380063
797,ASCUS_1_patch03.png,0,584.72998046875,167.77999877929688,100,100,0.0017000000225380063
798,ASCUS_1_patch03.png,0,186.05999755859375,291.55999755859375,100,100,0.0017000000225380063
799,ASCUS_1_patch03.png,0,90.97000122070312,258.57000732421875,100,100,0.0015999999595806003
800,ASCUS_1_patch03.png,0,150.3300018310547,235.07000732421875,100,100,0.00139999995008111
801,ASCUS_1_patch03.png,0,260.6499938964844,371.42999267578125,100,100,0.0013000000035390258
802,ASCUS_1_patch03.png,0,852.9400024414062,6.53000020980835,100,100,0.0013000000035390258
803,ASCUS_1_patch03.png,0,596.0499877929688,154.3800048828125,100,100,0.0012000000569969416
804,ASCUS_1_patch03.png,0,947.72998046875,99.37000274658203,100,100,0.0010999999940395355
805,ASCUS_1_patch04.png,0,106.38,672.91,100,100,0.746
806,ASCUS_1_patch04.png,0,41.9,769.57,100,100,0.7269
807,ASCUS_1_patch04.png,0,850.65,918.77,100,100,0.7235
808,ASCUS_1_patch04.png,0,720.85,901.12,100,100,0.7145
809,ASCUS_1_patch04.png,0,109.74,340.65,100,100,0.7113
810,ASCUS_1_patch04.png,0,200.78,346.6,100,100,0.7112
811,ASCUS_1_patch04.png,0,320.57,714.56,100,100,0.7065
812,ASCUS_1_patch04.png,0,196.41,79.47,100,100,0.7044
813,ASCUS_1_patch04.png,0,572.86,825.33,100,100,0.7038
814,ASCUS_1_patch04.png,0,127.7,528.31,100,100,0.7035
815,ASCUS_1_patch04.png,0,295.88,554.21,100,100,0.703
816,ASCUS_1_patch04.png,0,212.42,462.66,100,100,0.6971
817,ASCUS_1_patch04.png,0,162.1,740.67,100,100,0.6917
818,ASCUS_1_patch04.png,0,287.35,844.15,100,100,0.6909
819,ASCUS_1_patch04.png,0,143.94,851.46,100,100,0.6888
820,ASCUS_1_patch04.png,0,512.08,60.62,100,100,0.6777
821,ASCUS_1_patch04.png,0,94.12,944.66,100,100,0.6764
822,ASCUS_1_patch04.png,0,13.47,120.26,100,100,0.6615
823,ASCUS_1_patch04.png,0,248.07,162.57,100,100,0.656
824,ASCUS_1_patch04.png,0,847.76,809.58,100,100,0.6554
825,ASCUS_1_patch04.png,0,230.21,699.3,100,100,0.6288
826,ASCUS_1_patch04.png,0,319.62,226.29,100,100,0.622
827,ASCUS_1_patch04.png,0,120.49,894.98,100,100,0.592
828,ASCUS_1_patch04.png,0,79.69,222.36,100,100,0.5888
829,ASCUS_1_patch04.png,0,303.13,82.78,100,100,0.5847
830,ASCUS_1_patch04.png,0,37.3,902.55,100,100,0.5654
831,ASCUS_1_patch04.png,0,100.74,425.62,100,100,0.4969
832,ASCUS_1_patch04.png,0,60.93,504.51,100,100,0.4648
833,ASCUS_1_patch04.png,0,182.65,588.14,100,100,0.4417
834,ASCUS_1_patch04.png,0,83.29,1007.88,100,100,0.3831
835,ASCUS_1_patch04.png,0,329.6,45.25,100,100,0.3561
836,ASCUS_1_patch04.png,0,277.05,418.7,100,100,0.2893
837,ASCUS_1_patch04.png,0,16.23,542.03,100,100,0.2171
838,ASCUS_1_patch04.png,0,15.41,271.63,100,100,0.184
839,ASCUS_1_patch04.png,0,18.540000915527344,219.67999267578125,100,100,0.17479999363422394
840,ASCUS_1_patch04.png,0,782.99,1019.9,100,100,0.1437
841,ASCUS_1_patch04.png,0,10.329999923706055,966.8300170898438,100,100,0.13459999859333038
842,ASCUS_1_patch04.png,0,3.19,267.13,100,100,0.125
843,ASCUS_1_patch04.png,0,777.3900146484375,1009.6900024414062,100,100,0.11919999867677689
844,ASCUS_1_patch04.png,0,168.27,146.99,100,100,0.1189
845,ASCUS_1_patch04.png,0,557.469970703125,787.6699829101562,100,100,0.05689999833703041
846,ASCUS_1_patch04.png,0,61.15999984741211,281.2300109863281,100,100,0.051899999380111694
847,ASCUS_1_patch04.png,0,204.1199951171875,9.489999771118164,100,100,0.048700001090765
848,ASCUS_1_patch04.png,0,120.12000274658203,226.82000732421875,100,100,0.04149999842047691
849,ASCUS_1_patch04.png,0,6.949999809265137,334.0400085449219,100,100,0.040699999779462814
850,ASCUS_1_patch04.png,0,598.72998046875,8.380000114440918,100,100,0.033900000154972076
851,ASCUS_1_patch04.png,0,364.5299987792969,12.729999542236328,100,100,0.0203000009059906
852,ASCUS_1_patch04.png,0,105.8499984741211,226.4199981689453,100,100,0.01810000091791153
853,ASCUS_1_patch04.png,0,136.5500030517578,839.5399780273438,100,100,0.015399999916553497
854,ASCUS_1_patch04.png,0,525.2000122070312,52.63999938964844,100,100,0.010300000198185444
855,ASCUS_1_patch04.png,0,80.72000122070312,951.3800048828125,100,100,0.010300000198185444
856,ASCUS_1_patch04.png,0,113.91999816894531,937.5700073242188,100,100,0.009999999776482582
857,ASCUS_1_patch04.png,0,798.3400268554688,1017.3400268554688,100,100,0.009399999864399433
858,ASCUS_1_patch04.png,0,832.510009765625,811.739990234375,100,100,0.008799999952316284
859,ASCUS_1_patch04.png,0,322.20001220703125,70.41999816894531,100,100,0.008799999952316284
860,ASCUS_1_patch04.png,0,312.67999267578125,555.969970703125,100,100,0.008799999952316284
861,ASCUS_1_patch04.png,0,499.0899963378906,70.19000244140625,100,100,0.008200000040233135
862,ASCUS_1_patch04.png,0,95.58999633789062,1013.3300170898438,100,100,0.007799999788403511
863,ASCUS_1_patch04.png,0,117.13999938964844,514.8300170898438,100,100,0.007400000002235174
864,ASCUS_1_patch04.png,0,25.450000762939453,896.0499877929688,100,100,0.007300000172108412
865,ASCUS_1_patch04.png,0,279.7099914550781,545.8400268554688,100,100,0.006899999920278788
866,ASCUS_1_patch04.png,0,763.8499755859375,1016.1900024414062,100,100,0.006899999920278788
867,ASCUS_1_patch04.png,0,100.80000305175781,927.739990234375,100,100,0.0066999997943639755
868,ASCUS_1_patch04.png,0,71.80000305175781,1016.97998046875,100,100,0.006599999964237213
869,ASCUS_1_patch04.png,0,731.8699951171875,889.8599853515625,100,100,0.006500000134110451
870,ASCUS_1_patch04.png,0,836.530029296875,913.3400268554688,100,100,0.006399999838322401
871,ASCUS_1_patch04.png,0,864.1799926757812,909.9199829101562,100,100,0.006399999838322401
872,ASCUS_1_patch04.png,0,4.320000171661377,244.72000122070312,100,100,0.006399999838322401
873,ASCUS_1_patch04.png,0,307.7300109863281,712.5900268554688,100,100,0.006300000008195639
874,ASCUS_1_patch04.png,0,39.09000015258789,755.25,100,100,0.006200000178068876
875,ASCUS_1_patch04.png,0,274.8699951171875,835.6400146484375,100,100,0.005900000222027302
876,ASCUS_1_patch04.png,0,211.58999633789062,77.37999725341797,100,100,0.00559999980032444
877,ASCUS_1_patch04.png,0,305.5,542.9600219726562,100,100,0.005499999970197678
878,ASCUS_1_patch04.png,0,4.179999828338623,496.80999755859375,100,100,0.005499999970197678
879,ASCUS_1_patch04.png,0,95.12999725341797,337.8500061035156,100,100,0.0052999998442828655
880,ASCUS_1_patch04.png,0,92.2699966430664,667.3099975585938,100,100,0.0052999998442828655
881,ASCUS_1_patch04.png,0,47.59000015258789,894.1300048828125,100,100,0.004999999888241291
882,ASCUS_1_patch04.png,0,6.0,108.04000091552734,100,100,0.004900000058114529
883,ASCUS_1_patch04.png,0,122.97000122070312,346.1499938964844,100,100,0.004699999932199717
884,ASCUS_1_patch04.png,0,147.2100067138672,741.5,100,100,0.004600000102072954
885,ASCUS_1_patch04.png,0,201.72000122070312,453.79998779296875,100,100,0.0044999998062849045
886,ASCUS_1_patch04.png,0,235.97999572753906,685.4099731445312,100,100,0.0044999998062849045
887,ASCUS_1_patch04.png,0,299.6199951171875,851.3200073242188,100,100,0.004399999976158142
888,ASCUS_1_patch04.png,0,864.4600219726562,804.260009765625,100,100,0.00430000014603138
889,ASCUS_1_patch04.png,0,557.7000122070312,819.9099731445312,100,100,0.00430000014603138
890,ASCUS_1_patch04.png,0,159.3000030517578,841.1699829101562,100,100,0.00430000014603138
891,ASCUS_1_patch04.png,0,705.9099731445312,900.6900024414062,100,100,0.00419999985024333
892,ASCUS_1_patch04.png,0,575.5999755859375,808.1400146484375,100,100,0.0038999998942017555
893,ASCUS_1_patch04.png,0,303.8999938964844,836.3300170898438,100,100,0.003800000064074993
894,ASCUS_1_patch04.png,0,110.54000091552734,530.75,100,100,0.003700000001117587
895,ASCUS_1_patch04.png,0,192.1300048828125,335.3500061035156,100,100,0.003700000001117587
896,ASCUS_1_patch04.png,0,115.22000122070312,660.0900268554688,100,100,0.003700000001117587
897,ASCUS_1_patch04.png,0,524.77001953125,70.30000305175781,100,100,0.003599999938160181
898,ASCUS_1_patch04.png,0,842.02001953125,794.8699951171875,100,100,0.0035000001080334187
899,ASCUS_1_patch04.png,0,723.1699829101562,992.72998046875,100,100,0.0035000001080334187
900,ASCUS_1_patch04.png,0,220.61000061035156,687.9199829101562,100,100,0.0034000000450760126
901,ASCUS_1_patch04.png,0,130.41000366210938,854.3900146484375,100,100,0.0034000000450760126
902,ASCUS_1_patch04.png,0,334.8399963378906,711.27001953125,100,100,0.0032999999821186066
903,ASCUS_1_patch04.png,0,591.5599975585938,817.030029296875,100,100,0.0032999999821186066
904,ASCUS_1_patch04.png,0,51.84000015258789,759.02001953125,100,100,0.0032999999821186066
905,ASCUS_1_patch04.png,0,710.25,884.8800048828125,100,100,0.003100000089034438
906,ASCUS_1_patch04.png,0,139.69000244140625,865.3699951171875,100,100,0.003100000089034438
907,ASCUS_1_patch04.png,0,866.6199951171875,926.3800048828125,100,100,0.003000000026077032
908,ASCUS_1_patch04.png,0,128.5500030517578,884.4400024414062,100,100,0.003000000026077032
909,ASCUS_1_patch04.png,0,297.5400085449219,69.44999694824219,100,100,0.002899999963119626
910,ASCUS_1_patch04.png,0,83.19000244140625,934.260009765625,100,100,0.002899999963119626
911,ASCUS_1_patch04.png,0,209.4199981689453,333.04998779296875,100,100,0.00279999990016222
912,ASCUS_1_patch04.png,0,8.949999809265137,549.719970703125,100,100,0.0027000000700354576
913,ASCUS_1_patch04.png,0,264.8299865722656,426.54998779296875,100,100,0.0027000000700354576
914,ASCUS_1_patch04.png,0,497.6300048828125,52.13999938964844,100,100,0.0026000000070780516
915,ASCUS_1_patch04.png,0,332.7300109863281,232.10000610351562,100,100,0.002300000051036477
916,ASCUS_1_patch04.png,0,48.970001220703125,498.54998779296875,100,100,0.002300000051036477
917,ASCUS_1_patch04.png,0,3.5,131.91000366210938,100,100,0.002300000051036477
918,ASCUS_1_patch04.png,0,234.38999938964844,153.3800048828125,100,100,0.002099999925121665
919,ASCUS_1_patch04.png,0,7.170000076293945,94.2699966430664,100,100,0.002099999925121665
920,ASCUS_1_patch04.png,0,61.29999923706055,481.0400085449219,100,100,0.002099999925121665
921,ASCUS_1_patch04.png,0,273.1600036621094,851.4099731445312,100,100,0.0020000000949949026
922,ASCUS_1_patch04.png,0,156.4499969482422,863.760009765625,100,100,0.0019000000320374966
923,ASCUS_1_patch04.png,0,612.7999877929688,5.440000057220459,100,100,0.0017999999690800905
924,ASCUS_1_patch04.png,0,537.3099975585938,3.680000066757202,100,100,0.0017999999690800905
925,ASCUS_1_patch04.png,0,18.290000915527344,130.58999633789062,100,100,0.0017000000225380063
926,ASCUS_1_patch04.png,0,241.7100067138672,708.6400146484375,100,100,0.00139999995008111
927,ASCUS_1_patch04.png,0,280.6700134277344,568.52001953125,100,100,0.0012000000569969416
928,ASCUS_1_patch04.png,0,190.77999877929688,573.7999877929688,100,100,0.0010999999940395355
929,ASCUS_1_patch05.png,0,487.82,422.52,100,100,0.7112
930,ASCUS_1_patch05.png,0,922.1,565.64,100,100,0.7051
931,ASCUS_1_patch05.png,0,326.51,417.37,100,100,0.7003
932,ASCUS_1_patch05.png,0,370.65,170.2,100,100,0.6907
933,ASCUS_1_patch05.png,0,368.16,833.81,100,100,0.6876
934,ASCUS_1_patch05.png,0,818.16,509.05,100,100,0.6766
935,ASCUS_1_patch05.png,0,369.66,58.53,100,100,0.6757
936,ASCUS_1_patch05.png,0,868.56,287.12,100,100,0.6677
937,ASCUS_1_patch05.png,0,160.61,381.41,100,100,0.6545
938,ASCUS_1_patch05.png,0,256.82,428.01,100,100,0.652
939,ASCUS_1_patch05.png,0,727.72,893.3,100,100,0.6424
940,ASCUS_1_patch05.png,0,213.0,734.66,100,100,0.6415
941,ASCUS_1_patch05.png,0,144.78,231.31,100,100,0.6325
942,ASCUS_1_patch05.png,0,871.07,953.88,100,100,0.6309
943,ASCUS_1_patch05.png,0,305.44,82.16,100,100,0.6075
944,ASCUS_1_patch05.png,0,748.18,645.23,100,100,0.605
945,ASCUS_1_patch05.png,0,93.32,167.17,100,100,0.6007
946,ASCUS_1_patch05.png,0,40.08,96.22,100,100,0.5928
947,ASCUS_1_patch05.png,0,490.98,642.11,100,100,0.5872
948,ASCUS_1_patch05.png,0,79.22,711.15,100,100,0.5865
949,ASCUS_1_patch05.png,0,203.33,922.14,100,100,0.5826
950,ASCUS_1_patch05.png,0,199.25,271.93,100,100,0.5812
951,ASCUS_1_patch05.png,0,112.01,713.05,100,100,0.5794
952,ASCUS_1_patch05.png,0,818.42,647.76,100,100,0.5792
953,ASCUS_1_patch05.png,0,606.45,400.28,100,100,0.574
954,ASCUS_1_patch05.png,0,762.61,330.68,100,100,0.563
955,ASCUS_1_patch05.png,0,94.33,248.58,100,100,0.559
956,ASCUS_1_patch05.png,0,193.32,567.53,100,100,0.5574
957,ASCUS_1_patch05.png,0,323.46,931.67,100,100,0.5447
958,ASCUS_1_patch05.png,0,894.48,411.55,100,100,0.5408
959,ASCUS_1_patch05.png,0,231.14,45.84,100,100,0.5323
960,ASCUS_1_patch05.png,0,1005.5,963.19,100,100,0.531
961,ASCUS_1_patch05.png,0,133.58,297.53,100,100,0.5279
962,ASCUS_1_patch05.png,0,651.38,699.17,100,100,0.5168
963,ASCUS_1_patch05.png,0,130.87,568.07,100,100,0.5089
964,ASCUS_1_patch05.png,0,433.95,521.92,100,100,0.4799
965,ASCUS_1_patch05.png,0,406.35,320.59,100,100,0.4725
966,ASCUS_1_patch05.png,0,506.23,710.4,100,100,0.4605
967,ASCUS_1_patch05.png,0,497.66,289.49,100,100,0.4594
968,ASCUS_1_patch05.png,0,245.43,883.86,100,100,0.4583
969,ASCUS_1_patch05.png,0,905.72,439.13,100,100,0.4265
970,ASCUS_1_patch05.png,0,24.87,591.96,100,100,0.4254
971,ASCUS_1_patch05.png,0,684.08,991.27,100,100,0.4088
972,ASCUS_1_patch05.png,0,84.53,773.4,100,100,0.4085
973,ASCUS_1_patch05.png,0,134.8,932.92,100,100,0.4073
974,ASCUS_1_patch05.png,0,138.36,108.01,100,100,0.3976
975,ASCUS_1_patch05.png,0,356.49,673.19,100,100,0.3973
976,ASCUS_1_patch05.png,0,255.86,222.07,100,100,0.3909
977,ASCUS_1_patch05.png,0,134.48,821.83,100,100,0.3581
978,ASCUS_1_patch05.png,0,556.39,906.93,100,100,0.3403
979,ASCUS_1_patch05.png,0,111.23,481.45,100,100,0.3302
980,ASCUS_1_patch05.png,0,138.39,177.5,100,100,0.3122
981,ASCUS_1_patch05.png,0,140.92,787.2,100,100,0.3061
982,ASCUS_1_patch05.png,0,802.72,763.65,100,100,0.2856
983,ASCUS_1_patch05.png,0,105.9000015258789,191.5399932861328,100,100,0.2809999883174896
984,ASCUS_1_patch05.png,0,791.4500122070312,333.25,100,100,0.2768999934196472
985,ASCUS_1_patch05.png,0,72.46,610.89,100,100,0.263
986,ASCUS_1_patch05.png,0,440.84,343.35,100,100,0.2532
987,ASCUS_1_patch05.png,0,102.0,1023.0,100,100,0.24462240934371948
988,ASCUS_1_patch05.png,0,61.14,640.55,100,100,0.2429
989,ASCUS_1_patch05.png,0,76.0,1023.0,100,100,0.2333207130432129
990,ASCUS_1_patch05.png,0,93.94,320.7,100,100,0.2302
991,ASCUS_1_patch05.png,0,817.8499755859375,761.219970703125,100,100,0.21799999475479126
992,ASCUS_1_patch05.png,0,541.5,626.07,100,100,0.2111
993,ASCUS_1_patch05.png,0,200.39,974.85,100,100,0.2077
994,ASCUS_1_patch05.png,0,10.07,679.88,100,100,0.1742
995,ASCUS_1_patch05.png,0,347.19,502.77,100,100,0.1262
996,ASCUS_1_patch05.png,0,66.95999908447266,833.22998046875,100,100,0.11680000275373459
997,ASCUS_1_patch05.png,0,83.9800033569336,86.72000122070312,100,100,0.0997999981045723
998,ASCUS_1_patch05.png,0,838.5999755859375,684.75,100,100,0.09430000185966492
999,ASCUS_1_patch05.png,0,512.3200073242188,632.52001953125,100,100,0.08540000021457672
1000,ASCUS_1_patch05.png,0,577.9600219726562,732.1300048828125,100,100,0.08380000293254852
1001,ASCUS_1_patch05.png,0,221.25,72.68000030517578,100,100,0.07670000195503235
1002,ASCUS_1_patch05.png,0,93.12999725341797,1003.27001953125,100,100,0.07069999724626541
1003,ASCUS_1_patch05.png,0,512.5,754.739990234375,100,100,0.06639999896287918
1004,ASCUS_1_patch05.png,0,150.07000732421875,408.6400146484375,100,100,0.06620000302791595
1005,ASCUS_1_patch05.png,0,20.209999084472656,320.7099914550781,100,100,0.06129999831318855
1006,ASCUS_1_patch05.png,0,1019.1599731445312,760.280029296875,100,100,0.0608999989926815
1007,ASCUS_1_patch05.png,0,1017.7000122070312,989.739990234375,100,100,0.05829999968409538
1008,ASCUS_1_patch05.png,0,360.2900085449219,1015.9199829101562,100,100,0.052000001072883606
1009,ASCUS_1_patch05.png,0,158.17999267578125,146.8000030517578,100,100,0.044199999421834946
1010,ASCUS_1_patch05.png,0,354.2200012207031,518.1599731445312,100,100,0.04170000180602074
1011,ASCUS_1_patch05.png,0,86.5999984741211,892.260009765625,100,100,0.03920000046491623
1012,ASCUS_1_patch05.png,0,59.349998474121094,989.4500122070312,100,100,0.038600001484155655
1013,ASCUS_1_patch05.png,0,30.260000228881836,576.4299926757812,100,100,0.03739999979734421
1014,ASCUS_1_patch05.png,0,805.75,746.5700073242188,100,100,0.03660000115633011
1015,ASCUS_1_patch05.png,0,623.9600219726562,919.7999877929688,100,100,0.03449999913573265
1016,ASCUS_1_patch05.png,0,6.800000190734863,76.11000061035156,100,100,0.032499998807907104
1017,ASCUS_1_patch05.png,0,637.6400146484375,905.1099853515625,100,100,0.030799999833106995
1018,ASCUS_1_patch05.png,0,718.1900024414062,865.489990234375,100,100,0.030300000682473183
1019,ASCUS_1_patch05.png,0,28.020000457763672,276.760009765625,100,100,0.029400000348687172
1020,ASCUS_1_patch05.png,0,594.0999755859375,817.6199951171875,100,100,0.02669999934732914
1021,ASCUS_1_patch05.png,0,131.1999969482422,95.11000061035156,100,100,0.026499999687075615
1022,ASCUS_1_patch05.png,0,1016.8400268554688,819.739990234375,100,100,0.02630000002682209
1023,ASCUS_1_patch05.png,0,772.719970703125,938.5900268554688,100,100,0.025800000876188278
1024,ASCUS_1_patch05.png,0,61.880001068115234,914.0399780273438,100,100,0.02319999970495701
1025,ASCUS_1_patch05.png,0,8.59000015258789,413.79998779296875,100,100,0.02160000056028366
1026,ASCUS_1_patch05.png,0,85.33000183105469,743.8099975585938,100,100,0.021299999207258224
1027,ASCUS_1_patch05.png,0,315.7900085449219,942.219970703125,100,100,0.020600000396370888
1028,ASCUS_1_patch05.png,0,165.58999633789062,491.5400085449219,100,100,0.020400000736117363
1029,ASCUS_1_patch05.png,0,898.9000244140625,424.2699890136719,100,100,0.019999999552965164
1030,ASCUS_1_patch05.png,0,203.07000732421875,498.239990234375,100,100,0.019600000232458115
1031,ASCUS_1_patch05.png,0,333.6300048828125,922.5399780273438,100,100,0.018400000408291817
1032,ASCUS_1_patch05.png,0,27.3799991607666,959.1099853515625,100,100,0.017400000244379044
1033,ASCUS_1_patch05.png,0,154.55999755859375,827.02001953125,100,100,0.01720000058412552
1034,ASCUS_1_patch05.png,0,122.94000244140625,287.1000061035156,100,100,0.015799999237060547
1035,ASCUS_1_patch05.png,0,191.72000122070312,1008.6699829101562,100,100,0.01549999974668026
1036,ASCUS_1_patch05.png,0,730.22998046875,709.2100219726562,100,100,0.015399999916553497
1037,ASCUS_1_patch05.png,0,156.55999755859375,878.510009765625,100,100,0.015200000256299973
1038,ASCUS_1_patch05.png,0,927.1199951171875,1018.0599975585938,100,100,0.014299999922513962
1039,ASCUS_1_patch05.png,0,251.97999572753906,532.0900268554688,100,100,0.014299999922513962
1040,ASCUS_1_patch05.png,0,693.4199829101562,734.75,100,100,0.013799999840557575
1041,ASCUS_1_patch05.png,0,185.47999572753906,576.5700073242188,100,100,0.01360000018030405
1042,ASCUS_1_patch05.png,0,720.739990234375,884.0599975585938,100,100,0.013500000350177288
1043,ASCUS_1_patch05.png,0,457.82000732421875,908.8400268554688,100,100,0.013500000350177288
1044,ASCUS_1_patch05.png,0,399.94000244140625,515.8099975585938,100,100,0.013199999928474426
1045,ASCUS_1_patch05.png,0,72.38999938964844,634.5599975585938,100,100,0.013199999928474426
1046,ASCUS_1_patch05.png,0,139.1699981689453,283.9200134277344,100,100,0.013100000098347664
1047,ASCUS_1_patch05.png,0,616.8400268554688,384.3500061035156,100,100,0.012600000016391277
1048,ASCUS_1_patch05.png,0,245.58999633789062,983.9600219726562,100,100,0.012299999594688416
1049,ASCUS_1_patch05.png,0,895.97998046875,396.3299865722656,100,100,0.012299999594688416
1050,ASCUS_1_patch05.png,0,808.2899780273438,774.75,100,100,0.012199999764561653
1051,ASCUS_1_patch05.png,0,831.3900146484375,755.1599731445312,100,100,0.01140000019222498
1052,ASCUS_1_patch05.png,0,358.8699951171875,902.4199829101562,100,100,0.010999999940395355
1053,ASCUS_1_patch05.png,0,270.94000244140625,429.5400085449219,100,100,0.010700000450015068
1054,ASCUS_1_patch05.png,0,789.8499755859375,773.760009765625,100,100,0.00989999994635582
1055,ASCUS_1_patch05.png,0,646.530029296875,713.9400024414062,100,100,0.009499999694526196
1056,ASCUS_1_patch05.png,0,210.1999969482422,279.9599914550781,100,100,0.009100000374019146
1057,ASCUS_1_patch05.png,0,694.47998046875,983.77001953125,100,100,0.008999999612569809
1058,ASCUS_1_patch05.png,0,735.3900146484375,877.6799926757812,100,100,0.008700000122189522
1059,ASCUS_1_patch05.png,0,627.47998046875,373.3599853515625,100,100,0.008700000122189522
1060,ASCUS_1_patch05.png,0,36.7400016784668,49.900001525878906,100,100,0.008700000122189522
1061,ASCUS_1_patch05.png,0,809.9199829101562,497.0199890136719,100,100,0.00860000029206276
1062,ASCUS_1_patch05.png,0,827.969970703125,501.2900085449219,100,100,0.00860000029206276
1063,ASCUS_1_patch05.png,0,648.5700073242188,684.1099853515625,100,100,0.00839999970048666
1064,ASCUS_1_patch05.png,0,135.6699981689453,220.32000732421875,100,100,0.008299999870359898
1065,ASCUS_1_patch05.png,0,345.67999267578125,660.52001953125,100,100,0.008299999870359898
1066,ASCUS_1_patch05.png,0,318.67999267578125,406.1199951171875,100,100,0.008200000040233135
1067,ASCUS_1_patch05.png,0,151.7899932861328,371.3800048828125,100,100,0.008200000040233135
1068,ASCUS_1_patch05.png,0,858.5399780273438,947.0399780273438,100,100,0.008100000210106373
1069,ASCUS_1_patch05.png,0,597.510009765625,954.5,100,100,0.00800000037997961
1070,ASCUS_1_patch05.png,0,84.45999908447266,6.039999961853027,100,100,0.007499999832361937
1071,ASCUS_1_patch05.png,0,84.7699966430664,308.67999267578125,100,100,0.007400000002235174
1072,ASCUS_1_patch05.png,0,17.0,129.47000122070312,100,100,0.007300000172108412
1073,ASCUS_1_patch05.png,0,134.80999755859375,536.5900268554688,100,100,0.007300000172108412
1074,ASCUS_1_patch05.png,0,793.72998046875,737.9400024414062,100,100,0.0071000000461936
1075,ASCUS_1_patch05.png,0,498.69000244140625,303.3999938964844,100,100,0.0071000000461936
1076,ASCUS_1_patch05.png,0,511.7099914550781,697.239990234375,100,100,0.007000000216066837
1077,ASCUS_1_patch05.png,0,138.39999389648438,311.57000732421875,100,100,0.006800000090152025
1078,ASCUS_1_patch05.png,0,583.1900024414062,749.010009765625,100,100,0.006800000090152025
1079,ASCUS_1_patch05.png,0,355.8599853515625,176.8699951171875,100,100,0.0066999997943639755
1080,ASCUS_1_patch05.png,0,662.9099731445312,691.969970703125,100,100,0.0066999997943639755
1081,ASCUS_1_patch05.png,0,174.4199981689453,13.59000015258789,100,100,0.006599999964237213
1082,ASCUS_1_patch05.png,0,223.88999938964844,1003.0599975585938,100,100,0.006399999838322401
1083,ASCUS_1_patch05.png,0,200.66000366210938,555.6699829101562,100,100,0.006399999838322401
1084,ASCUS_1_patch05.png,0,69.87999725341797,732.75,100,100,0.006300000008195639
1085,ASCUS_1_patch05.png,0,938.969970703125,565.27001953125,100,100,0.006200000178068876
1086,ASCUS_1_patch05.png,0,71.38999938964844,895.7100219726562,100,100,0.006099999882280827
1087,ASCUS_1_patch05.png,0,545.780029296875,895.77001953125,100,100,0.006099999882280827
1088,ASCUS_1_patch05.png,0,763.6599731445312,671.9000244140625,100,100,0.006000000052154064
1089,ASCUS_1_patch05.png,0,362.69000244140625,159.39999389648438,100,100,0.006000000052154064
1090,ASCUS_1_patch05.png,0,907.1099853515625,570.3699951171875,100,100,0.005900000222027302
1091,ASCUS_1_patch05.png,0,568.1599731445312,916.9600219726562,100,100,0.005799999926239252
1092,ASCUS_1_patch05.png,0,198.6300048828125,904.5700073242188,100,100,0.00570000009611249
1093,ASCUS_1_patch05.png,0,119.2699966430664,985.760009765625,100,100,0.005400000140070915
1094,ASCUS_1_patch05.png,0,67.04000091552734,701.6900024414062,100,100,0.005400000140070915
1095,ASCUS_1_patch05.png,0,674.219970703125,998.260009765625,100,100,0.005400000140070915
1096,ASCUS_1_patch05.png,0,381.5199890136719,160.63999938964844,100,100,0.005400000140070915
1097,ASCUS_1_patch05.png,0,884.1300048828125,950.4099731445312,100,100,0.0052999998442828655
1098,ASCUS_1_patch05.png,0,158.97999572753906,418.30999755859375,100,100,0.005200000014156103
1099,ASCUS_1_patch05.png,0,336.7699890136719,405.19000244140625,100,100,0.005200000014156103
1100,ASCUS_1_patch05.png,0,508.1700134277344,279.3900146484375,100,100,0.005200000014156103
1101,ASCUS_1_patch05.png,0,7.929999828338623,196.02000427246094,100,100,0.005100000184029341
1102,ASCUS_1_patch05.png,0,497.6600036621094,411.1199951171875,100,100,0.005100000184029341
1103,ASCUS_1_patch05.png,0,76.41999816894531,56.150001525878906,100,100,0.005100000184029341
1104,ASCUS_1_patch05.png,0,474.3399963378906,412.489990234375,100,100,0.004999999888241291
1105,ASCUS_1_patch05.png,0,70.81999969482422,974.4000244140625,100,100,0.004999999888241291
1106,ASCUS_1_patch05.png,0,225.4600067138672,33.7599983215332,100,100,0.004999999888241291
1107,ASCUS_1_patch05.png,0,362.2200012207031,530.3200073242188,100,100,0.004800000227987766
1108,ASCUS_1_patch05.png,0,183.5,210.82000732421875,100,100,0.004800000227987766
1109,ASCUS_1_patch05.png,0,151.72000122070312,394.4700012207031,100,100,0.004699999932199717
1110,ASCUS_1_patch05.png,0,495.8399963378906,762.260009765625,100,100,0.004699999932199717
1111,ASCUS_1_patch05.png,0,152.27000427246094,240.8300018310547,100,100,0.004699999932199717
1112,ASCUS_1_patch05.png,0,227.67999267578125,728.0800170898438,100,100,0.004600000102072954
1113,ASCUS_1_patch05.png,0,669.7100219726562,626.4500122070312,100,100,0.0044999998062849045
1114,ASCUS_1_patch05.png,0,909.8400268554688,554.6799926757812,100,100,0.0044999998062849045
1115,ASCUS_1_patch05.png,0,630.2100219726562,831.8499755859375,100,100,0.004399999976158142
1116,ASCUS_1_patch05.png,0,212.60000610351562,61.130001068115234,100,100,0.004399999976158142
1117,ASCUS_1_patch05.png,0,255.10000610351562,203.00999450683594,100,100,0.00430000014603138
1118,ASCUS_1_patch05.png,0,121.7300033569336,811.0800170898438,100,100,0.00419999985024333
1119,ASCUS_1_patch05.png,0,54.2599983215332,688.9600219726562,100,100,0.00419999985024333
1120,ASCUS_1_patch05.png,0,116.94999694824219,700.0599975585938,100,100,0.00419999985024333
1121,ASCUS_1_patch05.png,0,144.75999450683594,561.0499877929688,100,100,0.00419999985024333
1122,ASCUS_1_patch05.png,0,384.8900146484375,177.16000366210938,100,100,0.004100000020116568
1123,ASCUS_1_patch05.png,0,256.94000244140625,880.4099731445312,100,100,0.004100000020116568
1124,ASCUS_1_patch05.png,0,217.47999572753906,265.94000244140625,100,100,0.004100000020116568
1125,ASCUS_1_patch05.png,0,930.25,551.6799926757812,100,100,0.004000000189989805
1126,ASCUS_1_patch05.png,0,88.76000213623047,153.8000030517578,100,100,0.004000000189989805
1127,ASCUS_1_patch05.png,0,382.92999267578125,52.79999923706055,100,100,0.004000000189989805
1128,ASCUS_1_patch05.png,0,247.91000366210938,918.280029296875,100,100,0.004000000189989805
1129,ASCUS_1_patch05.png,0,740.2899780273438,630.530029296875,100,100,0.004000000189989805
1130,ASCUS_1_patch05.png,0,494.3900146484375,703.9299926757812,100,100,0.0038999998942017555
1131,ASCUS_1_patch05.png,0,232.02999877929688,876.4500122070312,100,100,0.003800000064074993
1132,ASCUS_1_patch05.png,0,172.02000427246094,374.9599914550781,100,100,0.003800000064074993
1133,ASCUS_1_patch05.png,0,51.720001220703125,131.67999267578125,100,100,0.003700000001117587
1134,ASCUS_1_patch05.png,0,53.41999816894531,485.8900146484375,100,100,0.003700000001117587
1135,ASCUS_1_patch05.png,0,94.69999694824219,699.8099975585938,100,100,0.003599999938160181
1136,ASCUS_1_patch05.png,0,274.9100036621094,42.400001525878906,100,100,0.0035000001080334187
1137,ASCUS_1_patch05.png,0,29.920000076293945,85.0,100,100,0.0035000001080334187
1138,ASCUS_1_patch05.png,0,480.6600036621094,280.2300109863281,100,100,0.0035000001080334187
1139,ASCUS_1_patch05.png,0,68.20999908447266,343.7200012207031,100,100,0.0032999999821186066
1140,ASCUS_1_patch05.png,0,339.8299865722656,425.8399963378906,100,100,0.0032999999821186066
1141,ASCUS_1_patch05.png,0,104.16999816894531,326.0,100,100,0.0031999999191612005
1142,ASCUS_1_patch05.png,0,487.67999267578125,627.1500244140625,100,100,0.0031999999191612005
1143,ASCUS_1_patch05.png,0,880.469970703125,281.7699890136719,100,100,0.0031999999191612005
1144,ASCUS_1_patch05.png,0,801.3599853515625,936.1900024414062,100,100,0.0031999999191612005
1145,ASCUS_1_patch05.png,0,4.179999828338623,117.41000366210938,100,100,0.003100000089034438
1146,ASCUS_1_patch05.png,0,125.93000030517578,714.3800048828125,100,100,0.003100000089034438
1147,ASCUS_1_patch05.png,0,85.72000122070312,175.52000427246094,100,100,0.003100000089034438
1148,ASCUS_1_patch05.png,0,831.1799926757812,769.7000122070312,100,100,0.003000000026077032
1149,ASCUS_1_patch05.png,0,424.260009765625,328.1000061035156,100,100,0.003000000026077032
1150,ASCUS_1_patch05.png,0,528.6300048828125,1016.3699951171875,100,100,0.003000000026077032
1151,ASCUS_1_patch05.png,0,413.3800048828125,524.7999877929688,100,100,0.002899999963119626
1152,ASCUS_1_patch05.png,0,104.31999969482422,156.7899932861328,100,100,0.002899999963119626
1153,ASCUS_1_patch05.png,0,8.510000228881836,576.530029296875,100,100,0.002899999963119626
1154,ASCUS_1_patch05.png,0,217.08999633789062,719.780029296875,100,100,0.002899999963119626
1155,ASCUS_1_patch05.png,0,108.69999694824219,520.3200073242188,100,100,0.00279999990016222
1156,ASCUS_1_patch05.png,0,149.25999450683594,125.44999694824219,100,100,0.00279999990016222
1157,ASCUS_1_patch05.png,0,114.5,304.6199951171875,100,100,0.00279999990016222
1158,ASCUS_1_patch05.png,0,294.07000732421875,75.44000244140625,100,100,0.0027000000700354576
1159,ASCUS_1_patch05.png,0,1013.4099731445312,952.4099731445312,100,100,0.0026000000070780516
1160,ASCUS_1_patch05.png,0,46.95000076293945,84.12999725341797,100,100,0.0026000000070780516
1161,ASCUS_1_patch05.png,0,62.310001373291016,794.780029296875,100,100,0.0026000000070780516
1162,ASCUS_1_patch05.png,0,611.0900268554688,411.8900146484375,100,100,0.0024999999441206455
1163,ASCUS_1_patch05.png,0,217.38999938964844,917.1900024414062,100,100,0.0024999999441206455
1164,ASCUS_1_patch05.png,0,507.7799987792969,422.8500061035156,100,100,0.0024999999441206455
1165,ASCUS_1_patch05.png,0,399.6000061035156,305.05999755859375,100,100,0.0024999999441206455
1166,ASCUS_1_patch05.png,0,186.49000549316406,557.3900146484375,100,100,0.0024999999441206455
1167,ASCUS_1_patch05.png,0,359.0799865722656,49.060001373291016,100,100,0.0024999999441206455
1168,ASCUS_1_patch05.png,0,81.12000274658203,330.5299987792969,100,100,0.0024999999441206455
1169,ASCUS_1_patch05.png,0,306.6600036621094,927.6599731445312,100,100,0.002400000113993883
1170,ASCUS_1_patch05.png,0,593.5,391.1199951171875,100,100,0.002400000113993883
1171,ASCUS_1_patch05.png,0,113.5999984741211,533.5,100,100,0.002400000113993883
1172,ASCUS_1_patch05.png,0,878.530029296875,409.0,100,100,0.002400000113993883
1173,ASCUS_1_patch05.png,0,235.00999450683594,453.2300109863281,100,100,0.002300000051036477
1174,ASCUS_1_patch05.png,0,614.0999755859375,367.3399963378906,100,100,0.002300000051036477
1175,ASCUS_1_patch05.png,0,324.5400085449219,912.8099975585938,100,100,0.002300000051036477
1176,ASCUS_1_patch05.png,0,161.02999877929688,222.38999938964844,100,100,0.002300000051036477
1177,ASCUS_1_patch05.png,0,195.02000427246094,284.2099914550781,100,100,0.002199999988079071
1178,ASCUS_1_patch05.png,0,378.4700012207031,823.3099975585938,100,100,0.002199999988079071
1179,ASCUS_1_patch05.png,0,121.95999908447266,549.9400024414062,100,100,0.002199999988079071
1180,ASCUS_1_patch05.png,0,224.02999877929688,897.8300170898438,100,100,0.002199999988079071
1181,ASCUS_1_patch05.png,0,189.17999267578125,261.7099914550781,100,100,0.002199999988079071
1182,ASCUS_1_patch05.png,0,169.1300048828125,395.6300048828125,100,100,0.002099999925121665
1183,ASCUS_1_patch05.png,0,148.6199951171875,155.88999938964844,100,100,0.002099999925121665
1184,ASCUS_1_patch05.png,0,26.889999389648438,98.98999786376953,100,100,0.0020000000949949026
1185,ASCUS_1_patch05.png,0,36.77000045776367,284.70001220703125,100,100,0.0020000000949949026
1186,ASCUS_1_patch05.png,0,518.239990234375,734.739990234375,100,100,0.0019000000320374966
1187,ASCUS_1_patch05.png,0,772.8800048828125,318.9800109863281,100,100,0.0017999999690800905
1188,ASCUS_1_patch05.png,0,638.4600219726562,695.0499877929688,100,100,0.0017999999690800905
1189,ASCUS_1_patch05.png,0,352.1499938964844,832.72998046875,100,100,0.0017000000225380063
1190,ASCUS_1_patch05.png,0,52.349998474121094,968.2000122070312,100,100,0.0017000000225380063
1191,ASCUS_1_patch05.png,0,143.75999450683594,802.4600219726562,100,100,0.0017000000225380063
1192,ASCUS_1_patch05.png,0,122.16000366210938,169.27999877929688,100,100,0.0015999999595806003
1193,ASCUS_1_patch05.png,0,130.08999633789062,772.5499877929688,100,100,0.0015999999595806003
1194,ASCUS_1_patch05.png,0,98.08999633789062,260.80999755859375,100,100,0.001500000013038516
1195,ASCUS_1_patch05.png,0,300.07000732421875,95.04000091552734,100,100,0.001500000013038516
1196,ASCUS_1_patch05.png,0,421.54998779296875,713.219970703125,100,100,0.001500000013038516
1197,ASCUS_1_patch05.png,0,476.9100036621094,649.47998046875,100,100,0.001500000013038516
1198,ASCUS_1_patch05.png,0,213.25999450683594,563.469970703125,100,100,0.0013000000035390258
1199,ASCUS_1_patch05.png,0,94.25,724.8099975585938,100,100,0.0013000000035390258
1200,ASCUS_1_patch05.png,0,277.8999938964844,231.1199951171875,100,100,0.0012000000569969416
1201,ASCUS_1_patch05.png,0,358.82000732421875,495.760009765625,100,100,0.0012000000569969416
1202,ASCUS_1_patch05.png,0,101.12999725341797,472.8999938964844,100,100,0.0010999999940395355
1203,ASCUS_1_patch06.png,0,139.3,440.65,100,100,0.7514
1204,ASCUS_1_patch06.png,0,112.96,201.71,100,100,0.7415
1205,ASCUS_1_patch06.png,0,364.62,260.18,100,100,0.7285
1206,ASCUS_1_patch06.png,0,513.19,570.68,100,100,0.7138
1207,ASCUS_1_patch06.png,0,321.95,717.15,100,100,0.7117
1208,ASCUS_1_patch06.png,0,202.81,542.39,100,100,0.7079
1209,ASCUS_1_patch06.png,0,151.86,119.86,100,100,0.6998
1210,ASCUS_1_patch06.png,0,829.89,467.87,100,100,0.6982
1211,ASCUS_1_patch06.png,0,642.11,410.1,100,100,0.6979
1212,ASCUS_1_patch06.png,0,437.63,413.59,100,100,0.6962
1213,ASCUS_1_patch06.png,0,100.83,662.46,100,100,0.6903
1214,ASCUS_1_patch06.png,0,441.62,986.3,100,100,0.6882
1215,ASCUS_1_patch06.png,0,238.65,853.68,100,100,0.6863
1216,ASCUS_1_patch06.png,0,325.53,860.51,100,100,0.6857
1217,ASCUS_1_patch06.png,0,300.59,362.66,100,100,0.6806
1218,ASCUS_1_patch06.png,0,472.92,488.16,100,100,0.6806
1219,ASCUS_1_patch06.png,0,232.42,685.58,100,100,0.6786
1220,ASCUS_1_patch06.png,0,402.84,298.91,100,100,0.6723
1221,ASCUS_1_patch06.png,0,482.79,797.98,100,100,0.6681
1222,ASCUS_1_patch06.png,0,834.74,946.0,100,100,0.6674
1223,ASCUS_1_patch06.png,0,793.14,33.33,100,100,0.6638
1224,ASCUS_1_patch06.png,0,342.74,431.8,100,100,0.6603
1225,ASCUS_1_patch06.png,0,729.47,550.95,100,100,0.6494
1226,ASCUS_1_patch06.png,0,287.67,513.44,100,100,0.6458
1227,ASCUS_1_patch06.png,0,962.11,575.25,100,100,0.6441
1228,ASCUS_1_patch06.png,0,79.15,498.57,100,100,0.6417
1229,ASCUS_1_patch06.png,0,716.14,930.36,100,100,0.6412
1230,ASCUS_1_patch06.png,0,225.21,922.28,100,100,0.6394
1231,ASCUS_1_patch06.png,0,732.82,842.89,100,100,0.6323
1232,ASCUS_1_patch06.png,0,640.12,308.29,100,100,0.6321
1233,ASCUS_1_patch06.png,0,462.13,291.8,100,100,0.6284
1234,ASCUS_1_patch06.png,0,892.67,216.67,100,100,0.627
1235,ASCUS_1_patch06.png,0,150.15,31.43,100,100,0.6264
1236,ASCUS_1_patch06.png,0,797.41,799.52,100,100,0.6246
1237,ASCUS_1_patch06.png,0,77.56,592.89,100,100,0.622
1238,ASCUS_1_patch06.png,0,860.52,579.73,100,100,0.6208
1239,ASCUS_1_patch06.png,0,587.76,660.26,100,100,0.6188
1240,ASCUS_1_patch06.png,0,694.17,688.99,100,100,0.6134
1241,ASCUS_1_patch06.png,0,771.67,543.32,100,100,0.6073
1242,ASCUS_1_patch06.png,0,954.43,42.07,100,100,0.6055
1243,ASCUS_1_patch06.png,0,649.29,808.39,100,100,0.6047
1244,ASCUS_1_patch06.png,0,86.77,869.91,100,100,0.6043
1245,ASCUS_1_patch06.png,0,492.71,727.65,100,100,0.6023
1246,ASCUS_1_patch06.png,0,669.77,177.21,100,100,0.5959
1247,ASCUS_1_patch06.png,0,551.35,834.42,100,100,0.5949
1248,ASCUS_1_patch06.png,0,1005.88,792.4,100,100,0.5945
1249,ASCUS_1_patch06.png,0,360.87,770.7,100,100,0.5944
1250,ASCUS_1_patch06.png,0,818.13,986.35,100,100,0.5935
1251,ASCUS_1_patch06.png,0,829.82,308.87,100,100,0.5914
1252,ASCUS_1_patch06.png,0,727.52,701.27,100,100,0.5899
1253,ASCUS_1_patch06.png,0,943.08,271.09,100,100,0.5826
1254,ASCUS_1_patch06.png,0,743.25,117.94,100,100,0.5692
1255,ASCUS_1_patch06.png,0,955.85,858.36,100,100,0.5631
1256,ASCUS_1_patch06.png,0,208.48,25.89,100,100,0.5603
1257,ASCUS_1_patch06.png,0,505.72,97.78,100,100,0.5585
1258,ASCUS_1_patch06.png,0,266.77,609.48,100,100,0.5546
1259,ASCUS_1_patch06.png,0,327.61,65.78,100,100,0.5528
1260,ASCUS_1_patch06.png,0,222.9,121.83,100,100,0.5493
1261,ASCUS_1_patch06.png,0,274.18,55.72,100,100,0.547
1262,ASCUS_1_patch06.png,0,505.81,21.52,100,100,0.5464
1263,ASCUS_1_patch06.png,0,650.74,521.04,100,100,0.5461
1264,ASCUS_1_patch06.png,0,858.36,767.83,100,100,0.5371
1265,ASCUS_1_patch06.png,0,730.45,778.48,100,100,0.5311
1266,ASCUS_1_patch06.png,0,185.88,237.04,100,100,0.5279
1267,ASCUS_1_patch06.png,0,699.18,435.02,100,100,0.5214
1268,ASCUS_1_patch06.png,0,250.21,181.89,100,100,0.513
1269,ASCUS_1_patch06.png,0,260.15,656.78,100,100,0.5114
1270,ASCUS_1_patch06.png,0,813.34,865.86,100,100,0.5101
1271,ASCUS_1_patch06.png,0,438.73,155.36,100,100,0.5098
1272,ASCUS_1_patch06.png,0,18.52,121.23,100,100,0.5061
1273,ASCUS_1_patch06.png,0,357.99,553.99,100,100,0.505
1274,ASCUS_1_patch06.png,0,314.64,117.38,100,100,0.4919
1275,ASCUS_1_patch06.png,0,421.73,747.04,100,100,0.4881
1276,ASCUS_1_patch06.png,0,937.68,669.25,100,100,0.4879
1277,ASCUS_1_patch06.png,0,275.7,108.02,100,100,0.4777
1278,ASCUS_1_patch06.png,0,643.09,69.94,100,100,0.4748
1279,ASCUS_1_patch06.png,0,369.57,483.9,100,100,0.4735
1280,ASCUS_1_patch06.png,0,810.2,240.5,100,100,0.469
1281,ASCUS_1_patch06.png,0,515.02,309.65,100,100,0.4681
1282,ASCUS_1_patch06.png,0,534.95,434.26,100,100,0.4533
1283,ASCUS_1_patch06.png,0,22.6,565.96,100,100,0.4497
1284,ASCUS_1_patch06.png,0,496.83,980.77,100,100,0.4476
1285,ASCUS_1_patch06.png,0,879.42,33.62,100,100,0.4444
1286,ASCUS_1_patch06.png,0,751.65,875.84,100,100,0.4382
1287,ASCUS_1_patch06.png,0,120.51,888.92,100,100,0.4235
1288,ASCUS_1_patch06.png,0,474.22,664.77,100,100,0.4177
1289,ASCUS_1_patch06.png,0,678.86,15.16,100,100,0.4129
1290,ASCUS_1_patch06.png,0,783.41,113.66,100,100,0.4101
1291,ASCUS_1_patch06.png,0,922.05,394.87,100,100,0.4033
1292,ASCUS_1_patch06.png,0,809.9,679.26,100,100,0.4011
1293,ASCUS_1_patch06.png,0,546.18,226.07,100,100,0.3996
1294,ASCUS_1_patch06.png,0,393.9,15.94,100,100,0.3927
1295,ASCUS_1_patch06.png,0,914.72,886.61,100,100,0.3632
1296,ASCUS_1_patch06.png,0,642.76,875.87,100,100,0.3533
1297,ASCUS_1_patch06.png,0,505.15,897.99,100,100,0.3493
1298,ASCUS_1_patch06.png,0,947.83,350.27,100,100,0.3445
1299,ASCUS_1_patch06.png,0,1013.3,140.59,100,100,0.3442
1300,ASCUS_1_patch06.png,0,580.81,537.02,100,100,0.3434
1301,ASCUS_1_patch06.png,0,29.77,385.05,100,100,0.3416
1302,ASCUS_1_patch06.png,0,409.72,648.92,100,100,0.3329
1303,ASCUS_1_patch06.png,0,575.52,191.43,100,100,0.3277
1304,ASCUS_1_patch06.png,0,588.0,905.0,100,100,0.3205830752849579
1305,ASCUS_1_patch06.png,0,254.87,433.65,100,100,0.3195
1306,ASCUS_1_patch06.png,0,22.8,199.24,100,100,0.3147
1307,ASCUS_1_patch06.png,0,577.79,623.94,100,100,0.312
1308,ASCUS_1_patch06.png,0,625.37,262.03,100,100,0.3052
1309,ASCUS_1_patch06.png,0,773.08,418.41,100,100,0.3048
1310,ASCUS_1_patch06.png,0,583.510009765625,13.460000038146973,100,100,0.295199990272522
1311,ASCUS_1_patch06.png,0,965.26,640.59,100,100,0.2937
1312,ASCUS_1_patch06.png,0,474.87,213.89,100,100,0.2847
1313,ASCUS_1_patch06.png,0,366.82,868.41,100,100,0.2431
1314,ASCUS_1_patch06.png,0,862.8699951171875,971.6699829101562,100,100,0.23829999566078186
1315,ASCUS_1_patch06.png,0,9.15,310.07,100,100,0.2298
1316,ASCUS_1_patch06.png,0,632.6900024414062,125.12000274658203,100,100,0.2249000072479248
1317,ASCUS_1_patch06.png,0,1004.9400024414062,904.5399780273438,100,100,0.2143000066280365
1318,ASCUS_1_patch06.png,0,441.82000732421875,714.6099853515625,100,100,0.20810000598430634
1319,ASCUS_1_patch06.png,0,344.3699951171875,5.519999980926514,100,100,0.2078000009059906
1320,ASCUS_1_patch06.png,0,814.8200073242188,124.30000305175781,100,100,0.2020999938249588
1321,ASCUS_1_patch06.png,0,108.9,991.45,100,100,0.1865
1322,ASCUS_1_patch06.png,0,11.289999961853027,983.0,100,100,0.1826999932527542
1323,ASCUS_1_patch06.png,0,379.44000244140625,116.87000274658203,100,100,0.17810000479221344
1324,ASCUS_1_patch06.png,0,93.81,258.37,100,100,0.177
1325,ASCUS_1_patch06.png,0,755.58,364.65,100,100,0.173
1326,ASCUS_1_patch06.png,0,1001.3499755859375,861.9299926757812,100,100,0.1728000044822693
1327,ASCUS_1_patch06.png,0,273.26,1002.38,100,100,0.1679
1328,ASCUS_1_patch06.png,0,800.6799926757812,304.1400146484375,100,100,0.16429999470710754
1329,ASCUS_1_patch06.png,0,591.83,462.97,100,100,0.161
1330,ASCUS_1_patch06.png,0,1008.8599853515625,224.69000244140625,100,100,0.15710000693798065
1331,ASCUS_1_patch06.png,0,706.29,373.29,100,100,0.157
1332,ASCUS_1_patch06.png,0,455.86,76.43,100,100,0.1551
1333,ASCUS_1_patch06.png,0,904.46,343.28,100,100,0.1456
1334,ASCUS_1_patch06.png,0,660.84,128.86,100,100,0.1444
1335,ASCUS_1_patch06.png,0,512.1900024414062,703.4000244140625,100,100,0.14079999923706055
1336,ASCUS_1_patch06.png,0,248.5500030517578,209.72999572753906,100,100,0.13930000364780426
1337,ASCUS_1_patch06.png,0,700.52001953125,305.82000732421875,100,100,0.13779999315738678
1338,ASCUS_1_patch06.png,0,582.0800170898438,553.72998046875,100,100,0.13359999656677246
1339,ASCUS_1_patch06.png,0,383.8999938964844,1015.0499877929688,100,100,0.12809999287128448
1340,ASCUS_1_patch06.png,0,53.88999938964844,77.08000183105469,100,100,0.12349999696016312
1341,ASCUS_1_patch06.png,0,361.65,821.34,100,100,0.1223
1342,ASCUS_1_patch06.png,0,272.38,1020.07,100,100,0.1194
1343,ASCUS_1_patch06.png,0,1004.1900024414062,550.510009765625,100,100,0.11270000040531158
1344,ASCUS_1_patch06.png,0,24.15999984741211,17.549999237060547,100,100,0.10700000077486038
1345,ASCUS_1_patch06.png,0,1007.6300048828125,996.780029296875,100,100,0.10180000215768814
1346,ASCUS_1_patch06.png,0,744.3200073242188,241.5800018310547,100,100,0.0997999981045723
1347,ASCUS_1_patch06.png,0,442.2200012207031,635.1900024414062,100,100,0.09459999948740005
1348,ASCUS_1_patch06.png,0,969.02001953125,12.460000038146973,100,100,0.09390000253915787
1349,ASCUS_1_patch06.png,0,597.780029296875,401.989990234375,100,100,0.08630000054836273
1350,ASCUS_1_patch06.png,0,804.0599975585938,148.75,100,100,0.07569999992847443
1351,ASCUS_1_patch06.png,0,496.7099914550781,70.58999633789062,100,100,0.07240000367164612
1352,ASCUS_1_patch06.png,0,801.1400146484375,96.2300033569336,100,100,0.07209999859333038
1353,ASCUS_1_patch06.png,0,526.3900146484375,275.5400085449219,100,100,0.06790000200271606
1354,ASCUS_1_patch06.png,0,84.41999816894531,8.109999656677246,100,100,0.06669999659061432
1355,ASCUS_1_patch06.png,0,486.5,247.16000366210938,100,100,0.06539999693632126
1356,ASCUS_1_patch06.png,0,159.6699981689453,206.11000061035156,100,100,0.06360000371932983
1357,ASCUS_1_patch06.png,0,333.1199951171875,145.30999755859375,100,100,0.06129999831318855
1358,ASCUS_1_patch06.png,0,451.4800109863281,821.22998046875,100,100,0.05920000001788139
1359,ASCUS_1_patch06.png,0,888.5999755859375,866.010009765625,100,100,0.057999998331069946
1360,ASCUS_1_patch06.png,0,930.7999877929688,118.06999969482422,100,100,0.05640000104904175
1361,ASCUS_1_patch06.png,0,450.4100036621094,186.0399932861328,100,100,0.055399999022483826
1362,ASCUS_1_patch06.png,0,286.7699890136719,1014.489990234375,100,100,0.05510000139474869
1363,ASCUS_1_patch06.png,0,597.3599853515625,668.510009765625,100,100,0.052400000393390656
1364,ASCUS_1_patch06.png,0,530.9099731445312,326.2200012207031,100,100,0.05180000141263008
1365,ASCUS_1_patch06.png,0,563.989990234375,123.3499984741211,100,100,0.051500000059604645
1366,ASCUS_1_patch06.png,0,645.3599853515625,147.3000030517578,100,100,0.04989999905228615
1367,ASCUS_1_patch06.png,0,78.72000122070312,845.02001953125,100,100,0.0494999997317791
1368,ASCUS_1_patch06.png,0,842.75,659.4500122070312,100,100,0.047600001096725464
1369,ASCUS_1_patch06.png,0,1001.3900146484375,592.030029296875,100,100,0.04390000179409981
1370,ASCUS_1_patch06.png,0,987.2100219726562,961.3900146484375,100,100,0.043800000101327896
1371,ASCUS_1_patch06.png,0,477.79998779296875,1006.75,100,100,0.042399998754262924
1372,ASCUS_1_patch06.png,0,149.8800048828125,4.769999980926514,100,100,0.04149999842047691
1373,ASCUS_1_patch06.png,0,529.4600219726562,300.3699951171875,100,100,0.037300001829862595
1374,ASCUS_1_patch06.png,0,68.2699966430664,5.619999885559082,100,100,0.03720000013709068
1375,ASCUS_1_patch06.png,0,1017.0700073242188,346.67999267578125,100,100,0.03370000049471855
1376,ASCUS_1_patch06.png,0,604.5399780273438,195.17999267578125,100,100,0.03310000151395798
1377,ASCUS_1_patch06.png,0,530.260009765625,960.3099975585938,100,100,0.03280000016093254
1378,ASCUS_1_patch06.png,0,540.9199829101562,313.44000244140625,100,100,0.03269999846816063
1379,ASCUS_1_patch06.png,0,621.4000244140625,168.7899932861328,100,100,0.030799999833106995
1380,ASCUS_1_patch06.png,0,327.2200012207031,414.1000061035156,100,100,0.03060000017285347
1381,ASCUS_1_patch06.png,0,461.2799987792969,450.3800048828125,100,100,0.030400000512599945
1382,ASCUS_1_patch06.png,0,872.7899780273438,774.0399780273438,100,100,0.03020000085234642
1383,ASCUS_1_patch06.png,0,17.889999389648438,8.600000381469727,100,100,0.029600000008940697
1384,ASCUS_1_patch06.png,0,944.1599731445312,705.6500244140625,100,100,0.027499999850988388
1385,ASCUS_1_patch06.png,0,520.8800048828125,714.02001953125,100,100,0.027000000700354576
1386,ASCUS_1_patch06.png,0,924.1199951171875,41.43000030517578,100,100,0.025100000202655792
1387,ASCUS_1_patch06.png,0,767.8900146484375,25.809999465942383,100,100,0.02419999986886978
1388,ASCUS_1_patch06.png,0,756.3900146484375,514.52001953125,100,100,0.02410000003874302
1389,ASCUS_1_patch06.png,0,250.0800018310547,126.80999755859375,100,100,0.024000000208616257
1390,ASCUS_1_patch06.png,0,604.7999877929688,657.72998046875,100,100,0.02329999953508377
1391,ASCUS_1_patch06.png,0,64.19999694824219,730.9000244140625,100,100,0.022600000724196434
1392,ASCUS_1_patch06.png,0,7.380000114440918,473.57000732421875,100,100,0.02239999920129776
1393,ASCUS_1_patch06.png,0,152.08999633789062,17.649999618530273,100,100,0.022299999371170998
1394,ASCUS_1_patch06.png,0,343.4599914550781,871.9099731445312,100,100,0.022099999710917473
1395,ASCUS_1_patch06.png,0,552.77001953125,539.22998046875,100,100,0.0215000007301569
1396,ASCUS_1_patch06.png,0,1015.1799926757812,987.8300170898438,100,100,0.021299999207258224
1397,ASCUS_1_patch06.png,0,827.7100219726562,269.2900085449219,100,100,0.021199999377131462
1398,ASCUS_1_patch06.png,0,893.010009765625,879.6599731445312,100,100,0.021199999377131462
1399,ASCUS_1_patch06.png,0,1015.7000122070312,899.280029296875,100,100,0.020600000396370888
1400,ASCUS_1_patch06.png,0,710.8099975585938,692.9500122070312,100,100,0.019700000062584877
1401,ASCUS_1_patch06.png,0,623.0599975585938,897.510009765625,100,100,0.01940000057220459
1402,ASCUS_1_patch06.png,0,236.7100067138672,118.5,100,100,0.019300000742077827
1403,ASCUS_1_patch06.png,0,517.9000244140625,213.3800048828125,100,100,0.019200000911951065
1404,ASCUS_1_patch06.png,0,21.8700008392334,395.4100036621094,100,100,0.01889999955892563
1405,ASCUS_1_patch06.png,0,469.1000061035156,902.6500244140625,100,100,0.018699999898672104
1406,ASCUS_1_patch06.png,0,783.7000122070312,909.8800048828125,100,100,0.017999999225139618
1407,ASCUS_1_patch06.png,0,1018.1799926757812,214.6699981689453,100,100,0.01769999973475933
1408,ASCUS_1_patch06.png,0,475.75,87.37000274658203,100,100,0.01720000058412552
1409,ASCUS_1_patch06.png,0,78.54000091552734,860.3900146484375,100,100,0.01720000058412552
1410,ASCUS_1_patch06.png,0,1013.780029296875,293.0799865722656,100,100,0.016899999231100082
1411,ASCUS_1_patch06.png,0,423.8500061035156,681.1599731445312,100,100,0.016899999231100082
1412,ASCUS_1_patch06.png,0,705.6500244140625,625.9000244140625,100,100,0.01679999940097332
1413,ASCUS_1_patch06.png,0,41.810001373291016,983.0700073242188,100,100,0.016699999570846558
1414,ASCUS_1_patch06.png,0,421.2099914550781,132.08999633789062,100,100,0.016100000590085983
1415,ASCUS_1_patch06.png,0,1013.47998046875,1008.1900024414062,100,100,0.016100000590085983
1416,ASCUS_1_patch06.png,0,62.099998474121094,85.9800033569336,100,100,0.015799999237060547
1417,ASCUS_1_patch06.png,0,1019.8499755859375,742.1900024414062,100,100,0.015399999916553497
1418,ASCUS_1_patch06.png,0,521.4199829101562,950.5999755859375,100,100,0.015399999916553497
1419,ASCUS_1_patch06.png,0,548.6500244140625,299.70001220703125,100,100,0.015300000086426735
1420,ASCUS_1_patch06.png,0,330.55999755859375,4.199999809265137,100,100,0.015200000256299973
1421,ASCUS_1_patch06.png,0,446.0,803.0599975585938,100,100,0.014499999582767487
1422,ASCUS_1_patch06.png,0,506.1600036621094,973.0900268554688,100,100,0.0142000000923872
1423,ASCUS_1_patch06.png,0,83.98999786376953,368.6099853515625,100,100,0.014000000432133675
1424,ASCUS_1_patch06.png,0,796.2899780273438,1014.489990234375,100,100,0.013700000010430813
1425,ASCUS_1_patch06.png,0,405.92999267578125,11.420000076293945,100,100,0.01360000018030405
1426,ASCUS_1_patch06.png,0,803.739990234375,195.19000244140625,100,100,0.013500000350177288
1427,ASCUS_1_patch06.png,0,296.739990234375,639.0,100,100,0.013299999758601189
1428,ASCUS_1_patch06.png,0,1015.72998046875,706.5900268554688,100,100,0.013299999758601189
1429,ASCUS_1_patch06.png,0,518.5399780273438,47.709999084472656,100,100,0.013299999758601189
1430,ASCUS_1_patch06.png,0,6.119999885559082,23.600000381469727,100,100,0.013299999758601189
1431,ASCUS_1_patch06.png,0,330.1300048828125,707.030029296875,100,100,0.012799999676644802
1432,ASCUS_1_patch06.png,0,523.1500244140625,426.260009765625,100,100,0.012600000016391277
1433,ASCUS_1_patch06.png,0,282.3900146484375,376.20001220703125,100,100,0.012600000016391277
1434,ASCUS_1_patch06.png,0,559.27001953125,686.2999877929688,100,100,0.011900000274181366
1435,ASCUS_1_patch06.png,0,3.6600000858306885,327.4100036621094,100,100,0.011599999852478504
1436,ASCUS_1_patch06.png,0,67.05000305175781,494.989990234375,100,100,0.011500000022351742
1437,ASCUS_1_patch06.png,0,141.0399932861328,111.58999633789062,100,100,0.01140000019222498
1438,ASCUS_1_patch06.png,0,219.6300048828125,19.540000915527344,100,100,0.010499999858438969
1439,ASCUS_1_patch06.png,0,1017.719970703125,128.5800018310547,100,100,0.010499999858438969
1440,ASCUS_1_patch06.png,0,998.3800048828125,386.0899963378906,100,100,0.010400000028312206
1441,ASCUS_1_patch06.png,0,231.49000549316406,436.1600036621094,100,100,0.010400000028312206
1442,ASCUS_1_patch06.png,0,907.8499755859375,141.8800048828125,100,100,0.010099999606609344
1443,ASCUS_1_patch06.png,0,67.73999786376953,692.8699951171875,100,100,0.009999999776482582
1444,ASCUS_1_patch06.png,0,72.94000244140625,508.7900085449219,100,100,0.00989999994635582
1445,ASCUS_1_patch06.png,0,263.8599853515625,890.1400146484375,100,100,0.00930000003427267
1446,ASCUS_1_patch06.png,0,90.25,852.7999877929688,100,100,0.009200000204145908
1447,ASCUS_1_patch06.png,0,296.2300109863281,71.58999633789062,100,100,0.009200000204145908
1448,ASCUS_1_patch06.png,0,203.6699981689453,38.040000915527344,100,100,0.009200000204145908
1449,ASCUS_1_patch06.png,0,882.969970703125,4.369999885559082,100,100,0.009200000204145908
1450,ASCUS_1_patch06.png,0,849.8200073242188,953.5700073242188,100,100,0.008899999782443047
1451,ASCUS_1_patch06.png,0,20.899999618530273,374.8800048828125,100,100,0.008799999952316284
1452,ASCUS_1_patch06.png,0,904.8800048828125,209.61000061035156,100,100,0.008799999952316284
1453,ASCUS_1_patch06.png,0,175.2100067138672,226.4600067138672,100,100,0.008700000122189522
1454,ASCUS_1_patch06.png,0,212.42999267578125,531.4500122070312,100,100,0.008700000122189522
1455,ASCUS_1_patch06.png,0,285.57000732421875,61.52000045776367,100,100,0.00839999970048666
1456,ASCUS_1_patch06.png,0,83.41000366210938,233.97999572753906,100,100,0.00839999970048666
1457,ASCUS_1_patch06.png,0,568.5499877929688,527.760009765625,100,100,0.008100000210106373
1458,ASCUS_1_patch06.png,0,794.0999755859375,290.70001220703125,100,100,0.008100000210106373
1459,ASCUS_1_patch06.png,0,1019.1400146484375,879.989990234375,100,100,0.007899999618530273
1460,ASCUS_1_patch06.png,0,473.6400146484375,198.1999969482422,100,100,0.007699999958276749
1461,ASCUS_1_patch06.png,0,637.7999877929688,814.72998046875,100,100,0.007600000128149986
1462,ASCUS_1_patch06.png,0,437.8399963378906,351.7699890136719,100,100,0.007600000128149986
1463,ASCUS_1_patch06.png,0,915.1400146484375,704.4299926757812,100,100,0.007600000128149986
1464,ASCUS_1_patch06.png,0,945.1699829101562,850.27001953125,100,100,0.007400000002235174
1465,ASCUS_1_patch06.png,0,539.4400024414062,281.6700134277344,100,100,0.007300000172108412
1466,ASCUS_1_patch06.png,0,783.72998046875,446.32000732421875,100,100,0.007199999876320362
1467,ASCUS_1_patch06.png,0,373.1499938964844,13.09000015258789,100,100,0.007199999876320362
1468,ASCUS_1_patch06.png,0,325.9800109863281,110.22000122070312,100,100,0.0071000000461936
1469,ASCUS_1_patch06.png,0,844.9400024414062,305.75,100,100,0.007000000216066837
1470,ASCUS_1_patch06.png,0,574.6199951171875,651.9299926757812,100,100,0.007000000216066837
1471,ASCUS_1_patch06.png,0,489.1099853515625,21.6299991607666,100,100,0.006899999920278788
1472,ASCUS_1_patch06.png,0,546.6300048828125,424.739990234375,100,100,0.006899999920278788
1473,ASCUS_1_patch06.png,0,784.989990234375,144.1699981689453,100,100,0.006899999920278788
1474,ASCUS_1_patch06.png,0,89.44999694824219,584.0700073242188,100,100,0.006800000090152025
1475,ASCUS_1_patch06.png,0,1014.1300048828125,541.3099975585938,100,100,0.006800000090152025
1476,ASCUS_1_patch06.png,0,992.47998046875,993.969970703125,100,100,0.0066999997943639755
1477,ASCUS_1_patch06.png,0,75.11000061035156,1002.719970703125,100,100,0.006599999964237213
1478,ASCUS_1_patch06.png,0,871.1300048828125,819.22998046875,100,100,0.006500000134110451
1479,ASCUS_1_patch06.png,0,310.32000732421875,707.760009765625,100,100,0.006500000134110451
1480,ASCUS_1_patch06.png,0,409.6400146484375,738.3699951171875,100,100,0.006500000134110451
1481,ASCUS_1_patch06.png,0,373.5400085449219,881.719970703125,100,100,0.006399999838322401
1482,ASCUS_1_patch06.png,0,199.0399932861328,528.0399780273438,100,100,0.006399999838322401
1483,ASCUS_1_patch06.png,0,147.33999633789062,431.4800109863281,100,100,0.006399999838322401
1484,ASCUS_1_patch06.png,0,666.22998046875,6.46999979019165,100,100,0.006399999838322401
1485,ASCUS_1_patch06.png,0,517.02001953125,8.84000015258789,100,100,0.006300000008195639
1486,ASCUS_1_patch06.png,0,503.32000732421875,301.8399963378906,100,100,0.006300000008195639
1487,ASCUS_1_patch06.png,0,645.1799926757812,182.5,100,100,0.006200000178068876
1488,ASCUS_1_patch06.png,0,882.3300170898438,484.20001220703125,100,100,0.006200000178068876
1489,ASCUS_1_patch06.png,0,662.3300170898438,512.1599731445312,100,100,0.006099999882280827
1490,ASCUS_1_patch06.png,0,272.42999267578125,647.9000244140625,100,100,0.006099999882280827
1491,ASCUS_1_patch06.png,0,628.1400146484375,303.010009765625,100,100,0.006099999882280827
1492,ASCUS_1_patch06.png,0,501.42999267578125,710.469970703125,100,100,0.006000000052154064
1493,ASCUS_1_patch06.png,0,260.32000732421875,172.80999755859375,100,100,0.006000000052154064
1494,ASCUS_1_patch06.png,0,452.5,979.0,100,100,0.006000000052154064
1495,ASCUS_1_patch06.png,0,970.2000122070312,561.4099731445312,100,100,0.006000000052154064
1496,ASCUS_1_patch06.png,0,923.8499755859375,665.1900024414062,100,100,0.006000000052154064
1497,ASCUS_1_patch06.png,0,546.3300170898438,331.2699890136719,100,100,0.006000000052154064
1498,ASCUS_1_patch06.png,0,362.8399963378906,892.0399780273438,100,100,0.006000000052154064
1499,ASCUS_1_patch06.png,0,42.11000061035156,70.06999969482422,100,100,0.005900000222027302
1500,ASCUS_1_patch06.png,0,246.77000427246094,664.97998046875,100,100,0.005900000222027302
1501,ASCUS_1_patch06.png,0,563.4299926757812,824.030029296875,100,100,0.005799999926239252
1502,ASCUS_1_patch06.png,0,231.4600067138672,844.030029296875,100,100,0.00570000009611249
1503,ASCUS_1_patch06.png,0,722.52001953125,539.469970703125,100,100,0.00570000009611249
1504,ASCUS_1_patch06.png,0,761.4600219726562,110.77999877929688,100,100,0.00570000009611249
1505,ASCUS_1_patch06.png,0,741.2899780273438,542.469970703125,100,100,0.00559999980032444
1506,ASCUS_1_patch06.png,0,139.4600067138672,23.639999389648438,100,100,0.005499999970197678
1507,ASCUS_1_patch06.png,0,195.4600067138672,23.8700008392334,100,100,0.005400000140070915
1508,ASCUS_1_patch06.png,0,552.1799926757812,437.70001220703125,100,100,0.005400000140070915
1509,ASCUS_1_patch06.png,0,872.1400146484375,17.360000610351562,100,100,0.0052999998442828655
1510,ASCUS_1_patch06.png,0,377.0299987792969,861.0800170898438,100,100,0.005200000014156103
1511,ASCUS_1_patch06.png,0,807.0599975585938,979.0800170898438,100,100,0.005200000014156103
1512,ASCUS_1_patch06.png,0,16.459999084472656,188.88999938964844,100,100,0.005200000014156103
1513,ASCUS_1_patch06.png,0,870.52001953125,570.0,100,100,0.005200000014156103
1514,ASCUS_1_patch06.png,0,8.1899995803833,109.58999633789062,100,100,0.005200000014156103
1515,ASCUS_1_patch06.png,0,833.8200073242188,984.3400268554688,100,100,0.005100000184029341
1516,ASCUS_1_patch06.png,0,121.2300033569336,191.16000366210938,100,100,0.005100000184029341
1517,ASCUS_1_patch06.png,0,1017.0399780273438,590.4299926757812,100,100,0.005100000184029341
1518,ASCUS_1_patch06.png,0,511.70001220703125,723.3400268554688,100,100,0.005100000184029341
1519,ASCUS_1_patch06.png,0,95.83000183105469,649.1799926757812,100,100,0.004999999888241291
1520,ASCUS_1_patch06.png,0,628.4500122070312,406.55999755859375,100,100,0.004999999888241291
1521,ASCUS_1_patch06.png,0,389.239990234375,107.12000274658203,100,100,0.004900000058114529
1522,ASCUS_1_patch06.png,0,301.6499938964844,515.510009765625,100,100,0.004900000058114529
1523,ASCUS_1_patch06.png,0,729.9099731445312,924.52001953125,100,100,0.004900000058114529
1524,ASCUS_1_patch06.png,0,266.5299987792969,98.56999969482422,100,100,0.004800000227987766
1525,ASCUS_1_patch06.png,0,210.97999572753906,113.83999633789062,100,100,0.004800000227987766
1526,ASCUS_1_patch06.png,0,472.6700134277344,282.8999938964844,100,100,0.004800000227987766
1527,ASCUS_1_patch06.png,0,847.1300048828125,586.8900146484375,100,100,0.004699999932199717
1528,ASCUS_1_patch06.png,0,811.780029296875,521.3699951171875,100,100,0.004699999932199717
1529,ASCUS_1_patch06.png,0,347.6700134277344,418.6199951171875,100,100,0.004699999932199717
1530,ASCUS_1_patch06.png,0,298.3299865722656,6.679999828338623,100,100,0.004699999932199717
1531,ASCUS_1_patch06.png,0,165.33999633789062,123.16000366210938,100,100,0.004699999932199717
1532,ASCUS_1_patch06.png,0,690.9600219726562,422.80999755859375,100,100,0.004699999932199717
1533,ASCUS_1_patch06.png,0,94.73999786376953,502.82000732421875,100,100,0.004699999932199717
1534,ASCUS_1_patch06.png,0,108.44000244140625,187.00999450683594,100,100,0.004600000102072954
1535,ASCUS_1_patch06.png,0,819.5499877929688,939.7899780273438,100,100,0.004600000102072954
1536,ASCUS_1_patch06.png,0,209.49000549316406,10.489999771118164,100,100,0.004600000102072954
1537,ASCUS_1_patch06.png,0,320.0299987792969,130.52000427246094,100,100,0.0044999998062849045
1538,ASCUS_1_patch06.png,0,226.1300048828125,106.12999725341797,100,100,0.0044999998062849045
1539,ASCUS_1_patch06.png,0,484.44000244140625,492.8399963378906,100,100,0.0044999998062849045
1540,ASCUS_1_patch06.png,0,509.2300109863281,79.51000213623047,100,100,0.0044999998062849045
1541,ASCUS_1_patch06.png,0,131.27999877929688,896.8200073242188,100,100,0.0044999998062849045
1542,ASCUS_1_patch06.png,0,425.8900146484375,731.9000244140625,100,100,0.004399999976158142
1543,ASCUS_1_patch06.png,0,13.75,579.260009765625,100,100,0.004399999976158142
1544,ASCUS_1_patch06.png,0,354.9100036621094,251.6300048828125,100,100,0.004399999976158142
1545,ASCUS_1_patch06.png,0,310.489990234375,854.52001953125,100,100,0.00430000014603138
1546,ASCUS_1_patch06.png,0,351.9800109863281,204.58999633789062,100,100,0.00430000014603138
1547,ASCUS_1_patch06.png,0,641.6300048828125,797.489990234375,100,100,0.00430000014603138
1548,ASCUS_1_patch06.png,0,1014.4299926757812,29.979999542236328,100,100,0.00430000014603138
1549,ASCUS_1_patch06.png,0,702.77001953125,921.8099975585938,100,100,0.00419999985024333
1550,ASCUS_1_patch06.png,0,745.4400024414062,862.52001953125,100,100,0.00419999985024333
1551,ASCUS_1_patch06.png,0,875.2899780273438,977.0399780273438,100,100,0.004100000020116568
1552,ASCUS_1_patch06.png,0,993.719970703125,788.0399780273438,100,100,0.004100000020116568
1553,ASCUS_1_patch06.png,0,61.97999954223633,598.1199951171875,100,100,0.004000000189989805
1554,ASCUS_1_patch06.png,0,683.8699951171875,680.7899780273438,100,100,0.004000000189989805
1555,ASCUS_1_patch06.png,0,308.4800109863281,351.4700012207031,100,100,0.004000000189989805
1556,ASCUS_1_patch06.png,0,1003.8300170898438,22.899999618530273,100,100,0.004000000189989805
1557,ASCUS_1_patch06.png,0,747.5,839.4400024414062,100,100,0.004000000189989805
1558,ASCUS_1_patch06.png,0,17.920000076293945,553.1599731445312,100,100,0.004000000189989805
1559,ASCUS_1_patch06.png,0,296.32000732421875,502.57000732421875,100,100,0.004000000189989805
1560,ASCUS_1_patch06.png,0,854.0999755859375,565.219970703125,100,100,0.0038999998942017555
1561,ASCUS_1_patch06.png,0,225.89999389648438,675.1699829101562,100,100,0.0038999998942017555
1562,ASCUS_1_patch06.png,0,282.44000244140625,93.54000091552734,100,100,0.0038999998942017555
1563,ASCUS_1_patch06.png,0,489.260009765625,969.0900268554688,100,100,0.0038999998942017555
1564,ASCUS_1_patch06.png,0,312.0799865722656,64.2699966430664,100,100,0.0038999998942017555
1565,ASCUS_1_patch06.png,0,659.22998046875,162.19000244140625,100,100,0.0038999998942017555
1566,ASCUS_1_patch06.png,0,373.20001220703125,246.1199951171875,100,100,0.0038999998942017555
1567,ASCUS_1_patch06.png,0,950.9000244140625,564.5900268554688,100,100,0.0038999998942017555
1568,ASCUS_1_patch06.png,0,948.4099731445312,775.6799926757812,100,100,0.0038999998942017555
1569,ASCUS_1_patch06.png,0,500.2799987792969,566.9000244140625,100,100,0.003800000064074993
1570,ASCUS_1_patch06.png,0,494.9800109863281,789.4600219726562,100,100,0.003800000064074993
1571,ASCUS_1_patch06.png,0,266.7300109863281,44.290000915527344,100,100,0.003800000064074993
1572,ASCUS_1_patch06.png,0,882.4600219726562,204.9499969482422,100,100,0.003800000064074993
1573,ASCUS_1_patch06.png,0,90.44999694824219,487.0,100,100,0.003800000064074993
1574,ASCUS_1_patch06.png,0,290.2300109863281,355.3699951171875,100,100,0.003800000064074993
1575,ASCUS_1_patch06.png,0,666.3300170898438,882.7000122070312,100,100,0.003800000064074993
1576,ASCUS_1_patch06.png,0,192.57000732421875,309.1000061035156,100,100,0.003700000001117587
1577,ASCUS_1_patch06.png,0,62.209999084472656,870.5399780273438,100,100,0.003700000001117587
1578,ASCUS_1_patch06.png,0,425.7900085449219,418.8500061035156,100,100,0.003700000001117587
1579,ASCUS_1_patch06.png,0,260.82000732421875,1009.8400268554688,100,100,0.003700000001117587
1580,ASCUS_1_patch06.png,0,132.89999389648438,881.1799926757812,100,100,0.003700000001117587
1581,ASCUS_1_patch06.png,0,523.010009765625,19.75,100,100,0.003700000001117587
1582,ASCUS_1_patch06.png,0,451.0,297.5,100,100,0.003599999938160181
1583,ASCUS_1_patch06.png,0,459.1600036621094,492.29998779296875,100,100,0.003599999938160181
1584,ASCUS_1_patch06.png,0,359.5899963378906,470.75,100,100,0.003599999938160181
1585,ASCUS_1_patch06.png,0,612.8900146484375,673.0499877929688,100,100,0.003599999938160181
1586,ASCUS_1_patch06.png,0,61.61000061035156,850.9400024414062,100,100,0.003599999938160181
1587,ASCUS_1_patch06.png,0,683.219970703125,171.91000366210938,100,100,0.003599999938160181
1588,ASCUS_1_patch06.png,0,734.1199951171875,106.80999755859375,100,100,0.003599999938160181
1589,ASCUS_1_patch06.png,0,349.42999267578125,763.4400024414062,100,100,0.0035000001080334187
1590,ASCUS_1_patch06.png,0,770.77001953125,367.3399963378906,100,100,0.0035000001080334187
1591,ASCUS_1_patch06.png,0,290.9599914550781,792.0,100,100,0.0035000001080334187
1592,ASCUS_1_patch06.png,0,863.5900268554688,33.599998474121094,100,100,0.0034000000450760126
1593,ASCUS_1_patch06.png,0,488.7900085449219,210.00999450683594,100,100,0.0034000000450760126
1594,ASCUS_1_patch06.png,0,539.510009765625,824.9299926757812,100,100,0.0034000000450760126
1595,ASCUS_1_patch06.png,0,766.2899780273438,529.27001953125,100,100,0.0034000000450760126
1596,ASCUS_1_patch06.png,0,458.4800109863281,197.72999572753906,100,100,0.0034000000450760126
1597,ASCUS_1_patch06.png,0,636.1199951171875,524.4099731445312,100,100,0.0034000000450760126
1598,ASCUS_1_patch06.png,0,877.4099731445312,873.3699951171875,100,100,0.0032999999821186066
1599,ASCUS_1_patch06.png,0,256.8500061035156,114.20999908447266,100,100,0.0032999999821186066
1600,ASCUS_1_patch06.png,0,412.82000732421875,291.3299865722656,100,100,0.0032999999821186066
1601,ASCUS_1_patch06.png,0,337.54998779296875,852.1099853515625,100,100,0.0032999999821186066
1602,ASCUS_1_patch06.png,0,533.3200073242188,218.47000122070312,100,100,0.0032999999821186066
1603,ASCUS_1_patch06.png,0,190.9199981689453,249.1999969482422,100,100,0.0032999999821186066
1604,ASCUS_1_patch06.png,0,373.5899963378906,130.58999633789062,100,100,0.0031999999191612005
1605,ASCUS_1_patch06.png,0,871.3699951171875,62.54999923706055,100,100,0.0031999999191612005
1606,ASCUS_1_patch06.png,0,44.7400016784668,389.0199890136719,100,100,0.0031999999191612005
1607,ASCUS_1_patch06.png,0,722.6199951171875,830.8900146484375,100,100,0.0031999999191612005
1608,ASCUS_1_patch06.png,0,67.47000122070312,581.6199951171875,100,100,0.0031999999191612005
1609,ASCUS_1_patch06.png,0,195.02000427246094,226.41000366210938,100,100,0.0031999999191612005
1610,ASCUS_1_patch06.png,0,237.89999389648438,911.739990234375,100,100,0.0031999999191612005
1611,ASCUS_1_patch06.png,0,438.69000244140625,179.0800018310547,100,100,0.003100000089034438
1612,ASCUS_1_patch06.png,0,254.11000061035156,997.780029296875,100,100,0.003000000026077032
1613,ASCUS_1_patch06.png,0,265.2900085449219,66.16999816894531,100,100,0.003000000026077032
1614,ASCUS_1_patch06.png,0,705.260009765625,419.7699890136719,100,100,0.003000000026077032
1615,ASCUS_1_patch06.png,0,469.67999267578125,386.2200012207031,100,100,0.003000000026077032
1616,ASCUS_1_patch06.png,0,449.9700012207031,418.2799987792969,100,100,0.003000000026077032
1617,ASCUS_1_patch06.png,0,431.260009765625,707.489990234375,100,100,0.003000000026077032
1618,ASCUS_1_patch06.png,0,114.55000305175781,656.3599853515625,100,100,0.003000000026077032
1619,ASCUS_1_patch06.png,0,125.58999633789062,434.6400146484375,100,100,0.002899999963119626
1620,ASCUS_1_patch06.png,0,605.3400268554688,901.4600219726562,100,100,0.002899999963119626
1621,ASCUS_1_patch06.png,0,330.05999755859375,877.02001953125,100,100,0.002899999963119626
1622,ASCUS_1_patch06.png,0,240.3699951171875,187.13999938964844,100,100,0.002899999963119626
1623,ASCUS_1_patch06.png,0,510.6199951171875,688.9000244140625,100,100,0.002899999963119626
1624,ASCUS_1_patch06.png,0,216.82000732421875,932.3599853515625,100,100,0.002899999963119626
1625,ASCUS_1_patch06.png,0,898.9299926757812,904.2999877929688,100,100,0.002899999963119626
1626,ASCUS_1_patch06.png,0,429.0199890136719,402.25,100,100,0.002899999963119626
1627,ASCUS_1_patch06.png,0,843.5499877929688,933.8599853515625,100,100,0.00279999990016222
1628,ASCUS_1_patch06.png,0,653.8800048828125,403.2799987792969,100,100,0.00279999990016222
1629,ASCUS_1_patch06.png,0,307.9800109863281,97.91999816894531,100,100,0.00279999990016222
1630,ASCUS_1_patch06.png,0,802.780029296875,854.1300048828125,100,100,0.00279999990016222
1631,ASCUS_1_patch06.png,0,1015.72998046875,568.8300170898438,100,100,0.00279999990016222
1632,ASCUS_1_patch06.png,0,453.9700012207031,706.5800170898438,100,100,0.00279999990016222
1633,ASCUS_1_patch06.png,0,793.9199829101562,677.3099975585938,100,100,0.00279999990016222
1634,ASCUS_1_patch06.png,0,764.5,859.280029296875,100,100,0.00279999990016222
1635,ASCUS_1_patch06.png,0,593.6799926757812,644.1400146484375,100,100,0.00279999990016222
1636,ASCUS_1_patch06.png,0,947.010009765625,633.5599975585938,100,100,0.0027000000700354576
1637,ASCUS_1_patch06.png,0,252.77999877929688,640.5,100,100,0.0027000000700354576
1638,ASCUS_1_patch06.png,0,23.690000534057617,106.12000274658203,100,100,0.0027000000700354576
1639,ASCUS_1_patch06.png,0,516.4099731445312,32.86000061035156,100,100,0.0027000000700354576
1640,ASCUS_1_patch06.png,0,431.3500061035156,976.2000122070312,100,100,0.0027000000700354576
1641,ASCUS_1_patch06.png,0,474.7300109863281,787.8300170898438,100,100,0.0026000000070780516
1642,ASCUS_1_patch06.png,0,725.1500244140625,938.4500122070312,100,100,0.0026000000070780516
1643,ASCUS_1_patch06.png,0,793.3599853515625,315.92999267578125,100,100,0.0026000000070780516
1644,ASCUS_1_patch06.png,0,332.55999755859375,441.80999755859375,100,100,0.0024999999441206455
1645,ASCUS_1_patch06.png,0,480.510009765625,723.3900146484375,100,100,0.0024999999441206455
1646,ASCUS_1_patch06.png,0,819.010009765625,691.8099975585938,100,100,0.0024999999441206455
1647,ASCUS_1_patch06.png,0,107.76000213623047,879.4199829101562,100,100,0.0024999999441206455
1648,ASCUS_1_patch06.png,0,511.0,271.44000244140625,100,100,0.0024999999441206455
1649,ASCUS_1_patch06.png,0,304.69000244140625,196.3800048828125,100,100,0.0024999999441206455
1650,ASCUS_1_patch06.png,0,731.7899780273438,715.9199829101562,100,100,0.002400000113993883
1651,ASCUS_1_patch06.png,0,848.6400146484375,754.0700073242188,100,100,0.002400000113993883
1652,ASCUS_1_patch06.png,0,867.2100219726562,758.3499755859375,100,100,0.002400000113993883
1653,ASCUS_1_patch06.png,0,822.6199951171875,295.989990234375,100,100,0.002400000113993883
1654,ASCUS_1_patch06.png,0,755.1400146484375,9.539999961853027,100,100,0.002400000113993883
1655,ASCUS_1_patch06.png,0,781.719970703125,531.47998046875,100,100,0.002400000113993883
1656,ASCUS_1_patch06.png,0,504.6199951171875,56.77000045776367,100,100,0.002400000113993883
1657,ASCUS_1_patch06.png,0,486.79998779296875,96.55999755859375,100,100,0.002400000113993883
1658,ASCUS_1_patch06.png,0,503.5199890136719,736.719970703125,100,100,0.002400000113993883
1659,ASCUS_1_patch06.png,0,7.070000171661377,397.1499938964844,100,100,0.002400000113993883
1660,ASCUS_1_patch06.png,0,945.469970703125,681.3300170898438,100,100,0.002300000051036477
1661,ASCUS_1_patch06.png,0,999.47998046875,482.1700134277344,100,100,0.002300000051036477
1662,ASCUS_1_patch06.png,0,716.0499877929688,554.5700073242188,100,100,0.002300000051036477
1663,ASCUS_1_patch06.png,0,908.9400024414062,866.6699829101562,100,100,0.002300000051036477
1664,ASCUS_1_patch06.png,0,458.5400085449219,277.3599853515625,100,100,0.002300000051036477
1665,ASCUS_1_patch06.png,0,735.8099975585938,688.52001953125,100,100,0.002199999988079071
1666,ASCUS_1_patch06.png,0,248.4600067138672,961.6599731445312,100,100,0.002199999988079071
1667,ASCUS_1_patch06.png,0,784.8800048828125,86.72000122070312,100,100,0.002199999988079071
1668,ASCUS_1_patch06.png,0,820.6300048828125,324.9100036621094,100,100,0.002199999988079071
1669,ASCUS_1_patch06.png,0,117.72000122070312,979.7000122070312,100,100,0.002199999988079071
1670,ASCUS_1_patch06.png,0,160.1699981689453,108.16000366210938,100,100,0.002199999988079071
1671,ASCUS_1_patch06.png,0,709.3800048828125,286.3999938964844,100,100,0.002199999988079071
1672,ASCUS_1_patch06.png,0,447.3699951171875,401.6600036621094,100,100,0.002199999988079071
1673,ASCUS_1_patch06.png,0,171.83999633789062,242.11000061035156,100,100,0.002199999988079071
1674,ASCUS_1_patch06.png,0,844.7100219726562,456.8699951171875,100,100,0.002199999988079071
1675,ASCUS_1_patch06.png,0,818.7899780273438,667.3099975585938,100,100,0.002099999925121665
1676,ASCUS_1_patch06.png,0,123.25,1000.0700073242188,100,100,0.002099999925121665
1677,ASCUS_1_patch06.png,0,604.6599731445312,461.1000061035156,100,100,0.002099999925121665
1678,ASCUS_1_patch06.png,0,97.94000244140625,3.890000104904175,100,100,0.002099999925121665
1679,ASCUS_1_patch06.png,0,928.4099731445312,265.1300048828125,100,100,0.002099999925121665
1680,ASCUS_1_patch06.png,0,881.5,225.00999450683594,100,100,0.002099999925121665
1681,ASCUS_1_patch06.png,0,536.2899780273438,536.8400268554688,100,100,0.0020000000949949026
1682,ASCUS_1_patch06.png,0,519.780029296875,895.97998046875,100,100,0.0020000000949949026
1683,ASCUS_1_patch06.png,0,935.8499755859375,371.79998779296875,100,100,0.0020000000949949026
1684,ASCUS_1_patch06.png,0,816.5800170898438,461.17999267578125,100,100,0.0020000000949949026
1685,ASCUS_1_patch06.png,0,936.5399780273438,874.739990234375,100,100,0.0020000000949949026
1686,ASCUS_1_patch06.png,0,351.5899963378906,264.82000732421875,100,100,0.0020000000949949026
1687,ASCUS_1_patch06.png,0,872.5399780273438,717.6699829101562,100,100,0.0019000000320374966
1688,ASCUS_1_patch06.png,0,869.010009765625,957.3200073242188,100,100,0.0019000000320374966
1689,ASCUS_1_patch06.png,0,114.97000122070312,614.5800170898438,100,100,0.0019000000320374966
1690,ASCUS_1_patch06.png,0,689.9199829101562,285.6300048828125,100,100,0.0019000000320374966
1691,ASCUS_1_patch06.png,0,277.2799987792969,502.2799987792969,100,100,0.0019000000320374966
1692,ASCUS_1_patch06.png,0,249.11000061035156,841.8200073242188,100,100,0.0019000000320374966
1693,ASCUS_1_patch06.png,0,982.1199951171875,641.9299926757812,100,100,0.0017999999690800905
1694,ASCUS_1_patch06.png,0,888.6599731445312,768.2899780273438,100,100,0.0017999999690800905
1695,ASCUS_1_patch06.png,0,391.75,289.5799865722656,100,100,0.0017999999690800905
1696,ASCUS_1_patch06.png,0,658.9500122070312,798.02001953125,100,100,0.0017999999690800905
1697,ASCUS_1_patch06.png,0,520.3300170898438,92.23999786376953,100,100,0.0017999999690800905
1698,ASCUS_1_patch06.png,0,555.1199951171875,215.52999877929688,100,100,0.0017999999690800905
1699,ASCUS_1_patch06.png,0,328.6700134277344,1017.530029296875,100,100,0.0017999999690800905
1700,ASCUS_1_patch06.png,0,481.8699951171875,73.9800033569336,100,100,0.0017999999690800905
1701,ASCUS_1_patch06.png,0,279.7300109863281,600.469970703125,100,100,0.0017999999690800905
1702,ASCUS_1_patch06.png,0,959.8099975585938,338.25,100,100,0.0017000000225380063
1703,ASCUS_1_patch06.png,0,361.1199951171875,491.5,100,100,0.0017000000225380063
1704,ASCUS_1_patch06.png,0,481.7699890136719,988.9099731445312,100,100,0.0017000000225380063
1705,ASCUS_1_patch06.png,0,620.030029296875,657.989990234375,100,100,0.0017000000225380063
1706,ASCUS_1_patch06.png,0,525.6199951171875,554.7899780273438,100,100,0.0017000000225380063
1707,ASCUS_1_patch06.png,0,111.44000244140625,271.5799865722656,100,100,0.0017000000225380063
1708,ASCUS_1_patch06.png,0,540.739990234375,549.9299926757812,100,100,0.0015999999595806003
1709,ASCUS_1_patch06.png,0,727.5900268554688,252.6300048828125,100,100,0.0015999999595806003
1710,ASCUS_1_patch06.png,0,422.5400085449219,994.0499877929688,100,100,0.0015999999595806003
1711,ASCUS_1_patch06.png,0,95.11000061035156,837.7899780273438,100,100,0.0015999999595806003
1712,ASCUS_1_patch06.png,0,7.099999904632568,378.0299987792969,100,100,0.0015999999595806003
1713,ASCUS_1_patch06.png,0,536.510009765625,268.3599853515625,100,100,0.0015999999595806003
1714,ASCUS_1_patch06.png,0,288.67999267578125,47.029998779296875,100,100,0.0015999999595806003
1715,ASCUS_1_patch06.png,0,784.3499755859375,805.9600219726562,100,100,0.0015999999595806003
1716,ASCUS_1_patch06.png,0,998.030029296875,889.8499755859375,100,100,0.001500000013038516
1717,ASCUS_1_patch06.png,0,473.5,234.63999938964844,100,100,0.001500000013038516
1718,ASCUS_1_patch06.png,0,5.800000190734863,210.67999267578125,100,100,0.001500000013038516
1719,ASCUS_1_patch06.png,0,487.6000061035156,660.52001953125,100,100,0.001500000013038516
1720,ASCUS_1_patch06.png,0,570.2899780273438,559.5999755859375,100,100,0.001500000013038516
1721,ASCUS_1_patch06.png,0,940.0499877929688,339.7799987792969,100,100,0.00139999995008111
1722,ASCUS_1_patch06.png,0,313.1700134277344,728.3400268554688,100,100,0.00139999995008111
1723,ASCUS_1_patch06.png,0,103.87000274658203,208.97999572753906,100,100,0.00139999995008111
1724,ASCUS_1_patch06.png,0,247.8800048828125,422.260009765625,100,100,0.00139999995008111
1725,ASCUS_1_patch06.png,0,703.47998046875,905.77001953125,100,100,0.0013000000035390258
1726,ASCUS_1_patch06.png,0,421.1700134277344,164.17999267578125,100,100,0.0013000000035390258
1727,ASCUS_1_patch06.png,0,643.1799926757812,113.5,100,100,0.0013000000035390258
1728,ASCUS_1_patch06.png,0,367.17999267578125,207.8699951171875,100,100,0.0013000000035390258
1729,ASCUS_1_patch06.png,0,347.7699890136719,146.67999267578125,100,100,0.0013000000035390258
1730,ASCUS_1_patch06.png,0,244.27999877929688,168.50999450683594,100,100,0.0013000000035390258
1731,ASCUS_1_patch06.png,0,636.27001953125,256.989990234375,100,100,0.0013000000035390258
1732,ASCUS_1_patch06.png,0,36.400001525878906,572.4299926757812,100,100,0.0012000000569969416
1733,ASCUS_1_patch06.png,0,897.9199829101562,857.5700073242188,100,100,0.0012000000569969416
1734,ASCUS_1_patch06.png,0,541.2000122070312,952.719970703125,100,100,0.0010999999940395355
1735,ASCUS_1_patch06.png,0,358.05999755859375,843.2899780273438,100,100,0.0010999999940395355
1736,ASCUS_1_patch07.png,0,578.1,492.42,100,100,0.8223
1737,ASCUS_1_patch07.png,0,964.02,930.16,100,100,0.7363
1738,ASCUS_1_patch07.png,0,711.96,628.65,100,100,0.7323
1739,ASCUS_1_patch07.png,0,73.65,325.79,100,100,0.724
1740,ASCUS_1_patch07.png,0,586.16,656.95,100,100,0.7171
1741,ASCUS_1_patch07.png,0,466.98,693.58,100,100,0.71
1742,ASCUS_1_patch07.png,0,651.71,802.74,100,100,0.6983
1743,ASCUS_1_patch07.png,0,306.01,670.38,100,100,0.6943
1744,ASCUS_1_patch07.png,0,168.06,876.02,100,100,0.6872
1745,ASCUS_1_patch07.png,0,271.9,886.83,100,100,0.6646
1746,ASCUS_1_patch07.png,0,889.38,672.2,100,100,0.6424
1747,ASCUS_1_patch07.png,0,392.19,961.85,100,100,0.6151
1748,ASCUS_1_patch07.png,0,346.6,993.79,100,100,0.6063
1749,ASCUS_1_patch07.png,0,602.92,1001.95,100,100,0.5961
1750,ASCUS_1_patch07.png,0,319.21,807.99,100,100,0.5409
1751,ASCUS_1_patch07.png,0,39.05,766.26,100,100,0.5138
1752,ASCUS_1_patch07.png,0,1009.64,632.31,100,100,0.5137
1753,ASCUS_1_patch07.png,0,286.19,1006.19,100,100,0.427
1754,ASCUS_1_patch07.png,0,468.98,958.2,100,100,0.3909
1755,ASCUS_1_patch07.png,0,384.59,752.73,100,100,0.3164
1756,ASCUS_1_patch07.png,0,708.3499755859375,933.969970703125,100,100,0.20010000467300415
1757,ASCUS_1_patch07.png,0,85.98,997.09,100,100,0.1896
1758,ASCUS_1_patch07.png,0,473.99,1004.57,100,100,0.1645
1759,ASCUS_1_patch07.png,0,845.219970703125,636.9000244140625,100,100,0.1298000067472458
1760,ASCUS_1_patch07.png,0,192.41000366210938,733.77001953125,100,100,0.08089999854564667
1761,ASCUS_1_patch07.png,0,579.8800048828125,783.5999755859375,100,100,0.0746999979019165
1762,ASCUS_1_patch07.png,0,763.780029296875,1017.280029296875,100,100,0.06499999761581421
1763,ASCUS_1_patch07.png,0,40.970001220703125,1016.6699829101562,100,100,0.06369999796152115
1764,ASCUS_1_patch07.png,0,19.600000381469727,777.510009765625,100,100,0.05829999968409538
1765,ASCUS_1_patch07.png,0,277.1099853515625,792.8599853515625,100,100,0.0421999990940094
1766,ASCUS_1_patch07.png,0,260.7300109863281,759.1199951171875,100,100,0.037300001829862595
1767,ASCUS_1_patch07.png,0,915.4099731445312,663.760009765625,100,100,0.03189999982714653
1768,ASCUS_1_patch07.png,0,444.1700134277344,889.6099853515625,100,100,0.026100000366568565
1769,ASCUS_1_patch07.png,0,393.7699890136719,1010.1199951171875,100,100,0.02370000071823597
1770,ASCUS_1_patch07.png,0,1019.3800048828125,967.239990234375,100,100,0.023399999365210533
1771,ASCUS_1_patch07.png,0,893.6099853515625,1013.6900024414062,100,100,0.022700000554323196
1772,ASCUS_1_patch07.png,0,288.9200134277344,729.969970703125,100,100,0.0142000000923872
1773,ASCUS_1_patch07.png,0,290.82000732421875,800.6300048828125,100,100,0.01209999993443489
1774,ASCUS_1_patch07.png,0,227.02000427246094,1018.97998046875,100,100,0.01209999993443489
1775,ASCUS_1_patch07.png,0,241.11000061035156,1018.5599975585938,100,100,0.010999999940395355
1776,ASCUS_1_patch07.png,0,49.41999816894531,1005.3499755859375,100,100,0.010599999688565731
1777,ASCUS_1_patch07.png,0,717.4400024414062,945.5599975585938,100,100,0.010300000198185444
1778,ASCUS_1_patch07.png,0,261.04998779296875,876.72998046875,100,100,0.009800000116229057
1779,ASCUS_1_patch07.png,0,234.25,747.6900024414062,100,100,0.008200000040233135
1780,ASCUS_1_patch07.png,0,1018.6500244140625,621.25,100,100,0.007799999788403511
1781,ASCUS_1_patch07.png,0,102.41999816894531,731.2100219726562,100,100,0.007699999958276749
1782,ASCUS_1_patch07.png,0,379.05999755859375,955.739990234375,100,100,0.007499999832361937
1783,ASCUS_1_patch07.png,0,614.5499877929688,1009.5800170898438,100,100,0.007499999832361937
1784,ASCUS_1_patch07.png,0,599.6099853515625,651.280029296875,100,100,0.0071000000461936
1785,ASCUS_1_patch07.png,0,594.3300170898438,952.9600219726562,100,100,0.006800000090152025
1786,ASCUS_1_patch07.png,0,699.260009765625,622.8200073242188,100,100,0.006300000008195639
1787,ASCUS_1_patch07.png,0,581.72998046875,1010.3599853515625,100,100,0.006099999882280827
1788,ASCUS_1_patch07.png,0,287.20001220703125,887.9299926757812,100,100,0.006000000052154064
1789,ASCUS_1_patch07.png,0,638.75,799.9299926757812,100,100,0.006000000052154064
1790,ASCUS_1_patch07.png,0,66.75,312.8399963378906,100,100,0.006000000052154064
1791,ASCUS_1_patch07.png,0,276.07000732421875,743.0800170898438,100,100,0.00570000009611249
1792,ASCUS_1_patch07.png,0,335.94000244140625,986.9299926757812,100,100,0.005400000140070915
1793,ASCUS_1_patch07.png,0,611.0499877929688,992.2899780273438,100,100,0.005100000184029341
1794,ASCUS_1_patch07.png,0,1019.25,643.530029296875,100,100,0.004999999888241291
1795,ASCUS_1_patch07.png,0,280.4800109863281,900.3800048828125,100,100,0.004900000058114529
1796,ASCUS_1_patch07.png,0,690.5,853.6500244140625,100,100,0.004800000227987766
1797,ASCUS_1_patch07.png,0,729.6400146484375,618.6099853515625,100,100,0.004800000227987766
1798,ASCUS_1_patch07.png,0,664.8400268554688,796.1400146484375,100,100,0.004699999932199717
1799,ASCUS_1_patch07.png,0,154.35000610351562,873.8499755859375,100,100,0.004600000102072954
1800,ASCUS_1_patch07.png,0,479.7699890136719,678.6400146484375,100,100,0.0044999998062849045
1801,ASCUS_1_patch07.png,0,664.010009765625,809.969970703125,100,100,0.0044999998062849045
1802,ASCUS_1_patch07.png,0,597.1699829101562,1012.3099975585938,100,100,0.004399999976158142
1803,ASCUS_1_patch07.png,0,4.940000057220459,980.2999877929688,100,100,0.004399999976158142
1804,ASCUS_1_patch07.png,0,1015.4600219726562,984.5900268554688,100,100,0.004100000020116568
1805,ASCUS_1_patch07.png,0,50.630001068115234,760.1300048828125,100,100,0.004000000189989805
1806,ASCUS_1_patch07.png,0,581.72998046875,643.7899780273438,100,100,0.004000000189989805
1807,ASCUS_1_patch07.png,0,490.7699890136719,918.0700073242188,100,100,0.004000000189989805
1808,ASCUS_1_patch07.png,0,1004.22998046875,719.75,100,100,0.003700000001117587
1809,ASCUS_1_patch07.png,0,977.1699829101562,924.4199829101562,100,100,0.003599999938160181
1810,ASCUS_1_patch07.png,0,854.3800048828125,621.27001953125,100,100,0.0035000001080334187
1811,ASCUS_1_patch07.png,0,331.6499938964844,812.8300170898438,100,100,0.0035000001080334187
1812,ASCUS_1_patch07.png,0,298.1199951171875,656.4099731445312,100,100,0.0035000001080334187
1813,ASCUS_1_patch07.png,0,123.43000030517578,868.4299926757812,100,100,0.0034000000450760126
1814,ASCUS_1_patch07.png,0,882.25,659.27001953125,100,100,0.0034000000450760126
1815,ASCUS_1_patch07.png,0,498.6000061035156,858.1599731445312,100,100,0.0032999999821186066
1816,ASCUS_1_patch07.png,0,361.3699951171875,981.5800170898438,100,100,0.0032999999821186066
1817,ASCUS_1_patch07.png,0,955.3200073242188,918.47998046875,100,100,0.003000000026077032
1818,ASCUS_1_patch07.png,0,10.479999542236328,729.8900146484375,100,100,0.003000000026077032
1819,ASCUS_1_patch07.png,0,702.3400268554688,922.3900146484375,100,100,0.002899999963119626
1820,ASCUS_1_patch07.png,0,619.739990234375,644.8900146484375,100,100,0.00279999990016222
1821,ASCUS_1_patch07.png,0,306.8399963378906,810.3099975585938,100,100,0.0027000000700354576
1822,ASCUS_1_patch07.png,0,279.8299865722656,869.6400146484375,100,100,0.0027000000700354576
1823,ASCUS_1_patch07.png,0,407.94000244140625,1017.6500244140625,100,100,0.0027000000700354576
1824,ASCUS_1_patch07.png,0,457.0400085449219,675.8499755859375,100,100,0.0027000000700354576
1825,ASCUS_1_patch07.png,0,589.4600219726562,479.2699890136719,100,100,0.0027000000700354576
1826,ASCUS_1_patch07.png,0,402.5899963378906,951.0499877929688,100,100,0.002300000051036477
1827,ASCUS_1_patch07.png,0,64.01000213623047,994.0900268554688,100,100,0.002300000051036477
1828,ASCUS_1_patch07.png,0,272.29998779296875,1015.8200073242188,100,100,0.002199999988079071
1829,ASCUS_1_patch07.png,0,567.5700073242188,481.07000732421875,100,100,0.002099999925121665
1830,ASCUS_1_patch07.png,0,898.0800170898438,655.489990234375,100,100,0.0019000000320374966
1831,ASCUS_1_patch07.png,0,906.030029296875,681.4000244140625,100,100,0.0017999999690800905
1832,ASCUS_1_patch07.png,0,479.79998779296875,942.6500244140625,100,100,0.0017000000225380063
1833,ASCUS_1_patch07.png,0,261.9599914550781,798.6199951171875,100,100,0.0017000000225380063
1834,ASCUS_1_patch07.png,0,335.5299987792969,1001.989990234375,100,100,0.0017000000225380063
1835,ASCUS_1_patch07.png,0,25.309999465942383,867.260009765625,100,100,0.0015999999595806003
1836,ASCUS_1_patch07.png,0,403.92999267578125,972.510009765625,100,100,0.0015999999595806003
1837,ASCUS_1_patch07.png,0,457.239990234375,704.2999877929688,100,100,0.0015999999595806003
1838,ASCUS_1_patch07.png,0,602.8800048828125,666.260009765625,100,100,0.00139999995008111
1839,ASCUS_1_patch07.png,0,593.280029296875,497.54998779296875,100,100,0.00139999995008111
1840,ASCUS_1_patch07.png,0,73.87999725341797,981.4000244140625,100,100,0.0013000000035390258
1841,ASCUS_1_patch07.png,0,391.8599853515625,741.0,100,100,0.0013000000035390258
1842,ASCUS_1_patch07.png,0,458.010009765625,947.4400024414062,100,100,0.0013000000035390258
1843,ASCUS_1_patch08.png,0,627.59,851.32,100,100,0.7193
1844,ASCUS_1_patch08.png,0,371.16,642.52,100,100,0.7121
1845,ASCUS_1_patch08.png,0,694.32,399.7,100,100,0.7045
1846,ASCUS_1_patch08.png,0,307.54,435.76,100,100,0.7023
1847,ASCUS_1_patch08.png,0,143.58,525.27,100,100,0.6907
1848,ASCUS_1_patch08.png,0,262.24,105.77,100,100,0.678
1849,ASCUS_1_patch08.png,0,125.48,915.39,100,100,0.6742
1850,ASCUS_1_patch08.png,0,457.63,582.57,100,100,0.6705
1851,ASCUS_1_patch08.png,0,839.51,382.21,100,100,0.6693
1852,ASCUS_1_patch08.png,0,144.2,33.82,100,100,0.6606
1853,ASCUS_1_patch08.png,0,150.96,790.92,100,100,0.6514
1854,ASCUS_1_patch08.png,0,327.93,969.02,100,100,0.6484
1855,ASCUS_1_patch08.png,0,795.9,441.66,100,100,0.6418
1856,ASCUS_1_patch08.png,0,438.79,417.16,100,100,0.6382
1857,ASCUS_1_patch08.png,0,931.2,881.4,100,100,0.6344
1858,ASCUS_1_patch08.png,0,125.86,692.21,100,100,0.6287
1859,ASCUS_1_patch08.png,0,48.49,957.51,100,100,0.6267
1860,ASCUS_1_patch08.png,0,841.04,919.07,100,100,0.606
1861,ASCUS_1_patch08.png,0,218.33,806.4,100,100,0.5698
1862,ASCUS_1_patch08.png,0,36.98,902.42,100,100,0.5611
1863,ASCUS_1_patch08.png,0,995.46,905.92,100,100,0.5438
1864,ASCUS_1_patch08.png,0,797.79,1005.87,100,100,0.5419
1865,ASCUS_1_patch08.png,0,90.49,986.96,100,100,0.539
1866,ASCUS_1_patch08.png,0,790.74,727.42,100,100,0.5335
1867,ASCUS_1_patch08.png,0,870.06,782.27,100,100,0.5117
1868,ASCUS_1_patch08.png,0,325.35,786.87,100,100,0.5019
1869,ASCUS_1_patch08.png,0,512.76,782.15,100,100,0.5016
1870,ASCUS_1_patch08.png,0,956.8,308.12,100,100,0.4838
1871,ASCUS_1_patch08.png,0,570.02,978.66,100,100,0.4833
1872,ASCUS_1_patch08.png,0,82.06,832.05,100,100,0.4823
1873,ASCUS_1_patch08.png,0,792.37,346.67,100,100,0.453
1874,ASCUS_1_patch08.png,0,231.71,914.07,100,100,0.4221
1875,ASCUS_1_patch08.png,0,18.1,668.01,100,100,0.3719
1876,ASCUS_1_patch08.png,0,458.23,852.61,100,100,0.3436
1877,ASCUS_1_patch08.png,0,827.29,315.86,100,100,0.3348
1878,ASCUS_1_patch08.png,0,977.1400146484375,631.5,100,100,0.3319999873638153
1879,ASCUS_1_patch08.png,0,85.4,930.36,100,100,0.3224
1880,ASCUS_1_patch08.png,0,994.8,659.36,100,100,0.3131
1881,ASCUS_1_patch08.png,0,24.19,81.54,100,100,0.3054
1882,ASCUS_1_patch08.png,0,484.76,659.77,100,100,0.3002
1883,ASCUS_1_patch08.png,0,62.48,759.68,100,100,0.2584
1884,ASCUS_1_patch08.png,0,511.14,14.84,100,100,0.2478
1885,ASCUS_1_patch08.png,0,898.8599853515625,189.27000427246094,100,100,0.24210000038146973
1886,ASCUS_1_patch08.png,0,986.8200073242188,550.0900268554688,100,100,0.23589999973773956
1887,ASCUS_1_patch08.png,0,355.0,1023.0,100,100,0.21770517528057098
1888,ASCUS_1_patch08.png,0,441.21,721.77,100,100,0.2174
1889,ASCUS_1_patch08.png,0,734.2,833.74,100,100,0.1795
1890,ASCUS_1_patch08.png,0,908.3200073242188,626.7899780273438,100,100,0.17509999871253967
1891,ASCUS_1_patch08.png,0,340.4200134277344,612.8900146484375,100,100,0.1737000048160553
1892,ASCUS_1_patch08.png,0,978.7100219726562,808.510009765625,100,100,0.17339999973773956
1893,ASCUS_1_patch08.png,0,20.06,615.8,100,100,0.1708
1894,ASCUS_1_patch08.png,0,1005.5999755859375,760.219970703125,100,100,0.1509000062942505
1895,ASCUS_1_patch08.png,0,753.030029296875,708.530029296875,100,100,0.13670000433921814
1896,ASCUS_1_patch08.png,0,193.4600067138672,1017.9000244140625,100,100,0.11429999768733978
1897,ASCUS_1_patch08.png,0,924.47998046875,522.780029296875,100,100,0.11020000278949738
1898,ASCUS_1_patch08.png,0,812.7899780273438,725.010009765625,100,100,0.10980000346899033
1899,ASCUS_1_patch08.png,0,665.22998046875,622.4099731445312,100,100,0.10819999873638153
1900,ASCUS_1_patch08.png,0,147.02000427246094,1016.1900024414062,100,100,0.09839999675750732
1901,ASCUS_1_patch08.png,0,1015.0399780273438,302.5400085449219,100,100,0.08299999684095383
1902,ASCUS_1_patch08.png,0,350.04998779296875,1010.3699951171875,100,100,0.08020000159740448
1903,ASCUS_1_patch08.png,0,202.97999572753906,639.5800170898438,100,100,0.065700002014637
1904,ASCUS_1_patch08.png,0,200.60000610351562,770.530029296875,100,100,0.06440000236034393
1905,ASCUS_1_patch08.png,0,921.219970703125,597.0800170898438,100,100,0.05739999935030937
1906,ASCUS_1_patch08.png,0,1016.9299926757812,359.9700012207031,100,100,0.056699998676776886
1907,ASCUS_1_patch08.png,0,534.8699951171875,337.75,100,100,0.05389999970793724
1908,ASCUS_1_patch08.png,0,759.010009765625,773.77001953125,100,100,0.05310000106692314
1909,ASCUS_1_patch08.png,0,1016.6799926757812,432.3800048828125,100,100,0.052400000393390656
1910,ASCUS_1_patch08.png,0,187.83999633789062,980.6599731445312,100,100,0.049800001084804535
1911,ASCUS_1_patch08.png,0,8.640000343322754,829.52001953125,100,100,0.049800001084804535
1912,ASCUS_1_patch08.png,0,478.4800109863281,828.5900268554688,100,100,0.04899999871850014
1913,ASCUS_1_patch08.png,0,430.8399963378906,433.5299987792969,100,100,0.04529999941587448
1914,ASCUS_1_patch08.png,0,749.47998046875,739.469970703125,100,100,0.045099999755620956
1915,ASCUS_1_patch08.png,0,967.8699951171875,375.9800109863281,100,100,0.041999999433755875
1916,ASCUS_1_patch08.png,0,504.4599914550781,644.0599975585938,100,100,0.04089999943971634
1917,ASCUS_1_patch08.png,0,364.25,787.4099731445312,100,100,0.03530000150203705
1918,ASCUS_1_patch08.png,0,51.630001068115234,1014.6199951171875,100,100,0.0340999998152256
1919,ASCUS_1_patch08.png,0,830.0700073242188,581.3599853515625,100,100,0.03319999948143959
1920,ASCUS_1_patch08.png,0,1017.989990234375,520.8599853515625,100,100,0.028599999845027924
1921,ASCUS_1_patch08.png,0,44.869998931884766,910.6199951171875,100,100,0.028300000354647636
1922,ASCUS_1_patch08.png,0,365.8900146484375,1007.5499877929688,100,100,0.02800000086426735
1923,ASCUS_1_patch08.png,0,449.4599914550781,953.52001953125,100,100,0.026599999517202377
1924,ASCUS_1_patch08.png,0,967.8599853515625,797.760009765625,100,100,0.025699999183416367
1925,ASCUS_1_patch08.png,0,339.2900085449219,914.0399780273438,100,100,0.02449999935925007
1926,ASCUS_1_patch08.png,0,120.70999908447266,492.7699890136719,100,100,0.022700000554323196
1927,ASCUS_1_patch08.png,0,31.770000457763672,605.2100219726562,100,100,0.022299999371170998
1928,ASCUS_1_patch08.png,0,135.27000427246094,566.6799926757812,100,100,0.02160000056028366
1929,ASCUS_1_patch08.png,0,420.6400146484375,836.989990234375,100,100,0.018699999898672104
1930,ASCUS_1_patch08.png,0,702.0900268554688,663.77001953125,100,100,0.01860000006854534
1931,ASCUS_1_patch08.png,0,826.2100219726562,628.530029296875,100,100,0.017999999225139618
1932,ASCUS_1_patch08.png,0,1018.6599731445312,620.510009765625,100,100,0.01720000058412552
1933,ASCUS_1_patch08.png,0,700.219970703125,382.2200012207031,100,100,0.015799999237060547
1934,ASCUS_1_patch08.png,0,941.22998046875,298.8500061035156,100,100,0.015799999237060547
1935,ASCUS_1_patch08.png,0,14.0600004196167,656.5700073242188,100,100,0.015599999576807022
1936,ASCUS_1_patch08.png,0,40.619998931884766,798.4199829101562,100,100,0.015200000256299973
1937,ASCUS_1_patch08.png,0,983.530029296875,277.1300048828125,100,100,0.014700000174343586
1938,ASCUS_1_patch08.png,0,986.75,647.6099853515625,100,100,0.014299999922513962
1939,ASCUS_1_patch08.png,0,384.5400085449219,1001.239990234375,100,100,0.013799999840557575
1940,ASCUS_1_patch08.png,0,173.66000366210938,689.1599731445312,100,100,0.013700000010430813
1941,ASCUS_1_patch08.png,0,324.1000061035156,267.5400085449219,100,100,0.013199999928474426
1942,ASCUS_1_patch08.png,0,1008.1099853515625,512.8099975585938,100,100,0.012900000438094139
1943,ASCUS_1_patch08.png,0,1014.6400146484375,663.5800170898438,100,100,0.011900000274181366
1944,ASCUS_1_patch08.png,0,328.8399963378906,603.010009765625,100,100,0.011699999682605267
1945,ASCUS_1_patch08.png,0,139.1199951171875,784.5900268554688,100,100,0.01119999960064888
1946,ASCUS_1_patch08.png,0,393.57000732421875,941.97998046875,100,100,0.01119999960064888
1947,ASCUS_1_patch08.png,0,296.260009765625,29.469999313354492,100,100,0.010999999940395355
1948,ASCUS_1_patch08.png,0,782.219970703125,560.4099731445312,100,100,0.01080000028014183
1949,ASCUS_1_patch08.png,0,169.52000427246094,746.9400024414062,100,100,0.010599999688565731
1950,ASCUS_1_patch08.png,0,1017.510009765625,742.7000122070312,100,100,0.008999999612569809
1951,ASCUS_1_patch08.png,0,452.5400085449219,409.260009765625,100,100,0.008200000040233135
1952,ASCUS_1_patch08.png,0,849.3099975585938,373.80999755859375,100,100,0.00800000037997961
1953,ASCUS_1_patch08.png,0,155.19000244140625,23.200000762939453,100,100,0.007600000128149986
1954,ASCUS_1_patch08.png,0,786.489990234375,545.2999877929688,100,100,0.007199999876320362
1955,ASCUS_1_patch08.png,0,95.0,541.9400024414062,100,100,0.006899999920278788
1956,ASCUS_1_patch08.png,0,451.9800109863281,711.760009765625,100,100,0.0066999997943639755
1957,ASCUS_1_patch08.png,0,995.8900146484375,539.3499755859375,100,100,0.006500000134110451
1958,ASCUS_1_patch08.png,0,356.79998779296875,613.75,100,100,0.006300000008195639
1959,ASCUS_1_patch08.png,0,787.760009765625,611.27001953125,100,100,0.006200000178068876
1960,ASCUS_1_patch08.png,0,521.239990234375,344.6099853515625,100,100,0.006200000178068876
1961,ASCUS_1_patch08.png,0,612.260009765625,846.3200073242188,100,100,0.006099999882280827
1962,ASCUS_1_patch08.png,0,308.80999755859375,785.6799926757812,100,100,0.005900000222027302
1963,ASCUS_1_patch08.png,0,1017.8099975585938,493.44000244140625,100,100,0.005499999970197678
1964,ASCUS_1_patch08.png,0,982.27001953125,901.1099853515625,100,100,0.005400000140070915
1965,ASCUS_1_patch08.png,0,817.2100219726562,326.1499938964844,100,100,0.0052999998442828655
1966,ASCUS_1_patch08.png,0,99.55999755859375,978.3400268554688,100,100,0.005200000014156103
1967,ASCUS_1_patch08.png,0,999.8400268554688,891.8499755859375,100,100,0.004900000058114529
1968,ASCUS_1_patch08.png,0,134.9199981689453,40.91999816894531,100,100,0.004699999932199717
1969,ASCUS_1_patch08.png,0,583.0700073242188,706.5,100,100,0.004699999932199717
1970,ASCUS_1_patch08.png,0,882.4600219726562,183.6999969482422,100,100,0.004600000102072954
1971,ASCUS_1_patch08.png,0,785.8099975585938,1002.1599731445312,100,100,0.004600000102072954
1972,ASCUS_1_patch08.png,0,1010.0700073242188,902.010009765625,100,100,0.0044999998062849045
1973,ASCUS_1_patch08.png,0,793.72998046875,427.3599853515625,100,100,0.0044999998062849045
1974,ASCUS_1_patch08.png,0,820.8699951171875,373.55999755859375,100,100,0.004399999976158142
1975,ASCUS_1_patch08.png,0,945.25,446.489990234375,100,100,0.004399999976158142
1976,ASCUS_1_patch08.png,0,839.8200073242188,310.3500061035156,100,100,0.00430000014603138
1977,ASCUS_1_patch08.png,0,298.2699890136719,422.7799987792969,100,100,0.00430000014603138
1978,ASCUS_1_patch08.png,0,169.75,556.1099853515625,100,100,0.004100000020116568
1979,ASCUS_1_patch08.png,0,879.280029296875,772.280029296875,100,100,0.004000000189989805
1980,ASCUS_1_patch08.png,0,986.469970703125,622.0700073242188,100,100,0.004000000189989805
1981,ASCUS_1_patch08.png,0,376.5299987792969,626.4400024414062,100,100,0.004000000189989805
1982,ASCUS_1_patch08.png,0,818.47998046875,567.6799926757812,100,100,0.004000000189989805
1983,ASCUS_1_patch08.png,0,415.7099914550781,926.6799926757812,100,100,0.0038999998942017555
1984,ASCUS_1_patch08.png,0,133.7899932861328,20.170000076293945,100,100,0.0038999998942017555
1985,ASCUS_1_patch08.png,0,271.9100036621094,93.05000305175781,100,100,0.003800000064074993
1986,ASCUS_1_patch08.png,0,847.9600219726562,684.9199829101562,100,100,0.003800000064074993
1987,ASCUS_1_patch08.png,0,809.8400268554688,1011.989990234375,100,100,0.003800000064074993
1988,ASCUS_1_patch08.png,0,882.1099853515625,787.8499755859375,100,100,0.003800000064074993
1989,ASCUS_1_patch08.png,0,5.050000190734863,679.6199951171875,100,100,0.003700000001117587
1990,ASCUS_1_patch08.png,0,339.3500061035156,1018.77001953125,100,100,0.003599999938160181
1991,ASCUS_1_patch08.png,0,132.77000427246094,547.97998046875,100,100,0.003599999938160181
1992,ASCUS_1_patch08.png,0,156.77000427246094,41.779998779296875,100,100,0.0035000001080334187
1993,ASCUS_1_patch08.png,0,42.04999923706055,944.0399780273438,100,100,0.0034000000450760126
1994,ASCUS_1_patch08.png,0,653.760009765625,631.6400146484375,100,100,0.0032999999821186066
1995,ASCUS_1_patch08.png,0,827.260009765625,915.6099853515625,100,100,0.0031999999191612005
1996,ASCUS_1_patch08.png,0,29.360000610351562,887.9000244140625,100,100,0.0031999999191612005
1997,ASCUS_1_patch08.png,0,1003.0999755859375,528.260009765625,100,100,0.0031999999191612005
1998,ASCUS_1_patch08.png,0,852.5399780273438,908.5,100,100,0.003100000089034438
1999,ASCUS_1_patch08.png,0,334.8999938964844,774.0700073242188,100,100,0.003100000089034438
2000,ASCUS_1_patch08.png,0,93.86000061035156,921.219970703125,100,100,0.003100000089034438
2001,ASCUS_1_patch08.png,0,658.6300048828125,610.719970703125,100,100,0.003100000089034438
2002,ASCUS_1_patch08.png,0,139.0399932861328,911.1799926757812,100,100,0.003100000089034438
2003,ASCUS_1_patch08.png,0,642.530029296875,853.260009765625,100,100,0.003000000026077032
2004,ASCUS_1_patch08.png,0,369.6000061035156,566.0,100,100,0.003000000026077032
2005,ASCUS_1_patch08.png,0,1018.3499755859375,771.989990234375,100,100,0.002899999963119626
2006,ASCUS_1_patch08.png,0,1017.5900268554688,289.010009765625,100,100,0.002899999963119626
2007,ASCUS_1_patch08.png,0,1019.9600219726562,316.45001220703125,100,100,0.002899999963119626
2008,ASCUS_1_patch08.png,0,77.77999877929688,976.9000244140625,100,100,0.00279999990016222
2009,ASCUS_1_patch08.png,0,683.2999877929688,638.6599731445312,100,100,0.00279999990016222
2010,ASCUS_1_patch08.png,0,754.4199829101562,624.6599731445312,100,100,0.00279999990016222
2011,ASCUS_1_patch08.png,0,1013.9400024414062,927.3900146484375,100,100,0.00279999990016222
2012,ASCUS_1_patch08.png,0,230.25,809.8499755859375,100,100,0.0027000000700354576
2013,ASCUS_1_patch08.png,0,937.3800048828125,869.6900024414062,100,100,0.0027000000700354576
2014,ASCUS_1_patch08.png,0,164.8800048828125,796.9199829101562,100,100,0.0027000000700354576
2015,ASCUS_1_patch08.png,0,119.08000183105469,526.8300170898438,100,100,0.0027000000700354576
2016,ASCUS_1_patch08.png,0,517.8900146484375,769.6699829101562,100,100,0.0026000000070780516
2017,ASCUS_1_patch08.png,0,35.33000183105469,77.95999908447266,100,100,0.0026000000070780516
2018,ASCUS_1_patch08.png,0,20.790000915527344,595.5,100,100,0.0026000000070780516
2019,ASCUS_1_patch08.png,0,142.72999572753906,683.2100219726562,100,100,0.0024999999441206455
2020,ASCUS_1_patch08.png,0,8.579999923706055,711.489990234375,100,100,0.002400000113993883
2021,ASCUS_1_patch08.png,0,683.5999755859375,406.69000244140625,100,100,0.002400000113993883
2022,ASCUS_1_patch08.png,0,318.4100036621094,423.25,100,100,0.002400000113993883
2023,ASCUS_1_patch08.png,0,638.0599975585938,836.5,100,100,0.002300000051036477
2024,ASCUS_1_patch08.png,0,1016.7999877929688,893.7100219726562,100,100,0.002300000051036477
2025,ASCUS_1_patch08.png,0,944.489990234375,885.6900024414062,100,100,0.002300000051036477
2026,ASCUS_1_patch08.png,0,1019.7000122070312,479.8699951171875,100,100,0.002300000051036477
2027,ASCUS_1_patch08.png,0,760.3099975585938,753.030029296875,100,100,0.002300000051036477
2028,ASCUS_1_patch08.png,0,582.3499755859375,996.4600219726562,100,100,0.002199999988079071
2029,ASCUS_1_patch08.png,0,468.82000732421875,572.25,100,100,0.002199999988079071
2030,ASCUS_1_patch08.png,0,46.16999816894531,894.52001953125,100,100,0.002199999988079071
2031,ASCUS_1_patch08.png,0,676.8099975585938,393.0199890136719,100,100,0.002099999925121665
2032,ASCUS_1_patch08.png,0,977.3300170898438,540.5900268554688,100,100,0.002099999925121665
2033,ASCUS_1_patch08.png,0,416.67999267578125,438.20001220703125,100,100,0.0020000000949949026
2034,ASCUS_1_patch08.png,0,1011.47998046875,629.8400268554688,100,100,0.0020000000949949026
2035,ASCUS_1_patch08.png,0,544.8300170898438,792.5499877929688,100,100,0.0020000000949949026
2036,ASCUS_1_patch08.png,0,73.80999755859375,939.97998046875,100,100,0.0019000000320374966
2037,ASCUS_1_patch08.png,0,982.7000122070312,563.0999755859375,100,100,0.0019000000320374966
2038,ASCUS_1_patch08.png,0,291.1700134277344,434.8399963378906,100,100,0.0019000000320374966
2039,ASCUS_1_patch08.png,0,228.08999633789062,949.469970703125,100,100,0.0017999999690800905
2040,ASCUS_1_patch08.png,0,476.20001220703125,584.9600219726562,100,100,0.0017999999690800905
2041,ASCUS_1_patch08.png,0,503.8999938964844,794.0999755859375,100,100,0.0017000000225380063
2042,ASCUS_1_patch08.png,0,157.19000244140625,517.5499877929688,100,100,0.0017000000225380063
2043,ASCUS_1_patch08.png,0,800.239990234375,557.3200073242188,100,100,0.0017000000225380063
2044,ASCUS_1_patch08.png,0,94.66000366210938,825.4400024414062,100,100,0.0017000000225380063
2045,ASCUS_1_patch08.png,0,916.1500244140625,883.0999755859375,100,100,0.0015999999595806003
2046,ASCUS_1_patch08.png,0,970.6900024414062,302.1099853515625,100,100,0.001500000013038516
2047,ASCUS_1_patch08.png,0,600.3200073242188,483.8500061035156,100,100,0.001500000013038516
2048,ASCUS_1_patch08.png,0,747.010009765625,762.780029296875,100,100,0.001500000013038516
2049,ASCUS_1_patch08.png,0,334.2300109863281,627.9299926757812,100,100,0.00139999995008111
2050,ASCUS_1_patch08.png,0,914.8499755859375,192.11000061035156,100,100,0.00139999995008111
2051,ASCUS_1_patch08.png,0,163.52000427246094,777.2999877929688,100,100,0.00139999995008111
2052,ASCUS_1_patch08.png,0,444.5400085449219,586.969970703125,100,100,0.0013000000035390258
2053,ASCUS_1_patch08.png,0,904.0800170898438,174.2899932861328,100,100,0.0013000000035390258
2054,ASCUS_1_patch08.png,0,767.5599975585938,713.739990234375,100,100,0.0012000000569969416
2055,ASCUS_1_patch09.png,0,790.3,66.22,100,100,0.8001
2056,ASCUS_1_patch09.png,0,353.81,709.05,100,100,0.7728
2057,ASCUS_1_patch09.png,0,570.76,137.97,100,100,0.7619
2058,ASCUS_1_patch09.png,0,878.29,391.33,100,100,0.7565
2059,ASCUS_1_patch09.png,0,969.11,109.26,100,100,0.7416
2060,ASCUS_1_patch09.png,0,540.8,362.62,100,100,0.7373
2061,ASCUS_1_patch09.png,0,348.65,924.72,100,100,0.7321
2062,ASCUS_1_patch09.png,0,904.13,854.26,100,100,0.7303
2063,ASCUS_1_patch09.png,0,670.15,199.46,100,100,0.7294
2064,ASCUS_1_patch09.png,0,665.86,420.21,100,100,0.7293
2065,ASCUS_1_patch09.png,0,547.33,861.17,100,100,0.7253
2066,ASCUS_1_patch09.png,0,119.49,378.26,100,100,0.7243
2067,ASCUS_1_patch09.png,0,569.13,560.71,100,100,0.7239
2068,ASCUS_1_patch09.png,0,743.46,309.32,100,100,0.7211
2069,ASCUS_1_patch09.png,0,51.22,167.51,100,100,0.7204
2070,ASCUS_1_patch09.png,0,250.92,65.44,100,100,0.7175
2071,ASCUS_1_patch09.png,0,398.92,59.3,100,100,0.7132
2072,ASCUS_1_patch09.png,0,922.58,566.95,100,100,0.7068
2073,ASCUS_1_patch09.png,0,741.54,480.43,100,100,0.7056
2074,ASCUS_1_patch09.png,0,1002.11,766.03,100,100,0.7011
2075,ASCUS_1_patch09.png,0,31.98,302.5,100,100,0.6981
2076,ASCUS_1_patch09.png,0,813.63,928.97,100,100,0.6948
2077,ASCUS_1_patch09.png,0,242.86,446.24,100,100,0.6921
2078,ASCUS_1_patch09.png,0,726.59,606.29,100,100,0.689
2079,ASCUS_1_patch09.png,0,665.83,327.02,100,100,0.6888
2080,ASCUS_1_patch09.png,0,375.42,300.28,100,100,0.6886
2081,ASCUS_1_patch09.png,0,468.47,271.63,100,100,0.6848
2082,ASCUS_1_patch09.png,0,499.54,927.83,100,100,0.6811
2083,ASCUS_1_patch09.png,0,242.63,333.77,100,100,0.6735
2084,ASCUS_1_patch09.png,0,479.87,486.69,100,100,0.6719
2085,ASCUS_1_patch09.png,0,894.38,767.71,100,100,0.6709
2086,ASCUS_1_patch09.png,0,367.99,554.42,100,100,0.6704
2087,ASCUS_1_patch09.png,0,217.64,237.01,100,100,0.6698
2088,ASCUS_1_patch09.png,0,259.32,521.8,100,100,0.6688
2089,ASCUS_1_patch09.png,0,671.2,892.53,100,100,0.6673
2090,ASCUS_1_patch09.png,0,215.89,812.81,100,100,0.6664
2091,ASCUS_1_patch09.png,0,626.95,691.05,100,100,0.6643
2092,ASCUS_1_patch09.png,0,805.95,762.57,100,100,0.6639
2093,ASCUS_1_patch09.png,0,553.34,487.26,100,100,0.6636
2094,ASCUS_1_patch09.png,0,93.84,569.4,100,100,0.6611
2095,ASCUS_1_patch09.png,0,738.05,660.9,100,100,0.6598
2096,ASCUS_1_patch09.png,0,464.49,401.63,100,100,0.6571
2097,ASCUS_1_patch09.png,0,123.8,256.26,100,100,0.6505
2098,ASCUS_1_patch09.png,0,734.38,713.23,100,100,0.6468
2099,ASCUS_1_patch09.png,0,446.46,809.57,100,100,0.6465
2100,ASCUS_1_patch09.png,0,162.38,709.46,100,100,0.6464
2101,ASCUS_1_patch09.png,0,804.08,795.17,100,100,0.6458
2102,ASCUS_1_patch09.png,0,326.85,581.82,100,100,0.6457
2103,ASCUS_1_patch09.png,0,314.06,58.52,100,100,0.6422
2104,ASCUS_1_patch09.png,0,621.32,926.77,100,100,0.6302
2105,ASCUS_1_patch09.png,0,934.65,195.15,100,100,0.6213
2106,ASCUS_1_patch09.png,0,986.93,554.16,100,100,0.6165
2107,ASCUS_1_patch09.png,0,661.12,502.26,100,100,0.6154
2108,ASCUS_1_patch09.png,0,890.22,301.94,100,100,0.6152
2109,ASCUS_1_patch09.png,0,844.46,618.02,100,100,0.6118
2110,ASCUS_1_patch09.png,0,485.68,720.47,100,100,0.6106
2111,ASCUS_1_patch09.png,0,991.89,294.77,100,100,0.5993
2112,ASCUS_1_patch09.png,0,357.82,408.77,100,100,0.5951
2113,ASCUS_1_patch09.png,0,242.81,667.13,100,100,0.5925
2114,ASCUS_1_patch09.png,0,570.05,791.86,100,100,0.547
2115,ASCUS_1_patch09.png,0,28.53,617.17,100,100,0.5439
2116,ASCUS_1_patch09.png,0,897.08,677.59,100,100,0.542
2117,ASCUS_1_patch09.png,0,124.33,658.82,100,100,0.5402
2118,ASCUS_1_patch09.png,0,209.6,608.52,100,100,0.5347
2119,ASCUS_1_patch09.png,0,161.67,894.01,100,100,0.5333
2120,ASCUS_1_patch09.png,0,511.17,605.6,100,100,0.5149
2121,ASCUS_1_patch09.png,0,178.85,91.69,100,100,0.5109
2122,ASCUS_1_patch09.png,0,801.05,546.45,100,100,0.5069
2123,ASCUS_1_patch09.png,0,42.39,866.26,100,100,0.4777
2124,ASCUS_1_patch09.png,0,616.65,547.73,100,100,0.4763
2125,ASCUS_1_patch09.png,0,429.9,618.64,100,100,0.463
2126,ASCUS_1_patch09.png,0,545.05,16.2,100,100,0.4189
2127,ASCUS_1_patch09.png,0,210.94,11.84,100,100,0.3928
2128,ASCUS_1_patch09.png,0,9.84,444.46,100,100,0.3552
2129,ASCUS_1_patch09.png,0,404.13,486.04,100,100,0.3286
2130,ASCUS_1_patch09.png,0,560.39,1005.12,100,100,0.3206
2131,ASCUS_1_patch09.png,0,158.95,430.82,100,100,0.32
2132,ASCUS_1_patch09.png,0,692.15,55.95,100,100,0.3089
2133,ASCUS_1_patch09.png,0,39.9,916.08,100,100,0.2954
2134,ASCUS_1_patch09.png,0,1000.45,630.08,100,100,0.2902
2135,ASCUS_1_patch09.png,0,587.39,15.43,100,100,0.2421
2136,ASCUS_1_patch09.png,0,590.0,0.0,100,100,0.22290976345539093
2137,ASCUS_1_patch09.png,0,974.05,395.9,100,100,0.1938
2138,ASCUS_1_patch09.png,0,462.8500061035156,9.149999618530273,100,100,0.1776999980211258
2139,ASCUS_1_patch09.png,0,338.76,345.79,100,100,0.1454
2140,ASCUS_1_patch09.png,0,1014.6199951171875,661.1599731445312,100,100,0.14270000159740448
2141,ASCUS_1_patch09.png,0,814.8900146484375,301.989990234375,100,100,0.1362999975681305
2142,ASCUS_1_patch09.png,0,373.8299865722656,468.0400085449219,100,100,0.11509999632835388
2143,ASCUS_1_patch09.png,0,180.39999389648438,611.510009765625,100,100,0.0957999974489212
2144,ASCUS_1_patch09.png,0,13.319999694824219,457.1600036621094,100,100,0.09300000220537186
2145,ASCUS_1_patch09.png,0,693.9500122070312,9.09000015258789,100,100,0.07919999957084656
2146,ASCUS_1_patch09.png,0,53.06999969482422,8.890000343322754,100,100,0.0737999975681305
2147,ASCUS_1_patch09.png,0,6.340000152587891,620.9000244140625,100,100,0.07249999791383743
2148,ASCUS_1_patch09.png,0,293.05999755859375,271.7900085449219,100,100,0.07240000367164612
2149,ASCUS_1_patch09.png,0,513.9099731445312,292.4200134277344,100,100,0.07209999859333038
2150,ASCUS_1_patch09.png,0,683.1099853515625,733.6900024414062,100,100,0.07100000232458115
2151,ASCUS_1_patch09.png,0,86.08999633789062,425.32000732421875,100,100,0.06239999830722809
2152,ASCUS_1_patch09.png,0,11.050000190734863,18.809999465942383,100,100,0.061500001698732376
2153,ASCUS_1_patch09.png,0,33.88999938964844,533.3900146484375,100,100,0.05480000004172325
2154,ASCUS_1_patch09.png,0,142.5,9.979999542236328,100,100,0.04100000113248825
2155,ASCUS_1_patch09.png,0,24.719999313354492,50.369998931884766,100,100,0.03909999877214432
2156,ASCUS_1_patch09.png,0,968.2100219726562,295.94000244140625,100,100,0.03889999911189079
2157,ASCUS_1_patch09.png,0,89.5199966430664,51.08000183105469,100,100,0.03229999914765358
2158,ASCUS_1_patch09.png,0,119.08000183105469,4.579999923706055,100,100,0.031599998474121094
2159,ASCUS_1_patch09.png,0,647.469970703125,497.1300048828125,100,100,0.030700000002980232
2160,ASCUS_1_patch09.png,0,887.010009765625,467.6199951171875,100,100,0.024900000542402267
2161,ASCUS_1_patch09.png,0,1019.2100219726562,467.2699890136719,100,100,0.022600000724196434
2162,ASCUS_1_patch09.png,0,224.97000122070312,333.25,100,100,0.02070000022649765
2163,ASCUS_1_patch09.png,0,451.2099914550781,397.1000061035156,100,100,0.018799999728798866
2164,ASCUS_1_patch09.png,0,345.9800109863281,4.760000228881836,100,100,0.015799999237060547
2165,ASCUS_1_patch09.png,0,81.97000122070312,561.239990234375,100,100,0.015599999576807022
2166,ASCUS_1_patch09.png,0,805.280029296875,533.1500244140625,100,100,0.015300000086426735
2167,ASCUS_1_patch09.png,0,208.27000427246094,800.77001953125,100,100,0.014499999582767487
2168,ASCUS_1_patch09.png,0,752.8300170898438,395.239990234375,100,100,0.014000000432133675
2169,ASCUS_1_patch09.png,0,112.45999908447266,47.880001068115234,100,100,0.014000000432133675
2170,ASCUS_1_patch09.png,0,1003.8499755859375,644.6799926757812,100,100,0.01360000018030405
2171,ASCUS_1_patch09.png,0,573.4400024414062,1016.3099975585938,100,100,0.013000000268220901
2172,ASCUS_1_patch09.png,0,606.4199829101562,929.1400146484375,100,100,0.012500000186264515
2173,ASCUS_1_patch09.png,0,989.8499755859375,325.4599914550781,100,100,0.012199999764561653
2174,ASCUS_1_patch09.png,0,995.6900024414062,544.22998046875,100,100,0.011699999682605267
2175,ASCUS_1_patch09.png,0,374.6400146484375,7.650000095367432,100,100,0.011699999682605267
2176,ASCUS_1_patch09.png,0,469.5299987792969,476.6300048828125,100,100,0.011500000022351742
2177,ASCUS_1_patch09.png,0,220.8000030517578,956.9099731445312,100,100,0.01140000019222498
2178,ASCUS_1_patch09.png,0,387.69000244140625,477.3800048828125,100,100,0.01080000028014183
2179,ASCUS_1_patch09.png,0,661.8099975585938,880.260009765625,100,100,0.010700000450015068
2180,ASCUS_1_patch09.png,0,680.2999877929688,422.8599853515625,100,100,0.010599999688565731
2181,ASCUS_1_patch09.png,0,55.06999969482422,930.9099731445312,100,100,0.010400000028312206
2182,ASCUS_1_patch09.png,0,139.9199981689453,486.9800109863281,100,100,0.009999999776482582
2183,ASCUS_1_patch09.png,0,589.510009765625,281.2099914550781,100,100,0.00989999994635582
2184,ASCUS_1_patch09.png,0,169.1999969482422,496.3699951171875,100,100,0.009700000286102295
2185,ASCUS_1_patch09.png,0,189.02999877929688,577.4099731445312,100,100,0.009700000286102295
2186,ASCUS_1_patch09.png,0,22.260000228881836,603.02001953125,100,100,0.009499999694526196
2187,ASCUS_1_patch09.png,0,659.5800170898438,190.86000061035156,100,100,0.008999999612569809
2188,ASCUS_1_patch09.png,0,633.8200073242188,922.52001953125,100,100,0.008799999952316284
2189,ASCUS_1_patch09.png,0,485.4800109863281,266.44000244140625,100,100,0.008700000122189522
2190,ASCUS_1_patch09.png,0,41.31999969482422,611.9000244140625,100,100,0.00860000029206276
2191,ASCUS_1_patch09.png,0,904.0,760.489990234375,100,100,0.00860000029206276
2192,ASCUS_1_patch09.png,0,119.36000061035156,244.0399932861328,100,100,0.008500000461935997
2193,ASCUS_1_patch09.png,0,892.1799926757812,283.94000244140625,100,100,0.008100000210106373
2194,ASCUS_1_patch09.png,0,804.27001953125,558.3099975585938,100,100,0.00800000037997961
2195,ASCUS_1_patch09.png,0,902.4199829101562,292.57000732421875,100,100,0.00800000037997961
2196,ASCUS_1_patch09.png,0,377.4800109863281,543.739990234375,100,100,0.007899999618530273
2197,ASCUS_1_patch09.png,0,4.840000152587891,429.8599853515625,100,100,0.007799999788403511
2198,ASCUS_1_patch09.png,0,153.97000122070312,698.1699829101562,100,100,0.007600000128149986
2199,ASCUS_1_patch09.png,0,387.4700012207031,295.1300048828125,100,100,0.007300000172108412
2200,ASCUS_1_patch09.png,0,343.989990234375,911.7899780273438,100,100,0.007300000172108412
2201,ASCUS_1_patch09.png,0,519.77001953125,60.599998474121094,100,100,0.0071000000461936
2202,ASCUS_1_patch09.png,0,825.5800170898438,921.4099731445312,100,100,0.006899999920278788
2203,ASCUS_1_patch09.png,0,127.69999694824219,281.57000732421875,100,100,0.006899999920278788
2204,ASCUS_1_patch09.png,0,439.25,611.0399780273438,100,100,0.006899999920278788
2205,ASCUS_1_patch09.png,0,632.1799926757812,680.0599975585938,100,100,0.006899999920278788
2206,ASCUS_1_patch09.png,0,580.1400146484375,128.97999572753906,100,100,0.006899999920278788
2207,ASCUS_1_patch09.png,0,382.2900085449219,563.6599731445312,100,100,0.006899999920278788
2208,ASCUS_1_patch09.png,0,731.0999755859375,302.5899963378906,100,100,0.006800000090152025
2209,ASCUS_1_patch09.png,0,19.15999984741211,624.9400024414062,100,100,0.0066999997943639755
2210,ASCUS_1_patch09.png,0,510.8299865722656,919.6599731445312,100,100,0.0066999997943639755
2211,ASCUS_1_patch09.png,0,491.6000061035156,707.8900146484375,100,100,0.0066999997943639755
2212,ASCUS_1_patch09.png,0,1010.8400268554688,293.1400146484375,100,100,0.006599999964237213
2213,ASCUS_1_patch09.png,0,475.1300048828125,712.9099731445312,100,100,0.006599999964237213
2214,ASCUS_1_patch09.png,0,356.3699951171875,545.6199951171875,100,100,0.006500000134110451
2215,ASCUS_1_patch09.png,0,682.8400268554688,882.6500244140625,100,100,0.006500000134110451
2216,ASCUS_1_patch09.png,0,655.4099731445312,412.489990234375,100,100,0.006500000134110451
2217,ASCUS_1_patch09.png,0,273.3599853515625,516.1500244140625,100,100,0.006399999838322401
2218,ASCUS_1_patch09.png,0,382.32000732421875,58.7599983215332,100,100,0.006399999838322401
2219,ASCUS_1_patch09.png,0,886.3499755859375,379.2300109863281,100,100,0.006399999838322401
2220,ASCUS_1_patch09.png,0,452.8999938964844,266.07000732421875,100,100,0.006399999838322401
2221,ASCUS_1_patch09.png,0,273.8500061035156,492.9200134277344,100,100,0.006300000008195639
2222,ASCUS_1_patch09.png,0,880.6400146484375,292.510009765625,100,100,0.006300000008195639
2223,ASCUS_1_patch09.png,0,955.5900268554688,104.48999786376953,100,100,0.006200000178068876
2224,ASCUS_1_patch09.png,0,557.4299926757812,850.739990234375,100,100,0.006200000178068876
2225,ASCUS_1_patch09.png,0,673.9099731445312,499.1499938964844,100,100,0.006099999882280827
2226,ASCUS_1_patch09.png,0,752.25,4.869999885559082,100,100,0.006099999882280827
2227,ASCUS_1_patch09.png,0,752.1400146484375,323.2200012207031,100,100,0.006000000052154064
2228,ASCUS_1_patch09.png,0,477.0199890136719,393.8500061035156,100,100,0.006000000052154064
2229,ASCUS_1_patch09.png,0,252.25,657.030029296875,100,100,0.005900000222027302
2230,ASCUS_1_patch09.png,0,109.80000305175781,571.5599975585938,100,100,0.005900000222027302
2231,ASCUS_1_patch09.png,0,980.2000122070312,101.9800033569336,100,100,0.005900000222027302
2232,ASCUS_1_patch09.png,0,1014.510009765625,623.969970703125,100,100,0.005799999926239252
2233,ASCUS_1_patch09.png,0,889.5900268554688,856.6300048828125,100,100,0.005799999926239252
2234,ASCUS_1_patch09.png,0,985.7999877929688,498.5400085449219,100,100,0.005799999926239252
2235,ASCUS_1_patch09.png,0,226.69000244140625,802.489990234375,100,100,0.00570000009611249
2236,ASCUS_1_patch09.png,0,819.760009765625,797.6199951171875,100,100,0.00570000009611249
2237,ASCUS_1_patch09.png,0,36.06999969482422,852.8400268554688,100,100,0.00570000009611249
2238,ASCUS_1_patch09.png,0,556.1500244140625,7.519999980926514,100,100,0.00570000009611249
2239,ASCUS_1_patch09.png,0,64.37999725341797,177.2100067138672,100,100,0.005499999970197678
2240,ASCUS_1_patch09.png,0,598.0,9.140000343322754,100,100,0.005499999970197678
2241,ASCUS_1_patch09.png,0,539.1300048828125,850.6599731445312,100,100,0.005400000140070915
2242,ASCUS_1_patch09.png,0,38.7400016784668,163.0500030517578,100,100,0.005400000140070915
2243,ASCUS_1_patch09.png,0,489.5400085449219,494.9800109863281,100,100,0.005400000140070915
2244,ASCUS_1_patch09.png,0,488.2699890136719,475.5799865722656,100,100,0.005200000014156103
2245,ASCUS_1_patch09.png,0,113.58000183105469,651.3900146484375,100,100,0.005200000014156103
2246,ASCUS_1_patch09.png,0,226.27000427246094,818.969970703125,100,100,0.005200000014156103
2247,ASCUS_1_patch09.png,0,629.3099975585938,720.0999755859375,100,100,0.005100000184029341
2248,ASCUS_1_patch09.png,0,1013.5999755859375,756.760009765625,100,100,0.005100000184029341
2249,ASCUS_1_patch09.png,0,67.23999786376953,4.090000152587891,100,100,0.005100000184029341
2250,ASCUS_1_patch09.png,0,932.8699951171875,555.4400024414062,100,100,0.004999999888241291
2251,ASCUS_1_patch09.png,0,407.989990234375,68.83999633789062,100,100,0.004999999888241291
2252,ASCUS_1_patch09.png,0,86.72000122070312,548.030029296875,100,100,0.004999999888241291
2253,ASCUS_1_patch09.png,0,989.0399780273438,623.0800170898438,100,100,0.004900000058114529
2254,ASCUS_1_patch09.png,0,233.50999450683594,236.1699981689453,100,100,0.004900000058114529
2255,ASCUS_1_patch09.png,0,910.8200073242188,843.52001953125,100,100,0.004900000058114529
2256,ASCUS_1_patch09.png,0,135.55999755859375,653.2999877929688,100,100,0.004900000058114529
2257,ASCUS_1_patch09.png,0,996.4000244140625,564.3400268554688,100,100,0.004800000227987766
2258,ASCUS_1_patch09.png,0,798.77001953125,933.0499877929688,100,100,0.004800000227987766
2259,ASCUS_1_patch09.png,0,346.44000244140625,563.4199829101562,100,100,0.004699999932199717
2260,ASCUS_1_patch09.png,0,478.6099853515625,409.1300048828125,100,100,0.004699999932199717
2261,ASCUS_1_patch09.png,0,496.0,608.52001953125,100,100,0.004600000102072954
2262,ASCUS_1_patch09.png,0,169.38999938964844,82.56999969482422,100,100,0.0044999998062849045
2263,ASCUS_1_patch09.png,0,171.33999633789062,887.1199951171875,100,100,0.0044999998062849045
2264,ASCUS_1_patch09.png,0,362.3599853515625,926.9500122070312,100,100,0.0044999998062849045
2265,ASCUS_1_patch09.png,0,701.219970703125,46.40999984741211,100,100,0.0044999998062849045
2266,ASCUS_1_patch09.png,0,1002.75,302.70001220703125,100,100,0.00430000014603138
2267,ASCUS_1_patch09.png,0,657.510009765625,310.3599853515625,100,100,0.00430000014603138
2268,ASCUS_1_patch09.png,0,364.510009765625,290.3299865722656,100,100,0.00419999985024333
2269,ASCUS_1_patch09.png,0,432.2900085449219,806.1599731445312,100,100,0.00419999985024333
2270,ASCUS_1_patch09.png,0,543.6500244140625,476.7699890136719,100,100,0.00419999985024333
2271,ASCUS_1_patch09.png,0,55.5,390.2699890136719,100,100,0.004100000020116568
2272,ASCUS_1_patch09.png,0,306.07000732421875,41.38999938964844,100,100,0.004100000020116568
2273,ASCUS_1_patch09.png,0,677.5,187.72000122070312,100,100,0.004000000189989805
2274,ASCUS_1_patch09.png,0,789.9000244140625,798.260009765625,100,100,0.004000000189989805
2275,ASCUS_1_patch09.png,0,671.989990234375,407.239990234375,100,100,0.0038999998942017555
2276,ASCUS_1_patch09.png,0,747.3800048828125,708.239990234375,100,100,0.0038999998942017555
2277,ASCUS_1_patch09.png,0,178.10000610351562,710.3400268554688,100,100,0.0038999998942017555
2278,ASCUS_1_patch09.png,0,559.0900268554688,783.8099975585938,100,100,0.0038999998942017555
2279,ASCUS_1_patch09.png,0,345.1000061035156,698.6799926757812,100,100,0.0038999998942017555
2280,ASCUS_1_patch09.png,0,1000.8900146484375,281.1499938964844,100,100,0.003800000064074993
2281,ASCUS_1_patch09.png,0,655.0999755859375,893.22998046875,100,100,0.003800000064074993
2282,ASCUS_1_patch09.png,0,63.72999954223633,159.0399932861328,100,100,0.003800000064074993
2283,ASCUS_1_patch09.png,0,458.54998779296875,802.9099731445312,100,100,0.003800000064074993
2284,ASCUS_1_patch09.png,0,716.0399780273438,597.1599731445312,100,100,0.003800000064074993
2285,ASCUS_1_patch09.png,0,736.9400024414062,596.5599975585938,100,100,0.003700000001117587
2286,ASCUS_1_patch09.png,0,205.83999633789062,819.2000122070312,100,100,0.003700000001117587
2287,ASCUS_1_patch09.png,0,560.8900146484375,549.2999877929688,100,100,0.0035000001080334187
2288,ASCUS_1_patch09.png,0,614.260009765625,688.3900146484375,100,100,0.0035000001080334187
2289,ASCUS_1_patch09.png,0,236.9499969482422,320.79998779296875,100,100,0.0035000001080334187
2290,ASCUS_1_patch09.png,0,254.66000366210938,437.5799865722656,100,100,0.0035000001080334187
2291,ASCUS_1_patch09.png,0,567.6199951171875,489.82000732421875,100,100,0.0034000000450760126
2292,ASCUS_1_patch09.png,0,629.8599853515625,551.6500244140625,100,100,0.0034000000450760126
2293,ASCUS_1_patch09.png,0,913.239990234375,556.3699951171875,100,100,0.0034000000450760126
2294,ASCUS_1_patch09.png,0,370.4800109863281,415.69000244140625,100,100,0.0034000000450760126
2295,ASCUS_1_patch09.png,0,584.9199829101562,786.6099853515625,100,100,0.0032999999821186066
2296,ASCUS_1_patch09.png,0,244.47000122070312,520.1699829101562,100,100,0.0032999999821186066
2297,ASCUS_1_patch09.png,0,684.9500122070312,900.3499755859375,100,100,0.0032999999821186066
2298,ASCUS_1_patch09.png,0,103.55000305175781,555.0800170898438,100,100,0.0032999999821186066
2299,ASCUS_1_patch09.png,0,724.3499755859375,655.02001953125,100,100,0.0032999999821186066
2300,ASCUS_1_patch09.png,0,780.4500122070312,56.54999923706055,100,100,0.0032999999821186066
2301,ASCUS_1_patch09.png,0,615.3200073242188,912.989990234375,100,100,0.0032999999821186066
2302,ASCUS_1_patch09.png,0,673.4199829101562,315.94000244140625,100,100,0.0031999999191612005
2303,ASCUS_1_patch09.png,0,253.41000366210938,547.4400024414062,100,100,0.0031999999191612005
2304,ASCUS_1_patch09.png,0,632.9600219726562,790.4500122070312,100,100,0.0031999999191612005
2305,ASCUS_1_patch09.png,0,834.5499877929688,609.219970703125,100,100,0.003100000089034438
2306,ASCUS_1_patch09.png,0,649.9400024414062,515.02001953125,100,100,0.003100000089034438
2307,ASCUS_1_patch09.png,0,554.739990234375,358.29998779296875,100,100,0.003100000089034438
2308,ASCUS_1_patch09.png,0,15.319999694824219,878.8800048828125,100,100,0.003100000089034438
2309,ASCUS_1_patch09.png,0,269.5799865722656,220.9499969482422,100,100,0.003100000089034438
2310,ASCUS_1_patch09.png,0,235.6199951171875,434.6400146484375,100,100,0.003000000026077032
2311,ASCUS_1_patch09.png,0,254.5800018310547,327.3900146484375,100,100,0.003000000026077032
2312,ASCUS_1_patch09.png,0,418.94000244140625,610.3300170898438,100,100,0.003000000026077032
2313,ASCUS_1_patch09.png,0,467.17999267578125,494.07000732421875,100,100,0.003000000026077032
2314,ASCUS_1_patch09.png,0,569.1099853515625,842.4299926757812,100,100,0.002899999963119626
2315,ASCUS_1_patch09.png,0,138.61000061035156,262.75,100,100,0.002899999963119626
2316,ASCUS_1_patch09.png,0,629.6900024414062,532.8900146484375,100,100,0.002899999963119626
2317,ASCUS_1_patch09.png,0,55.209999084472656,861.97998046875,100,100,0.00279999990016222
2318,ASCUS_1_patch09.png,0,976.280029296875,282.8500061035156,100,100,0.00279999990016222
2319,ASCUS_1_patch09.png,0,364.3599853515625,397.25,100,100,0.00279999990016222
2320,ASCUS_1_patch09.png,0,980.0700073242188,406.70001220703125,100,100,0.0027000000700354576
2321,ASCUS_1_patch09.png,0,51.939998626708984,877.75,100,100,0.0027000000700354576
2322,ASCUS_1_patch09.png,0,799.1599731445312,750.3200073242188,100,100,0.0027000000700354576
2323,ASCUS_1_patch09.png,0,461.7200012207031,55.11000061035156,100,100,0.0026000000070780516
2324,ASCUS_1_patch09.png,0,570.1799926757812,458.7300109863281,100,100,0.0026000000070780516
2325,ASCUS_1_patch09.png,0,755.8300170898438,483.19000244140625,100,100,0.0026000000070780516
2326,ASCUS_1_patch09.png,0,125.30999755859375,365.3599853515625,100,100,0.0026000000070780516
2327,ASCUS_1_patch09.png,0,557.3699951171875,133.86000061035156,100,100,0.0026000000070780516
2328,ASCUS_1_patch09.png,0,852.4099731445312,604.3400268554688,100,100,0.0026000000070780516
2329,ASCUS_1_patch09.png,0,730.1199951171875,699.02001953125,100,100,0.0026000000070780516
2330,ASCUS_1_patch09.png,0,68.16999816894531,669.9099731445312,100,100,0.0026000000070780516
2331,ASCUS_1_patch09.png,0,990.239990234375,771.5599975585938,100,100,0.0024999999441206455
2332,ASCUS_1_patch09.png,0,20.1299991607666,287.4200134277344,100,100,0.0024999999441206455
2333,ASCUS_1_patch09.png,0,529.219970703125,353.07000732421875,100,100,0.0024999999441206455
2334,ASCUS_1_patch09.png,0,788.02001953125,551.72998046875,100,100,0.0024999999441206455
2335,ASCUS_1_patch09.png,0,750.0900268554688,294.8900146484375,100,100,0.0024999999441206455
2336,ASCUS_1_patch09.png,0,988.4099731445312,392.3299865722656,100,100,0.002400000113993883
2337,ASCUS_1_patch09.png,0,238.10000610351562,347.1700134277344,100,100,0.002400000113993883
2338,ASCUS_1_patch09.png,0,332.5799865722656,924.2100219726562,100,100,0.002400000113993883
2339,ASCUS_1_patch09.png,0,971.5,543.6599731445312,100,100,0.002400000113993883
2340,ASCUS_1_patch09.png,0,309.1499938964844,582.989990234375,100,100,0.002400000113993883
2341,ASCUS_1_patch09.png,0,134.50999450683594,243.4600067138672,100,100,0.002400000113993883
2342,ASCUS_1_patch09.png,0,229.0,448.3500061035156,100,100,0.002300000051036477
2343,ASCUS_1_patch09.png,0,918.97998046875,858.3599853515625,100,100,0.002300000051036477
2344,ASCUS_1_patch09.png,0,561.6799926757812,868.3499755859375,100,100,0.002300000051036477
2345,ASCUS_1_patch09.png,0,183.92999267578125,102.97000122070312,100,100,0.002300000051036477
2346,ASCUS_1_patch09.png,0,476.1300048828125,731.6400146484375,100,100,0.002300000051036477
2347,ASCUS_1_patch09.png,0,464.8800048828125,255.27000427246094,100,100,0.002199999988079071
2348,ASCUS_1_patch09.png,0,748.52001953125,651.3599853515625,100,100,0.002199999988079071
2349,ASCUS_1_patch09.png,0,864.1500244140625,380.8900146484375,100,100,0.002099999925121665
2350,ASCUS_1_patch09.png,0,583.1900024414062,552.6699829101562,100,100,0.002099999925121665
2351,ASCUS_1_patch09.png,0,825.6099853515625,937.010009765625,100,100,0.002099999925121665
2352,ASCUS_1_patch09.png,0,998.02001953125,753.9600219726562,100,100,0.002099999925121665
2353,ASCUS_1_patch09.png,0,892.8499755859375,754.0,100,100,0.002099999925121665
2354,ASCUS_1_patch09.png,0,900.1799926757812,309.8599853515625,100,100,0.002099999925121665
2355,ASCUS_1_patch09.png,0,219.4199981689453,599.5999755859375,100,100,0.002099999925121665
2356,ASCUS_1_patch09.png,0,460.54998779296875,386.2900085449219,100,100,0.002099999925121665
2357,ASCUS_1_patch09.png,0,217.1199951171875,711.6400146484375,100,100,0.0020000000949949026
2358,ASCUS_1_patch09.png,0,538.9000244140625,494.1099853515625,100,100,0.0020000000949949026
2359,ASCUS_1_patch09.png,0,448.010009765625,793.719970703125,100,100,0.0020000000949949026
2360,ASCUS_1_patch09.png,0,803.0,73.61000061035156,100,100,0.0019000000320374966
2361,ASCUS_1_patch09.png,0,410.7900085449219,48.59000015258789,100,100,0.0019000000320374966
2362,ASCUS_1_patch09.png,0,817.6500244140625,769.530029296875,100,100,0.0019000000320374966
2363,ASCUS_1_patch09.png,0,502.2200012207031,593.780029296875,100,100,0.0019000000320374966
2364,ASCUS_1_patch09.png,0,361.07000732421875,693.47998046875,100,100,0.0017999999690800905
2365,ASCUS_1_patch09.png,0,878.4299926757812,759.6400146484375,100,100,0.0017999999690800905
2366,ASCUS_1_patch09.png,0,1010.5,778.5800170898438,100,100,0.0017999999690800905
2367,ASCUS_1_patch09.png,0,399.75,738.5700073242188,100,100,0.0017999999690800905
2368,ASCUS_1_patch09.png,0,483.9599914550781,931.2999877929688,100,100,0.0017999999690800905
2369,ASCUS_1_patch09.png,0,153.0,882.8300170898438,100,100,0.0015999999595806003
2370,ASCUS_1_patch09.png,0,654.780029296875,335.3800048828125,100,100,0.0015999999595806003
2371,ASCUS_1_patch09.png,0,75.77999877929688,417.489990234375,100,100,0.0015999999595806003
2372,ASCUS_1_patch09.png,0,321.1700134277344,44.66999816894531,100,100,0.0015999999595806003
2373,ASCUS_1_patch09.png,0,803.97998046875,59.459999084472656,100,100,0.0015999999595806003
2374,ASCUS_1_patch09.png,0,427.989990234375,830.0499877929688,100,100,0.0015999999595806003
2375,ASCUS_1_patch09.png,0,266.0199890136719,71.4800033569336,100,100,0.001500000013038516
2376,ASCUS_1_patch09.png,0,632.47998046875,906.8499755859375,100,100,0.001500000013038516
2377,ASCUS_1_patch09.png,0,733.3400268554688,468.8699951171875,100,100,0.001500000013038516
2378,ASCUS_1_patch09.png,0,34.290000915527344,627.2999877929688,100,100,0.00139999995008111
2379,ASCUS_1_patch09.png,0,168.8000030517578,903.719970703125,100,100,0.00139999995008111
2380,ASCUS_1_patch09.png,0,735.5399780273438,322.1499938964844,100,100,0.00139999995008111
2381,ASCUS_1_patch09.png,0,118.58000183105469,58.7599983215332,100,100,0.00139999995008111
2382,ASCUS_1_patch09.png,0,224.80999755859375,218.41000366210938,100,100,0.00139999995008111
2383,ASCUS_1_patch09.png,0,896.27001953125,840.02001953125,100,100,0.0013000000035390258
2384,ASCUS_1_patch09.png,0,807.4000244140625,916.530029296875,100,100,0.0013000000035390258
2385,ASCUS_1_patch09.png,0,223.32000732421875,252.2100067138672,100,100,0.0012000000569969416
2386,ASCUS_1_patch09.png,0,495.9100036621094,730.6400146484375,100,100,0.0012000000569969416
2387,ASCUS_1_patch09.png,0,147.97999572753906,713.47998046875,100,100,0.0012000000569969416
2388,ASCUS_1_patch09.png,0,140.10000610351562,678.1699829101562,100,100,0.0010999999940395355
2389,ASCUS_1_patch10.png,0,345.95,260.4,100,100,0.7518
2390,ASCUS_1_patch10.png,0,453.09,94.44,100,100,0.7507
2391,ASCUS_1_patch10.png,0,128.01,229.69,100,100,0.7459
2392,ASCUS_1_patch10.png,0,504.83,497.45,100,100,0.7388
2393,ASCUS_1_patch10.png,0,206.74,73.9,100,100,0.7369
2394,ASCUS_1_patch10.png,0,668.08,96.88,100,100,0.7338
2395,ASCUS_1_patch10.png,0,73.87,94.78,100,100,0.7253
2396,ASCUS_1_patch10.png,0,994.86,195.22,100,100,0.713
2397,ASCUS_1_patch10.png,0,258.63,442.75,100,100,0.7102
2398,ASCUS_1_patch10.png,0,404.79,846.35,100,100,0.7072
2399,ASCUS_1_patch10.png,0,502.12,373.68,100,100,0.707
2400,ASCUS_1_patch10.png,0,180.94,353.2,100,100,0.7048
2401,ASCUS_1_patch10.png,0,106.74,387.49,100,100,0.7038
2402,ASCUS_1_patch10.png,0,540.42,193.36,100,100,0.7004
2403,ASCUS_1_patch10.png,0,888.5,831.91,100,100,0.6942
2404,ASCUS_1_patch10.png,0,585.5,65.55,100,100,0.6881
2405,ASCUS_1_patch10.png,0,944.23,405.63,100,100,0.6865
2406,ASCUS_1_patch10.png,0,228.23,778.91,100,100,0.6849
2407,ASCUS_1_patch10.png,0,673.08,305.34,100,100,0.6754
2408,ASCUS_1_patch10.png,0,379.04,427.01,100,100,0.6646
2409,ASCUS_1_patch10.png,0,671.74,448.41,100,100,0.6597
2410,ASCUS_1_patch10.png,0,39.65,493.18,100,100,0.6456
2411,ASCUS_1_patch10.png,0,261.35,658.8,100,100,0.6261
2412,ASCUS_1_patch10.png,0,433.7,581.09,100,100,0.619
2413,ASCUS_1_patch10.png,0,353.82,582.5,100,100,0.6121
2414,ASCUS_1_patch10.png,0,571.11,839.73,100,100,0.6097
2415,ASCUS_1_patch10.png,0,281.99,798.08,100,100,0.6038
2416,ASCUS_1_patch10.png,0,344.96,1008.51,100,100,0.5868
2417,ASCUS_1_patch10.png,0,450.21,759.65,100,100,0.5862
2418,ASCUS_1_patch10.png,0,783.99,876.12,100,100,0.5708
2419,ASCUS_1_patch10.png,0,116.69,893.08,100,100,0.5632
2420,ASCUS_1_patch10.png,0,62.17,871.58,100,100,0.5632
2421,ASCUS_1_patch10.png,0,481.29,851.96,100,100,0.5429
2422,ASCUS_1_patch10.png,0,181.76,528.7,100,100,0.5351
2423,ASCUS_1_patch10.png,0,234.35,211.47,100,100,0.5289
2424,ASCUS_1_patch10.png,0,974.39,338.06,100,100,0.5226
2425,ASCUS_1_patch10.png,0,17.64,380.93,100,100,0.5221
2426,ASCUS_1_patch10.png,0,99.76,759.66,100,100,0.5177
2427,ASCUS_1_patch10.png,0,214.48,591.33,100,100,0.5072
2428,ASCUS_1_patch10.png,0,669.18,799.99,100,100,0.455
2429,ASCUS_1_patch10.png,0,472.33,641.3,100,100,0.4525
2430,ASCUS_1_patch10.png,0,545.33,571.77,100,100,0.4523
2431,ASCUS_1_patch10.png,0,126.26,738.4,100,100,0.4297
2432,ASCUS_1_patch10.png,0,13.24,599.98,100,100,0.4166
2433,ASCUS_1_patch10.png,0,756.58,1011.77,100,100,0.3865
2434,ASCUS_1_patch10.png,0,1009.26,571.96,100,100,0.3637
2435,ASCUS_1_patch10.png,0,119.38,627.36,100,100,0.3611
2436,ASCUS_1_patch10.png,0,283.96,710.05,100,100,0.3576
2437,ASCUS_1_patch10.png,0,702.62,477.88,100,100,0.3484
2438,ASCUS_1_patch10.png,0,733.21,821.95,100,100,0.3454
2439,ASCUS_1_patch10.png,0,970.92,956.59,100,100,0.3423
2440,ASCUS_1_patch10.png,0,487.4,541.28,100,100,0.3077
2441,ASCUS_1_patch10.png,0,877.9199829101562,1002.6900024414062,100,100,0.30720001459121704
2442,ASCUS_1_patch10.png,0,822.38,530.33,100,100,0.299
2443,ASCUS_1_patch10.png,0,450.8,968.92,100,100,0.2981
2444,ASCUS_1_patch10.png,0,55.7599983215332,610.8099975585938,100,100,0.29750001430511475
2445,ASCUS_1_patch10.png,0,846.06,501.23,100,100,0.2758
2446,ASCUS_1_patch10.png,0,498.010009765625,8.0,100,100,0.2757999897003174
2447,ASCUS_1_patch10.png,0,211.0,966.23,100,100,0.2681
2448,ASCUS_1_patch10.png,0,268.0,302.0,100,100,0.2425580471754074
2449,ASCUS_1_patch10.png,0,6.309999942779541,118.69000244140625,100,100,0.24040000140666962
2450,ASCUS_1_patch10.png,0,397.2900085449219,1016.5499877929688,100,100,0.23600000143051147
2451,ASCUS_1_patch10.png,0,1013.1599731445312,894.0999755859375,100,100,0.2273000031709671
2452,ASCUS_1_patch10.png,0,530.32,707.49,100,100,0.1969
2453,ASCUS_1_patch10.png,0,622.75,993.1099853515625,100,100,0.18379999697208405
2454,ASCUS_1_patch10.png,0,415.16,679.61,100,100,0.1783
2455,ASCUS_1_patch10.png,0,506.15,1006.02,100,100,0.1762
2456,ASCUS_1_patch10.png,0,72.73999786376953,33.06999969482422,100,100,0.17069999873638153
2457,ASCUS_1_patch10.png,0,616.6900024414062,560.4500122070312,100,100,0.1428000032901764
2458,ASCUS_1_patch10.png,0,265.1199951171875,109.31999969482422,100,100,0.1348000019788742
2459,ASCUS_1_patch10.png,0,63.900001525878906,802.2100219726562,100,100,0.13359999656677246
2460,ASCUS_1_patch10.png,0,714.3800048828125,388.3800048828125,100,100,0.13169999420642853
2461,ASCUS_1_patch10.png,0,800.530029296875,1014.0499877929688,100,100,0.1306000053882599
2462,ASCUS_1_patch10.png,0,803.469970703125,635.72998046875,100,100,0.10499999672174454
2463,ASCUS_1_patch10.png,0,47.380001068115234,940.75,100,100,0.0885000005364418
2464,ASCUS_1_patch10.png,0,62.63999938964844,652.77001953125,100,100,0.08079999685287476
2465,ASCUS_1_patch10.png,0,873.5499877929688,1013.9500122070312,100,100,0.07680000364780426
2466,ASCUS_1_patch10.png,0,772.02001953125,879.5499877929688,100,100,0.07460000365972519
2467,ASCUS_1_patch10.png,0,860.1300048828125,490.5400085449219,100,100,0.0714000016450882
2468,ASCUS_1_patch10.png,0,373.2799987792969,417.0400085449219,100,100,0.04989999905228615
2469,ASCUS_1_patch10.png,0,118.91000366210938,843.5800170898438,100,100,0.04910000041127205
2470,ASCUS_1_patch10.png,0,563.7899780273438,768.5900268554688,100,100,0.042399998754262924
2471,ASCUS_1_patch10.png,0,989.989990234375,415.260009765625,100,100,0.04100000113248825
2472,ASCUS_1_patch10.png,0,251.89999389648438,140.3699951171875,100,100,0.03819999843835831
2473,ASCUS_1_patch10.png,0,43.97999954223633,192.6699981689453,100,100,0.031300000846385956
2474,ASCUS_1_patch10.png,0,1011.7899780273438,393.75,100,100,0.029899999499320984
2475,ASCUS_1_patch10.png,0,459.489990234375,751.4500122070312,100,100,0.029600000008940697
2476,ASCUS_1_patch10.png,0,343.67999267578125,574.8300170898438,100,100,0.029100000858306885
2477,ASCUS_1_patch10.png,0,962.9199829101562,328.94000244140625,100,100,0.028300000354647636
2478,ASCUS_1_patch10.png,0,49.81999969482422,709.0900268554688,100,100,0.027699999511241913
2479,ASCUS_1_patch10.png,0,532.0999755859375,685.4299926757812,100,100,0.027300000190734863
2480,ASCUS_1_patch10.png,0,539.989990234375,975.0499877929688,100,100,0.026799999177455902
2481,ASCUS_1_patch10.png,0,122.76000213623047,553.1400146484375,100,100,0.026200000196695328
2482,ASCUS_1_patch10.png,0,230.57000732421875,605.0499877929688,100,100,0.024700000882148743
2483,ASCUS_1_patch10.png,0,152.1699981689453,643.6699829101562,100,100,0.022099999710917473
2484,ASCUS_1_patch10.png,0,227.0800018310547,727.2000122070312,100,100,0.0203000009059906
2485,ASCUS_1_patch10.png,0,1019.02001953125,372.739990234375,100,100,0.01889999955892563
2486,ASCUS_1_patch10.png,0,304.94000244140625,832.72998046875,100,100,0.018799999728798866
2487,ASCUS_1_patch10.png,0,826.3599853515625,494.2900085449219,100,100,0.01679999940097332
2488,ASCUS_1_patch10.png,0,1018.7100219726562,579.2100219726562,100,100,0.014499999582767487
2489,ASCUS_1_patch10.png,0,608.3900146484375,494.5899963378906,100,100,0.0142000000923872
2490,ASCUS_1_patch10.png,0,779.7999877929688,521.8200073242188,100,100,0.014100000262260437
2491,ASCUS_1_patch10.png,0,832.239990234375,516.8599853515625,100,100,0.01360000018030405
2492,ASCUS_1_patch10.png,0,48.16999816894531,870.9199829101562,100,100,0.013199999928474426
2493,ASCUS_1_patch10.png,0,360.7699890136719,593.6699829101562,100,100,0.013000000268220901
2494,ASCUS_1_patch10.png,0,50.93000030517578,483.6000061035156,100,100,0.012500000186264515
2495,ASCUS_1_patch10.png,0,796.739990234375,880.280029296875,100,100,0.012199999764561653
2496,ASCUS_1_patch10.png,0,6.710000038146973,589.4199829101562,100,100,0.011900000274181366
2497,ASCUS_1_patch10.png,0,125.23999786376953,830.72998046875,100,100,0.011800000444054604
2498,ASCUS_1_patch10.png,0,199.30999755859375,376.8800048828125,100,100,0.011599999852478504
2499,ASCUS_1_patch10.png,0,502.4700012207031,907.02001953125,100,100,0.011099999770522118
2500,ASCUS_1_patch10.png,0,393.5799865722656,572.3099975585938,100,100,0.010999999940395355
2501,ASCUS_1_patch10.png,0,801.4400024414062,869.4299926757812,100,100,0.01080000028014183
2502,ASCUS_1_patch10.png,0,916.5900268554688,490.4800109863281,100,100,0.010700000450015068
2503,ASCUS_1_patch10.png,0,126.72000122070312,884.2100219726562,100,100,0.010400000028312206
2504,ASCUS_1_patch10.png,0,222.64999389648438,953.7999877929688,100,100,0.009800000116229057
2505,ASCUS_1_patch10.png,0,382.1199951171875,616.8200073242188,100,100,0.008999999612569809
2506,ASCUS_1_patch10.png,0,683.4500122070312,298.2300109863281,100,100,0.008899999782443047
2507,ASCUS_1_patch10.png,0,7.059999942779541,391.8500061035156,100,100,0.008799999952316284
2508,ASCUS_1_patch10.png,0,536.5399780273438,559.969970703125,100,100,0.008799999952316284
2509,ASCUS_1_patch10.png,0,418.4599914550781,626.780029296875,100,100,0.008700000122189522
2510,ASCUS_1_patch10.png,0,333.6099853515625,1011.9400024414062,100,100,0.00860000029206276
2511,ASCUS_1_patch10.png,0,214.89999389648438,62.33000183105469,100,100,0.008200000040233135
2512,ASCUS_1_patch10.png,0,318.8299865722656,849.2899780273438,100,100,0.008100000210106373
2513,ASCUS_1_patch10.png,0,77.4800033569336,791.0700073242188,100,100,0.00800000037997961
2514,ASCUS_1_patch10.png,0,680.6199951171875,93.77999877929688,100,100,0.007799999788403511
2515,ASCUS_1_patch10.png,0,439.82000732421875,1018.7100219726562,100,100,0.007300000172108412
2516,ASCUS_1_patch10.png,0,109.0999984741211,743.760009765625,100,100,0.007300000172108412
2517,ASCUS_1_patch10.png,0,337.4800109863281,250.89999389648438,100,100,0.007199999876320362
2518,ASCUS_1_patch10.png,0,488.8299865722656,369.6099853515625,100,100,0.007000000216066837
2519,ASCUS_1_patch10.png,0,488.4800109863281,832.3400268554688,100,100,0.006899999920278788
2520,ASCUS_1_patch10.png,0,393.4599914550781,834.3300170898438,100,100,0.006899999920278788
2521,ASCUS_1_patch10.png,0,118.01000213623047,380.1000061035156,100,100,0.0066999997943639755
2522,ASCUS_1_patch10.png,0,391.4599914550781,435.3900146484375,100,100,0.006399999838322401
2523,ASCUS_1_patch10.png,0,659.4600219726562,88.16999816894531,100,100,0.006300000008195639
2524,ASCUS_1_patch10.png,0,64.8499984741211,703.219970703125,100,100,0.006200000178068876
2525,ASCUS_1_patch10.png,0,236.9499969482422,767.9500122070312,100,100,0.006200000178068876
2526,ASCUS_1_patch10.png,0,202.66000366210938,581.5,100,100,0.006099999882280827
2527,ASCUS_1_patch10.png,0,554.1199951171875,186.74000549316406,100,100,0.006099999882280827
2528,ASCUS_1_patch10.png,0,598.1599731445312,62.90999984741211,100,100,0.006099999882280827
2529,ASCUS_1_patch10.png,0,30.0,484.7099914550781,100,100,0.005900000222027302
2530,ASCUS_1_patch10.png,0,438.0400085449219,753.9000244140625,100,100,0.005900000222027302
2531,ASCUS_1_patch10.png,0,530.3599853515625,185.10000610351562,100,100,0.005900000222027302
2532,ASCUS_1_patch10.png,0,413.7799987792969,834.22998046875,100,100,0.00570000009611249
2533,ASCUS_1_patch10.png,0,94.43000030517578,701.530029296875,100,100,0.00570000009611249
2534,ASCUS_1_patch10.png,0,900.0999755859375,556.3099975585938,100,100,0.005499999970197678
2535,ASCUS_1_patch10.png,0,271.739990234375,700.7000122070312,100,100,0.005499999970197678
2536,ASCUS_1_patch10.png,0,373.0400085449219,574.25,100,100,0.005400000140070915
2537,ASCUS_1_patch10.png,0,809.2899780273438,484.6700134277344,100,100,0.005400000140070915
2538,ASCUS_1_patch10.png,0,445.6000061035156,84.08000183105469,100,100,0.0052999998442828655
2539,ASCUS_1_patch10.png,0,13.680000305175781,368.2799987792969,100,100,0.0052999998442828655
2540,ASCUS_1_patch10.png,0,582.1900024414062,828.5,100,100,0.005200000014156103
2541,ASCUS_1_patch10.png,0,725.030029296875,812.3599853515625,100,100,0.005200000014156103
2542,ASCUS_1_patch10.png,0,137.4499969482422,745.3800048828125,100,100,0.005200000014156103
2543,ASCUS_1_patch10.png,0,356.57000732421875,253.60000610351562,100,100,0.005100000184029341
2544,ASCUS_1_patch10.png,0,900.260009765625,825.739990234375,100,100,0.005100000184029341
2545,ASCUS_1_patch10.png,0,509.7099914550781,485.5,100,100,0.005100000184029341
2546,ASCUS_1_patch10.png,0,886.8599853515625,688.8699951171875,100,100,0.004999999888241291
2547,ASCUS_1_patch10.png,0,1017.3499755859375,559.72998046875,100,100,0.004900000058114529
2548,ASCUS_1_patch10.png,0,5.25,609.6900024414062,100,100,0.004900000058114529
2549,ASCUS_1_patch10.png,0,658.260009765625,444.7900085449219,100,100,0.004900000058114529
2550,ASCUS_1_patch10.png,0,952.469970703125,394.739990234375,100,100,0.004900000058114529
2551,ASCUS_1_patch10.png,0,983.9500122070312,186.5800018310547,100,100,0.004800000227987766
2552,ASCUS_1_patch10.png,0,519.3499755859375,496.9800109863281,100,100,0.004800000227987766
2553,ASCUS_1_patch10.png,0,61.619998931884766,84.25,100,100,0.004699999932199717
2554,ASCUS_1_patch10.png,0,270.1400146484375,671.6599731445312,100,100,0.004699999932199717
2555,ASCUS_1_patch10.png,0,370.6300048828125,436.95001220703125,100,100,0.004600000102072954
2556,ASCUS_1_patch10.png,0,209.6199951171875,734.530029296875,100,100,0.004600000102072954
2557,ASCUS_1_patch10.png,0,249.8000030517578,435.1300048828125,100,100,0.004600000102072954
2558,ASCUS_1_patch10.png,0,250.0,646.3800048828125,100,100,0.004600000102072954
2559,ASCUS_1_patch10.png,0,665.3099975585938,314.69000244140625,100,100,0.0044999998062849045
2560,ASCUS_1_patch10.png,0,415.3699951171875,852.989990234375,100,100,0.004399999976158142
2561,ASCUS_1_patch10.png,0,467.510009765625,20.6200008392334,100,100,0.004399999976158142
2562,ASCUS_1_patch10.png,0,393.3599853515625,411.2900085449219,100,100,0.004399999976158142
2563,ASCUS_1_patch10.png,0,74.0,863.6599731445312,100,100,0.004399999976158142
2564,ASCUS_1_patch10.png,0,244.9199981689453,203.4600067138672,100,100,0.004399999976158142
2565,ASCUS_1_patch10.png,0,931.0999755859375,401.0,100,100,0.00430000014603138
2566,ASCUS_1_patch10.png,0,355.04998779296875,561.4199829101562,100,100,0.00430000014603138
2567,ASCUS_1_patch10.png,0,508.9200134277344,361.6300048828125,100,100,0.00419999985024333
2568,ASCUS_1_patch10.png,0,875.8400268554688,827.2899780273438,100,100,0.004100000020116568
2569,ASCUS_1_patch10.png,0,113.95999908447266,230.61000061035156,100,100,0.004000000189989805
2570,ASCUS_1_patch10.png,0,683.3800048828125,439.9599914550781,100,100,0.004000000189989805
2571,ASCUS_1_patch10.png,0,889.5800170898438,1016.1099853515625,100,100,0.0038999998942017555
2572,ASCUS_1_patch10.png,0,985.5499877929688,325.4700012207031,100,100,0.0038999998942017555
2573,ASCUS_1_patch10.png,0,188.0,340.0199890136719,100,100,0.0038999998942017555
2574,ASCUS_1_patch10.png,0,138.83999633789062,218.32000732421875,100,100,0.0038999998942017555
2575,ASCUS_1_patch10.png,0,778.7100219726562,863.3699951171875,100,100,0.0038999998942017555
2576,ASCUS_1_patch10.png,0,152.9499969482422,330.8699951171875,100,100,0.003800000064074993
2577,ASCUS_1_patch10.png,0,195.0,63.16999816894531,100,100,0.003800000064074993
2578,ASCUS_1_patch10.png,0,525.9199829101562,196.47000122070312,100,100,0.003800000064074993
2579,ASCUS_1_patch10.png,0,137.52999877929688,638.5700073242188,100,100,0.003800000064074993
2580,ASCUS_1_patch10.png,0,1004.27001953125,561.719970703125,100,100,0.003800000064074993
2581,ASCUS_1_patch10.png,0,1003.97998046875,185.3000030517578,100,100,0.003800000064074993
2582,ASCUS_1_patch10.png,0,274.2699890136719,652.1900024414062,100,100,0.003800000064074993
2583,ASCUS_1_patch10.png,0,1014.260009765625,319.4800109863281,100,100,0.003700000001117587
2584,ASCUS_1_patch10.png,0,78.79000091552734,80.77999877929688,100,100,0.003700000001117587
2585,ASCUS_1_patch10.png,0,203.33999633789062,214.08999633789062,100,100,0.003700000001117587
2586,ASCUS_1_patch10.png,0,491.8599853515625,493.4200134277344,100,100,0.003700000001117587
2587,ASCUS_1_patch10.png,0,93.19000244140625,385.1400146484375,100,100,0.003700000001117587
2588,ASCUS_1_patch10.png,0,170.99000549316406,360.6099853515625,100,100,0.003700000001117587
2589,ASCUS_1_patch10.png,0,998.8800048828125,322.739990234375,100,100,0.003599999938160181
2590,ASCUS_1_patch10.png,0,439.5299987792969,564.9299926757812,100,100,0.003599999938160181
2591,ASCUS_1_patch10.png,0,222.33999633789062,204.35000610351562,100,100,0.0035000001080334187
2592,ASCUS_1_patch10.png,0,660.8499755859375,298.57000732421875,100,100,0.0035000001080334187
2593,ASCUS_1_patch10.png,0,982.7899780273438,200.25999450683594,100,100,0.0034000000450760126
2594,ASCUS_1_patch10.png,0,434.2200012207031,5.289999961853027,100,100,0.0034000000450760126
2595,ASCUS_1_patch10.png,0,81.13999938964844,802.5700073242188,100,100,0.0034000000450760126
2596,ASCUS_1_patch10.png,0,270.2699890136719,436.4800109863281,100,100,0.0034000000450760126
2597,ASCUS_1_patch10.png,0,106.98999786376953,619.0900268554688,100,100,0.0034000000450760126
2598,ASCUS_1_patch10.png,0,460.8800048828125,83.45999908447266,100,100,0.0034000000450760126
2599,ASCUS_1_patch10.png,0,173.0399932861328,518.25,100,100,0.0032999999821186066
2600,ASCUS_1_patch10.png,0,139.91000366210938,730.0800170898438,100,100,0.0031999999191612005
2601,ASCUS_1_patch10.png,0,414.9800109863281,575.7999877929688,100,100,0.003100000089034438
2602,ASCUS_1_patch10.png,0,974.0800170898438,321.1199951171875,100,100,0.003100000089034438
2603,ASCUS_1_patch10.png,0,571.030029296875,65.58000183105469,100,100,0.003000000026077032
2604,ASCUS_1_patch10.png,0,624.489990234375,550.75,100,100,0.00279999990016222
2605,ASCUS_1_patch10.png,0,316.3399963378906,42.7599983215332,100,100,0.00279999990016222
2606,ASCUS_1_patch10.png,0,273.1099853515625,786.780029296875,100,100,0.0027000000700354576
2607,ASCUS_1_patch10.png,0,750.9600219726562,582.2999877929688,100,100,0.0027000000700354576
2608,ASCUS_1_patch10.png,0,200.92999267578125,711.9199829101562,100,100,0.0026000000070780516
2609,ASCUS_1_patch10.png,0,540.0399780273438,718.0599975585938,100,100,0.0026000000070780516
2610,ASCUS_1_patch10.png,0,299.57000732421875,710.489990234375,100,100,0.0026000000070780516
2611,ASCUS_1_patch10.png,0,137.1300048828125,241.1199951171875,100,100,0.0026000000070780516
2612,ASCUS_1_patch10.png,0,472.42999267578125,466.29998779296875,100,100,0.0026000000070780516
2613,ASCUS_1_patch10.png,0,421.3500061035156,1017.7999877929688,100,100,0.0026000000070780516
2614,ASCUS_1_patch10.png,0,665.0599975585938,461.6700134277344,100,100,0.0026000000070780516
2615,ASCUS_1_patch10.png,0,685.510009765625,313.6000061035156,100,100,0.0024999999441206455
2616,ASCUS_1_patch10.png,0,758.4199829101562,875.1400146484375,100,100,0.0024999999441206455
2617,ASCUS_1_patch10.png,0,27.40999984741211,374.510009765625,100,100,0.0024999999441206455
2618,ASCUS_1_patch10.png,0,441.739990234375,100.83000183105469,100,100,0.0024999999441206455
2619,ASCUS_1_patch10.png,0,196.6199951171875,354.3500061035156,100,100,0.0024999999441206455
2620,ASCUS_1_patch10.png,0,125.19999694824219,613.75,100,100,0.0024999999441206455
2621,ASCUS_1_patch10.png,0,283.32000732421875,689.97998046875,100,100,0.0024999999441206455
2622,ASCUS_1_patch10.png,0,769.4400024414062,1017.8300170898438,100,100,0.002400000113993883
2623,ASCUS_1_patch10.png,0,557.6300048828125,832.0499877929688,100,100,0.002400000113993883
2624,ASCUS_1_patch10.png,0,519.7000122070312,372.79998779296875,100,100,0.002400000113993883
2625,ASCUS_1_patch10.png,0,112.54000091552734,728.7100219726562,100,100,0.002400000113993883
2626,ASCUS_1_patch10.png,0,938.2899780273438,390.7699890136719,100,100,0.002300000051036477
2627,ASCUS_1_patch10.png,0,330.3299865722656,999.989990234375,100,100,0.002300000051036477
2628,ASCUS_1_patch10.png,0,293.1300048828125,788.1900024414062,100,100,0.002300000051036477
2629,ASCUS_1_patch10.png,0,1017.260009765625,204.35000610351562,100,100,0.002199999988079071
2630,ASCUS_1_patch10.png,0,496.7900085449219,532.1900024414062,100,100,0.002199999988079071
2631,ASCUS_1_patch10.png,0,138.3699951171875,553.77001953125,100,100,0.002199999988079071
2632,ASCUS_1_patch10.png,0,134.0399932861328,848.0700073242188,100,100,0.002199999988079071
2633,ASCUS_1_patch10.png,0,972.6300048828125,353.8399963378906,100,100,0.002199999988079071
2634,ASCUS_1_patch10.png,0,654.6900024414062,100.69999694824219,100,100,0.002099999925121665
2635,ASCUS_1_patch10.png,0,439.95001220703125,712.8900146484375,100,100,0.002099999925121665
2636,ASCUS_1_patch10.png,0,693.3400268554688,461.6499938964844,100,100,0.002099999925121665
2637,ASCUS_1_patch10.png,0,42.0,602.4299926757812,100,100,0.002099999925121665
2638,ASCUS_1_patch10.png,0,49.02000045776367,803.3599853515625,100,100,0.002099999925121665
2639,ASCUS_1_patch10.png,0,258.239990234375,679.6199951171875,100,100,0.0020000000949949026
2640,ASCUS_1_patch10.png,0,103.94000244140625,638.7999877929688,100,100,0.0020000000949949026
2641,ASCUS_1_patch10.png,0,244.27999877929688,698.3699951171875,100,100,0.0020000000949949026
2642,ASCUS_1_patch10.png,0,743.8900146484375,812.8599853515625,100,100,0.0020000000949949026
2643,ASCUS_1_patch10.png,0,430.8599853515625,339.3999938964844,100,100,0.0020000000949949026
2644,ASCUS_1_patch10.png,0,367.0899963378906,1013.3200073242188,100,100,0.0020000000949949026
2645,ASCUS_1_patch10.png,0,465.239990234375,954.02001953125,100,100,0.0020000000949949026
2646,ASCUS_1_patch10.png,0,344.7300109863281,597.0,100,100,0.0020000000949949026
2647,ASCUS_1_patch10.png,0,437.760009765625,971.010009765625,100,100,0.0019000000320374966
2648,ASCUS_1_patch10.png,0,374.6499938964844,605.4299926757812,100,100,0.0019000000320374966
2649,ASCUS_1_patch10.png,0,169.55999755859375,336.0799865722656,100,100,0.0019000000320374966
2650,ASCUS_1_patch10.png,0,965.4400024414062,404.9800109863281,100,100,0.0017999999690800905
2651,ASCUS_1_patch10.png,0,148.2899932861328,625.030029296875,100,100,0.0017999999690800905
2652,ASCUS_1_patch10.png,0,553.1799926757812,580.7899780273438,100,100,0.0017999999690800905
2653,ASCUS_1_patch10.png,0,952.9199829101562,335.1400146484375,100,100,0.0017000000225380063
2654,ASCUS_1_patch10.png,0,335.79998779296875,58.939998626708984,100,100,0.0017000000225380063
2655,ASCUS_1_patch10.png,0,542.8200073242188,693.1199951171875,100,100,0.0017000000225380063
2656,ASCUS_1_patch10.png,0,710.9400024414062,456.9200134277344,100,100,0.0015999999595806003
2657,ASCUS_1_patch10.png,0,22.739999771118164,605.9099731445312,100,100,0.0015999999595806003
2658,ASCUS_1_patch10.png,0,484.6600036621094,473.2300109863281,100,100,0.0015999999595806003
2659,ASCUS_1_patch10.png,0,607.52001953125,519.0399780273438,100,100,0.001500000013038516
2660,ASCUS_1_patch10.png,0,850.719970703125,481.5,100,100,0.001500000013038516
2661,ASCUS_1_patch10.png,0,206.8699951171875,600.7899780273438,100,100,0.001500000013038516
2662,ASCUS_1_patch10.png,0,361.4599914550781,423.2099914550781,100,100,0.001500000013038516
2663,ASCUS_1_patch10.png,0,238.92999267578125,1018.6099853515625,100,100,0.00139999995008111
2664,ASCUS_1_patch10.png,0,39.380001068115234,929.5800170898438,100,100,0.00139999995008111
2665,ASCUS_1_patch10.png,0,544.4400024414062,177.77999877929688,100,100,0.0013000000035390258
2666,ASCUS_1_patch10.png,0,81.55999755859375,107.61000061035156,100,100,0.0013000000035390258
2667,ASCUS_1_patch10.png,0,269.8299865722656,98.12000274658203,100,100,0.0013000000035390258
2668,ASCUS_1_patch10.png,0,427.57000732421875,689.1599731445312,100,100,0.0012000000569969416
2669,ASCUS_1_patch10.png,0,661.6599731445312,788.8699951171875,100,100,0.0012000000569969416
2670,ASCUS_1_patch10.png,0,501.19000244140625,840.3200073242188,100,100,0.0012000000569969416
2671,ASCUS_1_patch10.png,0,688.0599975585938,500.3500061035156,100,100,0.0012000000569969416
2672,ASCUS_1_patch10.png,0,994.9299926757812,401.92999267578125,100,100,0.0010999999940395355
2673,ASCUS_1_patch10.png,0,61.40999984741211,622.1500244140625,100,100,0.0010000000474974513
2674,ASCUS_1_patch11.png,0,348.34,86.08,100,100,0.7591
2675,ASCUS_1_patch11.png,0,875.54,367.8,100,100,0.7538
2676,ASCUS_1_patch11.png,0,742.05,871.2,100,100,0.7389
2677,ASCUS_1_patch11.png,0,476.39,57.7,100,100,0.7314
2678,ASCUS_1_patch11.png,0,512.27,182.31,100,100,0.7193
2679,ASCUS_1_patch11.png,0,41.88,320.99,100,100,0.7139
2680,ASCUS_1_patch11.png,0,371.96,616.97,100,100,0.7088
2681,ASCUS_1_patch11.png,0,58.68,482.15,100,100,0.7071
2682,ASCUS_1_patch11.png,0,381.41,988.13,100,100,0.7041
2683,ASCUS_1_patch11.png,0,604.21,721.67,100,100,0.7011
2684,ASCUS_1_patch11.png,0,57.46,815.19,100,100,0.6993
2685,ASCUS_1_patch11.png,0,632.14,888.4,100,100,0.696
2686,ASCUS_1_patch11.png,0,840.71,923.07,100,100,0.6957
2687,ASCUS_1_patch11.png,0,633.3,817.9,100,100,0.6921
2688,ASCUS_1_patch11.png,0,753.8,674.67,100,100,0.6893
2689,ASCUS_1_patch11.png,0,419.27,340.89,100,100,0.6891
2690,ASCUS_1_patch11.png,0,292.27,670.98,100,100,0.6866
2691,ASCUS_1_patch11.png,0,921.51,416.6,100,100,0.6843
2692,ASCUS_1_patch11.png,0,571.64,451.46,100,100,0.6822
2693,ASCUS_1_patch11.png,0,413.74,876.43,100,100,0.6815
2694,ASCUS_1_patch11.png,0,42.98,37.16,100,100,0.6805
2695,ASCUS_1_patch11.png,0,528.36,907.65,100,100,0.6772
2696,ASCUS_1_patch11.png,0,977.09,345.29,100,100,0.6677
2697,ASCUS_1_patch11.png,0,848.23,549.17,100,100,0.6674
2698,ASCUS_1_patch11.png,0,689.16,545.99,100,100,0.6604
2699,ASCUS_1_patch11.png,0,396.62,129.03,100,100,0.6584
2700,ASCUS_1_patch11.png,0,640.12,668.68,100,100,0.6583
2701,ASCUS_1_patch11.png,0,172.65,149.96,100,100,0.6539
2702,ASCUS_1_patch11.png,0,682.86,756.77,100,100,0.6513
2703,ASCUS_1_patch11.png,0,551.23,606.18,100,100,0.6513
2704,ASCUS_1_patch11.png,0,301.3,441.39,100,100,0.6511
2705,ASCUS_1_patch11.png,0,212.99,74.38,100,100,0.651
2706,ASCUS_1_patch11.png,0,58.93,914.69,100,100,0.6463
2707,ASCUS_1_patch11.png,0,819.48,759.08,100,100,0.6443
2708,ASCUS_1_patch11.png,0,301.94,303.06,100,100,0.634
2709,ASCUS_1_patch11.png,0,398.72,739.93,100,100,0.6335
2710,ASCUS_1_patch11.png,0,561.88,963.29,100,100,0.6282
2711,ASCUS_1_patch11.png,0,761.92,303.07,100,100,0.6269
2712,ASCUS_1_patch11.png,0,723.42,455.11,100,100,0.6159
2713,ASCUS_1_patch11.png,0,944.63,617.95,100,100,0.6092
2714,ASCUS_1_patch11.png,0,501.12,849.85,100,100,0.609
2715,ASCUS_1_patch11.png,0,71.76,731.35,100,100,0.6082
2716,ASCUS_1_patch11.png,0,163.7,749.64,100,100,0.6036
2717,ASCUS_1_patch11.png,0,924.29,811.14,100,100,0.6011
2718,ASCUS_1_patch11.png,0,249.72,805.14,100,100,0.5931
2719,ASCUS_1_patch11.png,0,913.81,101.7,100,100,0.5854
2720,ASCUS_1_patch11.png,0,130.47,14.72,100,100,0.5807
2721,ASCUS_1_patch11.png,0,987.1,798.46,100,100,0.5769
2722,ASCUS_1_patch11.png,0,927.38,746.4,100,100,0.563
2723,ASCUS_1_patch11.png,0,701.62,359.01,100,100,0.5622
2724,ASCUS_1_patch11.png,0,263.06,566.76,100,100,0.5619
2725,ASCUS_1_patch11.png,0,445.12,793.62,100,100,0.5617
2726,ASCUS_1_patch11.png,0,433.56,588.53,100,100,0.5578
2727,ASCUS_1_patch11.png,0,603.33,182.67,100,100,0.5577
2728,ASCUS_1_patch11.png,0,960.24,881.36,100,100,0.5539
2729,ASCUS_1_patch11.png,0,173.53,889.82,100,100,0.5435
2730,ASCUS_1_patch11.png,0,578.9,388.86,100,100,0.5433
2731,ASCUS_1_patch11.png,0,174.39,246.04,100,100,0.5431
2732,ASCUS_1_patch11.png,0,536.39,302.21,100,100,0.5398
2733,ASCUS_1_patch11.png,0,307.43,201.28,100,100,0.5383
2734,ASCUS_1_patch11.png,0,125.83,927.6,100,100,0.5333
2735,ASCUS_1_patch11.png,0,962.95,945.55,100,100,0.5328
2736,ASCUS_1_patch11.png,0,483.9,516.46,100,100,0.5319
2737,ASCUS_1_patch11.png,0,33.95,561.71,100,100,0.5317
2738,ASCUS_1_patch11.png,0,457.41,442.32,100,100,0.5316
2739,ASCUS_1_patch11.png,0,193.1,386.01,100,100,0.5162
2740,ASCUS_1_patch11.png,0,896.11,145.47,100,100,0.512
2741,ASCUS_1_patch11.png,0,337.95,231.33,100,100,0.5105
2742,ASCUS_1_patch11.png,0,315.1,939.14,100,100,0.5037
2743,ASCUS_1_patch11.png,0,1003.11,711.24,100,100,0.5033
2744,ASCUS_1_patch11.png,0,950.61,553.9,100,100,0.5016
2745,ASCUS_1_patch11.png,0,564.8,1008.37,100,100,0.5015
2746,ASCUS_1_patch11.png,0,183.18,789.26,100,100,0.5009
2747,ASCUS_1_patch11.png,0,172.01,973.22,100,100,0.5005
2748,ASCUS_1_patch11.png,0,850.27,247.52,100,100,0.4899
2749,ASCUS_1_patch11.png,0,936.56,273.16,100,100,0.4877
2750,ASCUS_1_patch11.png,0,776.07,109.56,100,100,0.4826
2751,ASCUS_1_patch11.png,0,649.89,178.5,100,100,0.4808
2752,ASCUS_1_patch11.png,0,806.9,399.26,100,100,0.4721
2753,ASCUS_1_patch11.png,0,183.36,694.73,100,100,0.4566
2754,ASCUS_1_patch11.png,0,193.12,301.43,100,100,0.4556
2755,ASCUS_1_patch11.png,0,882.29,525.2,100,100,0.4469
2756,ASCUS_1_patch11.png,0,472.38,641.68,100,100,0.4439
2757,ASCUS_1_patch11.png,0,808.15,985.76,100,100,0.4241
2758,ASCUS_1_patch11.png,0,983.53,450.52,100,100,0.4094
2759,ASCUS_1_patch11.png,0,266.58,425.45,100,100,0.4018
2760,ASCUS_1_patch11.png,0,150.5500030517578,581.280029296875,100,100,0.39160001277923584
2761,ASCUS_1_patch11.png,0,84.17,676.41,100,100,0.3897
2762,ASCUS_1_patch11.png,0,373.12,198.79,100,100,0.3886
2763,ASCUS_1_patch11.png,0,710.21,396.38,100,100,0.3669
2764,ASCUS_1_patch11.png,0,410.32,499.53,100,100,0.3637
2765,ASCUS_1_patch11.png,0,687.25,73.77,100,100,0.3549
2766,ASCUS_1_patch11.png,0,26.05,864.42,100,100,0.3502
2767,ASCUS_1_patch11.png,0,956.18,222.79,100,100,0.3451
2768,ASCUS_1_patch11.png,0,1002.91,880.85,100,100,0.3444
2769,ASCUS_1_patch11.png,0,961.83,522.2,100,100,0.3434
2770,ASCUS_1_patch11.png,0,902.36,18.48,100,100,0.3404
2771,ASCUS_1_patch11.png,0,570.97,537.54,100,100,0.3304
2772,ASCUS_1_patch11.png,0,1008.85,1006.99,100,100,0.3277
2773,ASCUS_1_patch11.png,0,829.5,650.4199829101562,100,100,0.32199999690055847
2774,ASCUS_1_patch11.png,0,780.16,353.57,100,100,0.3168
2775,ASCUS_1_patch11.png,0,990.47998046875,230.00999450683594,100,100,0.31209999322891235
2776,ASCUS_1_patch11.png,0,700.8699951171875,8.699999809265137,100,100,0.2906000018119812
2777,ASCUS_1_patch11.png,0,518.16,243.81,100,100,0.2866
2778,ASCUS_1_patch11.png,0,462.1400146484375,821.27001953125,100,100,0.27810001373291016
2779,ASCUS_1_patch11.png,0,807.0,460.0,100,100,0.27330803871154785
2780,ASCUS_1_patch11.png,0,602.41,610.21,100,100,0.2711
2781,ASCUS_1_patch11.png,0,654.68,111.94,100,100,0.2647
2782,ASCUS_1_patch11.png,0,87.93,411.84,100,100,0.262
2783,ASCUS_1_patch11.png,0,682.98,1002.0,100,100,0.203
2784,ASCUS_1_patch11.png,0,11.86,180.62,100,100,0.1994
2785,ASCUS_1_patch11.png,0,543.47,88.94,100,100,0.1982
2786,ASCUS_1_patch11.png,0,603.4099731445312,542.5800170898438,100,100,0.1875
2787,ASCUS_1_patch11.png,0,19.280000686645508,999.6300048828125,100,100,0.18709999322891235
2788,ASCUS_1_patch11.png,0,796.08,32.48,100,100,0.1861
2789,ASCUS_1_patch11.png,0,792.1699829101562,238.80999755859375,100,100,0.11379999667406082
2790,ASCUS_1_patch11.png,0,940.4000244140625,29.020000457763672,100,100,0.11309999972581863
2791,ASCUS_1_patch11.png,0,819.239990234375,318.25,100,100,0.11270000040531158
2792,ASCUS_1_patch11.png,0,1012.9500122070312,59.86000061035156,100,100,0.10109999775886536
2793,ASCUS_1_patch11.png,0,1014.1199951171875,448.57000732421875,100,100,0.10050000250339508
2794,ASCUS_1_patch11.png,0,971.489990234375,66.75,100,100,0.10000000149011612
2795,ASCUS_1_patch11.png,0,151.33999633789062,498.9700012207031,100,100,0.08380000293254852
2796,ASCUS_1_patch11.png,0,325.05999755859375,801.3699951171875,100,100,0.08219999819993973
2797,ASCUS_1_patch11.png,0,647.9099731445312,15.920000076293945,100,100,0.07370000332593918
2798,ASCUS_1_patch11.png,0,410.94000244140625,1016.3400268554688,100,100,0.07339999824762344
2799,ASCUS_1_patch11.png,0,1017.8599853515625,551.0599975585938,100,100,0.07050000131130219
2800,ASCUS_1_patch11.png,0,318.4599914550781,1012.8400268554688,100,100,0.07020000368356705
2801,ASCUS_1_patch11.png,0,758.4299926757812,139.3000030517578,100,100,0.06080000102519989
2802,ASCUS_1_patch11.png,0,531.6199951171875,101.80000305175781,100,100,0.05490000173449516
2803,ASCUS_1_patch11.png,0,749.3300170898438,518.4500122070312,100,100,0.054499998688697815
2804,ASCUS_1_patch11.png,0,469.2300109863281,436.8699951171875,100,100,0.05299999937415123
2805,ASCUS_1_patch11.png,0,691.510009765625,633.9000244140625,100,100,0.045499999076128006
2806,ASCUS_1_patch11.png,0,921.3699951171875,177.69000244140625,100,100,0.04259999841451645
2807,ASCUS_1_patch11.png,0,756.3800048828125,1017.280029296875,100,100,0.03779999911785126
2808,ASCUS_1_patch11.png,0,483.92999267578125,565.5,100,100,0.03629999980330467
2809,ASCUS_1_patch11.png,0,243.6300048828125,9.199999809265137,100,100,0.03610000014305115
2810,ASCUS_1_patch11.png,0,560.1699829101562,297.20001220703125,100,100,0.03319999948143959
2811,ASCUS_1_patch11.png,0,254.8000030517578,432.1000061035156,100,100,0.027300000190734863
2812,ASCUS_1_patch11.png,0,672.8499755859375,959.1400146484375,100,100,0.026200000196695328
2813,ASCUS_1_patch11.png,0,231.7899932861328,36.77000045776367,100,100,0.026200000196695328
2814,ASCUS_1_patch11.png,0,789.7999877929688,207.39999389648438,100,100,0.026000000536441803
2815,ASCUS_1_patch11.png,0,850.27001953125,126.1500015258789,100,100,0.025299999862909317
2816,ASCUS_1_patch11.png,0,964.0800170898438,205.75999450683594,100,100,0.023800000548362732
2817,ASCUS_1_patch11.png,0,1012.280029296875,800.2100219726562,100,100,0.023800000548362732
2818,ASCUS_1_patch11.png,0,1019.1500244140625,686.1199951171875,100,100,0.023600000888109207
2819,ASCUS_1_patch11.png,0,179.05999755859375,297.3699951171875,100,100,0.02329999953508377
2820,ASCUS_1_patch11.png,0,192.92999267578125,7.400000095367432,100,100,0.02290000021457672
2821,ASCUS_1_patch11.png,0,546.969970703125,4.329999923706055,100,100,0.0215000007301569
2822,ASCUS_1_patch11.png,0,140.5,488.9700012207031,100,100,0.020600000396370888
2823,ASCUS_1_patch11.png,0,638.4500122070312,422.05999755859375,100,100,0.020400000736117363
2824,ASCUS_1_patch11.png,0,843.3900146484375,1015.9400024414062,100,100,0.019899999722838402
2825,ASCUS_1_patch11.png,0,279.1400146484375,747.489990234375,100,100,0.01940000057220459
2826,ASCUS_1_patch11.png,0,674.8300170898438,271.6499938964844,100,100,0.01860000006854534
2827,ASCUS_1_patch11.png,0,1018.5999755859375,730.9000244140625,100,100,0.017799999564886093
2828,ASCUS_1_patch11.png,0,589.9099731445312,12.710000038146973,100,100,0.01720000058412552
2829,ASCUS_1_patch11.png,0,683.739990234375,933.510009765625,100,100,0.01600000075995922
2830,ASCUS_1_patch11.png,0,766.47998046875,235.22999572753906,100,100,0.015300000086426735
2831,ASCUS_1_patch11.png,0,241.8000030517578,789.5599975585938,100,100,0.014999999664723873
2832,ASCUS_1_patch11.png,0,258.010009765625,791.8699951171875,100,100,0.014600000344216824
2833,ASCUS_1_patch11.png,0,287.1099853515625,431.9800109863281,100,100,0.014100000262260437
2834,ASCUS_1_patch11.png,0,98.95999908447266,808.0900268554688,100,100,0.014000000432133675
2835,ASCUS_1_patch11.png,0,616.9500122070312,886.260009765625,100,100,0.013899999670684338
2836,ASCUS_1_patch11.png,0,930.7000122070312,8.15999984741211,100,100,0.01360000018030405
2837,ASCUS_1_patch11.png,0,802.8699951171875,92.83999633789062,100,100,0.013100000098347664
2838,ASCUS_1_patch11.png,0,736.6300048828125,675.9400024414062,100,100,0.013000000268220901
2839,ASCUS_1_patch11.png,0,429.8399963378906,793.7000122070312,100,100,0.01269999984651804
2840,ASCUS_1_patch11.png,0,1014.4000244140625,696.3699951171875,100,100,0.01269999984651804
2841,ASCUS_1_patch11.png,0,655.4500122070312,321.5299987792969,100,100,0.012600000016391277
2842,ASCUS_1_patch11.png,0,878.2999877929688,505.8599853515625,100,100,0.012400000356137753
2843,ASCUS_1_patch11.png,0,482.5299987792969,44.810001373291016,100,100,0.012000000104308128
2844,ASCUS_1_patch11.png,0,1016.2100219726562,244.5800018310547,100,100,0.011599999852478504
2845,ASCUS_1_patch11.png,0,807.6400146484375,67.0999984741211,100,100,0.011500000022351742
2846,ASCUS_1_patch11.png,0,790.1099853515625,98.91999816894531,100,100,0.011500000022351742
2847,ASCUS_1_patch11.png,0,685.719970703125,355.7799987792969,100,100,0.011500000022351742
2848,ASCUS_1_patch11.png,0,938.530029296875,738.0900268554688,100,100,0.011500000022351742
2849,ASCUS_1_patch11.png,0,660.780029296875,168.63999938964844,100,100,0.011300000362098217
2850,ASCUS_1_patch11.png,0,429.82000732421875,329.2900085449219,100,100,0.011099999770522118
2851,ASCUS_1_patch11.png,0,801.8099975585938,18.43000030517578,100,100,0.010999999940395355
2852,ASCUS_1_patch11.png,0,1019.780029296875,808.010009765625,100,100,0.01080000028014183
2853,ASCUS_1_patch11.png,0,183.97999572753906,880.260009765625,100,100,0.010700000450015068
2854,ASCUS_1_patch11.png,0,946.1799926757812,518.5800170898438,100,100,0.010599999688565731
2855,ASCUS_1_patch11.png,0,674.3200073242188,117.1500015258789,100,100,0.010300000198185444
2856,ASCUS_1_patch11.png,0,207.55999755859375,293.0799865722656,100,100,0.009999999776482582
2857,ASCUS_1_patch11.png,0,823.8900146484375,880.9500122070312,100,100,0.009999999776482582
2858,ASCUS_1_patch11.png,0,568.22998046875,438.42999267578125,100,100,0.009800000116229057
2859,ASCUS_1_patch11.png,0,527.6699829101562,46.119998931884766,100,100,0.009700000286102295
2860,ASCUS_1_patch11.png,0,388.9700012207031,728.760009765625,100,100,0.009600000455975533
2861,ASCUS_1_patch11.png,0,909.0900268554688,809.0900268554688,100,100,0.009200000204145908
2862,ASCUS_1_patch11.png,0,591.3200073242188,175.0,100,100,0.009100000374019146
2863,ASCUS_1_patch11.png,0,701.6900024414062,594.5599975585938,100,100,0.009100000374019146
2864,ASCUS_1_patch11.png,0,764.2899780273438,666.2999877929688,100,100,0.009100000374019146
2865,ASCUS_1_patch11.png,0,460.55999755859375,785.3499755859375,100,100,0.009100000374019146
2866,ASCUS_1_patch11.png,0,55.7400016784668,312.82000732421875,100,100,0.008999999612569809
2867,ASCUS_1_patch11.png,0,859.6300048828125,535.47998046875,100,100,0.008899999782443047
2868,ASCUS_1_patch11.png,0,291.0199890136719,309.5799865722656,100,100,0.008799999952316284
2869,ASCUS_1_patch11.png,0,698.0499877929688,535.8699951171875,100,100,0.00839999970048666
2870,ASCUS_1_patch11.png,0,930.8099975585938,795.5599975585938,100,100,0.00839999970048666
2871,ASCUS_1_patch11.png,0,934.5399780273438,817.4000244140625,100,100,0.008200000040233135
2872,ASCUS_1_patch11.png,0,994.239990234375,442.55999755859375,100,100,0.007899999618530273
2873,ASCUS_1_patch11.png,0,312.8599853515625,310.7799987792969,100,100,0.007799999788403511
2874,ASCUS_1_patch11.png,0,1015.97998046875,866.5800170898438,100,100,0.007699999958276749
2875,ASCUS_1_patch11.png,0,751.97998046875,860.4299926757812,100,100,0.007600000128149986
2876,ASCUS_1_patch11.png,0,278.0799865722656,411.489990234375,100,100,0.007600000128149986
2877,ASCUS_1_patch11.png,0,161.75,141.38999938964844,100,100,0.007600000128149986
2878,ASCUS_1_patch11.png,0,568.47998046875,950.2899780273438,100,100,0.007300000172108412
2879,ASCUS_1_patch11.png,0,862.1699829101562,254.77000427246094,100,100,0.007199999876320362
2880,ASCUS_1_patch11.png,0,631.739990234375,181.47000122070312,100,100,0.007199999876320362
2881,ASCUS_1_patch11.png,0,411.32000732421875,324.7799987792969,100,100,0.007199999876320362
2882,ASCUS_1_patch11.png,0,1017.8200073242188,991.510009765625,100,100,0.007199999876320362
2883,ASCUS_1_patch11.png,0,246.47999572753906,556.9099731445312,100,100,0.007000000216066837
2884,ASCUS_1_patch11.png,0,354.19000244140625,611.9199829101562,100,100,0.006899999920278788
2885,ASCUS_1_patch11.png,0,515.8800048828125,902.6300048828125,100,100,0.006800000090152025
2886,ASCUS_1_patch11.png,0,575.9199829101562,68.48999786376953,100,100,0.006800000090152025
2887,ASCUS_1_patch11.png,0,1017.4299926757812,324.0,100,100,0.0066999997943639755
2888,ASCUS_1_patch11.png,0,44.15999984741211,486.8800048828125,100,100,0.0066999997943639755
2889,ASCUS_1_patch11.png,0,822.3200073242188,639.6599731445312,100,100,0.006599999964237213
2890,ASCUS_1_patch11.png,0,201.35000610351562,83.44999694824219,100,100,0.006500000134110451
2891,ASCUS_1_patch11.png,0,306.1600036621094,663.4199829101562,100,100,0.006500000134110451
2892,ASCUS_1_patch11.png,0,841.1500244140625,641.8200073242188,100,100,0.006500000134110451
2893,ASCUS_1_patch11.png,0,671.3800048828125,748.8099975585938,100,100,0.006500000134110451
2894,ASCUS_1_patch11.png,0,884.0800170898438,355.2799987792969,100,100,0.006300000008195639
2895,ASCUS_1_patch11.png,0,915.0499877929688,162.9600067138672,100,100,0.006300000008195639
2896,ASCUS_1_patch11.png,0,68.48999786376953,803.2999877929688,100,100,0.006300000008195639
2897,ASCUS_1_patch11.png,0,955.8900146484375,71.95999908447266,100,100,0.006300000008195639
2898,ASCUS_1_patch11.png,0,758.4600219726562,154.52000427246094,100,100,0.006200000178068876
2899,ASCUS_1_patch11.png,0,319.6499938964844,296.1499938964844,100,100,0.006200000178068876
2900,ASCUS_1_patch11.png,0,549.1900024414062,958.47998046875,100,100,0.006200000178068876
2901,ASCUS_1_patch11.png,0,948.1400146484375,885.760009765625,100,100,0.006200000178068876
2902,ASCUS_1_patch11.png,0,271.80999755859375,578.4500122070312,100,100,0.006099999882280827
2903,ASCUS_1_patch11.png,0,113.37000274658203,920.3800048828125,100,100,0.006000000052154064
2904,ASCUS_1_patch11.png,0,355.3900146484375,73.06999969482422,100,100,0.005900000222027302
2905,ASCUS_1_patch11.png,0,422.75,574.8900146484375,100,100,0.005900000222027302
2906,ASCUS_1_patch11.png,0,251.22999572753906,573.1900024414062,100,100,0.005900000222027302
2907,ASCUS_1_patch11.png,0,971.5700073242188,442.239990234375,100,100,0.005900000222027302
2908,ASCUS_1_patch11.png,0,620.5700073242188,808.4500122070312,100,100,0.005799999926239252
2909,ASCUS_1_patch11.png,0,537.8300170898438,596.8200073242188,100,100,0.00570000009611249
2910,ASCUS_1_patch11.png,0,988.1500244140625,338.0199890136719,100,100,0.00559999980032444
2911,ASCUS_1_patch11.png,0,94.25,667.75,100,100,0.00559999980032444
2912,ASCUS_1_patch11.png,0,66.30000305175781,470.45001220703125,100,100,0.00559999980032444
2913,ASCUS_1_patch11.png,0,196.61000061035156,67.20999908447266,100,100,0.00559999980032444
2914,ASCUS_1_patch11.png,0,648.8599853515625,811.3099975585938,100,100,0.005499999970197678
2915,ASCUS_1_patch11.png,0,175.9499969482422,739.8099975585938,100,100,0.005499999970197678
2916,ASCUS_1_patch11.png,0,382.9100036621094,626.1599731445312,100,100,0.005499999970197678
2917,ASCUS_1_patch11.png,0,609.8699951171875,170.5800018310547,100,100,0.005400000140070915
2918,ASCUS_1_patch11.png,0,640.8499755859375,876.1199951171875,100,100,0.005400000140070915
2919,ASCUS_1_patch11.png,0,715.6699829101562,355.260009765625,100,100,0.005400000140070915
2920,ASCUS_1_patch11.png,0,525.8800048828125,289.1600036621094,100,100,0.005400000140070915
2921,ASCUS_1_patch11.png,0,324.5799865722656,233.57000732421875,100,100,0.005400000140070915
2922,ASCUS_1_patch11.png,0,916.5399780273438,737.8200073242188,100,100,0.0052999998442828655
2923,ASCUS_1_patch11.png,0,963.0700073242188,47.40999984741211,100,100,0.0052999998442828655
2924,ASCUS_1_patch11.png,0,207.00999450683594,310.07000732421875,100,100,0.0052999998442828655
2925,ASCUS_1_patch11.png,0,970.6400146484375,888.2999877929688,100,100,0.005100000184029341
2926,ASCUS_1_patch11.png,0,169.6199951171875,778.6500244140625,100,100,0.005100000184029341
2927,ASCUS_1_patch11.png,0,543.3800048828125,288.1300048828125,100,100,0.005100000184029341
2928,ASCUS_1_patch11.png,0,996.47998046875,805.4299926757812,100,100,0.004999999888241291
2929,ASCUS_1_patch11.png,0,163.25,236.5,100,100,0.004800000227987766
2930,ASCUS_1_patch11.png,0,749.5499877929688,660.8300170898438,100,100,0.004800000227987766
2931,ASCUS_1_patch11.png,0,971.530029296875,331.30999755859375,100,100,0.004800000227987766
2932,ASCUS_1_patch11.png,0,97.8499984741211,580.4500122070312,100,100,0.004800000227987766
2933,ASCUS_1_patch11.png,0,550.0700073242188,1012.3200073242188,100,100,0.004800000227987766
2934,ASCUS_1_patch11.png,0,387.9200134277344,973.7000122070312,100,100,0.004800000227987766
2935,ASCUS_1_patch11.png,0,866.719970703125,548.530029296875,100,100,0.004800000227987766
2936,ASCUS_1_patch11.png,0,227.11000061035156,81.5999984741211,100,100,0.004800000227987766
2937,ASCUS_1_patch11.png,0,817.3800048828125,745.8099975585938,100,100,0.004699999932199717
2938,ASCUS_1_patch11.png,0,280.6700134277344,661.4500122070312,100,100,0.004699999932199717
2939,ASCUS_1_patch11.png,0,159.27000427246094,526.77001953125,100,100,0.004699999932199717
2940,ASCUS_1_patch11.png,0,502.2900085449219,174.52000427246094,100,100,0.004600000102072954
2941,ASCUS_1_patch11.png,0,997.6699829101562,1019.1400146484375,100,100,0.004600000102072954
2942,ASCUS_1_patch11.png,0,58.9900016784668,37.400001525878906,100,100,0.004600000102072954
2943,ASCUS_1_patch11.png,0,988.8300170898438,58.290000915527344,100,100,0.004600000102072954
2944,ASCUS_1_patch11.png,0,884.4199829101562,134.42999267578125,100,100,0.0044999998062849045
2945,ASCUS_1_patch11.png,0,669.3099975585938,1014.2100219726562,100,100,0.0044999998062849045
2946,ASCUS_1_patch11.png,0,752.5599975585938,126.16000366210938,100,100,0.004399999976158142
2947,ASCUS_1_patch11.png,0,521.6799926757812,134.11000061035156,100,100,0.004399999976158142
2948,ASCUS_1_patch11.png,0,910.5,140.9600067138672,100,100,0.004399999976158142
2949,ASCUS_1_patch11.png,0,693.6099853515625,745.9099731445312,100,100,0.00430000014603138
2950,ASCUS_1_patch11.png,0,982.4600219726562,216.72000122070312,100,100,0.00430000014603138
2951,ASCUS_1_patch11.png,0,563.280029296875,612.739990234375,100,100,0.00419999985024333
2952,ASCUS_1_patch11.png,0,41.0,546.9199829101562,100,100,0.00419999985024333
2953,ASCUS_1_patch11.png,0,141.6300048828125,916.7000122070312,100,100,0.00419999985024333
2954,ASCUS_1_patch11.png,0,854.22998046875,918.02001953125,100,100,0.00419999985024333
2955,ASCUS_1_patch11.png,0,281.1400146484375,290.3800048828125,100,100,0.004100000020116568
2956,ASCUS_1_patch11.png,0,53.650001525878906,329.9700012207031,100,100,0.004100000020116568
2957,ASCUS_1_patch11.png,0,685.5800170898438,989.0599975585938,100,100,0.004100000020116568
2958,ASCUS_1_patch11.png,0,155.47000122070312,738.72998046875,100,100,0.004100000020116568
2959,ASCUS_1_patch11.png,0,766.6699829101562,681.010009765625,100,100,0.004000000189989805
2960,ASCUS_1_patch11.png,0,62.599998474121094,720.2100219726562,100,100,0.004000000189989805
2961,ASCUS_1_patch11.png,0,1008.1599731445312,724.9199829101562,100,100,0.004000000189989805
2962,ASCUS_1_patch11.png,0,1018.239990234375,893.6199951171875,100,100,0.004000000189989805
2963,ASCUS_1_patch11.png,0,796.52001953125,51.650001525878906,100,100,0.004000000189989805
2964,ASCUS_1_patch11.png,0,838.9199829101562,537.010009765625,100,100,0.0038999998942017555
2965,ASCUS_1_patch11.png,0,27.780000686645508,320.260009765625,100,100,0.0038999998942017555
2966,ASCUS_1_patch11.png,0,382.7099914550781,193.3300018310547,100,100,0.0038999998942017555
2967,ASCUS_1_patch11.png,0,186.94000244140625,157.49000549316406,100,100,0.0038999998942017555
2968,ASCUS_1_patch11.png,0,417.6600036621094,123.88999938964844,100,100,0.003800000064074993
2969,ASCUS_1_patch11.png,0,119.7699966430664,7.820000171661377,100,100,0.003800000064074993
2970,ASCUS_1_patch11.png,0,806.4299926757812,763.219970703125,100,100,0.003800000064074993
2971,ASCUS_1_patch11.png,0,445.07000732421875,430.4700012207031,100,100,0.003800000064074993
2972,ASCUS_1_patch11.png,0,334.25,78.69999694824219,100,100,0.003800000064074993
2973,ASCUS_1_patch11.png,0,212.6199951171875,59.060001373291016,100,100,0.003700000001117587
2974,ASCUS_1_patch11.png,0,730.0,861.030029296875,100,100,0.003700000001117587
2975,ASCUS_1_patch11.png,0,159.14999389648438,884.1099853515625,100,100,0.003700000001117587
2976,ASCUS_1_patch11.png,0,736.1799926757812,445.4200134277344,100,100,0.003700000001117587
2977,ASCUS_1_patch11.png,0,924.8200073242188,93.62000274658203,100,100,0.003700000001117587
2978,ASCUS_1_patch11.png,0,411.3699951171875,726.1900024414062,100,100,0.003599999938160181
2979,ASCUS_1_patch11.png,0,463.2300109863281,61.470001220703125,100,100,0.003599999938160181
2980,ASCUS_1_patch11.png,0,590.280029296875,601.7999877929688,100,100,0.003599999938160181
2981,ASCUS_1_patch11.png,0,752.9099731445312,880.25,100,100,0.0035000001080334187
2982,ASCUS_1_patch11.png,0,46.2400016784668,907.7899780273438,100,100,0.0035000001080334187
2983,ASCUS_1_patch11.png,0,448.7200012207031,574.4099731445312,100,100,0.0035000001080334187
2984,ASCUS_1_patch11.png,0,978.25,782.5700073242188,100,100,0.0035000001080334187
2985,ASCUS_1_patch11.png,0,488.7200012207031,834.22998046875,100,100,0.0034000000450760126
2986,ASCUS_1_patch11.png,0,38.380001068115234,574.22998046875,100,100,0.0034000000450760126
2987,ASCUS_1_patch11.png,0,617.0999755859375,535.760009765625,100,100,0.0034000000450760126
2988,ASCUS_1_patch11.png,0,74.31999969482422,484.69000244140625,100,100,0.0032999999821186066
2989,ASCUS_1_patch11.png,0,382.260009765625,122.06999969482422,100,100,0.0032999999821186066
2990,ASCUS_1_patch11.png,0,514.8699951171875,846.6599731445312,100,100,0.0032999999821186066
2991,ASCUS_1_patch11.png,0,597.4099731445312,709.530029296875,100,100,0.0032999999821186066
2992,ASCUS_1_patch11.png,0,614.8099975585938,294.3299865722656,100,100,0.0031999999191612005
2993,ASCUS_1_patch11.png,0,400.239990234375,343.5299987792969,100,100,0.0031999999191612005
2994,ASCUS_1_patch11.png,0,307.5799865722656,926.0900268554688,100,100,0.0031999999191612005
2995,ASCUS_1_patch11.png,0,478.1700134277344,424.1700134277344,100,100,0.0031999999191612005
2996,ASCUS_1_patch11.png,0,402.2799987792969,860.97998046875,100,100,0.0031999999191612005
2997,ASCUS_1_patch11.png,0,9.359999656677246,820.8300170898438,100,100,0.0031999999191612005
2998,ASCUS_1_patch11.png,0,796.0599975585938,219.6699981689453,100,100,0.0031999999191612005
2999,ASCUS_1_patch11.png,0,765.1599731445312,101.0999984741211,100,100,0.0031999999191612005
3000,ASCUS_1_patch11.png,0,643.6099853515625,897.5700073242188,100,100,0.0031999999191612005
3001,ASCUS_1_patch11.png,0,904.5700073242188,89.70999908447266,100,100,0.003100000089034438
3002,ASCUS_1_patch11.png,0,396.75,877.72998046875,100,100,0.003100000089034438
3003,ASCUS_1_patch11.png,0,184.02999877929688,375.80999755859375,100,100,0.003100000089034438
3004,ASCUS_1_patch11.png,0,816.22998046875,406.3599853515625,100,100,0.003100000089034438
3005,ASCUS_1_patch11.png,0,282.2900085449219,680.97998046875,100,100,0.003100000089034438
3006,ASCUS_1_patch11.png,0,60.220001220703125,741.1500244140625,100,100,0.003000000026077032
3007,ASCUS_1_patch11.png,0,439.25,778.9600219726562,100,100,0.003000000026077032
3008,ASCUS_1_patch11.png,0,615.75,710.4500122070312,100,100,0.003000000026077032
3009,ASCUS_1_patch11.png,0,311.2300109863281,430.7099914550781,100,100,0.003000000026077032
3010,ASCUS_1_patch11.png,0,372.1400146484375,601.5800170898438,100,100,0.003000000026077032
3011,ASCUS_1_patch11.png,0,23.170000076293945,568.8599853515625,100,100,0.002899999963119626
3012,ASCUS_1_patch11.png,0,833.8699951171875,752.3699951171875,100,100,0.002899999963119626
3013,ASCUS_1_patch11.png,0,468.55999755859375,800.6199951171875,100,100,0.00279999990016222
3014,ASCUS_1_patch11.png,0,429.6000061035156,857.5599975585938,100,100,0.00279999990016222
3015,ASCUS_1_patch11.png,0,31.25,30.489999771118164,100,100,0.00279999990016222
3016,ASCUS_1_patch11.png,0,630.22998046875,677.1099853515625,100,100,0.00279999990016222
3017,ASCUS_1_patch11.png,0,931.8300170898438,621.3499755859375,100,100,0.00279999990016222
3018,ASCUS_1_patch11.png,0,829.7100219726562,910.6900024414062,100,100,0.00279999990016222
3019,ASCUS_1_patch11.png,0,179.52999877929688,312.239990234375,100,100,0.0027000000700354576
3020,ASCUS_1_patch11.png,0,833.9400024414062,236.60000610351562,100,100,0.0027000000700354576
3021,ASCUS_1_patch11.png,0,885.8900146484375,154.4600067138672,100,100,0.0026000000070780516
3022,ASCUS_1_patch11.png,0,713.530029296875,444.1400146484375,100,100,0.0026000000070780516
3023,ASCUS_1_patch11.png,0,828.6799926757812,304.8699951171875,100,100,0.0026000000070780516
3024,ASCUS_1_patch11.png,0,556.8900146484375,456.2099914550781,100,100,0.0026000000070780516
3025,ASCUS_1_patch11.png,0,1003.0800170898438,860.6900024414062,100,100,0.0026000000070780516
3026,ASCUS_1_patch11.png,0,532.77001953125,892.4600219726562,100,100,0.0026000000070780516
3027,ASCUS_1_patch11.png,0,158.9600067138672,958.260009765625,100,100,0.0024999999441206455
3028,ASCUS_1_patch11.png,0,962.989990234375,348.7300109863281,100,100,0.0024999999441206455
3029,ASCUS_1_patch11.png,0,83.72000122070312,723.0399780273438,100,100,0.0024999999441206455
3030,ASCUS_1_patch11.png,0,412.0,747.0399780273438,100,100,0.0024999999441206455
3031,ASCUS_1_patch11.png,0,274.69000244140625,550.969970703125,100,100,0.0024999999441206455
3032,ASCUS_1_patch11.png,0,330.0400085449219,216.32000732421875,100,100,0.0024999999441206455
3033,ASCUS_1_patch11.png,0,60.97999954223633,901.3800048828125,100,100,0.0024999999441206455
3034,ASCUS_1_patch11.png,0,490.7900085449219,60.689998626708984,100,100,0.0024999999441206455
3035,ASCUS_1_patch11.png,0,796.989990234375,341.44000244140625,100,100,0.0024999999441206455
3036,ASCUS_1_patch11.png,0,824.6300048828125,336.4200134277344,100,100,0.0024999999441206455
3037,ASCUS_1_patch11.png,0,557.760009765625,590.5999755859375,100,100,0.0024999999441206455
3038,ASCUS_1_patch11.png,0,674.6500244140625,63.209999084472656,100,100,0.0024999999441206455
3039,ASCUS_1_patch11.png,0,1001.1300048828125,320.79998779296875,100,100,0.0024999999441206455
3040,ASCUS_1_patch11.png,0,6.010000228881836,195.8800048828125,100,100,0.0024999999441206455
3041,ASCUS_1_patch11.png,0,530.8699951171875,315.6000061035156,100,100,0.002400000113993883
3042,ASCUS_1_patch11.png,0,389.42999267578125,611.1900024414062,100,100,0.002400000113993883
3043,ASCUS_1_patch11.png,0,464.94000244140625,44.459999084472656,100,100,0.002400000113993883
3044,ASCUS_1_patch11.png,0,695.72998046875,61.54999923706055,100,100,0.002400000113993883
3045,ASCUS_1_patch11.png,0,426.70001220703125,600.6300048828125,100,100,0.002400000113993883
3046,ASCUS_1_patch11.png,0,768.8800048828125,314.9599914550781,100,100,0.002400000113993883
3047,ASCUS_1_patch11.png,0,938.780029296875,543.3599853515625,100,100,0.002400000113993883
3048,ASCUS_1_patch11.png,0,898.1199951171875,105.62000274658203,100,100,0.002400000113993883
3049,ASCUS_1_patch11.png,0,304.7099914550781,948.0,100,100,0.002300000051036477
3050,ASCUS_1_patch11.png,0,189.55999755859375,248.9199981689453,100,100,0.002300000051036477
3051,ASCUS_1_patch11.png,0,685.010009765625,614.8300170898438,100,100,0.002300000051036477
3052,ASCUS_1_patch11.png,0,524.4299926757812,161.02999877929688,100,100,0.002300000051036477
3053,ASCUS_1_patch11.png,0,979.9299926757812,950.8400268554688,100,100,0.002199999988079071
3054,ASCUS_1_patch11.png,0,697.760009765625,84.12000274658203,100,100,0.002199999988079071
3055,ASCUS_1_patch11.png,0,80.5,822.3300170898438,100,100,0.002199999988079071
3056,ASCUS_1_patch11.png,0,953.489990234375,1010.52001953125,100,100,0.002199999988079071
3057,ASCUS_1_patch11.png,0,162.66000366210938,573.77001953125,100,100,0.002199999988079071
3058,ASCUS_1_patch11.png,0,302.7099914550781,1016.1400146484375,100,100,0.002099999925121665
3059,ASCUS_1_patch11.png,0,801.22998046875,374.8599853515625,100,100,0.002099999925121665
3060,ASCUS_1_patch11.png,0,318.6099853515625,190.7899932861328,100,100,0.002099999925121665
3061,ASCUS_1_patch11.png,0,989.5399780273438,354.8500061035156,100,100,0.002099999925121665
3062,ASCUS_1_patch11.png,0,978.530029296875,871.739990234375,100,100,0.0020000000949949026
3063,ASCUS_1_patch11.png,0,676.1500244140625,553.9500122070312,100,100,0.0020000000949949026
3064,ASCUS_1_patch11.png,0,929.2100219726562,260.260009765625,100,100,0.0020000000949949026
3065,ASCUS_1_patch11.png,0,997.3300170898438,458.5199890136719,100,100,0.0020000000949949026
3066,ASCUS_1_patch11.png,0,385.989990234375,140.67999267578125,100,100,0.0020000000949949026
3067,ASCUS_1_patch11.png,0,682.260009765625,531.8200073242188,100,100,0.0020000000949949026
3068,ASCUS_1_patch11.png,0,445.44000244140625,597.4299926757812,100,100,0.0019000000320374966
3069,ASCUS_1_patch11.png,0,583.8099975585938,436.7200012207031,100,100,0.0019000000320374966
3070,ASCUS_1_patch11.png,0,426.67999267578125,884.5,100,100,0.0017999999690800905
3071,ASCUS_1_patch11.png,0,597.02001953125,529.8499755859375,100,100,0.0017999999690800905
3072,ASCUS_1_patch11.png,0,836.72998046875,318.5799865722656,100,100,0.0017999999690800905
3073,ASCUS_1_patch11.png,0,806.510009765625,239.85000610351562,100,100,0.0017999999690800905
3074,ASCUS_1_patch11.png,0,142.4499969482422,11.859999656677246,100,100,0.0017999999690800905
3075,ASCUS_1_patch11.png,0,763.6500244140625,284.7099914550781,100,100,0.0017999999690800905
3076,ASCUS_1_patch11.png,0,26.440000534057617,1008.6099853515625,100,100,0.0017999999690800905
3077,ASCUS_1_patch11.png,0,657.030029296875,196.22999572753906,100,100,0.0017000000225380063
3078,ASCUS_1_patch11.png,0,468.17999267578125,625.6400146484375,100,100,0.0017000000225380063
3079,ASCUS_1_patch11.png,0,566.6500244140625,381.489990234375,100,100,0.0017000000225380063
3080,ASCUS_1_patch11.png,0,378.3399963378906,531.3699951171875,100,100,0.0017000000225380063
3081,ASCUS_1_patch11.png,0,866.25,241.0500030517578,100,100,0.0015999999595806003
3082,ASCUS_1_patch11.png,0,72.69999694824219,919.8900146484375,100,100,0.0015999999595806003
3083,ASCUS_1_patch11.png,0,491.239990234375,503.239990234375,100,100,0.0015999999595806003
3084,ASCUS_1_patch11.png,0,848.280029296875,934.4500122070312,100,100,0.0015999999595806003
3085,ASCUS_1_patch11.png,0,995.7000122070312,696.1699829101562,100,100,0.0015999999595806003
3086,ASCUS_1_patch11.png,0,89.69999694824219,792.6300048828125,100,100,0.0015999999595806003
3087,ASCUS_1_patch11.png,0,171.5800018310547,261.69000244140625,100,100,0.0015999999595806003
3088,ASCUS_1_patch11.png,0,857.25,563.6500244140625,100,100,0.001500000013038516
3089,ASCUS_1_patch11.png,0,774.719970703125,89.11000061035156,100,100,0.001500000013038516
3090,ASCUS_1_patch11.png,0,1018.239990234375,151.32000732421875,100,100,0.001500000013038516
3091,ASCUS_1_patch11.png,0,70.30999755859375,670.2000122070312,100,100,0.001500000013038516
3092,ASCUS_1_patch11.png,0,862.3900146484375,1019.9500122070312,100,100,0.001500000013038516
3093,ASCUS_1_patch11.png,0,47.279998779296875,800.760009765625,100,100,0.001500000013038516
3094,ASCUS_1_patch11.png,0,266.07000732421875,806.2100219726562,100,100,0.001500000013038516
3095,ASCUS_1_patch11.png,0,906.75,414.94000244140625,100,100,0.00139999995008111
3096,ASCUS_1_patch11.png,0,294.1099853515625,418.82000732421875,100,100,0.00139999995008111
3097,ASCUS_1_patch11.png,0,974.8699951171875,464.2900085449219,100,100,0.00139999995008111
3098,ASCUS_1_patch11.png,0,122.58000183105469,941.0999755859375,100,100,0.00139999995008111
3099,ASCUS_1_patch11.png,0,11.989999771118164,554.4500122070312,100,100,0.0013000000035390258
3100,ASCUS_1_patch11.png,0,730.3499755859375,879.8300170898438,100,100,0.0013000000035390258
3101,ASCUS_1_patch11.png,0,931.8599853515625,404.8900146484375,100,100,0.0012000000569969416
3102,ASCUS_1_patch11.png,0,298.04998779296875,186.57000732421875,100,100,0.0012000000569969416
3103,ASCUS_1_patch11.png,0,645.27001953125,652.4199829101562,100,100,0.0010999999940395355
3104,ASCUS_1_patch11.png,0,923.8900146484375,126.72000122070312,100,100,0.0010999999940395355
3105,ASCUS_1_patch11.png,0,413.9100036621094,561.0499877929688,100,100,0.0010999999940395355
3106,ASCUS_1_patch12.png,0,217.9,429.82,100,100,0.7651
3107,ASCUS_1_patch12.png,0,346.88,400.54,100,100,0.7488
3108,ASCUS_1_patch12.png,0,745.68,711.45,100,100,0.7429
3109,ASCUS_1_patch12.png,0,382.26,525.83,100,100,0.7279
3110,ASCUS_1_patch12.png,0,752.73,223.76,100,100,0.7086
3111,ASCUS_1_patch12.png,0,720.42,88.76,100,100,0.7075
3112,ASCUS_1_patch12.png,0,241.35,959.68,100,100,0.7075
3113,ASCUS_1_patch12.png,0,939.82,125.38,100,100,0.707
3114,ASCUS_1_patch12.png,0,312.93,24.61,100,100,0.6852
3115,ASCUS_1_patch12.png,0,132.0,109.97,100,100,0.6844
3116,ASCUS_1_patch12.png,0,49.62,65.38,100,100,0.6768
3117,ASCUS_1_patch12.png,0,288.93,683.36,100,100,0.6763
3118,ASCUS_1_patch12.png,0,718.01,892.54,100,100,0.676
3119,ASCUS_1_patch12.png,0,791.95,760.33,100,100,0.6713
3120,ASCUS_1_patch12.png,0,559.76,888.83,100,100,0.6701
3121,ASCUS_1_patch12.png,0,441.8,794.73,100,100,0.6701
3122,ASCUS_1_patch12.png,0,566.69,75.63,100,100,0.6663
3123,ASCUS_1_patch12.png,0,187.75,161.0,100,100,0.6637
3124,ASCUS_1_patch12.png,0,421.3,948.93,100,100,0.6624
3125,ASCUS_1_patch12.png,0,189.65,74.62,100,100,0.662
3126,ASCUS_1_patch12.png,0,607.77,185.18,100,100,0.6607
3127,ASCUS_1_patch12.png,0,267.13,471.07,100,100,0.6544
3128,ASCUS_1_patch12.png,0,171.14,783.83,100,100,0.6535
3129,ASCUS_1_patch12.png,0,82.82,417.8,100,100,0.6532
3130,ASCUS_1_patch12.png,0,899.89,798.07,100,100,0.6521
3131,ASCUS_1_patch12.png,0,891.15,272.43,100,100,0.6517
3132,ASCUS_1_patch12.png,0,847.21,688.43,100,100,0.6511
3133,ASCUS_1_patch12.png,0,344.96,209.14,100,100,0.6466
3134,ASCUS_1_patch12.png,0,625.08,129.08,100,100,0.6364
3135,ASCUS_1_patch12.png,0,410.68,147.34,100,100,0.6332
3136,ASCUS_1_patch12.png,0,42.42,493.21,100,100,0.6314
3137,ASCUS_1_patch12.png,0,203.36,295.07,100,100,0.6298
3138,ASCUS_1_patch12.png,0,530.36,170.44,100,100,0.629
3139,ASCUS_1_patch12.png,0,171.63,646.38,100,100,0.6273
3140,ASCUS_1_patch12.png,0,783.95,443.47,100,100,0.624
3141,ASCUS_1_patch12.png,0,632.29,647.83,100,100,0.6239
3142,ASCUS_1_patch12.png,0,307.22,113.53,100,100,0.6184
3143,ASCUS_1_patch12.png,0,592.87,798.77,100,100,0.616
3144,ASCUS_1_patch12.png,0,517.82,314.98,100,100,0.6126
3145,ASCUS_1_patch12.png,0,989.37,817.92,100,100,0.609
3146,ASCUS_1_patch12.png,0,447.96,732.29,100,100,0.609
3147,ASCUS_1_patch12.png,0,619.6,242.35,100,100,0.6078
3148,ASCUS_1_patch12.png,0,814.15,962.52,100,100,0.607
3149,ASCUS_1_patch12.png,0,960.68,492.54,100,100,0.604
3150,ASCUS_1_patch12.png,0,808.58,286.6,100,100,0.5854
3151,ASCUS_1_patch12.png,0,132.46,908.26,100,100,0.5797
3152,ASCUS_1_patch12.png,0,429.07,231.97,100,100,0.5783
3153,ASCUS_1_patch12.png,0,686.53,154.4,100,100,0.5773
3154,ASCUS_1_patch12.png,0,301.24,287.94,100,100,0.5613
3155,ASCUS_1_patch12.png,0,939.03,497.32,100,100,0.5608
3156,ASCUS_1_patch12.png,0,303.24,932.6,100,100,0.5561
3157,ASCUS_1_patch12.png,0,43.89,588.82,100,100,0.5559
3158,ASCUS_1_patch12.png,0,571.48,701.75,100,100,0.5559
3159,ASCUS_1_patch12.png,0,358.01,56.06,100,100,0.5527
3160,ASCUS_1_patch12.png,0,473.4,525.74,100,100,0.5485
3161,ASCUS_1_patch12.png,0,405.65,644.86,100,100,0.5448
3162,ASCUS_1_patch12.png,0,326.77,785.8,100,100,0.5433
3163,ASCUS_1_patch12.png,0,912.91,961.67,100,100,0.5415
3164,ASCUS_1_patch12.png,0,353.76,858.92,100,100,0.5389
3165,ASCUS_1_patch12.png,0,207.88,574.36,100,100,0.5318
3166,ASCUS_1_patch12.png,0,962.87,698.61,100,100,0.5313
3167,ASCUS_1_patch12.png,0,400.12,24.61,100,100,0.5291
3168,ASCUS_1_patch12.png,0,823.22,149.72,100,100,0.5248
3169,ASCUS_1_patch12.png,0,178.01,544.18,100,100,0.5116
3170,ASCUS_1_patch12.png,0,766.71,488.29,100,100,0.508
3171,ASCUS_1_patch12.png,0,646.73,453.42,100,100,0.5052
3172,ASCUS_1_patch12.png,0,62.99,729.65,100,100,0.4987
3173,ASCUS_1_patch12.png,0,353.92,100.74,100,100,0.4872
3174,ASCUS_1_patch12.png,0,806.84,615.92,100,100,0.4843
3175,ASCUS_1_patch12.png,0,819.76,896.32,100,100,0.48
3176,ASCUS_1_patch12.png,0,508.6,1005.43,100,100,0.4781
3177,ASCUS_1_patch12.png,0,519.65,522.17,100,100,0.4692
3178,ASCUS_1_patch12.png,0,677.52,741.48,100,100,0.4674
3179,ASCUS_1_patch12.png,0,60.51,643.96,100,100,0.4633
3180,ASCUS_1_patch12.png,0,720.26,591.8,100,100,0.4598
3181,ASCUS_1_patch12.png,0,21.06,925.3,100,100,0.4597
3182,ASCUS_1_patch12.png,0,454.35,19.94,100,100,0.4425
3183,ASCUS_1_patch12.png,0,342.27,983.45,100,100,0.4425
3184,ASCUS_1_patch12.png,0,751.48,866.11,100,100,0.4412
3185,ASCUS_1_patch12.png,0,701.15,282.55,100,100,0.439
3186,ASCUS_1_patch12.png,0,849.92,50.58,100,100,0.4345
3187,ASCUS_1_patch12.png,0,853.24,307.51,100,100,0.4337
3188,ASCUS_1_patch12.png,0,235.94,105.84,100,100,0.421
3189,ASCUS_1_patch12.png,0,932.18,182.05,100,100,0.4198
3190,ASCUS_1_patch12.png,0,773.45,359.26,100,100,0.4193
3191,ASCUS_1_patch12.png,0,899.53,892.7,100,100,0.417
3192,ASCUS_1_patch12.png,0,134.93,270.29,100,100,0.4102
3193,ASCUS_1_patch12.png,0,495.53,255.9,100,100,0.401
3194,ASCUS_1_patch12.png,0,163.18,1008.51,100,100,0.3946
3195,ASCUS_1_patch12.png,0,933.89,627.99,100,100,0.3883
3196,ASCUS_1_patch12.png,0,243.27,542.29,100,100,0.3856
3197,ASCUS_1_patch12.png,0,136.82,767.32,100,100,0.3811
3198,ASCUS_1_patch12.png,0,852.97,794.27,100,100,0.3794
3199,ASCUS_1_patch12.png,0,441.49,881.21,100,100,0.3754
3200,ASCUS_1_patch12.png,0,581.52,740.23,100,100,0.3744
3201,ASCUS_1_patch12.png,0,700.93,992.62,100,100,0.3612
3202,ASCUS_1_patch12.png,0,558.36,416.96,100,100,0.3564
3203,ASCUS_1_patch12.png,0,85.22,17.3,100,100,0.3541
3204,ASCUS_1_patch12.png,0,571.63,338.35,100,100,0.3447
3205,ASCUS_1_patch12.png,0,279.88,841.83,100,100,0.3437
3206,ASCUS_1_patch12.png,0,635.64,292.8,100,100,0.3361
3207,ASCUS_1_patch12.png,0,635.11,321.68,100,100,0.3357
3208,ASCUS_1_patch12.png,0,832.6,865.51,100,100,0.3339
3209,ASCUS_1_patch12.png,0,826.17,564.29,100,100,0.3313
3210,ASCUS_1_patch12.png,0,854.35,213.33,100,100,0.3252
3211,ASCUS_1_patch12.png,0,650.33,696.54,100,100,0.3236
3212,ASCUS_1_patch12.png,0,263.87,154.69,100,100,0.3115
3213,ASCUS_1_patch12.png,0,470.76,956.04,100,100,0.296
3214,ASCUS_1_patch12.png,0,525.3,455.84,100,100,0.2831
3215,ASCUS_1_patch12.png,0,980.59,649.25,100,100,0.2513
3216,ASCUS_1_patch12.png,0,386.4,585.83,100,100,0.2448
3217,ASCUS_1_patch12.png,0,620.1500244140625,1008.7999877929688,100,100,0.2387000024318695
3218,ASCUS_1_patch12.png,0,431.70001220703125,117.87999725341797,100,100,0.23119999468326569
3219,ASCUS_1_patch12.png,0,906.86,671.36,100,100,0.2236
3220,ASCUS_1_patch12.png,0,473.3999938964844,885.1900024414062,100,100,0.21940000355243683
3221,ASCUS_1_patch12.png,0,666.45,376.06,100,100,0.211
3222,ASCUS_1_patch12.png,0,51.78,328.18,100,100,0.195
3223,ASCUS_1_patch12.png,0,413.27,431.67,100,100,0.1929
3224,ASCUS_1_patch12.png,0,43.24,188.56,100,100,0.1915
3225,ASCUS_1_patch12.png,0,395.04,322.51,100,100,0.1872
3226,ASCUS_1_patch12.png,0,860.5599975585938,573.510009765625,100,100,0.17960000038146973
3227,ASCUS_1_patch12.png,0,625.31,1019.41,100,100,0.1771
3228,ASCUS_1_patch12.png,0,804.239990234375,269.57000732421875,100,100,0.17489999532699585
3229,ASCUS_1_patch12.png,0,448.3500061035156,224.8300018310547,100,100,0.1703999936580658
3230,ASCUS_1_patch12.png,0,993.77,773.54,100,100,0.164
3231,ASCUS_1_patch12.png,0,521.3499755859375,161.9600067138672,100,100,0.14949999749660492
3232,ASCUS_1_patch12.png,0,991.07,253.04,100,100,0.1388
3233,ASCUS_1_patch12.png,0,928.3,572.14,100,100,0.1327
3234,ASCUS_1_patch12.png,0,110.55,338.26,100,100,0.1309
3235,ASCUS_1_patch12.png,0,220.0500030517578,5.460000038146973,100,100,0.13009999692440033
3236,ASCUS_1_patch12.png,0,420.5400085449219,83.8499984741211,100,100,0.12399999797344208
3237,ASCUS_1_patch12.png,0,16.45,256.58,100,100,0.1234
3238,ASCUS_1_patch12.png,0,338.57000732421875,779.8200073242188,100,100,0.12160000205039978
3239,ASCUS_1_patch12.png,0,10.65,355.92,100,100,0.1208
3240,ASCUS_1_patch12.png,0,675.14,801.61,100,100,0.1107
3241,ASCUS_1_patch12.png,0,662.489990234375,582.02001953125,100,100,0.10989999771118164
3242,ASCUS_1_patch12.png,0,4.32,266.09,100,100,0.108
3243,ASCUS_1_patch12.png,0,979.8900146484375,8.829999923706055,100,100,0.10790000110864639
3244,ASCUS_1_patch12.png,0,839.4000244140625,409.94000244140625,100,100,0.10760000348091125
3245,ASCUS_1_patch12.png,0,1004.3800048828125,998.6099853515625,100,100,0.0997999981045723
3246,ASCUS_1_patch12.png,0,126.95999908447266,773.719970703125,100,100,0.09440000355243683
3247,ASCUS_1_patch12.png,0,562.3300170898438,975.030029296875,100,100,0.08370000123977661
3248,ASCUS_1_patch12.png,0,918.5,1002.0800170898438,100,100,0.07779999822378159
3249,ASCUS_1_patch12.png,0,942.530029296875,29.479999542236328,100,100,0.0723000019788742
3250,ASCUS_1_patch12.png,0,426.989990234375,100.80999755859375,100,100,0.07129999995231628
3251,ASCUS_1_patch12.png,0,400.4100036621094,61.720001220703125,100,100,0.07100000232458115
3252,ASCUS_1_patch12.png,0,605.780029296875,261.7300109863281,100,100,0.06289999932050705
3253,ASCUS_1_patch12.png,0,423.9200134277344,642.0700073242188,100,100,0.06210000067949295
3254,ASCUS_1_patch12.png,0,1015.8699951171875,672.9299926757812,100,100,0.0568000003695488
3255,ASCUS_1_patch12.png,0,661.1199951171875,5.150000095367432,100,100,0.05429999902844429
3256,ASCUS_1_patch12.png,0,659.989990234375,546.8400268554688,100,100,0.053700000047683716
3257,ASCUS_1_patch12.png,0,510.8800048828125,209.49000549316406,100,100,0.052299998700618744
3258,ASCUS_1_patch12.png,0,685.9099731445312,662.1699829101562,100,100,0.05090000107884407
3259,ASCUS_1_patch12.png,0,328.8500061035156,168.63999938964844,100,100,0.04989999905228615
3260,ASCUS_1_patch12.png,0,810.260009765625,372.0199890136719,100,100,0.04650000110268593
3261,ASCUS_1_patch12.png,0,628.8699951171875,475.4100036621094,100,100,0.04560000076889992
3262,ASCUS_1_patch12.png,0,751.1500244140625,847.2100219726562,100,100,0.04529999941587448
3263,ASCUS_1_patch12.png,0,355.8599853515625,909.1799926757812,100,100,0.04450000077486038
3264,ASCUS_1_patch12.png,0,617.0599975585938,858.5599975585938,100,100,0.04450000077486038
3265,ASCUS_1_patch12.png,0,57.27000045776367,14.239999771118164,100,100,0.04320000112056732
3266,ASCUS_1_patch12.png,0,208.5399932861328,8.960000038146973,100,100,0.0406000018119812
3267,ASCUS_1_patch12.png,0,314.44000244140625,284.82000732421875,100,100,0.03889999911189079
3268,ASCUS_1_patch12.png,0,609.8599853515625,5.619999885559082,100,100,0.03720000013709068
3269,ASCUS_1_patch12.png,0,642.2000122070312,90.54000091552734,100,100,0.03689999878406525
3270,ASCUS_1_patch12.png,0,658.1099853515625,235.8699951171875,100,100,0.03669999912381172
3271,ASCUS_1_patch12.png,0,508.2099914550781,765.5599975585938,100,100,0.03359999880194664
3272,ASCUS_1_patch12.png,0,433.92999267578125,58.83000183105469,100,100,0.03350000083446503
3273,ASCUS_1_patch12.png,0,1016.75,923.1799926757812,100,100,0.027400000020861626
3274,ASCUS_1_patch12.png,0,567.2000122070312,9.3100004196167,100,100,0.025299999862909317
3275,ASCUS_1_patch12.png,0,387.20001220703125,302.8399963378906,100,100,0.02500000037252903
3276,ASCUS_1_patch12.png,0,346.9800109863281,61.52000045776367,100,100,0.024700000882148743
3277,ASCUS_1_patch12.png,0,178.85000610351562,654.77001953125,100,100,0.024299999698996544
3278,ASCUS_1_patch12.png,0,27.309999465942383,845.6799926757812,100,100,0.023900000378489494
3279,ASCUS_1_patch12.png,0,635.739990234375,63.2400016784668,100,100,0.023900000378489494
3280,ASCUS_1_patch12.png,0,423.80999755859375,263.55999755859375,100,100,0.023800000548362732
3281,ASCUS_1_patch12.png,0,460.010009765625,353.29998779296875,100,100,0.023099999874830246
3282,ASCUS_1_patch12.png,0,672.010009765625,363.510009765625,100,100,0.022600000724196434
3283,ASCUS_1_patch12.png,0,793.719970703125,519.219970703125,100,100,0.0215000007301569
3284,ASCUS_1_patch12.png,0,1008.5499877929688,406.3399963378906,100,100,0.019700000062584877
3285,ASCUS_1_patch12.png,0,73.94999694824219,636.77001953125,100,100,0.019500000402331352
3286,ASCUS_1_patch12.png,0,241.7100067138672,138.36000061035156,100,100,0.01940000057220459
3287,ASCUS_1_patch12.png,0,660.52001953125,265.3500061035156,100,100,0.019300000742077827
3288,ASCUS_1_patch12.png,0,818.2999877929688,277.260009765625,100,100,0.019200000911951065
3289,ASCUS_1_patch12.png,0,103.72000122070312,373.9800109863281,100,100,0.018400000408291817
3290,ASCUS_1_patch12.png,0,540.3800048828125,270.5899963378906,100,100,0.016899999231100082
3291,ASCUS_1_patch12.png,0,837.0800170898438,547.8599853515625,100,100,0.016100000590085983
3292,ASCUS_1_patch12.png,0,70.13999938964844,9.609999656677246,100,100,0.01549999974668026
3293,ASCUS_1_patch12.png,0,398.75,445.6000061035156,100,100,0.015300000086426735
3294,ASCUS_1_patch12.png,0,570.5,939.8400268554688,100,100,0.01489999983459711
3295,ASCUS_1_patch12.png,0,894.9500122070312,405.32000732421875,100,100,0.014700000174343586
3296,ASCUS_1_patch12.png,0,610.8800048828125,1015.5399780273438,100,100,0.014499999582767487
3297,ASCUS_1_patch12.png,0,721.97998046875,469.8500061035156,100,100,0.014100000262260437
3298,ASCUS_1_patch12.png,0,1004.8900146484375,951.1300048828125,100,100,0.013700000010430813
3299,ASCUS_1_patch12.png,0,212.97000122070312,282.2200012207031,100,100,0.01360000018030405
3300,ASCUS_1_patch12.png,0,234.36000061035156,8.8100004196167,100,100,0.013100000098347664
3301,ASCUS_1_patch12.png,0,96.87000274658203,421.55999755859375,100,100,0.013100000098347664
3302,ASCUS_1_patch12.png,0,638.7100219726562,577.5700073242188,100,100,0.013000000268220901
3303,ASCUS_1_patch12.png,0,672.0999755859375,432.54998779296875,100,100,0.012600000016391277
3304,ASCUS_1_patch12.png,0,911.22998046875,17.219999313354492,100,100,0.012199999764561653
3305,ASCUS_1_patch12.png,0,41.939998626708984,639.8800048828125,100,100,0.012000000104308128
3306,ASCUS_1_patch12.png,0,568.22998046875,877.219970703125,100,100,0.011599999852478504
3307,ASCUS_1_patch12.png,0,343.6199951171875,89.19999694824219,100,100,0.010900000110268593
3308,ASCUS_1_patch12.png,0,322.3800048828125,14.25,100,100,0.010599999688565731
3309,ASCUS_1_patch12.png,0,396.6600036621094,388.6700134277344,100,100,0.010499999858438969
3310,ASCUS_1_patch12.png,0,143.69000244140625,917.3699951171875,100,100,0.010400000028312206
3311,ASCUS_1_patch12.png,0,67.73999786376953,407.4100036621094,100,100,0.009999999776482582
3312,ASCUS_1_patch12.png,0,302.3299865722656,4.739999771118164,100,100,0.009700000286102295
3313,ASCUS_1_patch12.png,0,659.6699829101562,440.4100036621094,100,100,0.009600000455975533
3314,ASCUS_1_patch12.png,0,526.7899780273438,665.719970703125,100,100,0.00930000003427267
3315,ASCUS_1_patch12.png,0,455.7900085449219,44.880001068115234,100,100,0.00930000003427267
3316,ASCUS_1_patch12.png,0,213.77999877929688,302.1400146484375,100,100,0.009100000374019146
3317,ASCUS_1_patch12.png,0,734.5499877929688,586.5900268554688,100,100,0.008999999612569809
3318,ASCUS_1_patch12.png,0,352.0799865722656,771.1799926757812,100,100,0.008899999782443047
3319,ASCUS_1_patch12.png,0,752.1799926757812,697.4400024414062,100,100,0.008899999782443047
3320,ASCUS_1_patch12.png,0,170.32000732421875,629.1699829101562,100,100,0.008700000122189522
3321,ASCUS_1_patch12.png,0,123.38999938964844,893.3200073242188,100,100,0.008700000122189522
3322,ASCUS_1_patch12.png,0,494.0899963378906,522.8599853515625,100,100,0.00860000029206276
3323,ASCUS_1_patch12.png,0,651.6699829101562,275.80999755859375,100,100,0.00860000029206276
3324,ASCUS_1_patch12.png,0,217.3300018310547,568.4299926757812,100,100,0.008500000461935997
3325,ASCUS_1_patch12.png,0,634.6500244140625,463.82000732421875,100,100,0.008500000461935997
3326,ASCUS_1_patch12.png,0,762.6599731445312,208.6999969482422,100,100,0.008500000461935997
3327,ASCUS_1_patch12.png,0,511.80999755859375,301.0899963378906,100,100,0.008500000461935997
3328,ASCUS_1_patch12.png,0,450.6700134277344,783.8800048828125,100,100,0.008299999870359898
3329,ASCUS_1_patch12.png,0,733.72998046875,895.0399780273438,100,100,0.008100000210106373
3330,ASCUS_1_patch12.png,0,908.9299926757812,1018.6799926757812,100,100,0.00800000037997961
3331,ASCUS_1_patch12.png,0,414.3900146484375,341.04998779296875,100,100,0.007899999618530273
3332,ASCUS_1_patch12.png,0,545.4099731445312,612.3900146484375,100,100,0.007899999618530273
3333,ASCUS_1_patch12.png,0,602.7100219726562,789.6900024414062,100,100,0.007899999618530273
3334,ASCUS_1_patch12.png,0,317.2799987792969,126.87000274658203,100,100,0.007799999788403511
3335,ASCUS_1_patch12.png,0,409.4599914550781,940.75,100,100,0.007799999788403511
3336,ASCUS_1_patch12.png,0,69.5199966430664,425.3999938964844,100,100,0.007699999958276749
3337,ASCUS_1_patch12.png,0,470.5799865722656,467.20001220703125,100,100,0.007600000128149986
3338,ASCUS_1_patch12.png,0,227.22999572753906,957.280029296875,100,100,0.007499999832361937
3339,ASCUS_1_patch12.png,0,935.1599731445312,113.44000244140625,100,100,0.007400000002235174
3340,ASCUS_1_patch12.png,0,965.9400024414062,14.449999809265137,100,100,0.007400000002235174
3341,ASCUS_1_patch12.png,0,905.3200073242188,949.3599853515625,100,100,0.007300000172108412
3342,ASCUS_1_patch12.png,0,584.75,698.8800048828125,100,100,0.007300000172108412
3343,ASCUS_1_patch12.png,0,462.5199890136719,516.97998046875,100,100,0.007300000172108412
3344,ASCUS_1_patch12.png,0,250.64999389648438,873.510009765625,100,100,0.007300000172108412
3345,ASCUS_1_patch12.png,0,433.6300048828125,781.6599731445312,100,100,0.007199999876320362
3346,ASCUS_1_patch12.png,0,446.4700012207031,411.2200012207031,100,100,0.0071000000461936
3347,ASCUS_1_patch12.png,0,597.7000122070312,192.6199951171875,100,100,0.0071000000461936
3348,ASCUS_1_patch12.png,0,909.3099975585938,787.6400146484375,100,100,0.007000000216066837
3349,ASCUS_1_patch12.png,0,387.5400085449219,54.68000030517578,100,100,0.007000000216066837
3350,ASCUS_1_patch12.png,0,303.29998779296875,673.969970703125,100,100,0.007000000216066837
3351,ASCUS_1_patch12.png,0,13.880000114440918,20.700000762939453,100,100,0.007000000216066837
3352,ASCUS_1_patch12.png,0,196.9199981689453,62.560001373291016,100,100,0.006899999920278788
3353,ASCUS_1_patch12.png,0,294.6400146484375,106.38999938964844,100,100,0.006800000090152025
3354,ASCUS_1_patch12.png,0,793.6500244140625,259.6700134277344,100,100,0.0066999997943639755
3355,ASCUS_1_patch12.png,0,401.75,133.89999389648438,100,100,0.0066999997943639755
3356,ASCUS_1_patch12.png,0,676.1400146484375,409.7799987792969,100,100,0.006599999964237213
3357,ASCUS_1_patch12.png,0,979.3699951171875,696.2999877929688,100,100,0.006500000134110451
3358,ASCUS_1_patch12.png,0,796.4400024414062,282.1600036621094,100,100,0.006399999838322401
3359,ASCUS_1_patch12.png,0,196.30999755859375,282.8800048828125,100,100,0.006399999838322401
3360,ASCUS_1_patch12.png,0,944.5700073242188,709.0700073242188,100,100,0.006399999838322401
3361,ASCUS_1_patch12.png,0,284.1600036621094,662.780029296875,100,100,0.006399999838322401
3362,ASCUS_1_patch12.png,0,195.6199951171875,581.780029296875,100,100,0.006300000008195639
3363,ASCUS_1_patch12.png,0,402.4700012207031,104.26000213623047,100,100,0.006300000008195639
3364,ASCUS_1_patch12.png,0,629.4199829101562,492.82000732421875,100,100,0.006300000008195639
3365,ASCUS_1_patch12.png,0,80.0199966430664,648.9400024414062,100,100,0.006099999882280827
3366,ASCUS_1_patch12.png,0,392.30999755859375,478.9599914550781,100,100,0.006099999882280827
3367,ASCUS_1_patch12.png,0,179.13999938964844,771.1599731445312,100,100,0.006099999882280827
3368,ASCUS_1_patch12.png,0,33.56999969482422,578.6799926757812,100,100,0.006099999882280827
3369,ASCUS_1_patch12.png,0,853.8800048828125,677.4400024414062,100,100,0.006000000052154064
3370,ASCUS_1_patch12.png,0,632.1300048828125,115.62000274658203,100,100,0.006000000052154064
3371,ASCUS_1_patch12.png,0,940.22998046875,49.689998626708984,100,100,0.005900000222027302
3372,ASCUS_1_patch12.png,0,839.3499755859375,150.44000244140625,100,100,0.005900000222027302
3373,ASCUS_1_patch12.png,0,455.55999755859375,717.2000122070312,100,100,0.005900000222027302
3374,ASCUS_1_patch12.png,0,311.67999267578125,918.97998046875,100,100,0.005799999926239252
3375,ASCUS_1_patch12.png,0,638.2100219726562,633.1799926757812,100,100,0.005799999926239252
3376,ASCUS_1_patch12.png,0,982.97998046875,804.75,100,100,0.00570000009611249
3377,ASCUS_1_patch12.png,0,155.5500030517578,639.3499755859375,100,100,0.00570000009611249
3378,ASCUS_1_patch12.png,0,702.8099975585938,888.02001953125,100,100,0.00570000009611249
3379,ASCUS_1_patch12.png,0,538.02001953125,158.44000244140625,100,100,0.00570000009611249
3380,ASCUS_1_patch12.png,0,338.6700134277344,795.3599853515625,100,100,0.00559999980032444
3381,ASCUS_1_patch12.png,0,332.80999755859375,102.0,100,100,0.00559999980032444
3382,ASCUS_1_patch12.png,0,350.0199890136719,193.50999450683594,100,100,0.00559999980032444
3383,ASCUS_1_patch12.png,0,556.4400024414062,691.219970703125,100,100,0.00559999980032444
3384,ASCUS_1_patch12.png,0,59.220001220703125,54.689998626708984,100,100,0.005400000140070915
3385,ASCUS_1_patch12.png,0,560.6799926757812,709.7000122070312,100,100,0.0052999998442828655
3386,ASCUS_1_patch12.png,0,233.80999755859375,88.69000244140625,100,100,0.0052999998442828655
3387,ASCUS_1_patch12.png,0,973.010009765625,708.0900268554688,100,100,0.005200000014156103
3388,ASCUS_1_patch12.png,0,925.9600219726562,958.030029296875,100,100,0.005100000184029341
3389,ASCUS_1_patch12.png,0,130.4499969482422,257.55999755859375,100,100,0.005100000184029341
3390,ASCUS_1_patch12.png,0,415.54998779296875,123.70999908447266,100,100,0.005100000184029341
3391,ASCUS_1_patch12.png,0,398.4599914550781,7.829999923706055,100,100,0.004999999888241291
3392,ASCUS_1_patch12.png,0,227.47999572753906,418.0799865722656,100,100,0.004999999888241291
3393,ASCUS_1_patch12.png,0,735.0999755859375,700.9099731445312,100,100,0.004999999888241291
3394,ASCUS_1_patch12.png,0,196.94000244140625,558.5399780273438,100,100,0.004900000058114529
3395,ASCUS_1_patch12.png,0,211.33999633789062,264.05999755859375,100,100,0.004900000058114529
3396,ASCUS_1_patch12.png,0,252.67999267578125,476.45001220703125,100,100,0.004900000058114529
3397,ASCUS_1_patch12.png,0,842.52001953125,297.260009765625,100,100,0.004900000058114529
3398,ASCUS_1_patch12.png,0,708.4099731445312,981.260009765625,100,100,0.004800000227987766
3399,ASCUS_1_patch12.png,0,901.780029296875,261.6499938964844,100,100,0.004800000227987766
3400,ASCUS_1_patch12.png,0,282.82000732421875,473.1300048828125,100,100,0.004800000227987766
3401,ASCUS_1_patch12.png,0,167.00999450683594,154.05999755859375,100,100,0.004800000227987766
3402,ASCUS_1_patch12.png,0,814.4199829101562,157.97000122070312,100,100,0.004699999932199717
3403,ASCUS_1_patch12.png,0,796.0999755859375,437.4700012207031,100,100,0.004699999932199717
3404,ASCUS_1_patch12.png,0,4.079999923706055,206.86000061035156,100,100,0.004699999932199717
3405,ASCUS_1_patch12.png,0,545.9000244140625,462.0199890136719,100,100,0.004699999932199717
3406,ASCUS_1_patch12.png,0,871.2899780273438,14.4399995803833,100,100,0.004600000102072954
3407,ASCUS_1_patch12.png,0,466.5899963378906,7.289999961853027,100,100,0.004600000102072954
3408,ASCUS_1_patch12.png,0,272.05999755859375,669.9199829101562,100,100,0.004600000102072954
3409,ASCUS_1_patch12.png,0,781.760009765625,487.3699951171875,100,100,0.004600000102072954
3410,ASCUS_1_patch12.png,0,37.720001220703125,480.6099853515625,100,100,0.0044999998062849045
3411,ASCUS_1_patch12.png,0,520.0800170898438,1002.0499877929688,100,100,0.004399999976158142
3412,ASCUS_1_patch12.png,0,195.9499969482422,4.639999866485596,100,100,0.004399999976158142
3413,ASCUS_1_patch12.png,0,640.6099853515625,1010.8699951171875,100,100,0.004399999976158142
3414,ASCUS_1_patch12.png,0,626.0599975585938,331.04998779296875,100,100,0.00430000014603138
3415,ASCUS_1_patch12.png,0,328.6000061035156,185.8699951171875,100,100,0.00430000014603138
3416,ASCUS_1_patch12.png,0,967.2100219726562,476.80999755859375,100,100,0.00419999985024333
3417,ASCUS_1_patch12.png,0,821.719970703125,876.4400024414062,100,100,0.00419999985024333
3418,ASCUS_1_patch12.png,0,641.2899780273438,308.45001220703125,100,100,0.004100000020116568
3419,ASCUS_1_patch12.png,0,210.33999633789062,419.260009765625,100,100,0.004100000020116568
3420,ASCUS_1_patch12.png,0,814.72998046875,259.3500061035156,100,100,0.004000000189989805
3421,ASCUS_1_patch12.png,0,151.55999755859375,754.9500122070312,100,100,0.004000000189989805
3422,ASCUS_1_patch12.png,0,293.6099853515625,908.9299926757812,100,100,0.004000000189989805
3423,ASCUS_1_patch12.png,0,829.989990234375,397.19000244140625,100,100,0.004000000189989805
3424,ASCUS_1_patch12.png,0,737.8900146484375,220.11000061035156,100,100,0.0038999998942017555
3425,ASCUS_1_patch12.png,0,544.2000122070312,404.4800109863281,100,100,0.0038999998942017555
3426,ASCUS_1_patch12.png,0,554.8300170898438,67.9000015258789,100,100,0.0038999998942017555
3427,ASCUS_1_patch12.png,0,679.0900268554688,346.5400085449219,100,100,0.003800000064074993
3428,ASCUS_1_patch12.png,0,332.489990234375,396.1099853515625,100,100,0.003800000064074993
3429,ASCUS_1_patch12.png,0,838.5599975585938,677.030029296875,100,100,0.003800000064074993
3430,ASCUS_1_patch12.png,0,400.67999267578125,299.8800048828125,100,100,0.003800000064074993
3431,ASCUS_1_patch12.png,0,575.6300048828125,64.44000244140625,100,100,0.003700000001117587
3432,ASCUS_1_patch12.png,0,757.8599853515625,475.55999755859375,100,100,0.003700000001117587
3433,ASCUS_1_patch12.png,0,160.02999877929688,653.760009765625,100,100,0.003700000001117587
3434,ASCUS_1_patch12.png,0,774.9000244140625,431.07000732421875,100,100,0.003700000001117587
3435,ASCUS_1_patch12.png,0,619.030029296875,317.510009765625,100,100,0.003599999938160181
3436,ASCUS_1_patch12.png,0,254.6699981689453,969.6900024414062,100,100,0.003599999938160181
3437,ASCUS_1_patch12.png,0,805.2100219726562,953.1300048828125,100,100,0.003599999938160181
3438,ASCUS_1_patch12.png,0,487.489990234375,877.6400146484375,100,100,0.0035000001080334187
3439,ASCUS_1_patch12.png,0,486.3299865722656,965.22998046875,100,100,0.0035000001080334187
3440,ASCUS_1_patch12.png,0,123.51000213623047,98.69999694824219,100,100,0.0035000001080334187
3441,ASCUS_1_patch12.png,0,536.22998046875,442.1300048828125,100,100,0.0035000001080334187
3442,ASCUS_1_patch12.png,0,358.1099853515625,388.9800109863281,100,100,0.0034000000450760126
3443,ASCUS_1_patch12.png,0,190.7899932861328,630.4199829101562,100,100,0.0034000000450760126
3444,ASCUS_1_patch12.png,0,335.8599853515625,44.630001068115234,100,100,0.0034000000450760126
3445,ASCUS_1_patch12.png,0,498.9599914550781,1013.3099975585938,100,100,0.0034000000450760126
3446,ASCUS_1_patch12.png,0,203.17999267578125,159.11000061035156,100,100,0.0034000000450760126
3447,ASCUS_1_patch12.png,0,236.60000610351562,526.1300048828125,100,100,0.0034000000450760126
3448,ASCUS_1_patch12.png,0,144.5399932861328,892.5999755859375,100,100,0.0034000000450760126
3449,ASCUS_1_patch12.png,0,746.0599975585938,203.89999389648438,100,100,0.0034000000450760126
3450,ASCUS_1_patch12.png,0,625.0900268554688,282.25,100,100,0.0032999999821186066
3451,ASCUS_1_patch12.png,0,321.760009765625,153.6300048828125,100,100,0.0032999999821186066
3452,ASCUS_1_patch12.png,0,950.5,480.6700134277344,100,100,0.0032999999821186066
3453,ASCUS_1_patch12.png,0,666.780029296875,290.1099853515625,100,100,0.0032999999821186066
3454,ASCUS_1_patch12.png,0,507.54998779296875,250.94000244140625,100,100,0.0032999999821186066
3455,ASCUS_1_patch12.png,0,585.530029296875,785.75,100,100,0.0032999999821186066
3456,ASCUS_1_patch12.png,0,52.20000076293945,719.52001953125,100,100,0.0032999999821186066
3457,ASCUS_1_patch12.png,0,47.95000076293945,653.3599853515625,100,100,0.0032999999821186066
3458,ASCUS_1_patch12.png,0,189.22999572753906,300.0400085449219,100,100,0.0032999999821186066
3459,ASCUS_1_patch12.png,0,235.82000732421875,942.9500122070312,100,100,0.0031999999191612005
3460,ASCUS_1_patch12.png,0,416.05999755859375,630.469970703125,100,100,0.0031999999191612005
3461,ASCUS_1_patch12.png,0,530.6300048828125,532.0499877929688,100,100,0.0031999999191612005
3462,ASCUS_1_patch12.png,0,436.29998779296875,212.83999633789062,100,100,0.0031999999191612005
3463,ASCUS_1_patch12.png,0,376.44000244140625,513.4199829101562,100,100,0.0031999999191612005
3464,ASCUS_1_patch12.png,0,1014.8200073242188,991.6500244140625,100,100,0.0031999999191612005
3465,ASCUS_1_patch12.png,0,367.3800048828125,95.63999938964844,100,100,0.0031999999191612005
3466,ASCUS_1_patch12.png,0,853.6199951171875,561.3900146484375,100,100,0.0031999999191612005
3467,ASCUS_1_patch12.png,0,177.88999938964844,63.20000076293945,100,100,0.003100000089034438
3468,ASCUS_1_patch12.png,0,825.0999755859375,299.6000061035156,100,100,0.003100000089034438
3469,ASCUS_1_patch12.png,0,91.9000015258789,38.209999084472656,100,100,0.003100000089034438
3470,ASCUS_1_patch12.png,0,812.97998046875,139.52999877929688,100,100,0.003100000089034438
3471,ASCUS_1_patch12.png,0,710.6699829101562,74.36000061035156,100,100,0.003100000089034438
3472,ASCUS_1_patch12.png,0,979.27001953125,484.25,100,100,0.003000000026077032
3473,ASCUS_1_patch12.png,0,278.17999267578125,695.4199829101562,100,100,0.003000000026077032
3474,ASCUS_1_patch12.png,0,270.010009765625,830.3699951171875,100,100,0.002899999963119626
3475,ASCUS_1_patch12.png,0,453.1099853515625,214.58999633789062,100,100,0.002899999963119626
3476,ASCUS_1_patch12.png,0,666.3900146484375,562.6300048828125,100,100,0.002899999963119626
3477,ASCUS_1_patch12.png,0,143.38999938964844,103.44000244140625,100,100,0.002899999963119626
3478,ASCUS_1_patch12.png,0,178.97999572753906,83.9000015258789,100,100,0.002899999963119626
3479,ASCUS_1_patch12.png,0,409.55999755859375,226.8000030517578,100,100,0.00279999990016222
3480,ASCUS_1_patch12.png,0,523.4099731445312,181.63999938964844,100,100,0.00279999990016222
3481,ASCUS_1_patch12.png,0,673.0900268554688,726.3300170898438,100,100,0.00279999990016222
3482,ASCUS_1_patch12.png,0,189.5399932861328,533.5800170898438,100,100,0.00279999990016222
3483,ASCUS_1_patch12.png,0,486.04998779296875,245.25,100,100,0.00279999990016222
3484,ASCUS_1_patch12.png,0,49.209999084472656,4.659999847412109,100,100,0.00279999990016222
3485,ASCUS_1_patch12.png,0,868.1400146484375,297.1000061035156,100,100,0.00279999990016222
3486,ASCUS_1_patch12.png,0,550.4600219726562,878.52001953125,100,100,0.0027000000700354576
3487,ASCUS_1_patch12.png,0,327.6700134277344,115.68000030517578,100,100,0.0027000000700354576
3488,ASCUS_1_patch12.png,0,145.85000610351562,260.0400085449219,100,100,0.0027000000700354576
3489,ASCUS_1_patch12.png,0,42.970001220703125,51.959999084472656,100,100,0.0027000000700354576
3490,ASCUS_1_patch12.png,0,729.5800170898438,602.4299926757812,100,100,0.0027000000700354576
3491,ASCUS_1_patch12.png,0,15.010000228881836,832.3300170898438,100,100,0.0027000000700354576
3492,ASCUS_1_patch12.png,0,443.8800048828125,943.469970703125,100,100,0.0027000000700354576
3493,ASCUS_1_patch12.png,0,798.0,606.4400024414062,100,100,0.0027000000700354576
3494,ASCUS_1_patch12.png,0,177.66000366210938,1015.4299926757812,100,100,0.0026000000070780516
3495,ASCUS_1_patch12.png,0,725.1799926757812,875.8800048828125,100,100,0.0026000000070780516
3496,ASCUS_1_patch12.png,0,273.80999755859375,140.38999938964844,100,100,0.0026000000070780516
3497,ASCUS_1_patch12.png,0,699.7000122070312,149.61000061035156,100,100,0.0026000000070780516
3498,ASCUS_1_patch12.png,0,690.9199829101562,979.0599975585938,100,100,0.0026000000070780516
3499,ASCUS_1_patch12.png,0,412.6600036621094,52.56999969482422,100,100,0.0026000000070780516
3500,ASCUS_1_patch12.png,0,784.8599853515625,748.52001953125,100,100,0.0026000000070780516
3501,ASCUS_1_patch12.png,0,254.39999389648438,102.93000030517578,100,100,0.0026000000070780516
3502,ASCUS_1_patch12.png,0,1017.2899780273438,13.039999961853027,100,100,0.0026000000070780516
3503,ASCUS_1_patch12.png,0,609.1300048828125,234.8000030517578,100,100,0.0024999999441206455
3504,ASCUS_1_patch12.png,0,676.9600219726562,143.00999450683594,100,100,0.0024999999441206455
3505,ASCUS_1_patch12.png,0,526.0599975585938,297.79998779296875,100,100,0.0024999999441206455
3506,ASCUS_1_patch12.png,0,614.02001953125,174.3800048828125,100,100,0.0024999999441206455
3507,ASCUS_1_patch12.png,0,855.8699951171875,698.719970703125,100,100,0.0024999999441206455
3508,ASCUS_1_patch12.png,0,651.5700073242188,571.9500122070312,100,100,0.0024999999441206455
3509,ASCUS_1_patch12.png,0,998.7899780273438,827.0599975585938,100,100,0.0024999999441206455
3510,ASCUS_1_patch12.png,0,461.1499938964844,943.4400024414062,100,100,0.0024999999441206455
3511,ASCUS_1_patch12.png,0,151.85000610351562,19.229999542236328,100,100,0.002400000113993883
3512,ASCUS_1_patch12.png,0,388.6199951171875,642.9199829101562,100,100,0.002400000113993883
3513,ASCUS_1_patch12.png,0,314.3599853515625,773.8099975585938,100,100,0.002400000113993883
3514,ASCUS_1_patch12.png,0,612.0900268554688,121.16000366210938,100,100,0.002400000113993883
3515,ASCUS_1_patch12.png,0,427.6600036621094,144.0,100,100,0.002400000113993883
3516,ASCUS_1_patch12.png,0,273.42999267578125,486.8500061035156,100,100,0.002400000113993883
3517,ASCUS_1_patch12.png,0,779.47998046875,504.5299987792969,100,100,0.002300000051036477
3518,ASCUS_1_patch12.png,0,289.1099853515625,278.0899963378906,100,100,0.002300000051036477
3519,ASCUS_1_patch12.png,0,849.3599853515625,400.510009765625,100,100,0.002300000051036477
3520,ASCUS_1_patch12.png,0,636.8599853515625,137.55999755859375,100,100,0.002300000051036477
3521,ASCUS_1_patch12.png,0,436.0199890136719,243.77000427246094,100,100,0.002300000051036477
3522,ASCUS_1_patch12.png,0,334.3299865722656,998.1599731445312,100,100,0.002300000051036477
3523,ASCUS_1_patch12.png,0,798.7899780273438,300.6000061035156,100,100,0.002300000051036477
3524,ASCUS_1_patch12.png,0,837.469970703125,788.4400024414062,100,100,0.002300000051036477
3525,ASCUS_1_patch12.png,0,352.3399963378906,995.010009765625,100,100,0.002300000051036477
3526,ASCUS_1_patch12.png,0,990.1799926757812,554.8099975585938,100,100,0.002300000051036477
3527,ASCUS_1_patch12.png,0,914.2899780273438,800.7899780273438,100,100,0.002300000051036477
3528,ASCUS_1_patch12.png,0,218.24000549316406,102.45999908447266,100,100,0.002300000051036477
3529,ASCUS_1_patch12.png,0,925.0700073242188,126.2300033569336,100,100,0.002300000051036477
3530,ASCUS_1_patch12.png,0,552.8400268554688,958.510009765625,100,100,0.002199999988079071
3531,ASCUS_1_patch12.png,0,626.280029296875,229.32000732421875,100,100,0.002199999988079071
3532,ASCUS_1_patch12.png,0,352.82000732421875,40.81999969482422,100,100,0.002199999988079071
3533,ASCUS_1_patch12.png,0,195.11000061035156,144.3300018310547,100,100,0.002099999925121665
3534,ASCUS_1_patch12.png,0,565.72998046875,429.6000061035156,100,100,0.002099999925121665
3535,ASCUS_1_patch12.png,0,952.6599731445312,685.4400024414062,100,100,0.002099999925121665
3536,ASCUS_1_patch12.png,0,855.97998046875,192.97999572753906,100,100,0.002099999925121665
3537,ASCUS_1_patch12.png,0,114.5199966430664,908.5999755859375,100,100,0.002099999925121665
3538,ASCUS_1_patch12.png,0,905.8800048828125,1004.4299926757812,100,100,0.0020000000949949026
3539,ASCUS_1_patch12.png,0,396.0400085449219,119.41000366210938,100,100,0.0020000000949949026
3540,ASCUS_1_patch12.png,0,863.780029296875,783.1400146484375,100,100,0.0020000000949949026
3541,ASCUS_1_patch12.png,0,513.0599975585938,442.1099853515625,100,100,0.0020000000949949026
3542,ASCUS_1_patch12.png,0,821.739990234375,948.1699829101562,100,100,0.0020000000949949026
3543,ASCUS_1_patch12.png,0,255.60000610351562,459.4599914550781,100,100,0.0020000000949949026
3544,ASCUS_1_patch12.png,0,381.8699951171875,28.389999389648438,100,100,0.0020000000949949026
3545,ASCUS_1_patch12.png,0,259.6300048828125,544.0999755859375,100,100,0.0020000000949949026
3546,ASCUS_1_patch12.png,0,412.7900085449219,257.5199890136719,100,100,0.0019000000320374966
3547,ASCUS_1_patch12.png,0,212.94000244140625,85.12000274658203,100,100,0.0019000000320374966
3548,ASCUS_1_patch12.png,0,94.37999725341797,404.6199951171875,100,100,0.0019000000320374966
3549,ASCUS_1_patch12.png,0,870.780029296875,563.5800170898438,100,100,0.0019000000320374966
3550,ASCUS_1_patch12.png,0,969.75,504.0799865722656,100,100,0.0019000000320374966
3551,ASCUS_1_patch12.png,0,254.00999450683594,945.0,100,100,0.0019000000320374966
3552,ASCUS_1_patch12.png,0,458.4200134277344,869.739990234375,100,100,0.0019000000320374966
3553,ASCUS_1_patch12.png,0,941.9099731445312,163.52000427246094,100,100,0.0019000000320374966
3554,ASCUS_1_patch12.png,0,481.75,536.8200073242188,100,100,0.0019000000320374966
3555,ASCUS_1_patch12.png,0,486.55999755859375,894.2100219726562,100,100,0.0017999999690800905
3556,ASCUS_1_patch12.png,0,752.97998046875,491.510009765625,100,100,0.0017999999690800905
3557,ASCUS_1_patch12.png,0,1003.719970703125,807.1900024414062,100,100,0.0017999999690800905
3558,ASCUS_1_patch12.png,0,394.9599914550781,37.56999969482422,100,100,0.0017999999690800905
3559,ASCUS_1_patch12.png,0,330.9800109863281,971.969970703125,100,100,0.0017999999690800905
3560,ASCUS_1_patch12.png,0,919.8699951171875,172.6999969482422,100,100,0.0017999999690800905
3561,ASCUS_1_patch12.png,0,337.55999755859375,381.3599853515625,100,100,0.0017999999690800905
3562,ASCUS_1_patch12.png,0,508.3399963378906,508.19000244140625,100,100,0.0017999999690800905
3563,ASCUS_1_patch12.png,0,842.5,315.8299865722656,100,100,0.0017000000225380063
3564,ASCUS_1_patch12.png,0,642.2999877929688,671.77001953125,100,100,0.0017000000225380063
3565,ASCUS_1_patch12.png,0,314.510009765625,96.41000366210938,100,100,0.0017000000225380063
3566,ASCUS_1_patch12.png,0,667.6599731445312,679.1199951171875,100,100,0.0017000000225380063
3567,ASCUS_1_patch12.png,0,735.4600219726562,80.33000183105469,100,100,0.0017000000225380063
3568,ASCUS_1_patch12.png,0,684.3099975585938,273.6000061035156,100,100,0.0015999999595806003
3569,ASCUS_1_patch12.png,0,569.260009765625,726.1500244140625,100,100,0.0015999999595806003
3570,ASCUS_1_patch12.png,0,297.7099914550781,664.6300048828125,100,100,0.0015999999595806003
3571,ASCUS_1_patch12.png,0,386.3500061035156,14.800000190734863,100,100,0.0015999999595806003
3572,ASCUS_1_patch12.png,0,369.1499938964844,67.33999633789062,100,100,0.0015999999595806003
3573,ASCUS_1_patch12.png,0,996.3300170898438,1008.7100219726562,100,100,0.0015999999595806003
3574,ASCUS_1_patch12.png,0,127.77999877929688,753.6799926757812,100,100,0.0015999999595806003
3575,ASCUS_1_patch12.png,0,251.97999572753906,530.8099975585938,100,100,0.001500000013038516
3576,ASCUS_1_patch12.png,0,361.6000061035156,406.1000061035156,100,100,0.001500000013038516
3577,ASCUS_1_patch12.png,0,303.0299987792969,690.989990234375,100,100,0.001500000013038516
3578,ASCUS_1_patch12.png,0,506.239990234375,158.8000030517578,100,100,0.001500000013038516
3579,ASCUS_1_patch12.png,0,115.4000015258789,112.23999786376953,100,100,0.001500000013038516
3580,ASCUS_1_patch12.png,0,828.6400146484375,264.5299987792969,100,100,0.00139999995008111
3581,ASCUS_1_patch12.png,0,270.1499938964844,169.88999938964844,100,100,0.00139999995008111
3582,ASCUS_1_patch12.png,0,890.5399780273438,322.05999755859375,100,100,0.00139999995008111
3583,ASCUS_1_patch12.png,0,435.6499938964844,807.8499755859375,100,100,0.00139999995008111
3584,ASCUS_1_patch12.png,0,659.6699829101562,391.4599914550781,100,100,0.00139999995008111
3585,ASCUS_1_patch12.png,0,708.9000244140625,1007.0700073242188,100,100,0.0013000000035390258
3586,ASCUS_1_patch12.png,0,846.02001953125,34.90999984741211,100,100,0.0013000000035390258
3587,ASCUS_1_patch12.png,0,703.6900024414062,269.1199951171875,100,100,0.0013000000035390258
3588,ASCUS_1_patch12.png,0,8.40999984741211,582.8499755859375,100,100,0.0013000000035390258
3589,ASCUS_1_patch12.png,0,702.9400024414062,656.489990234375,100,100,0.0012000000569969416
3590,ASCUS_1_patch12.png,0,841.1400146484375,186.6199951171875,100,100,0.0010999999940395355
3591,ASCUS_1_patch12.png,0,994.5900268554688,991.8400268554688,100,100,0.0010999999940395355
3592,ASCUS_1_patch12.png,0,730.27001953125,99.97000122070312,100,100,0.0010999999940395355
3593,ASCUS_1_patch12.png,0,827.0999755859375,418.25,100,100,0.0010999999940395355
3594,ASCUS_3_patch01.png,0,262.57,51.08,100,100,0.7891
3595,ASCUS_3_patch01.png,0,74.42,295.57,100,100,0.7722
3596,ASCUS_3_patch01.png,0,78.88,450.57,100,100,0.7579
3597,ASCUS_3_patch01.png,0,717.36,942.77,100,100,0.7574
3598,ASCUS_3_patch01.png,0,178.01,681.41,100,100,0.7545
3599,ASCUS_3_patch01.png,0,613.15,837.14,100,100,0.7534
3600,ASCUS_3_patch01.png,0,78.45,749.15,100,100,0.7507
3601,ASCUS_3_patch01.png,0,879.96,609.04,100,100,0.749
3602,ASCUS_3_patch01.png,0,161.53,581.72,100,100,0.749
3603,ASCUS_3_patch01.png,0,221.83,849.5,100,100,0.7322
3604,ASCUS_3_patch01.png,0,645.85,271.74,100,100,0.7265
3605,ASCUS_3_patch01.png,0,423.13,522.71,100,100,0.717
3606,ASCUS_3_patch01.png,0,223.44,364.03,100,100,0.714
3607,ASCUS_3_patch01.png,0,894.7,250.96,100,100,0.7131
3608,ASCUS_3_patch01.png,0,747.69,102.58,100,100,0.7128
3609,ASCUS_3_patch01.png,0,742.15,746.2,100,100,0.707
3610,ASCUS_3_patch01.png,0,363.32,783.53,100,100,0.6976
3611,ASCUS_3_patch01.png,0,408.05,277.49,100,100,0.6973
3612,ASCUS_3_patch01.png,0,992.86,947.52,100,100,0.6805
3613,ASCUS_3_patch01.png,0,508.9,633.54,100,100,0.668
3614,ASCUS_3_patch01.png,0,842.55,851.73,100,100,0.667
3615,ASCUS_3_patch01.png,0,754.04,654.11,100,100,0.6655
3616,ASCUS_3_patch01.png,0,574.2,533.39,100,100,0.6602
3617,ASCUS_3_patch01.png,0,538.89,982.98,100,100,0.6571
3618,ASCUS_3_patch01.png,0,456.76,185.14,100,100,0.6441
3619,ASCUS_3_patch01.png,0,120.46,942.74,100,100,0.6379
3620,ASCUS_3_patch01.png,0,634.35,152.8,100,100,0.6344
3621,ASCUS_3_patch01.png,0,762.14,159.07,100,100,0.633
3622,ASCUS_3_patch01.png,0,903.92,344.41,100,100,0.619
3623,ASCUS_3_patch01.png,0,323.04,627.59,100,100,0.6076
3624,ASCUS_3_patch01.png,0,139.03,32.26,100,100,0.6022
3625,ASCUS_3_patch01.png,0,583.38,294.49,100,100,0.598
3626,ASCUS_3_patch01.png,0,851.55,42.01,100,100,0.594
3627,ASCUS_3_patch01.png,0,933.6,400.73,100,100,0.5924
3628,ASCUS_3_patch01.png,0,769.57,358.4,100,100,0.5676
3629,ASCUS_3_patch01.png,0,233.78,272.7,100,100,0.5565
3630,ASCUS_3_patch01.png,0,836.38,523.39,100,100,0.5253
3631,ASCUS_3_patch01.png,0,498.21,80.87,100,100,0.5107
3632,ASCUS_3_patch01.png,0,916.36,83.25,100,100,0.5061
3633,ASCUS_3_patch01.png,0,524.15,367.14,100,100,0.5026
3634,ASCUS_3_patch01.png,0,909.86,487.84,100,100,0.4751
3635,ASCUS_3_patch01.png,0,624.67,682.46,100,100,0.4645
3636,ASCUS_3_patch01.png,0,715.29,456.53,100,100,0.4541
3637,ASCUS_3_patch01.png,0,825.08,981.86,100,100,0.423
3638,ASCUS_3_patch01.png,0,644.63,36.51,100,100,0.3865
3639,ASCUS_3_patch01.png,0,409.65,943.39,100,100,0.3836
3640,ASCUS_3_patch01.png,0,325.75,948.61,100,100,0.3485
3641,ASCUS_3_patch01.png,0,558.6599731445312,1008.739990234375,100,100,0.30799999833106995
3642,ASCUS_3_patch01.png,0,942.33,117.76,100,100,0.3079
3643,ASCUS_3_patch01.png,0,958.8099975585938,333.67999267578125,100,100,0.265500009059906
3644,ASCUS_3_patch01.png,0,549.97,131.59,100,100,0.2456
3645,ASCUS_3_patch01.png,0,493.74,793.27,100,100,0.2409
3646,ASCUS_3_patch01.png,0,242.5800018310547,768.9600219726562,100,100,0.23639999330043793
3647,ASCUS_3_patch01.png,0,792.2000122070312,372.010009765625,100,100,0.23250000178813934
3648,ASCUS_3_patch01.png,0,238.19000244140625,883.6799926757812,100,100,0.17030000686645508
3649,ASCUS_3_patch01.png,0,816.7999877929688,17.149999618530273,100,100,0.16099999845027924
3650,ASCUS_3_patch01.png,0,309.45001220703125,981.5599975585938,100,100,0.15389999747276306
3651,ASCUS_3_patch01.png,0,946.0999755859375,8.470000267028809,100,100,0.1459999978542328
3652,ASCUS_3_patch01.png,0,186.35000610351562,1008.530029296875,100,100,0.12860000133514404
3653,ASCUS_3_patch01.png,0,193.72,1019.48,100,100,0.1151
3654,ASCUS_3_patch01.png,0,825.0800170898438,177.5500030517578,100,100,0.08299999684095383
3655,ASCUS_3_patch01.png,0,1018.3699951171875,201.6699981689453,100,100,0.08209999650716782
3656,ASCUS_3_patch01.png,0,874.5499877929688,145.64999389648438,100,100,0.0681999996304512
3657,ASCUS_3_patch01.png,0,1006.4400024414062,10.430000305175781,100,100,0.057999998331069946
3658,ASCUS_3_patch01.png,0,587.4299926757812,208.69000244140625,100,100,0.05730000138282776
3659,ASCUS_3_patch01.png,0,671.760009765625,845.280029296875,100,100,0.056699998676776886
3660,ASCUS_3_patch01.png,0,963.3900146484375,57.310001373291016,100,100,0.052799999713897705
3661,ASCUS_3_patch01.png,0,1015.739990234375,396.7900085449219,100,100,0.044599998742341995
3662,ASCUS_3_patch01.png,0,820.010009765625,293.17999267578125,100,100,0.04399999976158142
3663,ASCUS_3_patch01.png,0,657.1300048828125,13.170000076293945,100,100,0.04349999874830246
3664,ASCUS_3_patch01.png,0,334.4599914550781,555.25,100,100,0.041600000113248825
3665,ASCUS_3_patch01.png,0,654.780029296875,719.9600219726562,100,100,0.032600000500679016
3666,ASCUS_3_patch01.png,0,862.989990234375,1019.1199951171875,100,100,0.032499998807907104
3667,ASCUS_3_patch01.png,0,423.0,991.47998046875,100,100,0.030400000512599945
3668,ASCUS_3_patch01.png,0,4.880000114440918,911.469970703125,100,100,0.029899999499320984
3669,ASCUS_3_patch01.png,0,250.24000549316406,689.280029296875,100,100,0.02710000053048134
3670,ASCUS_3_patch01.png,0,34.189998626708984,973.739990234375,100,100,0.02500000037252903
3671,ASCUS_3_patch01.png,0,125.04000091552734,348.1600036621094,100,100,0.022600000724196434
3672,ASCUS_3_patch01.png,0,509.19000244140625,774.8300170898438,100,100,0.021400000900030136
3673,ASCUS_3_patch01.png,0,110.72000122070312,825.5,100,100,0.019099999219179153
3674,ASCUS_3_patch01.png,0,433.0,767.1599731445312,100,100,0.017999999225139618
3675,ASCUS_3_patch01.png,0,229.42999267578125,759.9199829101562,100,100,0.01730000041425228
3676,ASCUS_3_patch01.png,0,974.7999877929688,307.55999755859375,100,100,0.01679999940097332
3677,ASCUS_3_patch01.png,0,996.4099731445312,262.5299987792969,100,100,0.014299999922513962
3678,ASCUS_3_patch01.png,0,109.80000305175781,605.719970703125,100,100,0.014000000432133675
3679,ASCUS_3_patch01.png,0,152.36000061035156,34.65999984741211,100,100,0.013700000010430813
3680,ASCUS_3_patch01.png,0,982.0,378.0299987792969,100,100,0.012900000438094139
3681,ASCUS_3_patch01.png,0,859.3300170898438,31.649999618530273,100,100,0.011900000274181366
3682,ASCUS_3_patch01.png,0,149.80999755859375,21.829999923706055,100,100,0.011599999852478504
3683,ASCUS_3_patch01.png,0,520.739990234375,625.3800048828125,100,100,0.01119999960064888
3684,ASCUS_3_patch01.png,0,558.989990234375,121.97000122070312,100,100,0.01119999960064888
3685,ASCUS_3_patch01.png,0,851.1900024414062,842.0599975585938,100,100,0.010999999940395355
3686,ASCUS_3_patch01.png,0,442.8800048828125,182.32000732421875,100,100,0.01080000028014183
3687,ASCUS_3_patch01.png,0,1018.1199951171875,409.5899963378906,100,100,0.010400000028312206
3688,ASCUS_3_patch01.png,0,963.1400146484375,74.11000061035156,100,100,0.010200000368058681
3689,ASCUS_3_patch01.png,0,803.5399780273438,185.67999267578125,100,100,0.010099999606609344
3690,ASCUS_3_patch01.png,0,260.3399963378906,700.6199951171875,100,100,0.010099999606609344
3691,ASCUS_3_patch01.png,0,319.07000732421875,1018.0800170898438,100,100,0.009999999776482582
3692,ASCUS_3_patch01.png,0,559.5800170898438,139.33999633789062,100,100,0.00930000003427267
3693,ASCUS_3_patch01.png,0,128.6300048828125,22.59000015258789,100,100,0.009200000204145908
3694,ASCUS_3_patch01.png,0,176.35000610351562,1015.0399780273438,100,100,0.009100000374019146
3695,ASCUS_3_patch01.png,0,483.8900146484375,782.4600219726562,100,100,0.009100000374019146
3696,ASCUS_3_patch01.png,0,416.9200134277344,269.0400085449219,100,100,0.008899999782443047
3697,ASCUS_3_patch01.png,0,757.25,94.81999969482422,100,100,0.008899999782443047
3698,ASCUS_3_patch01.png,0,487.1300048828125,69.01000213623047,100,100,0.008700000122189522
3699,ASCUS_3_patch01.png,0,588.6500244140625,307.3800048828125,100,100,0.008500000461935997
3700,ASCUS_3_patch01.png,0,460.2099914550781,5.480000019073486,100,100,0.008200000040233135
3701,ASCUS_3_patch01.png,0,172.75999450683594,669.5900268554688,100,100,0.008200000040233135
3702,ASCUS_3_patch01.png,0,165.1699981689453,1019.3099975585938,100,100,0.008200000040233135
3703,ASCUS_3_patch01.png,0,887.969970703125,338.25,100,100,0.00800000037997961
3704,ASCUS_3_patch01.png,0,435.8599853515625,515.1500244140625,100,100,0.00800000037997961
3705,ASCUS_3_patch01.png,0,84.38999938964844,999.6799926757812,100,100,0.007699999958276749
3706,ASCUS_3_patch01.png,0,757.4099731445312,351.6499938964844,100,100,0.007499999832361937
3707,ASCUS_3_patch01.png,0,330.25,615.6400146484375,100,100,0.007499999832361937
3708,ASCUS_3_patch01.png,0,208.6999969482422,841.3800048828125,100,100,0.007499999832361937
3709,ASCUS_3_patch01.png,0,651.0499877929688,3.619999885559082,100,100,0.007400000002235174
3710,ASCUS_3_patch01.png,0,733.3300170898438,93.47000122070312,100,100,0.007300000172108412
3711,ASCUS_3_patch01.png,0,109.4000015258789,936.5499877929688,100,100,0.007300000172108412
3712,ASCUS_3_patch01.png,0,777.1900024414062,345.739990234375,100,100,0.007199999876320362
3713,ASCUS_3_patch01.png,0,60.380001068115234,291.0,100,100,0.007199999876320362
3714,ASCUS_3_patch01.png,0,333.75,824.2899780273438,100,100,0.007000000216066837
3715,ASCUS_3_patch01.png,0,372.8399963378906,770.0999755859375,100,100,0.007000000216066837
3716,ASCUS_3_patch01.png,0,216.6199951171875,352.7099914550781,100,100,0.007000000216066837
3717,ASCUS_3_patch01.png,0,529.8599853515625,353.9100036621094,100,100,0.007000000216066837
3718,ASCUS_3_patch01.png,0,1018.780029296875,13.989999771118164,100,100,0.007000000216066837
3719,ASCUS_3_patch01.png,0,71.30999755859375,737.2100219726562,100,100,0.0066999997943639755
3720,ASCUS_3_patch01.png,0,148.1300048828125,576.8900146484375,100,100,0.0066999997943639755
3721,ASCUS_3_patch01.png,0,905.1699829101562,239.38999938964844,100,100,0.0066999997943639755
3722,ASCUS_3_patch01.png,0,354.3299865722656,772.8200073242188,100,100,0.006599999964237213
3723,ASCUS_3_patch01.png,0,634.5399780273438,29.299999237060547,100,100,0.006300000008195639
3724,ASCUS_3_patch01.png,0,902.72998046875,80.1500015258789,100,100,0.006200000178068876
3725,ASCUS_3_patch01.png,0,1004.4299926757812,124.48999786376953,100,100,0.006200000178068876
3726,ASCUS_3_patch01.png,0,652.7100219726562,853.9400024414062,100,100,0.006200000178068876
3727,ASCUS_3_patch01.png,0,999.75,935.4199829101562,100,100,0.006200000178068876
3728,ASCUS_3_patch01.png,0,101.30000305175781,997.0900268554688,100,100,0.006099999882280827
3729,ASCUS_3_patch01.png,0,85.19999694824219,286.79998779296875,100,100,0.006000000052154064
3730,ASCUS_3_patch01.png,0,1002.3200073242188,442.2200012207031,100,100,0.006000000052154064
3731,ASCUS_3_patch01.png,0,713.489990234375,931.3699951171875,100,100,0.005900000222027302
3732,ASCUS_3_patch01.png,0,127.29000091552734,929.4400024414062,100,100,0.005900000222027302
3733,ASCUS_3_patch01.png,0,842.8400268554688,30.530000686645508,100,100,0.005799999926239252
3734,ASCUS_3_patch01.png,0,732.3200073242188,736.0499877929688,100,100,0.00570000009611249
3735,ASCUS_3_patch01.png,0,499.20001220703125,624.5900268554688,100,100,0.00559999980032444
3736,ASCUS_3_patch01.png,0,396.510009765625,931.1900024414062,100,100,0.005499999970197678
3737,ASCUS_3_patch01.png,0,588.8900146484375,529.4600219726562,100,100,0.005499999970197678
3738,ASCUS_3_patch01.png,0,472.1099853515625,183.33999633789062,100,100,0.005499999970197678
3739,ASCUS_3_patch01.png,0,246.30999755859375,579.75,100,100,0.0052999998442828655
3740,ASCUS_3_patch01.png,0,640.8599853515625,11.239999771118164,100,100,0.0052999998442828655
3741,ASCUS_3_patch01.png,0,533.52001953125,375.75,100,100,0.0052999998442828655
3742,ASCUS_3_patch01.png,0,921.2899780273438,392.45001220703125,100,100,0.005200000014156103
3743,ASCUS_3_patch01.png,0,913.22998046875,69.83000183105469,100,100,0.005200000014156103
3744,ASCUS_3_patch01.png,0,769.0499877929688,649.510009765625,100,100,0.005200000014156103
3745,ASCUS_3_patch01.png,0,336.0400085449219,938.6400146484375,100,100,0.005200000014156103
3746,ASCUS_3_patch01.png,0,850.27001953125,196.72999572753906,100,100,0.005200000014156103
3747,ASCUS_3_patch01.png,0,563.8099975585938,524.47998046875,100,100,0.005200000014156103
3748,ASCUS_3_patch01.png,0,307.1400146484375,625.9600219726562,100,100,0.005100000184029341
3749,ASCUS_3_patch01.png,0,801.5700073242188,722.4199829101562,100,100,0.005100000184029341
3750,ASCUS_3_patch01.png,0,314.54998779296875,942.5599975585938,100,100,0.005100000184029341
3751,ASCUS_3_patch01.png,0,236.5,369.9200134277344,100,100,0.004999999888241291
3752,ASCUS_3_patch01.png,0,96.97000122070312,1009.1599731445312,100,100,0.004999999888241291
3753,ASCUS_3_patch01.png,0,510.9200134277344,64.9800033569336,100,100,0.004999999888241291
3754,ASCUS_3_patch01.png,0,399.80999755859375,261.760009765625,100,100,0.004999999888241291
3755,ASCUS_3_patch01.png,0,563.9500122070312,541.780029296875,100,100,0.004999999888241291
3756,ASCUS_3_patch01.png,0,671.5900268554688,9.380000114440918,100,100,0.004900000058114529
3757,ASCUS_3_patch01.png,0,235.49000549316406,843.1300048828125,100,100,0.004800000227987766
3758,ASCUS_3_patch01.png,0,622.0999755859375,822.8400268554688,100,100,0.004800000227987766
3759,ASCUS_3_patch01.png,0,899.3699951171875,476.9200134277344,100,100,0.004800000227987766
3760,ASCUS_3_patch01.png,0,1019.1500244140625,322.55999755859375,100,100,0.004699999932199717
3761,ASCUS_3_patch01.png,0,199.9600067138672,669.3099975585938,100,100,0.004600000102072954
3762,ASCUS_3_patch01.png,0,573.3599853515625,302.3599853515625,100,100,0.004600000102072954
3763,ASCUS_3_patch01.png,0,922.7000122070312,481.9100036621094,100,100,0.0044999998062849045
3764,ASCUS_3_patch01.png,0,653.6699829101562,260.6300048828125,100,100,0.004399999976158142
3765,ASCUS_3_patch01.png,0,185.77000427246094,41.65999984741211,100,100,0.004399999976158142
3766,ASCUS_3_patch01.png,0,1018.22998046875,119.76000213623047,100,100,0.004399999976158142
3767,ASCUS_3_patch01.png,0,756.5800170898438,146.94000244140625,100,100,0.00430000014603138
3768,ASCUS_3_patch01.png,0,525.6699829101562,977.3499755859375,100,100,0.00430000014603138
3769,ASCUS_3_patch01.png,0,593.1799926757812,284.57000732421875,100,100,0.00430000014603138
3770,ASCUS_3_patch01.png,0,74.9800033569336,437.7900085449219,100,100,0.00430000014603138
3771,ASCUS_3_patch01.png,0,142.7899932861328,46.45000076293945,100,100,0.00419999985024333
3772,ASCUS_3_patch01.png,0,899.6799926757812,331.8399963378906,100,100,0.00419999985024333
3773,ASCUS_3_patch01.png,0,704.3200073242188,444.6000061035156,100,100,0.004100000020116568
3774,ASCUS_3_patch01.png,0,757.0700073242188,430.4599914550781,100,100,0.004100000020116568
3775,ASCUS_3_patch01.png,0,739.9199829101562,649.6300048828125,100,100,0.004100000020116568
3776,ASCUS_3_patch01.png,0,228.35000610351562,260.2300109863281,100,100,0.004100000020116568
3777,ASCUS_3_patch01.png,0,89.37000274658203,737.6599731445312,100,100,0.004100000020116568
3778,ASCUS_3_patch01.png,0,85.25,1015.3200073242188,100,100,0.004000000189989805
3779,ASCUS_3_patch01.png,0,836.3499755859375,171.88999938964844,100,100,0.004000000189989805
3780,ASCUS_3_patch01.png,0,542.4000244140625,118.62999725341797,100,100,0.004000000189989805
3781,ASCUS_3_patch01.png,0,251.14999389648438,44.90999984741211,100,100,0.004000000189989805
3782,ASCUS_3_patch01.png,0,245.08999633789062,753.7100219726562,100,100,0.004000000189989805
3783,ASCUS_3_patch01.png,0,756.75,637.8800048828125,100,100,0.0038999998942017555
3784,ASCUS_3_patch01.png,0,979.6699829101562,943.5599975585938,100,100,0.0038999998942017555
3785,ASCUS_3_patch01.png,0,513.75,356.04998779296875,100,100,0.003800000064074993
3786,ASCUS_3_patch01.png,0,407.07000732421875,516.260009765625,100,100,0.003800000064074993
3787,ASCUS_3_patch01.png,0,515.6099853515625,760.1099853515625,100,100,0.003800000064074993
3788,ASCUS_3_patch01.png,0,900.7000122070312,160.41000366210938,100,100,0.003700000001117587
3789,ASCUS_3_patch01.png,0,915.25,335.7099914550781,100,100,0.003599999938160181
3790,ASCUS_3_patch01.png,0,93.80000305175781,448.42999267578125,100,100,0.003599999938160181
3791,ASCUS_3_patch01.png,0,422.2200012207031,948.7899780273438,100,100,0.0035000001080334187
3792,ASCUS_3_patch01.png,0,881.1900024414062,245.1999969482422,100,100,0.0035000001080334187
3793,ASCUS_3_patch01.png,0,730.6400146484375,452.0,100,100,0.0035000001080334187
3794,ASCUS_3_patch01.png,0,596.0499877929688,824.3599853515625,100,100,0.0035000001080334187
3795,ASCUS_3_patch01.png,0,628.8699951171875,139.5,100,100,0.0035000001080334187
3796,ASCUS_3_patch01.png,0,575.6799926757812,283.0299987792969,100,100,0.0035000001080334187
3797,ASCUS_3_patch01.png,0,894.7999877929688,353.5299987792969,100,100,0.0032999999821186066
3798,ASCUS_3_patch01.png,0,213.8300018310547,370.3299865722656,100,100,0.0032999999821186066
3799,ASCUS_3_patch01.png,0,547.030029296875,964.9400024414062,100,100,0.0031999999191612005
3800,ASCUS_3_patch01.png,0,236.6999969482422,353.1499938964844,100,100,0.0031999999191612005
3801,ASCUS_3_patch01.png,0,170.5,568.1599731445312,100,100,0.0031999999191612005
3802,ASCUS_3_patch01.png,0,436.29998779296875,530.4500122070312,100,100,0.0031999999191612005
3803,ASCUS_3_patch01.png,0,859.3800048828125,852.4600219726562,100,100,0.003100000089034438
3804,ASCUS_3_patch01.png,0,867.3300170898438,601.1099853515625,100,100,0.003100000089034438
3805,ASCUS_3_patch01.png,0,889.5599975585938,599.02001953125,100,100,0.003000000026077032
3806,ASCUS_3_patch01.png,0,479.3500061035156,795.6799926757812,100,100,0.003000000026077032
3807,ASCUS_3_patch01.png,0,904.9400024414062,499.5899963378906,100,100,0.003000000026077032
3808,ASCUS_3_patch01.png,0,632.0700073242188,265.5799865722656,100,100,0.003000000026077032
3809,ASCUS_3_patch01.png,0,618.8499755859375,668.8900146484375,100,100,0.003000000026077032
3810,ASCUS_3_patch01.png,0,888.22998046875,149.05999755859375,100,100,0.002899999963119626
3811,ASCUS_3_patch01.png,0,930.9500122070312,82.30999755859375,100,100,0.002899999963119626
3812,ASCUS_3_patch01.png,0,942.7000122070312,387.75,100,100,0.002899999963119626
3813,ASCUS_3_patch01.png,0,952.3800048828125,102.5,100,100,0.00279999990016222
3814,ASCUS_3_patch01.png,0,848.1099853515625,513.0499877929688,100,100,0.00279999990016222
3815,ASCUS_3_patch01.png,0,115.52999877929688,813.5399780273438,100,100,0.00279999990016222
3816,ASCUS_3_patch01.png,0,791.9000244140625,356.2099914550781,100,100,0.0027000000700354576
3817,ASCUS_3_patch01.png,0,105.08000183105469,837.0399780273438,100,100,0.0027000000700354576
3818,ASCUS_3_patch01.png,0,967.27001953125,343.4200134277344,100,100,0.0027000000700354576
3819,ASCUS_3_patch01.png,0,409.760009765625,531.4500122070312,100,100,0.0026000000070780516
3820,ASCUS_3_patch01.png,0,251.80999755859375,779.75,100,100,0.0026000000070780516
3821,ASCUS_3_patch01.png,0,397.8500061035156,287.510009765625,100,100,0.0026000000070780516
3822,ASCUS_3_patch01.png,0,661.1699829101562,273.6300048828125,100,100,0.0026000000070780516
3823,ASCUS_3_patch01.png,0,122.94000244140625,846.47998046875,100,100,0.0026000000070780516
3824,ASCUS_3_patch01.png,0,829.77001953125,969.2100219726562,100,100,0.0026000000070780516
3825,ASCUS_3_patch01.png,0,140.60000610351562,12.399999618530273,100,100,0.0026000000070780516
3826,ASCUS_3_patch01.png,0,829.1799926757812,508.67999267578125,100,100,0.0024999999441206455
3827,ASCUS_3_patch01.png,0,483.3900146484375,82.80999755859375,100,100,0.0024999999441206455
3828,ASCUS_3_patch01.png,0,133.02999877929688,862.22998046875,100,100,0.002400000113993883
3829,ASCUS_3_patch01.png,0,499.2799987792969,642.4600219726562,100,100,0.002400000113993883
3830,ASCUS_3_patch01.png,0,579.1900024414062,545.6699829101562,100,100,0.002400000113993883
3831,ASCUS_3_patch01.png,0,556.5700073242188,992.8900146484375,100,100,0.002400000113993883
3832,ASCUS_3_patch01.png,0,940.5,412.92999267578125,100,100,0.002400000113993883
3833,ASCUS_3_patch01.png,0,753.0999755859375,737.530029296875,100,100,0.002300000051036477
3834,ASCUS_3_patch01.png,0,814.1099853515625,972.5499877929688,100,100,0.002300000051036477
3835,ASCUS_3_patch01.png,0,914.9099731445312,350.8999938964844,100,100,0.002300000051036477
3836,ASCUS_3_patch01.png,0,828.3900146484375,848.2999877929688,100,100,0.002199999988079071
3837,ASCUS_3_patch01.png,0,1015.8599853515625,443.1099853515625,100,100,0.002199999988079071
3838,ASCUS_3_patch01.png,0,519.8400268554688,379.17999267578125,100,100,0.002099999925121665
3839,ASCUS_3_patch01.png,0,452.2099914550781,167.83999633789062,100,100,0.002099999925121665
3840,ASCUS_3_patch01.png,0,727.780029296875,935.1900024414062,100,100,0.002099999925121665
3841,ASCUS_3_patch01.png,0,785.1300048828125,384.2699890136719,100,100,0.0020000000949949026
3842,ASCUS_3_patch01.png,0,474.9100036621094,834.0599975585938,100,100,0.0020000000949949026
3843,ASCUS_3_patch01.png,0,833.4099731445312,290.3599853515625,100,100,0.0020000000949949026
3844,ASCUS_3_patch01.png,0,124.80999755859375,37.41999816894531,100,100,0.0020000000949949026
3845,ASCUS_3_patch01.png,0,493.489990234375,770.4400024414062,100,100,0.0019000000320374966
3846,ASCUS_3_patch01.png,0,61.25,747.1099853515625,100,100,0.0019000000320374966
3847,ASCUS_3_patch01.png,0,772.0999755859375,149.36000061035156,100,100,0.0019000000320374966
3848,ASCUS_3_patch01.png,0,836.780029296875,44.47999954223633,100,100,0.0019000000320374966
3849,ASCUS_3_patch01.png,0,644.25,139.67999267578125,100,100,0.0019000000320374966
3850,ASCUS_3_patch01.png,0,1017.7999877929688,473.79998779296875,100,100,0.0017000000225380063
3851,ASCUS_3_patch01.png,0,247.25,713.7899780273438,100,100,0.0017000000225380063
3852,ASCUS_3_patch01.png,0,926.8900146484375,4.639999866485596,100,100,0.0017000000225380063
3853,ASCUS_3_patch01.png,0,945.6400146484375,348.8800048828125,100,100,0.0015999999595806003
3854,ASCUS_3_patch01.png,0,744.8499755859375,416.9800109863281,100,100,0.0015999999595806003
3855,ASCUS_3_patch01.png,0,237.35000610351562,858.0800170898438,100,100,0.001500000013038516
3856,ASCUS_3_patch01.png,0,276.30999755859375,47.02000045776367,100,100,0.001500000013038516
3857,ASCUS_3_patch01.png,0,771.239990234375,468.55999755859375,100,100,0.001500000013038516
3858,ASCUS_3_patch01.png,0,987.2999877929688,926.3400268554688,100,100,0.00139999995008111
3859,ASCUS_3_patch01.png,0,999.5700073242188,959.8099975585938,100,100,0.00139999995008111
3860,ASCUS_3_patch01.png,0,630.6500244140625,833.9199829101562,100,100,0.00139999995008111
3861,ASCUS_3_patch01.png,0,200.6300048828125,1006.1900024414062,100,100,0.0013000000035390258
3862,ASCUS_3_patch01.png,0,308.69000244140625,965.2999877929688,100,100,0.0013000000035390258
3863,ASCUS_3_patch01.png,0,772.1400146484375,169.35000610351562,100,100,0.0013000000035390258
3864,ASCUS_3_patch01.png,0,241.3000030517578,283.239990234375,100,100,0.0013000000035390258
3865,ASCUS_3_patch01.png,0,803.7000122070312,13.699999809265137,100,100,0.0012000000569969416
3866,ASCUS_3_patch01.png,0,508.989990234375,794.6799926757812,100,100,0.0012000000569969416
3867,ASCUS_3_patch02.png,0,427.29,912.57,100,100,0.6817
3868,ASCUS_3_patch02.png,0,161.17,288.38,100,100,0.6763
3869,ASCUS_3_patch02.png,0,371.51,857.64,100,100,0.5306
3870,ASCUS_3_patch02.png,0,415.55999755859375,918.5700073242188,100,100,0.010400000028312206
3871,ASCUS_3_patch02.png,0,441.7300109863281,909.9299926757812,100,100,0.008799999952316284
3872,ASCUS_3_patch02.png,0,360.69000244140625,866.6199951171875,100,100,0.008799999952316284
3873,ASCUS_3_patch02.png,0,178.0800018310547,285.07000732421875,100,100,0.008100000210106373
3874,ASCUS_3_patch02.png,0,386.17999267578125,845.1799926757812,100,100,0.005499999970197678
3875,ASCUS_3_patch02.png,0,353.5799865722656,853.8599853515625,100,100,0.005400000140070915
3876,ASCUS_3_patch02.png,0,435.7699890136719,923.2100219726562,100,100,0.004600000102072954
3877,ASCUS_3_patch02.png,0,433.3900146484375,898.489990234375,100,100,0.004600000102072954
3878,ASCUS_3_patch02.png,0,365.9100036621094,843.3300170898438,100,100,0.004399999976158142
3879,ASCUS_3_patch02.png,0,172.36000061035156,300.05999755859375,100,100,0.00419999985024333
3880,ASCUS_3_patch02.png,0,416.3599853515625,903.0,100,100,0.003700000001117587
3881,ASCUS_3_patch02.png,0,214.6999969482422,330.1000061035156,100,100,0.0034000000450760126
3882,ASCUS_3_patch02.png,0,384.9700012207031,863.9199829101562,100,100,0.0027000000700354576
3883,ASCUS_3_patch02.png,0,172.17999267578125,267.55999755859375,100,100,0.001500000013038516
3884,ASCUS_3_patch04.png,0,381.77,898.36,100,100,0.7798
3885,ASCUS_3_patch04.png,0,754.53,602.87,100,100,0.7585
3886,ASCUS_3_patch04.png,0,39.51,605.46,100,100,0.7554
3887,ASCUS_3_patch04.png,0,712.17,739.57,100,100,0.7275
3888,ASCUS_3_patch04.png,0,372.58,729.04,100,100,0.7242
3889,ASCUS_3_patch04.png,0,256.52,273.11,100,100,0.7228
3890,ASCUS_3_patch04.png,0,271.34,593.73,100,100,0.7197
3891,ASCUS_3_patch04.png,0,148.78,870.98,100,100,0.7035
3892,ASCUS_3_patch04.png,0,280.87,458.76,100,100,0.6861
3893,ASCUS_3_patch04.png,0,561.96,804.9,100,100,0.6757
3894,ASCUS_3_patch04.png,0,448.33,404.37,100,100,0.658
3895,ASCUS_3_patch04.png,0,891.43,868.76,100,100,0.6536
3896,ASCUS_3_patch04.png,0,139.32,729.33,100,100,0.6371
3897,ASCUS_3_patch04.png,0,534.67,738.26,100,100,0.6356
3898,ASCUS_3_patch04.png,0,927.49,750.27,100,100,0.6239
3899,ASCUS_3_patch04.png,0,19.48,749.58,100,100,0.5927
3900,ASCUS_3_patch04.png,0,569.28,521.86,100,100,0.5826
3901,ASCUS_3_patch04.png,0,976.77,861.7,100,100,0.5791
3902,ASCUS_3_patch04.png,0,739.79,889.73,100,100,0.5692
3903,ASCUS_3_patch04.png,0,907.42,584.51,100,100,0.5525
3904,ASCUS_3_patch04.png,0,610.12,453.29,100,100,0.5373
3905,ASCUS_3_patch04.png,0,556.56,887.71,100,100,0.5045
3906,ASCUS_3_patch04.png,0,224.46,1004.83,100,100,0.4977
3907,ASCUS_3_patch04.png,0,1003.39,947.68,100,100,0.4877
3908,ASCUS_3_patch04.png,0,522.88,668.5,100,100,0.4832
3909,ASCUS_3_patch04.png,0,974.32,786.86,100,100,0.4723
3910,ASCUS_3_patch04.png,0,1017.3099975585938,564.9600219726562,100,100,0.14920000731945038
3911,ASCUS_3_patch04.png,0,543.1799926757812,910.52001953125,100,100,0.13979999721050262
3912,ASCUS_3_patch04.png,0,868.3499755859375,604.0900268554688,100,100,0.06700000166893005
3913,ASCUS_3_patch04.png,0,286.95001220703125,782.3800048828125,100,100,0.04230000078678131
3914,ASCUS_3_patch04.png,0,1019.3699951171875,636.25,100,100,0.036400001496076584
3915,ASCUS_3_patch04.png,0,625.47998046875,768.9099731445312,100,100,0.03449999913573265
3916,ASCUS_3_patch04.png,0,1007.4400024414062,559.6799926757812,100,100,0.03319999948143959
3917,ASCUS_3_patch04.png,0,1019.1799926757812,658.47998046875,100,100,0.028999999165534973
3918,ASCUS_3_patch04.png,0,396.3500061035156,469.0799865722656,100,100,0.01979999989271164
3919,ASCUS_3_patch04.png,0,877.0,633.0599975585938,100,100,0.01810000091791153
3920,ASCUS_3_patch04.png,0,1009.22998046875,623.1699829101562,100,100,0.017799999564886093
3921,ASCUS_3_patch04.png,0,293.0400085449219,447.7099914550781,100,100,0.0142000000923872
3922,ASCUS_3_patch04.png,0,523.760009765625,730.7899780273438,100,100,0.01360000018030405
3923,ASCUS_3_patch04.png,0,45.33000183105469,591.6400146484375,100,100,0.013000000268220901
3924,ASCUS_3_patch04.png,0,571.8900146484375,881.1400146484375,100,100,0.012000000104308128
3925,ASCUS_3_patch04.png,0,536.6599731445312,657.9099731445312,100,100,0.011800000444054604
3926,ASCUS_3_patch04.png,0,137.6199951171875,862.969970703125,100,100,0.011099999770522118
3927,ASCUS_3_patch04.png,0,851.22998046875,636.4600219726562,100,100,0.011099999770522118
3928,ASCUS_3_patch04.png,0,165.22000122070312,866.6500244140625,100,100,0.010900000110268593
3929,ASCUS_3_patch04.png,0,270.8800048828125,446.5199890136719,100,100,0.010599999688565731
3930,ASCUS_3_patch04.png,0,545.0999755859375,727.3900146484375,100,100,0.009399999864399433
3931,ASCUS_3_patch04.png,0,1017.7100219726562,614.0700073242188,100,100,0.009200000204145908
3932,ASCUS_3_patch04.png,0,148.3699951171875,711.6699829101562,100,100,0.00839999970048666
3933,ASCUS_3_patch04.png,0,422.57000732421875,1018.4500122070312,100,100,0.008200000040233135
3934,ASCUS_3_patch04.png,0,555.530029296875,648.4600219726562,100,100,0.008100000210106373
3935,ASCUS_3_patch04.png,0,1015.1099853515625,952.719970703125,100,100,0.00800000037997961
3936,ASCUS_3_patch04.png,0,561.0700073242188,899.510009765625,100,100,0.007799999788403511
3937,ASCUS_3_patch04.png,0,389.9200134277344,884.1400146484375,100,100,0.007400000002235174
3938,ASCUS_3_patch04.png,0,995.719970703125,936.8400268554688,100,100,0.007400000002235174
3939,ASCUS_3_patch04.png,0,434.3399963378906,398.7900085449219,100,100,0.007199999876320362
3940,ASCUS_3_patch04.png,0,989.6400146484375,784.5700073242188,100,100,0.0071000000461936
3941,ASCUS_3_patch04.png,0,371.989990234375,888.0700073242188,100,100,0.0071000000461936
3942,ASCUS_3_patch04.png,0,258.5899963378906,587.75,100,100,0.007000000216066837
3943,ASCUS_3_patch04.png,0,464.44000244140625,407.54998779296875,100,100,0.007000000216066837
3944,ASCUS_3_patch04.png,0,726.47998046875,894.8099975585938,100,100,0.006500000134110451
3945,ASCUS_3_patch04.png,0,238.5,264.5899963378906,100,100,0.006399999838322401
3946,ASCUS_3_patch04.png,0,764.3200073242188,592.97998046875,100,100,0.006399999838322401
3947,ASCUS_3_patch04.png,0,379.79998779296875,716.8200073242188,100,100,0.006300000008195639
3948,ASCUS_3_patch04.png,0,697.72998046875,741.510009765625,100,100,0.006099999882280827
3949,ASCUS_3_patch04.png,0,551.969970703125,794.5999755859375,100,100,0.006099999882280827
3950,ASCUS_3_patch04.png,0,618.3800048828125,443.9599914550781,100,100,0.006000000052154064
3951,ASCUS_3_patch04.png,0,293.07000732421875,467.2300109863281,100,100,0.006000000052154064
3952,ASCUS_3_patch04.png,0,362.3599853515625,717.0399780273438,100,100,0.005799999926239252
3953,ASCUS_3_patch04.png,0,1013.260009765625,932.6699829101562,100,100,0.00570000009611249
3954,ASCUS_3_patch04.png,0,734.0,878.6099853515625,100,100,0.005400000140070915
3955,ASCUS_3_patch04.png,0,900.780029296875,567.0499877929688,100,100,0.0052999998442828655
3956,ASCUS_3_patch04.png,0,239.2100067138672,1006.2100219726562,100,100,0.0052999998442828655
3957,ASCUS_3_patch04.png,0,915.5700073242188,740.8900146484375,100,100,0.005100000184029341
3958,ASCUS_3_patch04.png,0,570.6500244140625,792.8200073242188,100,100,0.005100000184029341
3959,ASCUS_3_patch04.png,0,210.9600067138672,1017.2100219726562,100,100,0.005100000184029341
3960,ASCUS_3_patch04.png,0,251.05999755859375,255.72000122070312,100,100,0.004999999888241291
3961,ASCUS_3_patch04.png,0,380.7200012207031,740.0499877929688,100,100,0.004900000058114529
3962,ASCUS_3_patch04.png,0,943.6900024414062,738.780029296875,100,100,0.004900000058114529
3963,ASCUS_3_patch04.png,0,1019.6199951171875,676.6099853515625,100,100,0.004900000058114529
3964,ASCUS_3_patch04.png,0,462.6600036621094,391.0299987792969,100,100,0.004800000227987766
3965,ASCUS_3_patch04.png,0,990.6199951171875,865.4600219726562,100,100,0.004800000227987766
3966,ASCUS_3_patch04.png,0,716.3499755859375,724.6199951171875,100,100,0.004699999932199717
3967,ASCUS_3_patch04.png,0,751.7999877929688,882.5499877929688,100,100,0.0044999998062849045
3968,ASCUS_3_patch04.png,0,598.1300048828125,445.5899963378906,100,100,0.004399999976158142
3969,ASCUS_3_patch04.png,0,8.369999885559082,739.1799926757812,100,100,0.00430000014603138
3970,ASCUS_3_patch04.png,0,586.9600219726562,513.6300048828125,100,100,0.00430000014603138
3971,ASCUS_3_patch04.png,0,518.9299926757812,896.760009765625,100,100,0.00430000014603138
3972,ASCUS_3_patch04.png,0,960.1599731445312,790.3599853515625,100,100,0.00419999985024333
3973,ASCUS_3_patch04.png,0,282.3500061035156,584.239990234375,100,100,0.004100000020116568
3974,ASCUS_3_patch04.png,0,8.970000267028809,756.72998046875,100,100,0.004000000189989805
3975,ASCUS_3_patch04.png,0,728.8499755859375,732.1400146484375,100,100,0.004000000189989805
3976,ASCUS_3_patch04.png,0,981.4099731445312,845.0800170898438,100,100,0.0038999998942017555
3977,ASCUS_3_patch04.png,0,272.5899963378906,262.9200134277344,100,100,0.003700000001117587
3978,ASCUS_3_patch04.png,0,445.07000732421875,387.4700012207031,100,100,0.003599999938160181
3979,ASCUS_3_patch04.png,0,557.4299926757812,527.7999877929688,100,100,0.0032999999821186066
3980,ASCUS_3_patch04.png,0,980.2899780273438,772.5900268554688,100,100,0.0032999999821186066
3981,ASCUS_3_patch04.png,0,965.4600219726562,867.010009765625,100,100,0.0031999999191612005
3982,ASCUS_3_patch04.png,0,266.6000061035156,460.94000244140625,100,100,0.0031999999191612005
3983,ASCUS_3_patch04.png,0,275.5799865722656,791.0,100,100,0.0031999999191612005
3984,ASCUS_3_patch04.png,0,865.47998046875,622.510009765625,100,100,0.003100000089034438
3985,ASCUS_3_patch04.png,0,545.25,873.7999877929688,100,100,0.003100000089034438
3986,ASCUS_3_patch04.png,0,562.02001953125,509.44000244140625,100,100,0.003000000026077032
3987,ASCUS_3_patch04.png,0,877.7999877929688,859.7000122070312,100,100,0.003000000026077032
3988,ASCUS_3_patch04.png,0,29.56999969482422,594.3900146484375,100,100,0.002899999963119626
3989,ASCUS_3_patch04.png,0,922.6799926757812,578.9500122070312,100,100,0.00279999990016222
3990,ASCUS_3_patch04.png,0,897.2999877929688,854.4099731445312,100,100,0.0027000000700354576
3991,ASCUS_3_patch04.png,0,362.7699890136719,739.1199951171875,100,100,0.0024999999441206455
3992,ASCUS_3_patch04.png,0,743.9099731445312,593.02001953125,100,100,0.0024999999441206455
3993,ASCUS_3_patch04.png,0,508.6700134277344,661.0700073242188,100,100,0.002400000113993883
3994,ASCUS_3_patch04.png,0,879.5999755859375,595.3300170898438,100,100,0.002300000051036477
3995,ASCUS_3_patch04.png,0,982.1300048828125,522.6500244140625,100,100,0.002199999988079071
3996,ASCUS_3_patch04.png,0,394.3299865722656,903.3499755859375,100,100,0.002199999988079071
3997,ASCUS_3_patch04.png,0,1005.0800170898438,639.72998046875,100,100,0.002199999988079071
3998,ASCUS_3_patch04.png,0,519.8300170898438,745.260009765625,100,100,0.0019000000320374966
3999,ASCUS_3_patch04.png,0,553.02001953125,821.2899780273438,100,100,0.0015999999595806003
4000,ASCUS_3_patch04.png,0,878.760009765625,874.6599731445312,100,100,0.00139999995008111
4001,ASCUS_3_patch04.png,0,524.4000244140625,915.5399780273438,100,100,0.00139999995008111
4002,ASCUS_3_patch04.png,0,616.9199829101562,467.6000061035156,100,100,0.0013000000035390258
4003,ASCUS_3_patch06.png,0,256.0,923.24,100,100,0.7952
4004,ASCUS_3_patch06.png,0,605.7,641.11,100,100,0.7815
4005,ASCUS_3_patch06.png,0,757.14,951.93,100,100,0.7764
4006,ASCUS_3_patch06.png,0,397.68,480.24,100,100,0.7734
4007,ASCUS_3_patch06.png,0,713.18,55.88,100,100,0.7645
4008,ASCUS_3_patch06.png,0,179.04,309.62,100,100,0.7466
4009,ASCUS_3_patch06.png,0,89.94,904.09,100,100,0.7455
4010,ASCUS_3_patch06.png,0,922.14,501.68,100,100,0.7407
4011,ASCUS_3_patch06.png,0,242.89,734.27,100,100,0.7238
4012,ASCUS_3_patch06.png,0,963.85,796.95,100,100,0.7218
4013,ASCUS_3_patch06.png,0,105.97,504.18,100,100,0.6999
4014,ASCUS_3_patch06.png,0,506.61,286.93,100,100,0.6971
4015,ASCUS_3_patch06.png,0,80.1,174.25,100,100,0.6968
4016,ASCUS_3_patch06.png,0,233.79,32.3,100,100,0.6967
4017,ASCUS_3_patch06.png,0,591.51,820.69,100,100,0.6787
4018,ASCUS_3_patch06.png,0,838.3,18.96,100,100,0.6603
4019,ASCUS_3_patch06.png,0,617.27,161.71,100,100,0.6467
4020,ASCUS_3_patch06.png,0,269.81,581.13,100,100,0.6467
4021,ASCUS_3_patch06.png,0,467.99,125.94,100,100,0.6461
4022,ASCUS_3_patch06.png,0,915.47,313.12,100,100,0.6454
4023,ASCUS_3_patch06.png,0,926.43,218.02,100,100,0.6404
4024,ASCUS_3_patch06.png,0,85.87,727.84,100,100,0.6325
4025,ASCUS_3_patch06.png,0,393.41,248.26,100,100,0.6257
4026,ASCUS_3_patch06.png,0,901.3,734.52,100,100,0.6248
4027,ASCUS_3_patch06.png,0,354.74,208.14,100,100,0.6212
4028,ASCUS_3_patch06.png,0,101.89,387.35,100,100,0.6182
4029,ASCUS_3_patch06.png,0,59.12,886.63,100,100,0.6057
4030,ASCUS_3_patch06.png,0,956.73,370.4,100,100,0.5987
4031,ASCUS_3_patch06.png,0,865.36,689.65,100,100,0.5946
4032,ASCUS_3_patch06.png,0,939.98,987.05,100,100,0.5919
4033,ASCUS_3_patch06.png,0,579.71,885.93,100,100,0.5885
4034,ASCUS_3_patch06.png,0,750.55,511.84,100,100,0.5862
4035,ASCUS_3_patch06.png,0,838.02,850.05,100,100,0.5756
4036,ASCUS_3_patch06.png,0,871.26,81.37,100,100,0.5603
4037,ASCUS_3_patch06.png,0,742.72,745.08,100,100,0.5554
4038,ASCUS_3_patch06.png,0,1000.58,110.94,100,100,0.5536
4039,ASCUS_3_patch06.png,0,859.16,197.11,100,100,0.5368
4040,ASCUS_3_patch06.png,0,735.38,354.49,100,100,0.5192
4041,ASCUS_3_patch06.png,0,642.89,450.02,100,100,0.5104
4042,ASCUS_3_patch06.png,0,831.71,987.49,100,100,0.5056
4043,ASCUS_3_patch06.png,0,20.32,551.39,100,100,0.463
4044,ASCUS_3_patch06.png,0,781.76,617.72,100,100,0.4465
4045,ASCUS_3_patch06.png,0,566.71,33.42,100,100,0.4343
4046,ASCUS_3_patch06.png,0,855.56,562.11,100,100,0.4137
4047,ASCUS_3_patch06.png,0,616.78,1014.32,100,100,0.4048
4048,ASCUS_3_patch06.png,0,657.7,177.84,100,100,0.3462
4049,ASCUS_3_patch06.png,0,937.5,565.15,100,100,0.3429
4050,ASCUS_3_patch06.png,0,256.5199890136719,567.3200073242188,100,100,0.25049999356269836
4051,ASCUS_3_patch06.png,0,9.24,666.82,100,100,0.2388
4052,ASCUS_3_patch06.png,0,160.28,744.02,100,100,0.2289
4053,ASCUS_3_patch06.png,0,31.14,973.96,100,100,0.2
4054,ASCUS_3_patch06.png,0,822.1,425.95,100,100,0.1992
4055,ASCUS_3_patch06.png,0,627.2,273.21,100,100,0.1932
4056,ASCUS_3_patch06.png,0,94.92,647.77,100,100,0.1911
4057,ASCUS_3_patch06.png,0,15.43,750.7,100,100,0.1868
4058,ASCUS_3_patch06.png,0,736.66,1017.94,100,100,0.1789
4059,ASCUS_3_patch06.png,0,561.510009765625,245.9199981689453,100,100,0.13420000672340393
4060,ASCUS_3_patch06.png,0,915.3300170898438,37.20000076293945,100,100,0.1316000074148178
4061,ASCUS_3_patch06.png,0,896.6900024414062,426.7099914550781,100,100,0.12880000472068787
4062,ASCUS_3_patch06.png,0,639.1199951171875,533.1699829101562,100,100,0.1145000010728836
4063,ASCUS_3_patch06.png,0,427.0400085449219,162.0500030517578,100,100,0.1137000024318695
4064,ASCUS_3_patch06.png,0,1016.7899780273438,200.3800048828125,100,100,0.10700000077486038
4065,ASCUS_3_patch06.png,0,828.7000122070312,257.3699951171875,100,100,0.10419999808073044
4066,ASCUS_3_patch06.png,0,475.32000732421875,189.39999389648438,100,100,0.0869000032544136
4067,ASCUS_3_patch06.png,0,186.30999755859375,625.8200073242188,100,100,0.06669999659061432
4068,ASCUS_3_patch06.png,0,921.780029296875,419.8500061035156,100,100,0.06669999659061432
4069,ASCUS_3_patch06.png,0,1015.1699829101562,1005.280029296875,100,100,0.060600001364946365
4070,ASCUS_3_patch06.png,0,890.75,134.6999969482422,100,100,0.057500001043081284
4071,ASCUS_3_patch06.png,0,919.3200073242188,611.0900268554688,100,100,0.05700000002980232
4072,ASCUS_3_patch06.png,0,614.27001953125,10.130000114440918,100,100,0.052000001072883606
4073,ASCUS_3_patch06.png,0,565.989990234375,225.4199981689453,100,100,0.04230000078678131
4074,ASCUS_3_patch06.png,0,28.079999923706055,404.6499938964844,100,100,0.039799999445676804
4075,ASCUS_3_patch06.png,0,1019.4600219726562,868.9099731445312,100,100,0.03550000116229057
4076,ASCUS_3_patch06.png,0,585.22998046875,1018.2000122070312,100,100,0.0340999998152256
4077,ASCUS_3_patch06.png,0,86.98999786376953,655.5900268554688,100,100,0.033799998462200165
4078,ASCUS_3_patch06.png,0,946.0,145.27999877929688,100,100,0.032099999487400055
4079,ASCUS_3_patch06.png,0,725.25,412.7799987792969,100,100,0.02979999966919422
4080,ASCUS_3_patch06.png,0,733.0999755859375,301.92999267578125,100,100,0.02889999933540821
4081,ASCUS_3_patch06.png,0,858.3699951171875,597.6300048828125,100,100,0.025699999183416367
4082,ASCUS_3_patch06.png,0,849.489990234375,411.2799987792969,100,100,0.024299999698996544
4083,ASCUS_3_patch06.png,0,678.510009765625,382.4700012207031,100,100,0.023900000378489494
4084,ASCUS_3_patch06.png,0,852.4500122070312,8.479999542236328,100,100,0.020999999716877937
4085,ASCUS_3_patch06.png,0,1018.3900146484375,883.0700073242188,100,100,0.018799999728798866
4086,ASCUS_3_patch06.png,0,246.47999572753906,38.63999938964844,100,100,0.017000000923871994
4087,ASCUS_3_patch06.png,0,629.1400146484375,1016.760009765625,100,100,0.01590000092983246
4088,ASCUS_3_patch06.png,0,718.8200073242188,9.149999618530273,100,100,0.01510000042617321
4089,ASCUS_3_patch06.png,0,6.71999979019165,538.1699829101562,100,100,0.01510000042617321
4090,ASCUS_3_patch06.png,0,118.86000061035156,495.42999267578125,100,100,0.014800000004470348
4091,ASCUS_3_patch06.png,0,525.9400024414062,91.75,100,100,0.014499999582767487
4092,ASCUS_3_patch06.png,0,106.94999694824219,638.7999877929688,100,100,0.014299999922513962
4093,ASCUS_3_patch06.png,0,618.0800170898438,279.1099853515625,100,100,0.013899999670684338
4094,ASCUS_3_patch06.png,0,721.7899780273438,247.85000610351562,100,100,0.013899999670684338
4095,ASCUS_3_patch06.png,0,536.3099975585938,228.11000061035156,100,100,0.013199999928474426
4096,ASCUS_3_patch06.png,0,852.510009765625,686.8300170898438,100,100,0.012799999676644802
4097,ASCUS_3_patch06.png,0,569.1500244140625,876.4600219726562,100,100,0.012600000016391277
4098,ASCUS_3_patch06.png,0,722.6300048828125,348.8299865722656,100,100,0.012500000186264515
4099,ASCUS_3_patch06.png,0,345.510009765625,285.5400085449219,100,100,0.012000000104308128
4100,ASCUS_3_patch06.png,0,1019.760009765625,810.9600219726562,100,100,0.011699999682605267
4101,ASCUS_3_patch06.png,0,1011.1400146484375,97.51000213623047,100,100,0.011500000022351742
4102,ASCUS_3_patch06.png,0,359.8500061035156,249.5,100,100,0.01080000028014183
4103,ASCUS_3_patch06.png,0,1007.739990234375,1018.1799926757812,100,100,0.010700000450015068
4104,ASCUS_3_patch06.png,0,934.3699951171875,632.1599731445312,100,100,0.010700000450015068
4105,ASCUS_3_patch06.png,0,924.75,985.0700073242188,100,100,0.010200000368058681
4106,ASCUS_3_patch06.png,0,76.83999633789062,645.5499877929688,100,100,0.009999999776482582
4107,ASCUS_3_patch06.png,0,844.1400146484375,982.7100219726562,100,100,0.009499999694526196
4108,ASCUS_3_patch06.png,0,496.7799987792969,277.6499938964844,100,100,0.009499999694526196
4109,ASCUS_3_patch06.png,0,415.489990234375,153.72000122070312,100,100,0.008999999612569809
4110,ASCUS_3_patch06.png,0,598.9199829101562,1014.9299926757812,100,100,0.008999999612569809
4111,ASCUS_3_patch06.png,0,614.1900024414062,632.5599975585938,100,100,0.008899999782443047
4112,ASCUS_3_patch06.png,0,733.9000244140625,735.7999877929688,100,100,0.008899999782443047
4113,ASCUS_3_patch06.png,0,909.4400024414062,724.6799926757812,100,100,0.008700000122189522
4114,ASCUS_3_patch06.png,0,340.0,204.07000732421875,100,100,0.008700000122189522
4115,ASCUS_3_patch06.png,0,701.5900268554688,340.25,100,100,0.008700000122189522
4116,ASCUS_3_patch06.png,0,243.7899932861328,20.559999465942383,100,100,0.00860000029206276
4117,ASCUS_3_patch06.png,0,966.9000244140625,364.5799865722656,100,100,0.008299999870359898
4118,ASCUS_3_patch06.png,0,166.47000122070312,302.489990234375,100,100,0.007799999788403511
4119,ASCUS_3_patch06.png,0,989.8699951171875,711.7999877929688,100,100,0.007400000002235174
4120,ASCUS_3_patch06.png,0,742.6799926757812,340.3800048828125,100,100,0.007400000002235174
4121,ASCUS_3_patch06.png,0,445.510009765625,174.97000122070312,100,100,0.007300000172108412
4122,ASCUS_3_patch06.png,0,89.80000305175781,380.3800048828125,100,100,0.0071000000461936
4123,ASCUS_3_patch06.png,0,593.1300048828125,879.6199951171875,100,100,0.0071000000461936
4124,ASCUS_3_patch06.png,0,92.97000122070312,166.66000366210938,100,100,0.007000000216066837
4125,ASCUS_3_patch06.png,0,255.17999267578125,730.3300170898438,100,100,0.006899999920278788
4126,ASCUS_3_patch06.png,0,193.94000244140625,302.7099914550781,100,100,0.006800000090152025
4127,ASCUS_3_patch06.png,0,458.4800109863281,195.1999969482422,100,100,0.0066999997943639755
4128,ASCUS_3_patch06.png,0,832.280029296875,972.4299926757812,100,100,0.006500000134110451
4129,ASCUS_3_patch06.png,0,956.989990234375,785.0,100,100,0.006399999838322401
4130,ASCUS_3_patch06.png,0,572.1699829101562,20.829999923706055,100,100,0.006399999838322401
4131,ASCUS_3_patch06.png,0,761.969970703125,500.6499938964844,100,100,0.006300000008195639
4132,ASCUS_3_patch06.png,0,847.3800048828125,188.75999450683594,100,100,0.006200000178068876
4133,ASCUS_3_patch06.png,0,404.2300109863281,241.0,100,100,0.006200000178068876
4134,ASCUS_3_patch06.png,0,987.0700073242188,108.83000183105469,100,100,0.006099999882280827
4135,ASCUS_3_patch06.png,0,747.27001953125,496.3500061035156,100,100,0.006099999882280827
4136,ASCUS_3_patch06.png,0,827.8200073242188,8.3100004196167,100,100,0.006099999882280827
4137,ASCUS_3_patch06.png,0,49.2599983215332,876.7999877929688,100,100,0.006000000052154064
4138,ASCUS_3_patch06.png,0,877.25,587.5599975585938,100,100,0.005799999926239252
4139,ASCUS_3_patch06.png,0,995.5,96.79000091552734,100,100,0.00570000009611249
4140,ASCUS_3_patch06.png,0,93.8499984741211,495.3800048828125,100,100,0.00559999980032444
4141,ASCUS_3_patch06.png,0,114.87999725341797,383.57000732421875,100,100,0.00559999980032444
4142,ASCUS_3_patch06.png,0,883.5999755859375,678.0599975585938,100,100,0.005499999970197678
4143,ASCUS_3_patch06.png,0,720.1799926757812,426.0,100,100,0.005400000140070915
4144,ASCUS_3_patch06.png,0,487.8699951171875,183.4499969482422,100,100,0.0052999998442828655
4145,ASCUS_3_patch06.png,0,867.8400268554688,185.66000366210938,100,100,0.0052999998442828655
4146,ASCUS_3_patch06.png,0,459.6000061035156,114.56999969482422,100,100,0.005200000014156103
4147,ASCUS_3_patch06.png,0,863.760009765625,69.77999877929688,100,100,0.005200000014156103
4148,ASCUS_3_patch06.png,0,1017.489990234375,125.81999969482422,100,100,0.005100000184029341
4149,ASCUS_3_patch06.png,0,512.8200073242188,274.19000244140625,100,100,0.005100000184029341
4150,ASCUS_3_patch06.png,0,265.2699890136719,556.9500122070312,100,100,0.005100000184029341
4151,ASCUS_3_patch06.png,0,932.8800048828125,492.70001220703125,100,100,0.004999999888241291
4152,ASCUS_3_patch06.png,0,234.94000244140625,722.6300048828125,100,100,0.004900000058114529
4153,ASCUS_3_patch06.png,0,99.04000091552734,730.5,100,100,0.004800000227987766
4154,ASCUS_3_patch06.png,0,13.079999923706055,411.4100036621094,100,100,0.004800000227987766
4155,ASCUS_3_patch06.png,0,481.44000244140625,118.18000030517578,100,100,0.004800000227987766
4156,ASCUS_3_patch06.png,0,848.6500244140625,586.4199829101562,100,100,0.004800000227987766
4157,ASCUS_3_patch06.png,0,923.9600219726562,300.45001220703125,100,100,0.004699999932199717
4158,ASCUS_3_patch06.png,0,664.9600219726562,165.5399932861328,100,100,0.004600000102072954
4159,ASCUS_3_patch06.png,0,715.77001953125,300.7300109863281,100,100,0.004600000102072954
4160,ASCUS_3_patch06.png,0,879.260009765625,695.510009765625,100,100,0.0044999998062849045
4161,ASCUS_3_patch06.png,0,632.530029296875,437.2099914550781,100,100,0.00430000014603138
4162,ASCUS_3_patch06.png,0,1017.9500122070312,229.55999755859375,100,100,0.00430000014603138
4163,ASCUS_3_patch06.png,0,614.1699829101562,210.5500030517578,100,100,0.00430000014603138
4164,ASCUS_3_patch06.png,0,653.6799926757812,455.1400146484375,100,100,0.00419999985024333
4165,ASCUS_3_patch06.png,0,268.2900085449219,916.0399780273438,100,100,0.00419999985024333
4166,ASCUS_3_patch06.png,0,97.06999969482422,891.22998046875,100,100,0.00419999985024333
4167,ASCUS_3_patch06.png,0,943.5,365.0400085449219,100,100,0.004100000020116568
4168,ASCUS_3_patch06.png,0,889.6400146484375,723.8599853515625,100,100,0.004000000189989805
4169,ASCUS_3_patch06.png,0,849.6699829101562,841.530029296875,100,100,0.004000000189989805
4170,ASCUS_3_patch06.png,0,602.9299926757812,809.780029296875,100,100,0.004000000189989805
4171,ASCUS_3_patch06.png,0,383.260009765625,237.02999877929688,100,100,0.0038999998942017555
4172,ASCUS_3_patch06.png,0,365.04998779296875,196.58999633789062,100,100,0.0038999998942017555
4173,ASCUS_3_patch06.png,0,902.1900024414062,304.9200134277344,100,100,0.0038999998942017555
4174,ASCUS_3_patch06.png,0,955.25,983.6599731445312,100,100,0.003800000064074993
4175,ASCUS_3_patch06.png,0,388.3500061035156,467.1400146484375,100,100,0.003800000064074993
4176,ASCUS_3_patch06.png,0,650.7899780273438,437.4200134277344,100,100,0.003700000001117587
4177,ASCUS_3_patch06.png,0,767.4400024414062,942.25,100,100,0.003599999938160181
4178,ASCUS_3_patch06.png,0,89.95999908447266,398.8399963378906,100,100,0.0035000001080334187
4179,ASCUS_3_patch06.png,0,822.6199951171875,998.719970703125,100,100,0.0034000000450760126
4180,ASCUS_3_patch06.png,0,465.1199951171875,178.8300018310547,100,100,0.0034000000450760126
4181,ASCUS_3_patch06.png,0,582.1900024414062,808.9500122070312,100,100,0.0034000000450760126
4182,ASCUS_3_patch06.png,0,805.6400146484375,422.9700012207031,100,100,0.0034000000450760126
4183,ASCUS_3_patch06.png,0,577.8900146484375,827.2100219726562,100,100,0.0032999999821186066
4184,ASCUS_3_patch06.png,0,382.0400085449219,256.75,100,100,0.0032999999821186066
4185,ASCUS_3_patch06.png,0,67.08999633789062,164.1699981689453,100,100,0.0032999999821186066
4186,ASCUS_3_patch06.png,0,245.66000366210938,910.3300170898438,100,100,0.0031999999191612005
4187,ASCUS_3_patch06.png,0,928.5900268554688,552.9199829101562,100,100,0.0031999999191612005
4188,ASCUS_3_patch06.png,0,279.1199951171875,591.8200073242188,100,100,0.0031999999191612005
4189,ASCUS_3_patch06.png,0,920.1799926757812,204.36000061035156,100,100,0.0031999999191612005
4190,ASCUS_3_patch06.png,0,95.23999786376953,715.7999877929688,100,100,0.0031999999191612005
4191,ASCUS_3_patch06.png,0,279.489990234375,566.0499877929688,100,100,0.0031999999191612005
4192,ASCUS_3_patch06.png,0,938.4000244140625,201.3699951171875,100,100,0.0031999999191612005
4193,ASCUS_3_patch06.png,0,816.010009765625,436.8399963378906,100,100,0.003100000089034438
4194,ASCUS_3_patch06.png,0,947.969970703125,625.760009765625,100,100,0.003100000089034438
4195,ASCUS_3_patch06.png,0,697.0399780273438,52.29999923706055,100,100,0.003000000026077032
4196,ASCUS_3_patch06.png,0,916.1300048828125,487.17999267578125,100,100,0.003000000026077032
4197,ASCUS_3_patch06.png,0,6.139999866485596,735.52001953125,100,100,0.003000000026077032
4198,ASCUS_3_patch06.png,0,973.7899780273438,783.7899780273438,100,100,0.003000000026077032
4199,ASCUS_3_patch06.png,0,846.030029296875,860.25,100,100,0.002899999963119626
4200,ASCUS_3_patch06.png,0,221.8699951171875,29.59000015258789,100,100,0.00279999990016222
4201,ASCUS_3_patch06.png,0,6.820000171661377,475.07000732421875,100,100,0.00279999990016222
4202,ASCUS_3_patch06.png,0,597.3699951171875,629.4000244140625,100,100,0.00279999990016222
4203,ASCUS_3_patch06.png,0,591.5499877929688,7.760000228881836,100,100,0.00279999990016222
4204,ASCUS_3_patch06.png,0,790.47998046875,606.4000244140625,100,100,0.00279999990016222
4205,ASCUS_3_patch06.png,0,73.77999877929688,720.52001953125,100,100,0.00279999990016222
4206,ASCUS_3_patch06.png,0,705.3900146484375,5.579999923706055,100,100,0.0027000000700354576
4207,ASCUS_3_patch06.png,0,928.0499877929688,29.670000076293945,100,100,0.0027000000700354576
4208,ASCUS_3_patch06.png,0,630.719970703125,522.5399780273438,100,100,0.0027000000700354576
4209,ASCUS_3_patch06.png,0,6.489999771118164,558.3900146484375,100,100,0.0027000000700354576
4210,ASCUS_3_patch06.png,0,411.9800109863281,471.3999938964844,100,100,0.0026000000070780516
4211,ASCUS_3_patch06.png,0,94.11000061035156,182.0399932861328,100,100,0.0026000000070780516
4212,ASCUS_3_patch06.png,0,601.7999877929688,157.9600067138672,100,100,0.0024999999441206455
4213,ASCUS_3_patch06.png,0,220.88999938964844,746.780029296875,100,100,0.002400000113993883
4214,ASCUS_3_patch06.png,0,107.12999725341797,903.3800048828125,100,100,0.002400000113993883
4215,ASCUS_3_patch06.png,0,81.73999786376953,157.11000061035156,100,100,0.002400000113993883
4216,ASCUS_3_patch06.png,0,65.86000061035156,181.41000366210938,100,100,0.002300000051036477
4217,ASCUS_3_patch06.png,0,247.33999633789062,557.0800170898438,100,100,0.002300000051036477
4218,ASCUS_3_patch06.png,0,817.7000122070312,411.1199951171875,100,100,0.002300000051036477
4219,ASCUS_3_patch06.png,0,879.0700073242188,69.0999984741211,100,100,0.002199999988079071
4220,ASCUS_3_patch06.png,0,68.43000030517578,873.3200073242188,100,100,0.002199999988079071
4221,ASCUS_3_patch06.png,0,632.0399780273438,153.8699951171875,100,100,0.002099999925121665
4222,ASCUS_3_patch06.png,0,727.4500122070312,509.29998779296875,100,100,0.002099999925121665
4223,ASCUS_3_patch06.png,0,443.9200134277344,152.17999267578125,100,100,0.002099999925121665
4224,ASCUS_3_patch06.png,0,905.0700073242188,985.02001953125,100,100,0.002099999925121665
4225,ASCUS_3_patch06.png,0,245.47000122070312,574.6400146484375,100,100,0.002099999925121665
4226,ASCUS_3_patch06.png,0,638.5599975585938,167.02999877929688,100,100,0.0020000000949949026
4227,ASCUS_3_patch06.png,0,731.1199951171875,5.050000190734863,100,100,0.0020000000949949026
4228,ASCUS_3_patch06.png,0,780.3400268554688,373.3299865722656,100,100,0.0020000000949949026
4229,ASCUS_3_patch06.png,0,89.26000213623047,626.3300170898438,100,100,0.0020000000949949026
4230,ASCUS_3_patch06.png,0,955.3800048828125,809.3099975585938,100,100,0.0019000000320374966
4231,ASCUS_3_patch06.png,0,932.7999877929688,998.0700073242188,100,100,0.0017999999690800905
4232,ASCUS_3_patch06.png,0,906.6199951171875,414.75,100,100,0.0017999999690800905
4233,ASCUS_3_patch06.png,0,182.14999389648438,294.0,100,100,0.0017000000225380063
4234,ASCUS_3_patch06.png,0,736.97998046875,317.9800109863281,100,100,0.0017000000225380063
4235,ASCUS_3_patch06.png,0,816.52001953125,251.27999877929688,100,100,0.001500000013038516
4236,ASCUS_3_patch06.png,0,746.8099975585938,729.5900268554688,100,100,0.001500000013038516
4237,ASCUS_3_patch06.png,0,841.3499755859375,563.8099975585938,100,100,0.00139999995008111
4238,ASCUS_3_patch06.png,0,870.8599853515625,667.25,100,100,0.00139999995008111
4239,ASCUS_3_patch06.png,0,451.95001220703125,127.11000061035156,100,100,0.00139999995008111
4240,ASCUS_3_patch06.png,0,563.530029296875,890.2899780273438,100,100,0.00139999995008111
4241,ASCUS_3_patch06.png,0,981.0900268554688,800.5900268554688,100,100,0.00139999995008111
4242,ASCUS_3_patch06.png,0,507.8800048828125,98.02999877929688,100,100,0.0013000000035390258
4243,ASCUS_3_patch06.png,0,836.75,404.3999938964844,100,100,0.0013000000035390258
4244,ASCUS_3_patch06.png,0,730.0599975585938,53.189998626708984,100,100,0.0013000000035390258
4245,ASCUS_3_patch06.png,0,516.6599731445312,300.29998779296875,100,100,0.0013000000035390258
4246,ASCUS_3_patch08.png,0,611.96,668.39,100,100,0.7705
4247,ASCUS_3_patch08.png,0,279.25,221.29,100,100,0.7373
4248,ASCUS_3_patch08.png,0,595.07,812.3,100,100,0.7303
4249,ASCUS_3_patch08.png,0,209.22,413.45,100,100,0.7284
4250,ASCUS_3_patch08.png,0,339.61,93.44,100,100,0.7196
4251,ASCUS_3_patch08.png,0,347.93,365.51,100,100,0.6886
4252,ASCUS_3_patch08.png,0,82.49,367.15,100,100,0.6681
4253,ASCUS_3_patch08.png,0,219.69000244140625,403.1600036621094,100,100,0.012000000104308128
4254,ASCUS_3_patch08.png,0,581.1599731445312,805.469970703125,100,100,0.008799999952316284
4255,ASCUS_3_patch08.png,0,95.37999725341797,359.6000061035156,100,100,0.008299999870359898
4256,ASCUS_3_patch08.png,0,11.470000267028809,83.52999877929688,100,100,0.00800000037997961
4257,ASCUS_3_patch08.png,0,605.9299926757812,800.0599975585938,100,100,0.007799999788403511
4258,ASCUS_3_patch08.png,0,3.7699999809265137,70.31999969482422,100,100,0.007300000172108412
4259,ASCUS_3_patch08.png,0,329.739990234375,82.81999969482422,100,100,0.007000000216066837
4260,ASCUS_3_patch08.png,0,625.6500244140625,669.8499755859375,100,100,0.0066999997943639755
4261,ASCUS_3_patch08.png,0,337.3900146484375,354.7900085449219,100,100,0.006300000008195639
4262,ASCUS_3_patch08.png,0,289.5,208.85000610351562,100,100,0.006099999882280827
4263,ASCUS_3_patch08.png,0,346.9700012207031,79.58999633789062,100,100,0.005900000222027302
4264,ASCUS_3_patch08.png,0,354.9100036621094,90.81999969482422,100,100,0.0052999998442828655
4265,ASCUS_3_patch08.png,0,611.5800170898438,816.52001953125,100,100,0.005100000184029341
4266,ASCUS_3_patch08.png,0,202.92999267578125,400.7799987792969,100,100,0.004900000058114529
4267,ASCUS_3_patch08.png,0,331.54998779296875,368.67999267578125,100,100,0.004600000102072954
4268,ASCUS_3_patch08.png,0,204.61000061035156,553.0900268554688,100,100,0.004399999976158142
4269,ASCUS_3_patch08.png,0,269.8500061035156,207.8300018310547,100,100,0.004100000020116568
4270,ASCUS_3_patch08.png,0,294.6000061035156,222.64999389648438,100,100,0.0038999998942017555
4271,ASCUS_3_patch08.png,0,363.7099914550781,358.7200012207031,100,100,0.003599999938160181
4272,ASCUS_3_patch08.png,0,597.3300170898438,662.0399780273438,100,100,0.0031999999191612005
4273,ASCUS_3_patch08.png,0,195.97000122070312,418.57000732421875,100,100,0.002899999963119626
4274,ASCUS_3_patch08.png,0,612.219970703125,651.719970703125,100,100,0.0027000000700354576
4275,ASCUS_3_patch08.png,0,1014.3499755859375,8.770000457763672,100,100,0.0026000000070780516
4276,ASCUS_3_patch08.png,0,260.5799865722656,219.77000427246094,100,100,0.0026000000070780516
4277,ASCUS_3_patch08.png,0,5.210000038146973,105.48999786376953,100,100,0.002199999988079071
4278,ASCUS_3_patch08.png,0,68.38999938964844,372.0199890136719,100,100,0.0020000000949949026
4279,ASCUS_3_patch08.png,0,71.44000244140625,354.3299865722656,100,100,0.0019000000320374966
4280,ASCUS_3_patch09.png,0,637.45,526.01,100,100,0.6827
4281,ASCUS_3_patch09.png,0,813.24,355.44,100,100,0.4982
4282,ASCUS_3_patch09.png,0,14.03,417.44,100,100,0.2534
4283,ASCUS_3_patch09.png,0,99.80999755859375,402.9700012207031,100,100,0.030799999833106995
4284,ASCUS_3_patch09.png,0,78.2300033569336,418.5,100,100,0.029200000688433647
4285,ASCUS_3_patch09.png,0,11.050000190734863,405.07000732421875,100,100,0.02329999953508377
4286,ASCUS_3_patch09.png,0,63.369998931884766,424.6499938964844,100,100,0.018799999728798866
4287,ASCUS_3_patch09.png,0,651.260009765625,521.8699951171875,100,100,0.00989999994635582
4288,ASCUS_3_patch09.png,0,1013.52001953125,357.7799987792969,100,100,0.009100000374019146
4289,ASCUS_3_patch09.png,0,831.0399780273438,353.260009765625,100,100,0.008299999870359898
4290,ASCUS_3_patch09.png,0,805.4600219726562,343.2799987792969,100,100,0.005799999926239252
4291,ASCUS_3_patch09.png,0,619.8400268554688,523.8499755859375,100,100,0.004600000102072954
4292,ASCUS_3_patch09.png,0,1009.3599853515625,345.7300109863281,100,100,0.003700000001117587
4293,ASCUS_3_patch09.png,0,796.3800048828125,359.1199951171875,100,100,0.0032999999821186066
4294,ASCUS_3_patch09.png,0,124.7300033569336,401.20001220703125,100,100,0.0031999999191612005
4295,ASCUS_3_patch09.png,0,104.54000091552734,419.19000244140625,100,100,0.002099999925121665
4296,ASCUS_3_patch09.png,0,56.31999969482422,443.8900146484375,100,100,0.0013000000035390258
4297,ASCUS_3_patch09.png,0,993.3900146484375,345.4599914550781,100,100,0.0012000000569969416
4298,ASCUS_3_patch10.png,0,559.15,538.94,100,100,0.7778
4299,ASCUS_3_patch10.png,0,784.46,841.78,100,100,0.765
4300,ASCUS_3_patch10.png,0,568.14,314.18,100,100,0.7505
4301,ASCUS_3_patch10.png,0,859.14,124.85,100,100,0.7404
4302,ASCUS_3_patch10.png,0,426.85,638.99,100,100,0.7268
4303,ASCUS_3_patch10.png,0,822.21,385.25,100,100,0.7235
4304,ASCUS_3_patch10.png,0,217.63,311.21,100,100,0.723
4305,ASCUS_3_patch10.png,0,740.65,238.9,100,100,0.7158
4306,ASCUS_3_patch10.png,0,439.24,163.17,100,100,0.7089
4307,ASCUS_3_patch10.png,0,227.06,426.41,100,100,0.6818
4308,ASCUS_3_patch10.png,0,579.45,243.88,100,100,0.6508
4309,ASCUS_3_patch10.png,0,919.25,783.12,100,100,0.6504
4310,ASCUS_3_patch10.png,0,331.23,405.85,100,100,0.6358
4311,ASCUS_3_patch10.png,0,595.9,660.95,100,100,0.6344
4312,ASCUS_3_patch10.png,0,704.73,504.38,100,100,0.6339
4313,ASCUS_3_patch10.png,0,731.46,695.99,100,100,0.6258
4314,ASCUS_3_patch10.png,0,388.07,339.26,100,100,0.6154
4315,ASCUS_3_patch10.png,0,43.42,371.51,100,100,0.5888
4316,ASCUS_3_patch10.png,0,366.09,482.34,100,100,0.5806
4317,ASCUS_3_patch10.png,0,642.26,731.04,100,100,0.5592
4318,ASCUS_3_patch10.png,0,283.62,482.48,100,100,0.55
4319,ASCUS_3_patch10.png,0,461.68,13.68,100,100,0.5195
4320,ASCUS_3_patch10.png,0,550.46,408.2,100,100,0.5182
4321,ASCUS_3_patch10.png,0,993.36,679.55,100,100,0.4787
4322,ASCUS_3_patch10.png,0,900.45,335.33,100,100,0.474
4323,ASCUS_3_patch10.png,0,997.02,798.48,100,100,0.4473
4324,ASCUS_3_patch10.png,0,687.15,611.64,100,100,0.4323
4325,ASCUS_3_patch10.png,0,919.0700073242188,753.0399780273438,100,100,0.39169999957084656
4326,ASCUS_3_patch10.png,0,805.87,469.82,100,100,0.3264
4327,ASCUS_3_patch10.png,0,802.46,605.58,100,100,0.2854
4328,ASCUS_3_patch10.png,0,779.0800170898438,559.1599731445312,100,100,0.23890000581741333
4329,ASCUS_3_patch10.png,0,700.32,759.06,100,100,0.165
4330,ASCUS_3_patch10.png,0,498.0199890136719,389.55999755859375,100,100,0.1111999973654747
4331,ASCUS_3_patch10.png,0,868.030029296875,487.57000732421875,100,100,0.10400000214576721
4332,ASCUS_3_patch10.png,0,825.4600219726562,735.0599975585938,100,100,0.1006999984383583
4333,ASCUS_3_patch10.png,0,746.1699829101562,309.1499938964844,100,100,0.09440000355243683
4334,ASCUS_3_patch10.png,0,973.0399780273438,588.6699829101562,100,100,0.0706000030040741
4335,ASCUS_3_patch10.png,0,895.0399780273438,448.1499938964844,100,100,0.07000000029802322
4336,ASCUS_3_patch10.png,0,990.0900268554688,611.0999755859375,100,100,0.06539999693632126
4337,ASCUS_3_patch10.png,0,890.5399780273438,414.6700134277344,100,100,0.061500001698732376
4338,ASCUS_3_patch10.png,0,714.97998046875,574.1300048828125,100,100,0.0544000007212162
4339,ASCUS_3_patch10.png,0,1011.72998046875,614.2100219726562,100,100,0.04149999842047691
4340,ASCUS_3_patch10.png,0,884.4000244140625,595.1300048828125,100,100,0.03920000046491623
4341,ASCUS_3_patch10.png,0,916.3800048828125,330.95001220703125,100,100,0.039000000804662704
4342,ASCUS_3_patch10.png,0,747.1900024414062,738.1400146484375,100,100,0.0333000011742115
4343,ASCUS_3_patch10.png,0,906.7100219726562,601.989990234375,100,100,0.031599998474121094
4344,ASCUS_3_patch10.png,0,704.2899780273438,653.75,100,100,0.030300000682473183
4345,ASCUS_3_patch10.png,0,483.8500061035156,580.9000244140625,100,100,0.029400000348687172
4346,ASCUS_3_patch10.png,0,701.27001953125,611.9500122070312,100,100,0.02250000089406967
4347,ASCUS_3_patch10.png,0,876.7999877929688,338.4599914550781,100,100,0.022099999710917473
4348,ASCUS_3_patch10.png,0,977.719970703125,602.1400146484375,100,100,0.0203000009059906
4349,ASCUS_3_patch10.png,0,999.6500244140625,688.5800170898438,100,100,0.019200000911951065
4350,ASCUS_3_patch10.png,0,808.7999877929688,738.8599853515625,100,100,0.01889999955892563
4351,ASCUS_3_patch10.png,0,1019.489990234375,315.3500061035156,100,100,0.016599999740719795
4352,ASCUS_3_patch10.png,0,732.1099853515625,400.5799865722656,100,100,0.01590000092983246
4353,ASCUS_3_patch10.png,0,936.5900268554688,396.8500061035156,100,100,0.0142000000923872
4354,ASCUS_3_patch10.png,0,839.5700073242188,729.8200073242188,100,100,0.014100000262260437
4355,ASCUS_3_patch10.png,0,687.77001953125,502.7900085449219,100,100,0.013399999588727951
4356,ASCUS_3_patch10.png,0,635.75,393.7099914550781,100,100,0.013299999758601189
4357,ASCUS_3_patch10.png,0,420.29998779296875,627.1400146484375,100,100,0.012000000104308128
4358,ASCUS_3_patch10.png,0,375.3399963378906,462.3399963378906,100,100,0.011800000444054604
4359,ASCUS_3_patch10.png,0,521.6900024414062,735.0,100,100,0.010700000450015068
4360,ASCUS_3_patch10.png,0,801.02001953125,541.3599853515625,100,100,0.010599999688565731
4361,ASCUS_3_patch10.png,0,447.6300048828125,151.24000549316406,100,100,0.010099999606609344
4362,ASCUS_3_patch10.png,0,1017.4600219726562,604.3200073242188,100,100,0.009999999776482582
4363,ASCUS_3_patch10.png,0,977.469970703125,617.4199829101562,100,100,0.009800000116229057
4364,ASCUS_3_patch10.png,0,889.5499877929688,346.4100036621094,100,100,0.009499999694526196
4365,ASCUS_3_patch10.png,0,379.8999938964844,328.7300109863281,100,100,0.009499999694526196
4366,ASCUS_3_patch10.png,0,931.7999877929688,789.6300048828125,100,100,0.009399999864399433
4367,ASCUS_3_patch10.png,0,979.989990234375,576.2999877929688,100,100,0.00930000003427267
4368,ASCUS_3_patch10.png,0,37.689998626708984,357.94000244140625,100,100,0.008799999952316284
4369,ASCUS_3_patch10.png,0,341.0899963378906,416.4200134277344,100,100,0.008799999952316284
4370,ASCUS_3_patch10.png,0,471.79998779296875,7.170000076293945,100,100,0.00860000029206276
4371,ASCUS_3_patch10.png,0,1019.22998046875,546.8099975585938,100,100,0.008299999870359898
4372,ASCUS_3_patch10.png,0,1012.0700073242188,800.2100219726562,100,100,0.008100000210106373
4373,ASCUS_3_patch10.png,0,572.25,233.67999267578125,100,100,0.008100000210106373
4374,ASCUS_3_patch10.png,0,732.97998046875,303.4100036621094,100,100,0.00800000037997961
4375,ASCUS_3_patch10.png,0,906.9299926757812,775.3699951171875,100,100,0.007799999788403511
4376,ASCUS_3_patch10.png,0,604.1599731445312,647.8200073242188,100,100,0.007799999788403511
4377,ASCUS_3_patch10.png,0,443.2699890136719,543.8800048828125,100,100,0.007600000128149986
4378,ASCUS_3_patch10.png,0,850.4099731445312,113.62000274658203,100,100,0.007600000128149986
4379,ASCUS_3_patch10.png,0,855.1500244140625,514.3900146484375,100,100,0.007499999832361937
4380,ASCUS_3_patch10.png,0,209.02999877929688,299.8299865722656,100,100,0.007300000172108412
4381,ASCUS_3_patch10.png,0,1014.6699829101562,628.72998046875,100,100,0.007000000216066837
4382,ASCUS_3_patch10.png,0,318.2799987792969,397.739990234375,100,100,0.006599999964237213
4383,ASCUS_3_patch10.png,0,293.8800048828125,473.9599914550781,100,100,0.006500000134110451
4384,ASCUS_3_patch10.png,0,58.06999969482422,378.0299987792969,100,100,0.006500000134110451
4385,ASCUS_3_patch10.png,0,581.6799926757812,661.1900024414062,100,100,0.006399999838322401
4386,ASCUS_3_patch10.png,0,34.63999938964844,380.3800048828125,100,100,0.006300000008195639
4387,ASCUS_3_patch10.png,0,725.969970703125,682.8400268554688,100,100,0.006099999882280827
4388,ASCUS_3_patch10.png,0,675.2100219726562,601.1300048828125,100,100,0.006099999882280827
4389,ASCUS_3_patch10.png,0,774.0800170898438,833.6300048828125,100,100,0.006099999882280827
4390,ASCUS_3_patch10.png,0,335.79998779296875,390.3599853515625,100,100,0.005900000222027302
4391,ASCUS_3_patch10.png,0,225.39999389648438,299.29998779296875,100,100,0.005799999926239252
4392,ASCUS_3_patch10.png,0,872.2999877929688,117.69999694824219,100,100,0.005799999926239252
4393,ASCUS_3_patch10.png,0,963.8699951171875,577.5999755859375,100,100,0.005799999926239252
4394,ASCUS_3_patch10.png,0,898.7100219726562,561.0599975585938,100,100,0.00570000009611249
4395,ASCUS_3_patch10.png,0,930.6099853515625,318.82000732421875,100,100,0.00570000009611249
4396,ASCUS_3_patch10.png,0,564.9600219726562,399.5799865722656,100,100,0.00559999980032444
4397,ASCUS_3_patch10.png,0,651.4199829101562,716.5900268554688,100,100,0.00559999980032444
4398,ASCUS_3_patch10.png,0,742.6300048828125,679.6199951171875,100,100,0.005499999970197678
4399,ASCUS_3_patch10.png,0,432.0,149.83999633789062,100,100,0.005499999970197678
4400,ASCUS_3_patch10.png,0,694.8499755859375,491.2200012207031,100,100,0.005499999970197678
4401,ASCUS_3_patch10.png,0,891.530029296875,322.6000061035156,100,100,0.005499999970197678
4402,ASCUS_3_patch10.png,0,918.9000244140625,620.5399780273438,100,100,0.005400000140070915
4403,ASCUS_3_patch10.png,0,559.1699829101562,301.17999267578125,100,100,0.0052999998442828655
4404,ASCUS_3_patch10.png,0,882.1099853515625,519.6799926757812,100,100,0.005200000014156103
4405,ASCUS_3_patch10.png,0,815.6099853515625,372.2200012207031,100,100,0.005100000184029341
4406,ASCUS_3_patch10.png,0,691.5599975585938,623.27001953125,100,100,0.004999999888241291
4407,ASCUS_3_patch10.png,0,347.8399963378906,403.6199951171875,100,100,0.004900000058114529
4408,ASCUS_3_patch10.png,0,846.02001953125,128.60000610351562,100,100,0.004800000227987766
4409,ASCUS_3_patch10.png,0,1001.3400268554688,786.3300170898438,100,100,0.004800000227987766
4410,ASCUS_3_patch10.png,0,445.489990234375,9.010000228881836,100,100,0.004699999932199717
4411,ASCUS_3_patch10.png,0,253.27000427246094,366.8599853515625,100,100,0.004699999932199717
4412,ASCUS_3_patch10.png,0,548.72998046875,531.6599731445312,100,100,0.004600000102072954
4413,ASCUS_3_patch10.png,0,266.20001220703125,480.010009765625,100,100,0.0044999998062849045
4414,ASCUS_3_patch10.png,0,755.239990234375,243.24000549316406,100,100,0.004399999976158142
4415,ASCUS_3_patch10.png,0,544.8900146484375,396.32000732421875,100,100,0.004399999976158142
4416,ASCUS_3_patch10.png,0,233.33999633789062,310.80999755859375,100,100,0.00430000014603138
4417,ASCUS_3_patch10.png,0,872.7100219726562,323.2900085449219,100,100,0.00419999985024333
4418,ASCUS_3_patch10.png,0,235.8800048828125,416.739990234375,100,100,0.00419999985024333
4419,ASCUS_3_patch10.png,0,979.239990234375,672.0399780273438,100,100,0.00419999985024333
4420,ASCUS_3_patch10.png,0,438.2799987792969,628.2000122070312,100,100,0.00419999985024333
4421,ASCUS_3_patch10.png,0,991.5,593.4600219726562,100,100,0.004100000020116568
4422,ASCUS_3_patch10.png,0,890.5499877929688,430.1400146484375,100,100,0.004100000020116568
4423,ASCUS_3_patch10.png,0,61.560001373291016,364.3699951171875,100,100,0.004100000020116568
4424,ASCUS_3_patch10.png,0,1017.3699951171875,645.010009765625,100,100,0.0038999998942017555
4425,ASCUS_3_patch10.png,0,653.25,679.8499755859375,100,100,0.0038999998942017555
4426,ASCUS_3_patch10.png,0,927.469970703125,743.8900146484375,100,100,0.0038999998942017555
4427,ASCUS_3_patch10.png,0,552.8599853515625,314.9100036621094,100,100,0.0038999998942017555
4428,ASCUS_3_patch10.png,0,1014.9600219726562,689.4199829101562,100,100,0.003800000064074993
4429,ASCUS_3_patch10.png,0,831.6099853515625,372.45001220703125,100,100,0.003800000064074993
4430,ASCUS_3_patch10.png,0,595.0999755859375,240.72999572753906,100,100,0.003700000001117587
4431,ASCUS_3_patch10.png,0,752.3300170898438,228.3699951171875,100,100,0.003700000001117587
4432,ASCUS_3_patch10.png,0,908.52001953125,444.95001220703125,100,100,0.0035000001080334187
4433,ASCUS_3_patch10.png,0,905.010009765625,348.3900146484375,100,100,0.0035000001080334187
4434,ASCUS_3_patch10.png,0,913.02001953125,557.3699951171875,100,100,0.0034000000450760126
4435,ASCUS_3_patch10.png,0,721.219970703125,492.80999755859375,100,100,0.0032999999821186066
4436,ASCUS_3_patch10.png,0,630.9400024414062,716.469970703125,100,100,0.0031999999191612005
4437,ASCUS_3_patch10.png,0,403.42999267578125,336.5400085449219,100,100,0.0031999999191612005
4438,ASCUS_3_patch10.png,0,577.3800048828125,298.0799865722656,100,100,0.0031999999191612005
4439,ASCUS_3_patch10.png,0,726.7899780273438,228.47999572753906,100,100,0.003100000089034438
4440,ASCUS_3_patch10.png,0,916.1400146484375,538.4600219726562,100,100,0.003100000089034438
4441,ASCUS_3_patch10.png,0,356.8399963378906,469.3500061035156,100,100,0.003100000089034438
4442,ASCUS_3_patch10.png,0,566.0499877929688,524.6300048828125,100,100,0.003100000089034438
4443,ASCUS_3_patch10.png,0,835.8200073242188,387.45001220703125,100,100,0.003100000089034438
4444,ASCUS_3_patch10.png,0,560.8300170898438,246.77999877929688,100,100,0.003000000026077032
4445,ASCUS_3_patch10.png,0,278.2799987792969,494.4100036621094,100,100,0.003000000026077032
4446,ASCUS_3_patch10.png,0,795.75,590.7000122070312,100,100,0.003000000026077032
4447,ASCUS_3_patch10.png,0,558.7100219726562,417.6400146484375,100,100,0.003000000026077032
4448,ASCUS_3_patch10.png,0,292.9599914550781,494.0199890136719,100,100,0.002899999963119626
4449,ASCUS_3_patch10.png,0,899.7100219726562,731.47998046875,100,100,0.002899999963119626
4450,ASCUS_3_patch10.png,0,711.8800048828125,745.9299926757812,100,100,0.002899999963119626
4451,ASCUS_3_patch10.png,0,996.4500122070312,701.1300048828125,100,100,0.0024999999441206455
4452,ASCUS_3_patch10.png,0,813.97998046875,599.8599853515625,100,100,0.0024999999441206455
4453,ASCUS_3_patch10.png,0,911.6199951171875,794.5700073242188,100,100,0.0024999999441206455
4454,ASCUS_3_patch10.png,0,894.3300170898438,585.8900146484375,100,100,0.0024999999441206455
4455,ASCUS_3_patch10.png,0,795.1500244140625,833.0399780273438,100,100,0.002400000113993883
4456,ASCUS_3_patch10.png,0,879.8699951171875,494.6700134277344,100,100,0.002400000113993883
4457,ASCUS_3_patch10.png,0,809.3599853515625,389.80999755859375,100,100,0.002199999988079071
4458,ASCUS_3_patch10.png,0,961.0399780273438,604.4099731445312,100,100,0.0020000000949949026
4459,ASCUS_3_patch10.png,0,711.4400024414062,627.6300048828125,100,100,0.0020000000949949026
4460,ASCUS_3_patch10.png,0,321.8699951171875,417.9599914550781,100,100,0.0020000000949949026
4461,ASCUS_3_patch10.png,0,434.1700134277344,651.4099731445312,100,100,0.0020000000949949026
4462,ASCUS_3_patch10.png,0,583.0999755859375,319.4800109863281,100,100,0.0020000000949949026
4463,ASCUS_3_patch10.png,0,765.5599975585938,543.1400146484375,100,100,0.0019000000320374966
4464,ASCUS_3_patch10.png,0,383.8800048828125,483.75,100,100,0.0019000000320374966
4465,ASCUS_3_patch10.png,0,238.4199981689453,361.6099853515625,100,100,0.0017999999690800905
4466,ASCUS_3_patch10.png,0,474.3800048828125,567.25,100,100,0.0017999999690800905
4467,ASCUS_3_patch10.png,0,936.530029296875,534.4199829101562,100,100,0.0017000000225380063
4468,ASCUS_3_patch10.png,0,897.5399780273438,537.77001953125,100,100,0.0017000000225380063
4469,ASCUS_3_patch10.png,0,658.469970703125,736.6099853515625,100,100,0.0015999999595806003
4470,ASCUS_3_patch10.png,0,935.719970703125,772.7999877929688,100,100,0.0015999999595806003
4471,ASCUS_3_patch10.png,0,214.0399932861328,418.5299987792969,100,100,0.001500000013038516
4472,ASCUS_3_patch10.png,0,28.25,368.5,100,100,0.00139999995008111
4473,ASCUS_3_patch10.png,0,846.8499755859375,525.7999877929688,100,100,0.0013000000035390258
4474,ASCUS_3_patch10.png,0,722.0700073242188,513.1699829101562,100,100,0.0012000000569969416
4475,ASCUS_3_patch10.png,0,690.4600219726562,515.1500244140625,100,100,0.0012000000569969416
4476,ASCUS_3_patch11.png,0,49.66,127.81,100,100,0.7698
4477,ASCUS_3_patch11.png,0,858.74,740.82,100,100,0.7489
4478,ASCUS_3_patch11.png,0,971.86,556.89,100,100,0.7207
4479,ASCUS_3_patch11.png,0,97.76,782.21,100,100,0.7072
4480,ASCUS_3_patch11.png,0,662.17,254.14,100,100,0.7047
4481,ASCUS_3_patch11.png,0,452.46,850.96,100,100,0.7039
4482,ASCUS_3_patch11.png,0,371.25,536.16,100,100,0.6814
4483,ASCUS_3_patch11.png,0,459.09,80.96,100,100,0.6693
4484,ASCUS_3_patch11.png,0,610.32,811.17,100,100,0.6633
4485,ASCUS_3_patch11.png,0,189.92,320.8,100,100,0.66
4486,ASCUS_3_patch11.png,0,349.19,151.92,100,100,0.6522
4487,ASCUS_3_patch11.png,0,166.94,636.84,100,100,0.6496
4488,ASCUS_3_patch11.png,0,198.59,598.92,100,100,0.6474
4489,ASCUS_3_patch11.png,0,987.44,963.04,100,100,0.6244
4490,ASCUS_3_patch11.png,0,883.96,861.05,100,100,0.617
4491,ASCUS_3_patch11.png,0,724.08,689.71,100,100,0.6117
4492,ASCUS_3_patch11.png,0,746.19,81.23,100,100,0.6086
4493,ASCUS_3_patch11.png,0,12.16,257.28,100,100,0.6002
4494,ASCUS_3_patch11.png,0,119.83,454.02,100,100,0.5986
4495,ASCUS_3_patch11.png,0,633.2,987.36,100,100,0.5427
4496,ASCUS_3_patch11.png,0,424.46,740.73,100,100,0.5163
4497,ASCUS_3_patch11.png,0,870.64,986.89,100,100,0.508
4498,ASCUS_3_patch11.png,0,166.75,515.02,100,100,0.4911
4499,ASCUS_3_patch11.png,0,927.12,29.84,100,100,0.4757
4500,ASCUS_3_patch11.png,0,625.3,945.31,100,100,0.4747
4501,ASCUS_3_patch11.png,0,174.99,709.95,100,100,0.4676
4502,ASCUS_3_patch11.png,0,14.1,672.88,100,100,0.441
4503,ASCUS_3_patch11.png,0,298.62,732.46,100,100,0.4295
4504,ASCUS_3_patch11.png,0,366.36,17.59,100,100,0.4267
4505,ASCUS_3_patch11.png,0,456.14,966.75,100,100,0.3999
4506,ASCUS_3_patch11.png,0,624.21,885.12,100,100,0.3441
4507,ASCUS_3_patch11.png,0,60.56,559.48,100,100,0.3435
4508,ASCUS_3_patch11.png,0,10.23,820.67,100,100,0.3304
4509,ASCUS_3_patch11.png,0,482.99,481.74,100,100,0.2915
4510,ASCUS_3_patch11.png,0,562.3,94.01,100,100,0.2893
4511,ASCUS_3_patch11.png,0,338.4,624.66,100,100,0.262
4512,ASCUS_3_patch11.png,0,700.88,41.81,100,100,0.2004
4513,ASCUS_3_patch11.png,0,155.76,866.88,100,100,0.1999
4514,ASCUS_3_patch11.png,0,278.32,825.29,100,100,0.1874
4515,ASCUS_3_patch11.png,0,459.16,242.66,100,100,0.1798
4516,ASCUS_3_patch11.png,0,850.489990234375,10.949999809265137,100,100,0.17309999465942383
4517,ASCUS_3_patch11.png,0,479.7200012207031,521.1199951171875,100,100,0.1151999980211258
4518,ASCUS_3_patch11.png,0,274.32000732421875,747.0499877929688,100,100,0.11490000039339066
4519,ASCUS_3_patch11.png,0,336.7699890136719,682.260009765625,100,100,0.11410000175237656
4520,ASCUS_3_patch11.png,0,948.9299926757812,9.84000015258789,100,100,0.11230000108480453
4521,ASCUS_3_patch11.png,0,536.4500122070312,226.9199981689453,100,100,0.0820000022649765
4522,ASCUS_3_patch11.png,0,425.9200134277344,203.05999755859375,100,100,0.07100000232458115
4523,ASCUS_3_patch11.png,0,371.2300109863281,511.7699890136719,100,100,0.06279999762773514
4524,ASCUS_3_patch11.png,0,777.52001953125,725.969970703125,100,100,0.05979999899864197
4525,ASCUS_3_patch11.png,0,123.45999908447266,740.7899780273438,100,100,0.047200001776218414
4526,ASCUS_3_patch11.png,0,883.75,21.56999969482422,100,100,0.04050000011920929
4527,ASCUS_3_patch11.png,0,1017.280029296875,803.9000244140625,100,100,0.037300001829862595
4528,ASCUS_3_patch11.png,0,288.8399963378906,673.0800170898438,100,100,0.0364999994635582
4529,ASCUS_3_patch11.png,0,391.9599914550781,797.6900024414062,100,100,0.030799999833106995
4530,ASCUS_3_patch11.png,0,201.6300048828125,744.469970703125,100,100,0.028699999675154686
4531,ASCUS_3_patch11.png,0,788.4099731445312,875.0999755859375,100,100,0.028200000524520874
4532,ASCUS_3_patch11.png,0,766.4299926757812,848.25,100,100,0.026599999517202377
4533,ASCUS_3_patch11.png,0,1019.3599853515625,705.8200073242188,100,100,0.024800000712275505
4534,ASCUS_3_patch11.png,0,91.44000244140625,7.71999979019165,100,100,0.024299999698996544
4535,ASCUS_3_patch11.png,0,428.1499938964844,555.0900268554688,100,100,0.023099999874830246
4536,ASCUS_3_patch11.png,0,605.219970703125,19.56999969482422,100,100,0.02290000021457672
4537,ASCUS_3_patch11.png,0,517.219970703125,215.9499969482422,100,100,0.02199999988079071
4538,ASCUS_3_patch11.png,0,642.6500244140625,976.0900268554688,100,100,0.0215000007301569
4539,ASCUS_3_patch11.png,0,871.0499877929688,841.1699829101562,100,100,0.021199999377131462
4540,ASCUS_3_patch11.png,0,137.97000122070312,770.0999755859375,100,100,0.020099999383091927
4541,ASCUS_3_patch11.png,0,437.5400085449219,733.5999755859375,100,100,0.017400000244379044
4542,ASCUS_3_patch11.png,0,532.1900024414062,130.13999938964844,100,100,0.015799999237060547
4543,ASCUS_3_patch11.png,0,154.91000366210938,520.510009765625,100,100,0.014399999752640724
4544,ASCUS_3_patch11.png,0,291.92999267578125,742.22998046875,100,100,0.014399999752640724
4545,ASCUS_3_patch11.png,0,650.6199951171875,963.9000244140625,100,100,0.014100000262260437
4546,ASCUS_3_patch11.png,0,350.95001220703125,18.350000381469727,100,100,0.013899999670684338
4547,ASCUS_3_patch11.png,0,413.9200134277344,752.8099975585938,100,100,0.013899999670684338
4548,ASCUS_3_patch11.png,0,488.0199890136719,686.25,100,100,0.013700000010430813
4549,ASCUS_3_patch11.png,0,774.9099731445312,6.230000019073486,100,100,0.012600000016391277
4550,ASCUS_3_patch11.png,0,457.5299987792969,4.690000057220459,100,100,0.012600000016391277
4551,ASCUS_3_patch11.png,0,636.97998046875,938.1099853515625,100,100,0.011500000022351742
4552,ASCUS_3_patch11.png,0,957.6099853515625,561.4000244140625,100,100,0.01140000019222498
4553,ASCUS_3_patch11.png,0,184.89999389648438,518.2899780273438,100,100,0.010900000110268593
4554,ASCUS_3_patch11.png,0,410.6400146484375,736.5599975585938,100,100,0.010400000028312206
4555,ASCUS_3_patch11.png,0,444.3800048828125,959.2100219726562,100,100,0.010300000198185444
4556,ASCUS_3_patch11.png,0,178.99000549316406,328.6600036621094,100,100,0.009999999776482582
4557,ASCUS_3_patch11.png,0,469.3900146484375,74.19000244140625,100,100,0.009499999694526196
4558,ASCUS_3_patch11.png,0,553.7100219726562,100.8499984741211,100,100,0.009200000204145908
4559,ASCUS_3_patch11.png,0,868.75,13.880000114440918,100,100,0.009200000204145908
4560,ASCUS_3_patch11.png,0,676.9099731445312,246.0500030517578,100,100,0.009100000374019146
4561,ASCUS_3_patch11.png,0,649.8200073242188,245.30999755859375,100,100,0.009100000374019146
4562,ASCUS_3_patch11.png,0,1018.4099731445312,719.6799926757812,100,100,0.009100000374019146
4563,ASCUS_3_patch11.png,0,5.510000228881836,659.3599853515625,100,100,0.008999999612569809
4564,ASCUS_3_patch11.png,0,132.5800018310547,391.9200134277344,100,100,0.008999999612569809
4565,ASCUS_3_patch11.png,0,625.3699951171875,809.3200073242188,100,100,0.008799999952316284
4566,ASCUS_3_patch11.png,0,467.239990234375,854.530029296875,100,100,0.00839999970048666
4567,ASCUS_3_patch11.png,0,706.1699829101562,11.720000267028809,100,100,0.008100000210106373
4568,ASCUS_3_patch11.png,0,1004.8800048828125,4.090000152587891,100,100,0.007899999618530273
4569,ASCUS_3_patch11.png,0,8.279999732971191,684.5999755859375,100,100,0.007899999618530273
4570,ASCUS_3_patch11.png,0,983.530029296875,565.0900268554688,100,100,0.007799999788403511
4571,ASCUS_3_patch11.png,0,990.25,948.8200073242188,100,100,0.007699999958276749
4572,ASCUS_3_patch11.png,0,416.07000732421875,538.2899780273438,100,100,0.007699999958276749
4573,ASCUS_3_patch11.png,0,1019.2000122070312,664.3599853515625,100,100,0.007699999958276749
4574,ASCUS_3_patch11.png,0,7.28000020980835,245.61000061035156,100,100,0.007699999958276749
4575,ASCUS_3_patch11.png,0,406.42999267578125,788.8400268554688,100,100,0.007499999832361937
4576,ASCUS_3_patch11.png,0,434.55999755859375,192.8800048828125,100,100,0.007400000002235174
4577,ASCUS_3_patch11.png,0,976.6500244140625,953.6400146484375,100,100,0.006899999920278788
4578,ASCUS_3_patch11.png,0,172.58999633789062,315.3800048828125,100,100,0.006899999920278788
4579,ASCUS_3_patch11.png,0,880.6300048828125,9.279999732971191,100,100,0.0066999997943639755
4580,ASCUS_3_patch11.png,0,440.8800048828125,856.2100219726562,100,100,0.0066999997943639755
4581,ASCUS_3_patch11.png,0,175.57000732421875,502.67999267578125,100,100,0.006500000134110451
4582,ASCUS_3_patch11.png,0,468.6600036621094,960.7899780273438,100,100,0.006300000008195639
4583,ASCUS_3_patch11.png,0,617.6099853515625,988.489990234375,100,100,0.006099999882280827
4584,ASCUS_3_patch11.png,0,479.8299865722656,493.8900146484375,100,100,0.005900000222027302
4585,ASCUS_3_patch11.png,0,203.57000732421875,312.0799865722656,100,100,0.005900000222027302
4586,ASCUS_3_patch11.png,0,448.9200134277344,68.2699966430664,100,100,0.00570000009611249
4587,ASCUS_3_patch11.png,0,382.80999755859375,521.7000122070312,100,100,0.00570000009611249
4588,ASCUS_3_patch11.png,0,185.8300018310547,700.1300048828125,100,100,0.00559999980032444
4589,ASCUS_3_patch11.png,0,468.20001220703125,89.38999938964844,100,100,0.005499999970197678
4590,ASCUS_3_patch11.png,0,759.719970703125,63.22999954223633,100,100,0.0052999998442828655
4591,ASCUS_3_patch11.png,0,393.8900146484375,540.5399780273438,100,100,0.005200000014156103
4592,ASCUS_3_patch11.png,0,184.13999938964844,635.4600219726562,100,100,0.005200000014156103
4593,ASCUS_3_patch11.png,0,675.9299926757812,263.1199951171875,100,100,0.004900000058114529
4594,ASCUS_3_patch11.png,0,443.8299865722656,84.38999938964844,100,100,0.004900000058114529
4595,ASCUS_3_patch11.png,0,86.22000122070312,761.469970703125,100,100,0.004900000058114529
4596,ASCUS_3_patch11.png,0,16.399999618530273,802.77001953125,100,100,0.004900000058114529
4597,ASCUS_3_patch11.png,0,503.1700134277344,261.8500061035156,100,100,0.004800000227987766
4598,ASCUS_3_patch11.png,0,363.55999755859375,155.32000732421875,100,100,0.004699999932199717
4599,ASCUS_3_patch11.png,0,638.3300170898438,956.0800170898438,100,100,0.004699999932199717
4600,ASCUS_3_patch11.png,0,710.7999877929688,695.4099731445312,100,100,0.004699999932199717
4601,ASCUS_3_patch11.png,0,320.3599853515625,680.780029296875,100,100,0.004600000102072954
4602,ASCUS_3_patch11.png,0,187.22000122070312,716.02001953125,100,100,0.004600000102072954
4603,ASCUS_3_patch11.png,0,863.4600219726562,726.239990234375,100,100,0.004600000102072954
4604,ASCUS_3_patch11.png,0,155.0399932861328,629.0999755859375,100,100,0.004399999976158142
4605,ASCUS_3_patch11.png,0,384.3500061035156,500.30999755859375,100,100,0.004399999976158142
4606,ASCUS_3_patch11.png,0,616.0700073242188,965.1599731445312,100,100,0.00430000014603138
4607,ASCUS_3_patch11.png,0,188.6300048828125,587.1300048828125,100,100,0.00419999985024333
4608,ASCUS_3_patch11.png,0,735.72998046875,69.27999877929688,100,100,0.00419999985024333
4609,ASCUS_3_patch11.png,0,931.72998046875,4.71999979019165,100,100,0.004100000020116568
4610,ASCUS_3_patch11.png,0,741.0599975585938,685.3200073242188,100,100,0.004100000020116568
4611,ASCUS_3_patch11.png,0,575.0399780273438,83.6500015258789,100,100,0.004100000020116568
4612,ASCUS_3_patch11.png,0,522.489990234375,235.5800018310547,100,100,0.004000000189989805
4613,ASCUS_3_patch11.png,0,913.2100219726562,23.3799991607666,100,100,0.004000000189989805
4614,ASCUS_3_patch11.png,0,714.8099975585938,37.310001373291016,100,100,0.0038999998942017555
4615,ASCUS_3_patch11.png,0,124.98999786376953,760.3499755859375,100,100,0.0038999998942017555
4616,ASCUS_3_patch11.png,0,336.5,157.3300018310547,100,100,0.003800000064074993
4617,ASCUS_3_patch11.png,0,378.30999755859375,6.840000152587891,100,100,0.003800000064074993
4618,ASCUS_3_patch11.png,0,187.16000366210938,616.6900024414062,100,100,0.003800000064074993
4619,ASCUS_3_patch11.png,0,490.8699951171875,509.3900146484375,100,100,0.003700000001117587
4620,ASCUS_3_patch11.png,0,108.0199966430664,437.0899963378906,100,100,0.003700000001117587
4621,ASCUS_3_patch11.png,0,626.0599975585938,927.9000244140625,100,100,0.003599999938160181
4622,ASCUS_3_patch11.png,0,355.9200134277344,529.0599975585938,100,100,0.003599999938160181
4623,ASCUS_3_patch11.png,0,611.0399780273438,886.7100219726562,100,100,0.003599999938160181
4624,ASCUS_3_patch11.png,0,55.61000061035156,112.27999877929688,100,100,0.0035000001080334187
4625,ASCUS_3_patch11.png,0,595.0,806.0800170898438,100,100,0.0035000001080334187
4626,ASCUS_3_patch11.png,0,879.4000244140625,978.469970703125,100,100,0.0035000001080334187
4627,ASCUS_3_patch11.png,0,794.0,731.4299926757812,100,100,0.0032999999821186066
4628,ASCUS_3_patch11.png,0,879.2899780273438,34.459999084472656,100,100,0.0032999999821186066
4629,ASCUS_3_patch11.png,0,504.7799987792969,218.5500030517578,100,100,0.0032999999821186066
4630,ASCUS_3_patch11.png,0,983.5900268554688,543.0599975585938,100,100,0.0032999999821186066
4631,ASCUS_3_patch11.png,0,960.1199951171875,544.5599975585938,100,100,0.0031999999191612005
4632,ASCUS_3_patch11.png,0,861.7100219726562,977.0599975585938,100,100,0.003100000089034438
4633,ASCUS_3_patch11.png,0,216.0,600.7100219726562,100,100,0.003100000089034438
4634,ASCUS_3_patch11.png,0,409.69000244140625,554.9199829101562,100,100,0.003100000089034438
4635,ASCUS_3_patch11.png,0,192.9499969482422,301.19000244140625,100,100,0.003000000026077032
4636,ASCUS_3_patch11.png,0,794.1099853515625,8.069999694824219,100,100,0.003000000026077032
4637,ASCUS_3_patch11.png,0,875.0499877929688,741.1500244140625,100,100,0.003000000026077032
4638,ASCUS_3_patch11.png,0,100.66000366210938,171.02999877929688,100,100,0.003000000026077032
4639,ASCUS_3_patch11.png,0,609.530029296875,8.149999618530273,100,100,0.002899999963119626
4640,ASCUS_3_patch11.png,0,270.44000244140625,676.4400024414062,100,100,0.002899999963119626
4641,ASCUS_3_patch11.png,0,499.05999755859375,481.4599914550781,100,100,0.00279999990016222
4642,ASCUS_3_patch11.png,0,440.5199890136719,838.8099975585938,100,100,0.00279999990016222
4643,ASCUS_3_patch11.png,0,711.030029296875,678.3599853515625,100,100,0.0027000000700354576
4644,ASCUS_3_patch11.png,0,196.50999450683594,332.9100036621094,100,100,0.0027000000700354576
4645,ASCUS_3_patch11.png,0,617.27001953125,824.280029296875,100,100,0.0027000000700354576
4646,ASCUS_3_patch11.png,0,107.97000122070312,770.1500244140625,100,100,0.0027000000700354576
4647,ASCUS_3_patch11.png,0,666.469970703125,958.219970703125,100,100,0.0027000000700354576
4648,ASCUS_3_patch11.png,0,163.9600067138672,719.8499755859375,100,100,0.0026000000070780516
4649,ASCUS_3_patch11.png,0,265.7699890136719,830.3499755859375,100,100,0.0026000000070780516
4650,ASCUS_3_patch11.png,0,210.38999938964844,585.989990234375,100,100,0.0026000000070780516
4651,ASCUS_3_patch11.png,0,769.3400268554688,714.030029296875,100,100,0.0024999999441206455
4652,ASCUS_3_patch11.png,0,50.349998474121094,567.5399780273438,100,100,0.002400000113993883
4653,ASCUS_3_patch11.png,0,257.2099914550781,753.4400024414062,100,100,0.002400000113993883
4654,ASCUS_3_patch11.png,0,457.9700012207031,836.4299926757812,100,100,0.002400000113993883
4655,ASCUS_3_patch11.png,0,479.4200134277344,241.22000122070312,100,100,0.002400000113993883
4656,ASCUS_3_patch11.png,0,346.6700134277344,6.309999942779541,100,100,0.002400000113993883
4657,ASCUS_3_patch11.png,0,164.41000366210938,700.719970703125,100,100,0.002400000113993883
4658,ASCUS_3_patch11.png,0,920.0800170898438,12.430000305175781,100,100,0.002400000113993883
4659,ASCUS_3_patch11.png,0,544.1799926757812,121.0199966430664,100,100,0.002300000051036477
4660,ASCUS_3_patch11.png,0,940.0599975585938,34.790000915527344,100,100,0.002300000051036477
4661,ASCUS_3_patch11.png,0,140.16000366210938,737.6400146484375,100,100,0.002199999988079071
4662,ASCUS_3_patch11.png,0,620.6400146484375,792.22998046875,100,100,0.002099999925121665
4663,ASCUS_3_patch11.png,0,844.1300048828125,729.9600219726562,100,100,0.0020000000949949026
4664,ASCUS_3_patch11.png,0,4.389999866485596,831.760009765625,100,100,0.0020000000949949026
4665,ASCUS_3_patch11.png,0,23.860000610351562,683.510009765625,100,100,0.0020000000949949026
4666,ASCUS_3_patch11.png,0,323.3699951171875,697.6799926757812,100,100,0.0019000000320374966
4667,ASCUS_3_patch11.png,0,729.3900146484375,83.62999725341797,100,100,0.0017999999690800905
4668,ASCUS_3_patch11.png,0,432.7900085449219,754.1900024414062,100,100,0.0017999999690800905
4669,ASCUS_3_patch11.png,0,92.69000244140625,286.6099853515625,100,100,0.0017000000225380063
4670,ASCUS_3_patch11.png,0,644.280029296875,995.4199829101562,100,100,0.0017000000225380063
4671,ASCUS_3_patch11.png,0,761.1300048828125,92.0199966430664,100,100,0.0017000000225380063
4672,ASCUS_3_patch11.png,0,306.75,667.8200073242188,100,100,0.0017000000225380063
4673,ASCUS_3_patch11.png,0,114.66000366210938,784.3599853515625,100,100,0.0017000000225380063
4674,ASCUS_3_patch11.png,0,524.1300048828125,140.6999969482422,100,100,0.0015999999595806003
4675,ASCUS_3_patch11.png,0,108.08000183105469,461.1000061035156,100,100,0.0015999999595806003
4676,ASCUS_3_patch11.png,0,462.6099853515625,61.31999969482422,100,100,0.001500000013038516
4677,ASCUS_3_patch11.png,0,791.030029296875,850.9500122070312,100,100,0.001500000013038516
4678,ASCUS_3_patch11.png,0,799.8499755859375,42.540000915527344,100,100,0.00139999995008111
4679,ASCUS_3_patch11.png,0,174.72000122070312,864.2000122070312,100,100,0.00139999995008111
4680,ASCUS_3_patch11.png,0,690.760009765625,52.40999984741211,100,100,0.0013000000035390258
4681,ASCUS_3_patch11.png,0,839.0900268554688,5.920000076293945,100,100,0.0012000000569969416
4682,ASCUS_3_patch11.png,0,912.6300048828125,38.77000045776367,100,100,0.0010999999940395355
4683,ASCUS_3_patch11.png,0,322.7699890136719,627.989990234375,100,100,0.0010999999940395355
4684,ASCUS_3_patch12.png,0,772.52,777.35,100,100,0.7075
4685,ASCUS_3_patch12.png,0,478.87,706.7,100,100,0.6896
4686,ASCUS_3_patch12.png,0,622.01,788.15,100,100,0.6804
4687,ASCUS_3_patch12.png,0,325.43,747.52,100,100,0.6704
4688,ASCUS_3_patch12.png,0,931.15,828.4,100,100,0.6688
4689,ASCUS_3_patch12.png,0,978.43,741.45,100,100,0.6492
4690,ASCUS_3_patch12.png,0,552.96,848.76,100,100,0.649
4691,ASCUS_3_patch12.png,0,44.18,941.6,100,100,0.6454
4692,ASCUS_3_patch12.png,0,74.42,691.86,100,100,0.6052
4693,ASCUS_3_patch12.png,0,367.45,913.96,100,100,0.539
4694,ASCUS_3_patch12.png,0,673.21,869.41,100,100,0.5338
4695,ASCUS_3_patch12.png,0,139.43,901.36,100,100,0.5141
4696,ASCUS_3_patch12.png,0,269.05,847.27,100,100,0.4498
4697,ASCUS_3_patch12.png,0,409.8,888.93,100,100,0.4074
4698,ASCUS_3_patch12.png,0,92.78,932.01,100,100,0.3955
4699,ASCUS_3_patch12.png,0,203.06,995.94,100,100,0.3595
4700,ASCUS_3_patch12.png,0,163.96,949.1,100,100,0.2803
4701,ASCUS_3_patch12.png,0,994.08,1007.42,100,100,0.2679
4702,ASCUS_3_patch12.png,0,759.1300048828125,807.47998046875,100,100,0.25769999623298645
4703,ASCUS_3_patch12.png,0,112.81,836.11,100,100,0.228
4704,ASCUS_3_patch12.png,0,694.969970703125,974.2999877929688,100,100,0.21140000224113464
4705,ASCUS_3_patch12.png,0,128.88999938964844,842.6699829101562,100,100,0.1290999948978424
4706,ASCUS_3_patch12.png,0,181.28,838.29,100,100,0.1214
4707,ASCUS_3_patch12.png,0,10.359999656677246,1004.9199829101562,100,100,0.11159999668598175
4708,ASCUS_3_patch12.png,0,95.0,841.3699951171875,100,100,0.07769999653100967
4709,ASCUS_3_patch12.png,0,18.709999084472656,865.2100219726562,100,100,0.07119999825954437
4710,ASCUS_3_patch12.png,0,808.22998046875,795.0999755859375,100,100,0.038600001484155655
4711,ASCUS_3_patch12.png,0,982.6400146484375,999.530029296875,100,100,0.0364999994635582
4712,ASCUS_3_patch12.png,0,86.66999816894531,853.6300048828125,100,100,0.031300000846385956
4713,ASCUS_3_patch12.png,0,6.75,860.239990234375,100,100,0.03009999915957451
4714,ASCUS_3_patch12.png,0,132.25999450683594,1006.2100219726562,100,100,0.02449999935925007
4715,ASCUS_3_patch12.png,0,397.95001220703125,989.7999877929688,100,100,0.01510000042617321
4716,ASCUS_3_patch12.png,0,566.739990234375,855.0599975585938,100,100,0.0142000000923872
4717,ASCUS_3_patch12.png,0,488.2099914550781,691.1699829101562,100,100,0.014000000432133675
4718,ASCUS_3_patch12.png,0,175.19000244140625,937.1500244140625,100,100,0.013000000268220901
4719,ASCUS_3_patch12.png,0,99.37999725341797,919.77001953125,100,100,0.013000000268220901
4720,ASCUS_3_patch12.png,0,543.6599731445312,837.6099853515625,100,100,0.012900000438094139
4721,ASCUS_3_patch12.png,0,755.1900024414062,1018.8800048828125,100,100,0.01209999993443489
4722,ASCUS_3_patch12.png,0,63.08000183105469,914.47998046875,100,100,0.011699999682605267
4723,ASCUS_3_patch12.png,0,943.1799926757812,834.6300048828125,100,100,0.010999999940395355
4724,ASCUS_3_patch12.png,0,971.8900146484375,727.469970703125,100,100,0.010900000110268593
4725,ASCUS_3_patch12.png,0,311.6300048828125,739.9400024414062,100,100,0.010400000028312206
4726,ASCUS_3_patch12.png,0,145.30999755859375,842.3300170898438,100,100,0.010400000028312206
4727,ASCUS_3_patch12.png,0,723.47998046875,1016.3499755859375,100,100,0.009800000116229057
4728,ASCUS_3_patch12.png,0,656.7100219726562,865.8900146484375,100,100,0.009100000374019146
4729,ASCUS_3_patch12.png,0,12.59000015258789,917.9199829101562,100,100,0.008999999612569809
4730,ASCUS_3_patch12.png,0,38.38999938964844,660.3300170898438,100,100,0.008899999782443047
4731,ASCUS_3_patch12.png,0,152.7899932861328,889.97998046875,100,100,0.008700000122189522
4732,ASCUS_3_patch12.png,0,109.26000213623047,1019.6300048828125,100,100,0.00860000029206276
4733,ASCUS_3_patch12.png,0,924.3900146484375,815.72998046875,100,100,0.00860000029206276
4734,ASCUS_3_patch12.png,0,53.56999969482422,928.3800048828125,100,100,0.007600000128149986
4735,ASCUS_3_patch12.png,0,6.650000095367432,833.0399780273438,100,100,0.007499999832361937
4736,ASCUS_3_patch12.png,0,339.69000244140625,738.02001953125,100,100,0.007400000002235174
4737,ASCUS_3_patch12.png,0,683.4299926757812,966.5800170898438,100,100,0.006899999920278788
4738,ASCUS_3_patch12.png,0,84.37999725341797,678.1199951171875,100,100,0.0066999997943639755
4739,ASCUS_3_patch12.png,0,988.7899780273438,730.2000122070312,100,100,0.0066999997943639755
4740,ASCUS_3_patch12.png,0,357.2099914550781,905.8400268554688,100,100,0.0066999997943639755
4741,ASCUS_3_patch12.png,0,694.0,864.3400268554688,100,100,0.0066999997943639755
4742,ASCUS_3_patch12.png,0,146.8699951171875,958.469970703125,100,100,0.006500000134110451
4743,ASCUS_3_patch12.png,0,963.719970703125,738.3099975585938,100,100,0.006399999838322401
4744,ASCUS_3_patch12.png,0,942.0999755859375,819.9600219726562,100,100,0.006300000008195639
4745,ASCUS_3_patch12.png,0,337.79998779296875,756.7899780273438,100,100,0.005900000222027302
4746,ASCUS_3_patch12.png,0,918.5900268554688,835.1900024414062,100,100,0.005799999926239252
4747,ASCUS_3_patch12.png,0,632.760009765625,902.0499877929688,100,100,0.005799999926239252
4748,ASCUS_3_patch12.png,0,82.51000213623047,994.6099853515625,100,100,0.00570000009611249
4749,ASCUS_3_patch12.png,0,546.0700073242188,861.2899780273438,100,100,0.00559999980032444
4750,ASCUS_3_patch12.png,0,124.44999694824219,1018.4099731445312,100,100,0.005499999970197678
4751,ASCUS_3_patch12.png,0,94.94999694824219,825.5900268554688,100,100,0.0052999998442828655
4752,ASCUS_3_patch12.png,0,44.43000030517578,677.25,100,100,0.005200000014156103
4753,ASCUS_3_patch12.png,0,708.1099853515625,969.8400268554688,100,100,0.004999999888241291
4754,ASCUS_3_patch12.png,0,78.70999908447266,919.6900024414062,100,100,0.004999999888241291
4755,ASCUS_3_patch12.png,0,632.0900268554688,776.77001953125,100,100,0.004800000227987766
4756,ASCUS_3_patch12.png,0,254.75,844.7000122070312,100,100,0.004800000227987766
4757,ASCUS_3_patch12.png,0,781.1300048828125,764.72998046875,100,100,0.004600000102072954
4758,ASCUS_3_patch12.png,0,191.69000244140625,989.3499755859375,100,100,0.0044999998062849045
4759,ASCUS_3_patch12.png,0,683.760009765625,879.219970703125,100,100,0.004399999976158142
4760,ASCUS_3_patch12.png,0,704.5700073242188,920.77001953125,100,100,0.00430000014603138
4761,ASCUS_3_patch12.png,0,126.04000091552734,890.8099975585938,100,100,0.004100000020116568
4762,ASCUS_3_patch12.png,0,763.1900024414062,764.77001953125,100,100,0.004000000189989805
4763,ASCUS_3_patch12.png,0,156.44000244140625,935.6199951171875,100,100,0.004000000189989805
4764,ASCUS_3_patch12.png,0,116.05000305175781,855.739990234375,100,100,0.004000000189989805
4765,ASCUS_3_patch12.png,0,604.1099853515625,787.4199829101562,100,100,0.003700000001117587
4766,ASCUS_3_patch12.png,0,68.37000274658203,676.7999877929688,100,100,0.003599999938160181
4767,ASCUS_3_patch12.png,0,861.52001953125,1019.5900268554688,100,100,0.003599999938160181
4768,ASCUS_3_patch12.png,0,130.92999267578125,911.0800170898438,100,100,0.0034000000450760126
4769,ASCUS_3_patch12.png,0,611.969970703125,775.1699829101562,100,100,0.0034000000450760126
4770,ASCUS_3_patch12.png,0,90.4800033569336,695.0800170898438,100,100,0.0032999999821186066
4771,ASCUS_3_patch12.png,0,138.05999755859375,877.6799926757812,100,100,0.0032999999821186066
4772,ASCUS_3_patch12.png,0,922.3200073242188,724.0,100,100,0.0031999999191612005
4773,ASCUS_3_patch12.png,0,34.619998931884766,929.22998046875,100,100,0.0031999999191612005
4774,ASCUS_3_patch12.png,0,563.9199829101562,836.780029296875,100,100,0.003100000089034438
4775,ASCUS_3_patch12.png,0,133.9199981689453,992.0599975585938,100,100,0.003100000089034438
4776,ASCUS_3_patch12.png,0,226.63999938964844,998.3900146484375,100,100,0.003100000089034438
4777,ASCUS_3_patch12.png,0,190.7100067138672,1007.0599975585938,100,100,0.002899999963119626
4778,ASCUS_3_patch12.png,0,109.62999725341797,993.1199951171875,100,100,0.0027000000700354576
4779,ASCUS_3_patch12.png,0,212.6300048828125,985.510009765625,100,100,0.0026000000070780516
4780,ASCUS_3_patch12.png,0,1006.489990234375,1001.6300048828125,100,100,0.002400000113993883
4781,ASCUS_3_patch12.png,0,454.17999267578125,795.1199951171875,100,100,0.002300000051036477
4782,ASCUS_3_patch12.png,0,322.239990234375,728.97998046875,100,100,0.002199999988079071
4783,ASCUS_3_patch12.png,0,245.16000366210938,994.4600219726562,100,100,0.002099999925121665
4784,ASCUS_3_patch12.png,0,670.22998046875,851.5399780273438,100,100,0.002099999925121665
4785,ASCUS_3_patch12.png,0,472.739990234375,689.9099731445312,100,100,0.002099999925121665
4786,ASCUS_3_patch12.png,0,223.3300018310547,1019.469970703125,100,100,0.002099999925121665
4787,ASCUS_3_patch12.png,0,309.9100036621094,953.6199951171875,100,100,0.0020000000949949026
4788,ASCUS_3_patch12.png,0,268.6600036621094,978.27001953125,100,100,0.0020000000949949026
4789,ASCUS_3_patch12.png,0,355.6099853515625,921.5800170898438,100,100,0.0019000000320374966
4790,ASCUS_3_patch12.png,0,994.1900024414062,746.5999755859375,100,100,0.0017999999690800905
4791,ASCUS_3_patch12.png,0,109.02999877929688,933.1799926757812,100,100,0.0017999999690800905
4792,ASCUS_3_patch12.png,0,156.39999389648438,911.3699951171875,100,100,0.0017999999690800905
4793,ASCUS_3_patch12.png,0,201.82000732421875,1018.77001953125,100,100,0.0017000000225380063
4794,ASCUS_3_patch12.png,0,135.1999969482422,826.0900268554688,100,100,0.0017000000225380063
4795,ASCUS_3_patch12.png,0,989.2999877929688,986.239990234375,100,100,0.0017000000225380063
4796,ASCUS_3_patch12.png,0,130.3699951171875,859.0,100,100,0.0015999999595806003
4797,ASCUS_3_patch12.png,0,389.2300109863281,900.1599731445312,100,100,0.0015999999595806003
4798,ASCUS_3_patch12.png,0,667.030029296875,881.8900146484375,100,100,0.0015999999595806003
4799,ASCUS_3_patch12.png,0,966.760009765625,999.6400146484375,100,100,0.0015999999595806003
4800,ASCUS_3_patch12.png,0,11.010000228881836,877.219970703125,100,100,0.00139999995008111
4801,ASCUS_3_patch12.png,0,700.6699829101562,1014.5700073242188,100,100,0.0013000000035390258
4802,ASCUS_3_patch12.png,0,495.6099853515625,705.6500244140625,100,100,0.0012000000569969416
4803,HSIL_12_patch02.png,0,111.9,846.8,100,100,0.7255
4804,HSIL_12_patch02.png,0,602.65,659.23,100,100,0.6877
4805,HSIL_12_patch02.png,0,720.32,886.8,100,100,0.6218
4806,HSIL_12_patch02.png,0,440.45,662.8,100,100,0.6152
4807,HSIL_12_patch02.png,0,749.4,760.98,100,100,0.5876
4808,HSIL_12_patch02.png,0,333.46,906.83,100,100,0.477
4809,HSIL_12_patch02.png,0,436.65,850.34,100,100,0.4487
4810,HSIL_12_patch02.png,0,425.4,974.98,100,100,0.3981
4811,HSIL_12_patch02.png,0,921.11,897.36,100,100,0.3485
4812,HSIL_12_patch02.png,0,116.73,741.61,100,100,0.2214
4813,HSIL_12_patch02.png,0,667.8300170898438,797.4000244140625,100,100,0.18930000066757202
4814,HSIL_12_patch02.png,0,978.469970703125,1008.6599731445312,100,100,0.09989999979734421
4815,HSIL_12_patch02.png,0,859.719970703125,781.7999877929688,100,100,0.09459999948740005
4816,HSIL_12_patch02.png,0,476.67999267578125,889.760009765625,100,100,0.08919999748468399
4817,HSIL_12_patch02.png,0,81.54000091552734,999.1900024414062,100,100,0.07890000194311142
4818,HSIL_12_patch02.png,0,629.2100219726562,782.0900268554688,100,100,0.07259999960660934
4819,HSIL_12_patch02.png,0,836.0999755859375,764.7100219726562,100,100,0.06040000170469284
4820,HSIL_12_patch02.png,0,148.47999572753906,433.80999755859375,100,100,0.057999998331069946
4821,HSIL_12_patch02.png,0,433.57000732421875,457.5,100,100,0.05460000038146973
4822,HSIL_12_patch02.png,0,270.70001220703125,564.1300048828125,100,100,0.046300001442432404
4823,HSIL_12_patch02.png,0,802.25,979.8699951171875,100,100,0.04439999908208847
4824,HSIL_12_patch02.png,0,723.8800048828125,998.780029296875,100,100,0.03660000115633011
4825,HSIL_12_patch02.png,0,347.2799987792969,980.97998046875,100,100,0.03629999980330467
4826,HSIL_12_patch02.png,0,410.6499938964844,696.9600219726562,100,100,0.033799998462200165
4827,HSIL_12_patch02.png,0,878.75,964.0599975585938,100,100,0.031300000846385956
4828,HSIL_12_patch02.png,0,438.2799987792969,889.1500244140625,100,100,0.030700000002980232
4829,HSIL_12_patch02.png,0,660.9199829101562,982.4199829101562,100,100,0.02850000001490116
4830,HSIL_12_patch02.png,0,205.92999267578125,550.7899780273438,100,100,0.026499999687075615
4831,HSIL_12_patch02.png,0,471.70001220703125,766.27001953125,100,100,0.02280000038444996
4832,HSIL_12_patch02.png,0,192.33999633789062,408.3900146484375,100,100,0.022700000554323196
4833,HSIL_12_patch02.png,0,1013.8699951171875,781.760009765625,100,100,0.021700000390410423
4834,HSIL_12_patch02.png,0,370.67999267578125,804.739990234375,100,100,0.020400000736117363
4835,HSIL_12_patch02.png,0,677.219970703125,896.7999877929688,100,100,0.01759999990463257
4836,HSIL_12_patch02.png,0,344.1700134277344,587.9199829101562,100,100,0.01720000058412552
4837,HSIL_12_patch02.png,0,405.6400146484375,431.5199890136719,100,100,0.017100000753998756
4838,HSIL_12_patch02.png,0,87.30000305175781,541.8900146484375,100,100,0.016699999570846558
4839,HSIL_12_patch02.png,0,239.8699951171875,527.3300170898438,100,100,0.015799999237060547
4840,HSIL_12_patch02.png,0,1005.4000244140625,4.760000228881836,100,100,0.015599999576807022
4841,HSIL_12_patch02.png,0,752.6599731445312,928.22998046875,100,100,0.014299999922513962
4842,HSIL_12_patch02.png,0,183.7100067138672,953.510009765625,100,100,0.0142000000923872
4843,HSIL_12_patch02.png,0,683.1400146484375,1009.0,100,100,0.014000000432133675
4844,HSIL_12_patch02.png,0,376.1300048828125,639.75,100,100,0.01360000018030405
4845,HSIL_12_patch02.png,0,826.22998046875,941.0599975585938,100,100,0.013399999588727951
4846,HSIL_12_patch02.png,0,369.5,788.75,100,100,0.013299999758601189
4847,HSIL_12_patch02.png,0,445.80999755859375,748.489990234375,100,100,0.013199999928474426
4848,HSIL_12_patch02.png,0,83.66000366210938,872.22998046875,100,100,0.01269999984651804
4849,HSIL_12_patch02.png,0,135.3800048828125,712.7000122070312,100,100,0.012299999594688416
4850,HSIL_12_patch02.png,0,911.0499877929688,1014.9600219726562,100,100,0.012199999764561653
4851,HSIL_12_patch02.png,0,594.5,1016.97998046875,100,100,0.011699999682605267
4852,HSIL_12_patch02.png,0,225.08999633789062,952.3300170898438,100,100,0.01140000019222498
4853,HSIL_12_patch02.png,0,597.4500122070312,978.1099853515625,100,100,0.01119999960064888
4854,HSIL_12_patch02.png,0,618.0800170898438,656.3300170898438,100,100,0.011099999770522118
4855,HSIL_12_patch02.png,0,932.75,886.4500122070312,100,100,0.009800000116229057
4856,HSIL_12_patch02.png,0,706.2000122070312,888.3800048828125,100,100,0.00930000003427267
4857,HSIL_12_patch02.png,0,958.2999877929688,759.6699829101562,100,100,0.008999999612569809
4858,HSIL_12_patch02.png,0,447.7799987792969,650.530029296875,100,100,0.008899999782443047
4859,HSIL_12_patch02.png,0,296.489990234375,998.8099975585938,100,100,0.008700000122189522
4860,HSIL_12_patch02.png,0,349.95001220703125,437.260009765625,100,100,0.008200000040233135
4861,HSIL_12_patch02.png,0,435.1099853515625,964.3499755859375,100,100,0.008100000210106373
4862,HSIL_12_patch02.png,0,713.510009765625,737.6500244140625,100,100,0.00800000037997961
4863,HSIL_12_patch02.png,0,254.77000427246094,831.219970703125,100,100,0.007899999618530273
4864,HSIL_12_patch02.png,0,321.8299865722656,900.760009765625,100,100,0.007199999876320362
4865,HSIL_12_patch02.png,0,735.2999877929688,891.25,100,100,0.0071000000461936
4866,HSIL_12_patch02.png,0,445.25,840.719970703125,100,100,0.007000000216066837
4867,HSIL_12_patch02.png,0,939.4099731445312,911.4600219726562,100,100,0.006899999920278788
4868,HSIL_12_patch02.png,0,493.42999267578125,870.760009765625,100,100,0.006899999920278788
4869,HSIL_12_patch02.png,0,404.7799987792969,886.3400268554688,100,100,0.0066999997943639755
4870,HSIL_12_patch02.png,0,586.9400024414062,654.3499755859375,100,100,0.006599999964237213
4871,HSIL_12_patch02.png,0,553.47998046875,774.780029296875,100,100,0.006599999964237213
4872,HSIL_12_patch02.png,0,12.619999885559082,997.2100219726562,100,100,0.006599999964237213
4873,HSIL_12_patch02.png,0,609.1900024414062,837.0399780273438,100,100,0.006500000134110451
4874,HSIL_12_patch02.png,0,755.8099975585938,746.510009765625,100,100,0.006399999838322401
4875,HSIL_12_patch02.png,0,127.13999938964844,851.280029296875,100,100,0.006200000178068876
4876,HSIL_12_patch02.png,0,577.9000244140625,632.4600219726562,100,100,0.005900000222027302
4877,HSIL_12_patch02.png,0,584.9600219726562,944.1699829101562,100,100,0.00559999980032444
4878,HSIL_12_patch02.png,0,113.88999938964844,930.9400024414062,100,100,0.005499999970197678
4879,HSIL_12_patch02.png,0,966.22998046875,897.3300170898438,100,100,0.005400000140070915
4880,HSIL_12_patch02.png,0,391.3800048828125,462.4100036621094,100,100,0.0052999998442828655
4881,HSIL_12_patch02.png,0,754.8400268554688,950.3300170898438,100,100,0.005200000014156103
4882,HSIL_12_patch02.png,0,15.109999656677246,478.7699890136719,100,100,0.004999999888241291
4883,HSIL_12_patch02.png,0,909.6699829101562,889.4199829101562,100,100,0.004999999888241291
4884,HSIL_12_patch02.png,0,107.27999877929688,832.760009765625,100,100,0.004900000058114529
4885,HSIL_12_patch02.png,0,494.9200134277344,607.3499755859375,100,100,0.004699999932199717
4886,HSIL_12_patch02.png,0,460.3299865722656,661.6500244140625,100,100,0.0044999998062849045
4887,HSIL_12_patch02.png,0,424.70001220703125,840.5599975585938,100,100,0.0044999998062849045
4888,HSIL_12_patch02.png,0,712.52001953125,875.030029296875,100,100,0.004399999976158142
4889,HSIL_12_patch02.png,0,703.6400146484375,984.0999755859375,100,100,0.004399999976158142
4890,HSIL_12_patch02.png,0,419.25,962.6599731445312,100,100,0.00430000014603138
4891,HSIL_12_patch02.png,0,391.3800048828125,618.780029296875,100,100,0.004100000020116568
4892,HSIL_12_patch02.png,0,316.79998779296875,644.219970703125,100,100,0.004000000189989805
4893,HSIL_12_patch02.png,0,11.399999618530273,606.3900146484375,100,100,0.004000000189989805
4894,HSIL_12_patch02.png,0,457.010009765625,995.0599975585938,100,100,0.004000000189989805
4895,HSIL_12_patch02.png,0,932.9500122070312,614.1400146484375,100,100,0.0038999998942017555
4896,HSIL_12_patch02.png,0,519.8900146484375,1018.47998046875,100,100,0.003700000001117587
4897,HSIL_12_patch02.png,0,234.47999572753906,730.8200073242188,100,100,0.0035000001080334187
4898,HSIL_12_patch02.png,0,86.97000122070312,1011.1799926757812,100,100,0.0035000001080334187
4899,HSIL_12_patch02.png,0,596.3499755859375,671.969970703125,100,100,0.0034000000450760126
4900,HSIL_12_patch02.png,0,806.2000122070312,1017.3900146484375,100,100,0.0032999999821186066
4901,HSIL_12_patch02.png,0,566.8599853515625,799.010009765625,100,100,0.0032999999821186066
4902,HSIL_12_patch02.png,0,365.0299987792969,888.6699829101562,100,100,0.0031999999191612005
4903,HSIL_12_patch02.png,0,97.16999816894531,855.5800170898438,100,100,0.003100000089034438
4904,HSIL_12_patch02.png,0,476.2099914550781,549.8699951171875,100,100,0.0027000000700354576
4905,HSIL_12_patch02.png,0,761.989990234375,768.1599731445312,100,100,0.0024999999441206455
4906,HSIL_12_patch02.png,0,956.1400146484375,879.3200073242188,100,100,0.0024999999441206455
4907,HSIL_12_patch02.png,0,884.3499755859375,888.8900146484375,100,100,0.002300000051036477
4908,HSIL_12_patch02.png,0,338.7900085449219,626.2100219726562,100,100,0.002300000051036477
4909,HSIL_12_patch02.png,0,979.510009765625,973.2999877929688,100,100,0.002300000051036477
4910,HSIL_12_patch02.png,0,304.2099914550781,979.3900146484375,100,100,0.002199999988079071
4911,HSIL_12_patch02.png,0,166.97000122070312,1016.3699951171875,100,100,0.002099999925121665
4912,HSIL_12_patch02.png,0,734.1400146484375,877.780029296875,100,100,0.0020000000949949026
4913,HSIL_12_patch02.png,0,124.63999938964844,835.489990234375,100,100,0.0019000000320374966
4914,HSIL_12_patch02.png,0,731.3400268554688,745.6599731445312,100,100,0.0019000000320374966
4915,HSIL_12_patch02.png,0,430.4800109863281,650.239990234375,100,100,0.0019000000320374966
4916,HSIL_12_patch02.png,0,348.5799865722656,896.3400268554688,100,100,0.0017999999690800905
4917,HSIL_12_patch02.png,0,180.61000061035156,891.8599853515625,100,100,0.0017999999690800905
4918,HSIL_12_patch02.png,0,731.989990234375,760.489990234375,100,100,0.0017999999690800905
4919,HSIL_12_patch02.png,0,723.5,245.66000366210938,100,100,0.0017999999690800905
4920,HSIL_12_patch02.png,0,676.4099731445312,785.239990234375,100,100,0.0017000000225380063
4921,HSIL_12_patch02.png,0,881.7899780273438,801.5900268554688,100,100,0.0015999999595806003
4922,HSIL_12_patch02.png,0,741.4400024414062,1018.0599975585938,100,100,0.001500000013038516
4923,HSIL_12_patch02.png,0,990.3599853515625,1012.6300048828125,100,100,0.00139999995008111
4924,HSIL_12_patch02.png,0,434.2300109863281,867.8300170898438,100,100,0.00139999995008111
4925,HSIL_12_patch02.png,0,460.3699951171875,544.0800170898438,100,100,0.00139999995008111
4926,HSIL_12_patch02.png,0,718.1599731445312,899.6400146484375,100,100,0.0012000000569969416
4927,HSIL_12_patch02.png,0,797.75,959.9500122070312,100,100,0.0010999999940395355
4928,HSIL_12_patch03.png,0,730.33,846.95,100,100,0.6675
4929,HSIL_12_patch03.png,0,161.46,808.42,100,100,0.6437
4930,HSIL_12_patch03.png,0,241.06,933.8,100,100,0.5895
4931,HSIL_12_patch03.png,0,147.79,681.92,100,100,0.5114
4932,HSIL_12_patch03.png,0,644.35,46.12,100,100,0.4874
4933,HSIL_12_patch03.png,0,150.18,933.1,100,100,0.4872
4934,HSIL_12_patch03.png,0,981.94,137.57,100,100,0.457
4935,HSIL_12_patch03.png,0,627.35,382.09,100,100,0.3932
4936,HSIL_12_patch03.png,0,617.32,100.47,100,100,0.3897
4937,HSIL_12_patch03.png,0,783.42,530.51,100,100,0.3737
4938,HSIL_12_patch03.png,0,240.31,471.63,100,100,0.371
4939,HSIL_12_patch03.png,0,215.76,202.35,100,100,0.3593
4940,HSIL_12_patch03.png,0,348.48,698.62,100,100,0.3575
4941,HSIL_12_patch03.png,0,817.15,364.29,100,100,0.3517
4942,HSIL_12_patch03.png,0,686.85,117.31,100,100,0.3447
4943,HSIL_12_patch03.png,0,754.61,781.99,100,100,0.3326
4944,HSIL_12_patch03.png,0,995.25,612.69,100,100,0.3313
4945,HSIL_12_patch03.png,0,630.7,549.4,100,100,0.3246
4946,HSIL_12_patch03.png,0,246.66,514.44,100,100,0.3175
4947,HSIL_12_patch03.png,0,157.18,114.18,100,100,0.3042
4948,HSIL_12_patch03.png,0,848.43,128.84,100,100,0.3035
4949,HSIL_12_patch03.png,0,695.18,718.08,100,100,0.3021
4950,HSIL_12_patch03.png,0,940.46,142.39,100,100,0.2983
4951,HSIL_12_patch03.png,0,193.25,119.0,100,100,0.2766999900341034
4952,HSIL_12_patch03.png,0,351.9599914550781,100.25,100,100,0.2750999927520752
4953,HSIL_12_patch03.png,0,753.9299926757812,379.1400146484375,100,100,0.27399998903274536
4954,HSIL_12_patch03.png,0,876.77,832.74,100,100,0.2685
4955,HSIL_12_patch03.png,0,551.36,855.16,100,100,0.2682
4956,HSIL_12_patch03.png,0,790.5900268554688,428.6000061035156,100,100,0.2676999866962433
4957,HSIL_12_patch03.png,0,234.16,994.66,100,100,0.2632
4958,HSIL_12_patch03.png,0,549.12,45.23,100,100,0.2563
4959,HSIL_12_patch03.png,0,668.0,230.7100067138672,100,100,0.25519999861717224
4960,HSIL_12_patch03.png,0,54.34000015258789,540.4299926757812,100,100,0.25220000743865967
4961,HSIL_12_patch03.png,0,235.79,122.15,100,100,0.2514
4962,HSIL_12_patch03.png,0,240.0,1023.0,100,100,0.2502399981021881
4963,HSIL_12_patch03.png,0,212.27999877929688,428.32000732421875,100,100,0.24529999494552612
4964,HSIL_12_patch03.png,0,447.37,890.07,100,100,0.2353
4965,HSIL_12_patch03.png,0,477.99,990.92,100,100,0.2286
4966,HSIL_12_patch03.png,0,977.67,558.9,100,100,0.2262
4967,HSIL_12_patch03.png,0,843.55,13.5,100,100,0.2193
4968,HSIL_12_patch03.png,0,13.68,48.01,100,100,0.2175
4969,HSIL_12_patch03.png,0,797.52,71.7,100,100,0.2158
4970,HSIL_12_patch03.png,0,529.28,126.85,100,100,0.2129
4971,HSIL_12_patch03.png,0,449.21,849.89,100,100,0.2088
4972,HSIL_12_patch03.png,0,149.0,1023.0,100,100,0.2048783302307129
4973,HSIL_12_patch03.png,0,17.14,784.1,100,100,0.2007
4974,HSIL_12_patch03.png,0,297.70001220703125,735.9400024414062,100,100,0.20029999315738678
4975,HSIL_12_patch03.png,0,975.48,778.8,100,100,0.1987
4976,HSIL_12_patch03.png,0,914.98,687.27,100,100,0.1972
4977,HSIL_12_patch03.png,0,220.17,870.56,100,100,0.1941
4978,HSIL_12_patch03.png,0,194.25,469.2900085449219,100,100,0.1899999976158142
4979,HSIL_12_patch03.png,0,123.87999725341797,314.6499938964844,100,100,0.1898999959230423
4980,HSIL_12_patch03.png,0,595.7999877929688,140.82000732421875,100,100,0.18870000541210175
4981,HSIL_12_patch03.png,0,221.6300048828125,320.1300048828125,100,100,0.18729999661445618
4982,HSIL_12_patch03.png,0,408.14,902.34,100,100,0.187
4983,HSIL_12_patch03.png,0,73.7300033569336,671.8099975585938,100,100,0.18330000340938568
4984,HSIL_12_patch03.png,0,588.04,18.6,100,100,0.1831
4985,HSIL_12_patch03.png,0,862.51,36.17,100,100,0.1825
4986,HSIL_12_patch03.png,0,902.9500122070312,333.3999938964844,100,100,0.18080000579357147
4987,HSIL_12_patch03.png,0,1007.6900024414062,922.9199829101562,100,100,0.17569999396800995
4988,HSIL_12_patch03.png,0,159.27000427246094,305.5,100,100,0.17249999940395355
4989,HSIL_12_patch03.png,0,261.80999755859375,153.97000122070312,100,100,0.1679999977350235
4990,HSIL_12_patch03.png,0,148.64999389648438,469.92999267578125,100,100,0.16779999434947968
4991,HSIL_12_patch03.png,0,468.6700134277344,17.170000076293945,100,100,0.16429999470710754
4992,HSIL_12_patch03.png,0,22.98,215.68,100,100,0.1637
4993,HSIL_12_patch03.png,0,924.2,203.81,100,100,0.1597
4994,HSIL_12_patch03.png,0,610.3400268554688,200.88999938964844,100,100,0.15469999611377716
4995,HSIL_12_patch03.png,0,229.75,141.4199981689453,100,100,0.15469999611377716
4996,HSIL_12_patch03.png,0,858.2,418.88,100,100,0.1524
4997,HSIL_12_patch03.png,0,154.25,207.05999755859375,100,100,0.15029999613761902
4998,HSIL_12_patch03.png,0,275.7799987792969,366.7300109863281,100,100,0.15000000596046448
4999,HSIL_12_patch03.png,0,59.31,341.24,100,100,0.149
5000,HSIL_12_patch03.png,0,234.54,685.73,100,100,0.1454
5001,HSIL_12_patch03.png,0,784.6699829101562,845.9299926757812,100,100,0.14329999685287476
5002,HSIL_12_patch03.png,0,869.739990234375,345.17999267578125,100,100,0.14059999585151672
5003,HSIL_12_patch03.png,0,529.3099975585938,413.4200134277344,100,100,0.1396999955177307
5004,HSIL_12_patch03.png,0,306.9100036621094,150.0,100,100,0.13940000534057617
5005,HSIL_12_patch03.png,0,144.75999450683594,578.3099975585938,100,100,0.13830000162124634
5006,HSIL_12_patch03.png,0,586.1,4.3,100,100,0.1331
5007,HSIL_12_patch03.png,0,768.5499877929688,685.1699829101562,100,100,0.1298999935388565
5008,HSIL_12_patch03.png,0,275.6700134277344,690.8599853515625,100,100,0.1266999989748001
5009,HSIL_12_patch03.png,0,252.52999877929688,596.6699829101562,100,100,0.1257999986410141
5010,HSIL_12_patch03.png,0,844.4000244140625,95.55999755859375,100,100,0.12540000677108765
5011,HSIL_12_patch03.png,0,617.8200073242188,735.5399780273438,100,100,0.12359999865293503
5012,HSIL_12_patch03.png,0,258.5899963378906,651.219970703125,100,100,0.11749999970197678
5013,HSIL_12_patch03.png,0,934.5700073242188,7.920000076293945,100,100,0.11729999631643295
5014,HSIL_12_patch03.png,0,223.8000030517578,797.1300048828125,100,100,0.11670000106096268
5015,HSIL_12_patch03.png,0,357.3999938964844,906.8499755859375,100,100,0.11590000241994858
5016,HSIL_12_patch03.png,0,267.7099914550781,188.10000610351562,100,100,0.11550000309944153
5017,HSIL_12_patch03.png,0,182.35000610351562,234.0500030517578,100,100,0.11500000208616257
5018,HSIL_12_patch03.png,0,646.0800170898438,10.84000015258789,100,100,0.11490000039339066
5019,HSIL_12_patch03.png,0,516.7899780273438,804.77001953125,100,100,0.11339999735355377
5020,HSIL_12_patch03.png,0,577.6199951171875,117.22000122070312,100,100,0.11240000277757645
5021,HSIL_12_patch03.png,0,448.0799865722656,799.6900024414062,100,100,0.11129999905824661
5022,HSIL_12_patch03.png,0,386.2799987792969,781.3699951171875,100,100,0.10939999669790268
5023,HSIL_12_patch03.png,0,404.2200012207031,869.8599853515625,100,100,0.10750000178813934
5024,HSIL_12_patch03.png,0,780.1900024414062,121.61000061035156,100,100,0.10400000214576721
5025,HSIL_12_patch03.png,0,680.4199829101562,898.969970703125,100,100,0.10350000113248825
5026,HSIL_12_patch03.png,0,420.0400085449219,209.32000732421875,100,100,0.1031000018119812
5027,HSIL_12_patch03.png,0,662.8499755859375,512.1900024414062,100,100,0.10130000114440918
5028,HSIL_12_patch03.png,0,207.1199951171875,152.89999389648438,100,100,0.10119999945163727
5029,HSIL_12_patch03.png,0,768.9099731445312,255.7899932861328,100,100,0.09830000251531601
5030,HSIL_12_patch03.png,0,657.1599731445312,104.81999969482422,100,100,0.09619999676942825
5031,HSIL_12_patch03.png,0,673.1900024414062,23.239999771118164,100,100,0.0940999984741211
5032,HSIL_12_patch03.png,0,868.1099853515625,311.8699951171875,100,100,0.093299999833107
5033,HSIL_12_patch03.png,0,74.18000030517578,425.82000732421875,100,100,0.09059999883174896
5034,HSIL_12_patch03.png,0,117.77999877929688,465.239990234375,100,100,0.08649999648332596
5035,HSIL_12_patch03.png,0,454.3900146484375,722.9000244140625,100,100,0.0851999968290329
5036,HSIL_12_patch03.png,0,428.69000244140625,772.9400024414062,100,100,0.0828000009059906
5037,HSIL_12_patch03.png,0,800.2999877929688,145.07000732421875,100,100,0.08259999752044678
5038,HSIL_12_patch03.png,0,352.54998779296875,852.719970703125,100,100,0.08150000125169754
5039,HSIL_12_patch03.png,0,558.3599853515625,864.72998046875,100,100,0.08150000125169754
5040,HSIL_12_patch03.png,0,458.0400085449219,67.22000122070312,100,100,0.08030000329017639
5041,HSIL_12_patch03.png,0,827.1699829101562,599.219970703125,100,100,0.08009999990463257
5042,HSIL_12_patch03.png,0,800.3800048828125,273.4800109863281,100,100,0.07779999822378159
5043,HSIL_12_patch03.png,0,330.8399963378906,297.19000244140625,100,100,0.07720000296831131
5044,HSIL_12_patch03.png,0,849.3099975585938,843.9500122070312,100,100,0.07580000162124634
5045,HSIL_12_patch03.png,0,524.2000122070312,765.1900024414062,100,100,0.07530000060796738
5046,HSIL_12_patch03.png,0,608.8800048828125,520.1199951171875,100,100,0.07419999688863754
5047,HSIL_12_patch03.png,0,495.55999755859375,697.219970703125,100,100,0.07289999723434448
5048,HSIL_12_patch03.png,0,336.239990234375,189.47000122070312,100,100,0.07150000333786011
5049,HSIL_12_patch03.png,0,402.42999267578125,79.12000274658203,100,100,0.0714000016450882
5050,HSIL_12_patch03.png,0,588.9199829101562,543.489990234375,100,100,0.07069999724626541
5051,HSIL_12_patch03.png,0,193.50999450683594,278.4800109863281,100,100,0.07000000029802322
5052,HSIL_12_patch03.png,0,139.6699981689453,502.19000244140625,100,100,0.06750000268220901
5053,HSIL_12_patch03.png,0,348.1700134277344,611.010009765625,100,100,0.06719999760389328
5054,HSIL_12_patch03.png,0,306.69000244140625,471.489990234375,100,100,0.06539999693632126
5055,HSIL_12_patch03.png,0,379.07000732421875,134.57000732421875,100,100,0.06539999693632126
5056,HSIL_12_patch03.png,0,853.9199829101562,663.7899780273438,100,100,0.06469999998807907
5057,HSIL_12_patch03.png,0,471.1400146484375,390.57000732421875,100,100,0.06350000202655792
5058,HSIL_12_patch03.png,0,10.100000381469727,321.3599853515625,100,100,0.061799999326467514
5059,HSIL_12_patch03.png,0,738.2000122070312,268.0799865722656,100,100,0.05810000002384186
5060,HSIL_12_patch03.png,0,646.52001953125,776.5499877929688,100,100,0.05779999867081642
5061,HSIL_12_patch03.png,0,631.8800048828125,823.9299926757812,100,100,0.05739999935030937
5062,HSIL_12_patch03.png,0,696.52001953125,475.44000244140625,100,100,0.05739999935030937
5063,HSIL_12_patch03.png,0,474.8599853515625,208.22999572753906,100,100,0.05719999969005585
5064,HSIL_12_patch03.png,0,283.6199951171875,603.7999877929688,100,100,0.05700000002980232
5065,HSIL_12_patch03.png,0,964.1199951171875,967.02001953125,100,100,0.05640000104904175
5066,HSIL_12_patch03.png,0,529.8900146484375,684.6699829101562,100,100,0.05609999969601631
5067,HSIL_12_patch03.png,0,668.530029296875,468.8599853515625,100,100,0.05480000004172325
5068,HSIL_12_patch03.png,0,563.6500244140625,680.6300048828125,100,100,0.05429999902844429
5069,HSIL_12_patch03.png,0,599.1099853515625,183.50999450683594,100,100,0.05350000038743019
5070,HSIL_12_patch03.png,0,29.440000534057617,365.32000732421875,100,100,0.05339999869465828
5071,HSIL_12_patch03.png,0,642.3599853515625,67.75,100,100,0.053300000727176666
5072,HSIL_12_patch03.png,0,68.36000061035156,1012.3699951171875,100,100,0.052299998700618744
5073,HSIL_12_patch03.png,0,350.4700012207031,479.9700012207031,100,100,0.05209999904036522
5074,HSIL_12_patch03.png,0,979.969970703125,689.260009765625,100,100,0.05180000141263008
5075,HSIL_12_patch03.png,0,590.3099975585938,309.82000732421875,100,100,0.05130000039935112
5076,HSIL_12_patch03.png,0,1002.5399780273438,445.94000244140625,100,100,0.050599999725818634
5077,HSIL_12_patch03.png,0,661.8400268554688,212.4499969482422,100,100,0.05009999871253967
5078,HSIL_12_patch03.png,0,638.9099731445312,563.3499755859375,100,100,0.04960000142455101
5079,HSIL_12_patch03.png,0,22.280000686645508,145.9199981689453,100,100,0.0494999997317791
5080,HSIL_12_patch03.png,0,231.6300048828125,403.739990234375,100,100,0.047600001096725464
5081,HSIL_12_patch03.png,0,167.1999969482422,863.1099853515625,100,100,0.04729999974370003
5082,HSIL_12_patch03.png,0,1007.25,532.4600219726562,100,100,0.04729999974370003
5083,HSIL_12_patch03.png,0,587.0599975585938,249.67999267578125,100,100,0.046799998730421066
5084,HSIL_12_patch03.png,0,18.530000686645508,85.48999786376953,100,100,0.046799998730421066
5085,HSIL_12_patch03.png,0,335.7799987792969,454.3299865722656,100,100,0.04639999940991402
5086,HSIL_12_patch03.png,0,298.54998779296875,183.11000061035156,100,100,0.046300001442432404
5087,HSIL_12_patch03.png,0,398.45001220703125,61.970001220703125,100,100,0.046300001442432404
5088,HSIL_12_patch03.png,0,816.0599975585938,649.0700073242188,100,100,0.04619999974966049
5089,HSIL_12_patch03.png,0,618.6900024414062,505.5799865722656,100,100,0.04520000144839287
5090,HSIL_12_patch03.png,0,1015.1500244140625,111.0,100,100,0.045099999755620956
5091,HSIL_12_patch03.png,0,33.84000015258789,669.25,100,100,0.04309999942779541
5092,HSIL_12_patch03.png,0,77.19999694824219,700.27001953125,100,100,0.04280000180006027
5093,HSIL_12_patch03.png,0,10.119999885559082,226.35000610351562,100,100,0.0421999990940094
5094,HSIL_12_patch03.png,0,130.61000061035156,980.9500122070312,100,100,0.04100000113248825
5095,HSIL_12_patch03.png,0,754.27001953125,86.7300033569336,100,100,0.0406000018119812
5096,HSIL_12_patch03.png,0,186.91000366210938,580.3599853515625,100,100,0.0406000018119812
5097,HSIL_12_patch03.png,0,634.6799926757812,477.1300048828125,100,100,0.04050000011920929
5098,HSIL_12_patch03.png,0,284.4700012207031,254.5800018310547,100,100,0.04039999842643738
5099,HSIL_12_patch03.png,0,278.4100036621094,303.92999267578125,100,100,0.039900001138448715
5100,HSIL_12_patch03.png,0,17.90999984741211,165.13999938964844,100,100,0.03970000147819519
5101,HSIL_12_patch03.png,0,509.2799987792969,885.6300048828125,100,100,0.039500001817941666
5102,HSIL_12_patch03.png,0,909.780029296875,619.7100219726562,100,100,0.03929999843239784
5103,HSIL_12_patch03.png,0,468.6300048828125,303.7099914550781,100,100,0.03880000114440918
5104,HSIL_12_patch03.png,0,671.719970703125,541.52001953125,100,100,0.038600001484155655
5105,HSIL_12_patch03.png,0,69.37000274658203,972.6400146484375,100,100,0.03849999979138374
5106,HSIL_12_patch03.png,0,100.91000366210938,356.4200134277344,100,100,0.03819999843835831
5107,HSIL_12_patch03.png,0,252.4199981689453,928.030029296875,100,100,0.03759999945759773
5108,HSIL_12_patch03.png,0,736.1900024414062,488.4200134277344,100,100,0.03739999979734421
5109,HSIL_12_patch03.png,0,286.2799987792969,218.6300048828125,100,100,0.03700000047683716
5110,HSIL_12_patch03.png,0,965.72998046875,553.1599731445312,100,100,0.03660000115633011
5111,HSIL_12_patch03.png,0,832.8200073242188,458.260009765625,100,100,0.03660000115633011
5112,HSIL_12_patch03.png,0,55.81999969482422,787.0,100,100,0.035599999129772186
5113,HSIL_12_patch03.png,0,521.1799926757812,586.0,100,100,0.03519999980926514
5114,HSIL_12_patch03.png,0,140.89999389648438,550.2999877929688,100,100,0.03370000049471855
5115,HSIL_12_patch03.png,0,667.0,740.1400146484375,100,100,0.03370000049471855
5116,HSIL_12_patch03.png,0,381.7900085449219,155.41000366210938,100,100,0.03280000016093254
5117,HSIL_12_patch03.png,0,582.8400268554688,352.6400146484375,100,100,0.03280000016093254
5118,HSIL_12_patch03.png,0,632.9299926757812,859.2999877929688,100,100,0.03220000118017197
5119,HSIL_12_patch03.png,0,178.66000366210938,423.3999938964844,100,100,0.03200000151991844
5120,HSIL_12_patch03.png,0,793.8499755859375,765.3800048828125,100,100,0.031700000166893005
5121,HSIL_12_patch03.png,0,255.1199951171875,806.2000122070312,100,100,0.03150000050663948
5122,HSIL_12_patch03.png,0,270.82000732421875,4.989999771118164,100,100,0.03099999949336052
5123,HSIL_12_patch03.png,0,623.0599975585938,243.99000549316406,100,100,0.030899999663233757
5124,HSIL_12_patch03.png,0,67.7699966430664,888.6699829101562,100,100,0.030799999833106995
5125,HSIL_12_patch03.png,0,391.32000732421875,582.52001953125,100,100,0.03060000017285347
5126,HSIL_12_patch03.png,0,333.8299865722656,618.739990234375,100,100,0.029999999329447746
5127,HSIL_12_patch03.png,0,600.8499755859375,486.5400085449219,100,100,0.02930000051856041
5128,HSIL_12_patch03.png,0,73.41999816894531,183.82000732421875,100,100,0.028999999165534973
5129,HSIL_12_patch03.png,0,314.1499938964844,324.75,100,100,0.02879999950528145
5130,HSIL_12_patch03.png,0,440.5799865722656,353.82000732421875,100,100,0.027699999511241913
5131,HSIL_12_patch03.png,0,615.7999877929688,608.22998046875,100,100,0.027300000190734863
5132,HSIL_12_patch03.png,0,708.030029296875,261.8800048828125,100,100,0.0272000003606081
5133,HSIL_12_patch03.png,0,916.25,373.9800109863281,100,100,0.026799999177455902
5134,HSIL_12_patch03.png,0,845.5,1013.8699951171875,100,100,0.026499999687075615
5135,HSIL_12_patch03.png,0,466.1000061035156,575.260009765625,100,100,0.026399999856948853
5136,HSIL_12_patch03.png,0,506.0,31.479999542236328,100,100,0.025200000032782555
5137,HSIL_12_patch03.png,0,879.3400268554688,899.5800170898438,100,100,0.02459999918937683
5138,HSIL_12_patch03.png,0,601.5700073242188,808.9199829101562,100,100,0.023800000548362732
5139,HSIL_12_patch03.png,0,916.1099853515625,448.5400085449219,100,100,0.02370000071823597
5140,HSIL_12_patch03.png,0,1009.239990234375,175.1199951171875,100,100,0.023399999365210533
5141,HSIL_12_patch03.png,0,711.1799926757812,55.630001068115234,100,100,0.02319999970495701
5142,HSIL_12_patch03.png,0,697.0399780273438,678.3699951171875,100,100,0.023099999874830246
5143,HSIL_12_patch03.png,0,575.9600219726562,339.1000061035156,100,100,0.02160000056028366
5144,HSIL_12_patch03.png,0,794.1500244140625,522.010009765625,100,100,0.021299999207258224
5145,HSIL_12_patch03.png,0,907.8400268554688,950.52001953125,100,100,0.020899999886751175
5146,HSIL_12_patch03.png,0,729.0399780273438,431.45001220703125,100,100,0.020800000056624413
5147,HSIL_12_patch03.png,0,569.8300170898438,145.22000122070312,100,100,0.020600000396370888
5148,HSIL_12_patch03.png,0,843.3499755859375,503.7699890136719,100,100,0.020500000566244125
5149,HSIL_12_patch03.png,0,13.890000343322754,633.6400146484375,100,100,0.020400000736117363
5150,HSIL_12_patch03.png,0,635.469970703125,160.44000244140625,100,100,0.02019999921321869
5151,HSIL_12_patch03.png,0,575.6199951171875,1017.010009765625,100,100,0.020099999383091927
5152,HSIL_12_patch03.png,0,7.300000190734863,778.1799926757812,100,100,0.01940000057220459
5153,HSIL_12_patch03.png,0,85.31999969482422,791.6199951171875,100,100,0.019200000911951065
5154,HSIL_12_patch03.png,0,933.6799926757812,732.7899780273438,100,100,0.01899999938905239
5155,HSIL_12_patch03.png,0,923.0800170898438,1006.5599975585938,100,100,0.01889999955892563
5156,HSIL_12_patch03.png,0,268.55999755859375,927.7000122070312,100,100,0.018799999728798866
5157,HSIL_12_patch03.png,0,590.6900024414062,711.6699829101562,100,100,0.01860000006854534
5158,HSIL_12_patch03.png,0,801.280029296875,892.02001953125,100,100,0.018400000408291817
5159,HSIL_12_patch03.png,0,167.22999572753906,197.72999572753906,100,100,0.018400000408291817
5160,HSIL_12_patch03.png,0,717.219970703125,1013.719970703125,100,100,0.018300000578165054
5161,HSIL_12_patch03.png,0,499.1300048828125,980.3499755859375,100,100,0.017799999564886093
5162,HSIL_12_patch03.png,0,1015.239990234375,227.1699981689453,100,100,0.01730000041425228
5163,HSIL_12_patch03.png,0,590.0,672.8499755859375,100,100,0.016599999740719795
5164,HSIL_12_patch03.png,0,112.91999816894531,844.6099853515625,100,100,0.01640000008046627
5165,HSIL_12_patch03.png,0,244.11000061035156,160.9199981689453,100,100,0.016100000590085983
5166,HSIL_12_patch03.png,0,452.2300109863281,513.0499877929688,100,100,0.01600000075995922
5167,HSIL_12_patch03.png,0,384.2200012207031,1013.9099731445312,100,100,0.01590000092983246
5168,HSIL_12_patch03.png,0,591.8800048828125,35.58000183105469,100,100,0.015799999237060547
5169,HSIL_12_patch03.png,0,1018.97998046875,971.9600219726562,100,100,0.015799999237060547
5170,HSIL_12_patch03.png,0,348.6499938964844,336.760009765625,100,100,0.01549999974668026
5171,HSIL_12_patch03.png,0,151.75,1004.1300048828125,100,100,0.015399999916553497
5172,HSIL_12_patch03.png,0,826.5499877929688,788.3400268554688,100,100,0.01489999983459711
5173,HSIL_12_patch03.png,0,297.6099853515625,4.949999809265137,100,100,0.014499999582767487
5174,HSIL_12_patch03.png,0,854.5499877929688,304.6199951171875,100,100,0.0142000000923872
5175,HSIL_12_patch03.png,0,631.1300048828125,807.8499755859375,100,100,0.014000000432133675
5176,HSIL_12_patch03.png,0,653.8099975585938,1018.219970703125,100,100,0.013899999670684338
5177,HSIL_12_patch03.png,0,377.8299865722656,677.8599853515625,100,100,0.013799999840557575
5178,HSIL_12_patch03.png,0,198.33999633789062,353.3500061035156,100,100,0.013700000010430813
5179,HSIL_12_patch03.png,0,446.69000244140625,177.4499969482422,100,100,0.013700000010430813
5180,HSIL_12_patch03.png,0,177.8000030517578,519.8800048828125,100,100,0.013500000350177288
5181,HSIL_12_patch03.png,0,845.239990234375,627.8300170898438,100,100,0.013100000098347664
5182,HSIL_12_patch03.png,0,447.55999755859375,738.5399780273438,100,100,0.013100000098347664
5183,HSIL_12_patch03.png,0,847.3300170898438,409.010009765625,100,100,0.012900000438094139
5184,HSIL_12_patch03.png,0,44.41999816894531,588.739990234375,100,100,0.012900000438094139
5185,HSIL_12_patch03.png,0,10.399999618530273,154.19000244140625,100,100,0.01269999984651804
5186,HSIL_12_patch03.png,0,857.1699829101562,22.450000762939453,100,100,0.012400000356137753
5187,HSIL_12_patch03.png,0,535.5900268554688,752.8900146484375,100,100,0.011800000444054604
5188,HSIL_12_patch03.png,0,735.8900146484375,980.3599853515625,100,100,0.011699999682605267
5189,HSIL_12_patch03.png,0,300.3900146484375,794.2999877929688,100,100,0.01140000019222498
5190,HSIL_12_patch03.png,0,932.8300170898438,901.8300170898438,100,100,0.011300000362098217
5191,HSIL_12_patch03.png,0,484.80999755859375,405.4100036621094,100,100,0.011300000362098217
5192,HSIL_12_patch03.png,0,1002.47998046875,770.5,100,100,0.01119999960064888
5193,HSIL_12_patch03.png,0,230.14999389648438,901.5800170898438,100,100,0.010999999940395355
5194,HSIL_12_patch03.png,0,166.10000610351562,432.7699890136719,100,100,0.010700000450015068
5195,HSIL_12_patch03.png,0,791.9099731445312,544.8099975585938,100,100,0.010499999858438969
5196,HSIL_12_patch03.png,0,855.5800170898438,579.4600219726562,100,100,0.010400000028312206
5197,HSIL_12_patch03.png,0,5.059999942779541,879.3099975585938,100,100,0.010400000028312206
5198,HSIL_12_patch03.png,0,658.5399780273438,574.3599853515625,100,100,0.009999999776482582
5199,HSIL_12_patch03.png,0,38.02000045776367,306.05999755859375,100,100,0.009999999776482582
5200,HSIL_12_patch03.png,0,857.239990234375,536.27001953125,100,100,0.009600000455975533
5201,HSIL_12_patch03.png,0,399.2900085449219,244.4600067138672,100,100,0.009200000204145908
5202,HSIL_12_patch03.png,0,629.6500244140625,80.12999725341797,100,100,0.009200000204145908
5203,HSIL_12_patch03.png,0,710.260009765625,777.510009765625,100,100,0.009100000374019146
5204,HSIL_12_patch03.png,0,889.5999755859375,1004.5999755859375,100,100,0.008799999952316284
5205,HSIL_12_patch03.png,0,1017.3200073242188,419.7300109863281,100,100,0.008799999952316284
5206,HSIL_12_patch03.png,0,915.7999877929688,339.70001220703125,100,100,0.008799999952316284
5207,HSIL_12_patch03.png,0,103.30999755859375,113.91000366210938,100,100,0.00860000029206276
5208,HSIL_12_patch03.png,0,768.22998046875,527.4000244140625,100,100,0.00860000029206276
5209,HSIL_12_patch03.png,0,432.3800048828125,552.1799926757812,100,100,0.008500000461935997
5210,HSIL_12_patch03.png,0,282.69000244140625,731.5499877929688,100,100,0.008299999870359898
5211,HSIL_12_patch03.png,0,244.3000030517578,989.5599975585938,100,100,0.008200000040233135
5212,HSIL_12_patch03.png,0,978.260009765625,674.780029296875,100,100,0.008100000210106373
5213,HSIL_12_patch03.png,0,621.5999755859375,971.3400268554688,100,100,0.00800000037997961
5214,HSIL_12_patch03.png,0,9.880000114440918,71.91999816894531,100,100,0.007899999618530273
5215,HSIL_12_patch03.png,0,747.7999877929688,661.27001953125,100,100,0.007899999618530273
5216,HSIL_12_patch03.png,0,251.2100067138672,1012.6099853515625,100,100,0.007499999832361937
5217,HSIL_12_patch03.png,0,160.77999877929688,924.0399780273438,100,100,0.007499999832361937
5218,HSIL_12_patch03.png,0,354.8999938964844,561.260009765625,100,100,0.007300000172108412
5219,HSIL_12_patch03.png,0,358.0899963378906,247.66000366210938,100,100,0.0071000000461936
5220,HSIL_12_patch03.png,0,931.5999755859375,453.9200134277344,100,100,0.007000000216066837
5221,HSIL_12_patch03.png,0,148.0800018310547,803.739990234375,100,100,0.007000000216066837
5222,HSIL_12_patch03.png,0,439.2200012207031,646.0499877929688,100,100,0.007000000216066837
5223,HSIL_12_patch03.png,0,936.1500244140625,387.0199890136719,100,100,0.006899999920278788
5224,HSIL_12_patch03.png,0,465.7099914550781,811.760009765625,100,100,0.006800000090152025
5225,HSIL_12_patch03.png,0,346.25,225.8300018310547,100,100,0.006800000090152025
5226,HSIL_12_patch03.png,0,742.6400146484375,774.22998046875,100,100,0.006599999964237213
5227,HSIL_12_patch03.png,0,872.7000122070312,818.6300048828125,100,100,0.006599999964237213
5228,HSIL_12_patch03.png,0,37.93000030517578,872.4000244140625,100,100,0.006399999838322401
5229,HSIL_12_patch03.png,0,567.02001953125,876.7100219726562,100,100,0.006300000008195639
5230,HSIL_12_patch03.png,0,260.4100036621094,10.220000267028809,100,100,0.006200000178068876
5231,HSIL_12_patch03.png,0,156.67999267578125,445.1400146484375,100,100,0.006200000178068876
5232,HSIL_12_patch03.png,0,148.8800048828125,162.82000732421875,100,100,0.006200000178068876
5233,HSIL_12_patch03.png,0,1016.8599853515625,442.32000732421875,100,100,0.006200000178068876
5234,HSIL_12_patch03.png,0,349.7699890136719,917.4199829101562,100,100,0.006099999882280827
5235,HSIL_12_patch03.png,0,705.0599975585938,880.77001953125,100,100,0.006000000052154064
5236,HSIL_12_patch03.png,0,654.0800170898438,22.56999969482422,100,100,0.005900000222027302
5237,HSIL_12_patch03.png,0,1012.7000122070312,1014.27001953125,100,100,0.005799999926239252
5238,HSIL_12_patch03.png,0,158.75,670.9400024414062,100,100,0.005799999926239252
5239,HSIL_12_patch03.png,0,443.3299865722656,836.3499755859375,100,100,0.005799999926239252
5240,HSIL_12_patch03.png,0,888.7999877929688,324.0799865722656,100,100,0.005799999926239252
5241,HSIL_12_patch03.png,0,477.8699951171875,8.75,100,100,0.005799999926239252
5242,HSIL_12_patch03.png,0,700.2899780273438,119.23999786376953,100,100,0.00570000009611249
5243,HSIL_12_patch03.png,0,1011.780029296875,610.8599853515625,100,100,0.00559999980032444
5244,HSIL_12_patch03.png,0,60.83000183105469,201.02000427246094,100,100,0.00559999980032444
5245,HSIL_12_patch03.png,0,375.6199951171875,529.97998046875,100,100,0.005499999970197678
5246,HSIL_12_patch03.png,0,225.64999389648438,1004.02001953125,100,100,0.005400000140070915
5247,HSIL_12_patch03.png,0,1017.239990234375,659.989990234375,100,100,0.0052999998442828655
5248,HSIL_12_patch03.png,0,367.9200134277344,899.3099975585938,100,100,0.004999999888241291
5249,HSIL_12_patch03.png,0,176.1699981689453,301.82000732421875,100,100,0.004900000058114529
5250,HSIL_12_patch03.png,0,650.22998046875,80.02999877929688,100,100,0.004800000227987766
5251,HSIL_12_patch03.png,0,290.3599853515625,154.83999633789062,100,100,0.004800000227987766
5252,HSIL_12_patch03.png,0,170.22000122070312,219.22000122070312,100,100,0.004699999932199717
5253,HSIL_12_patch03.png,0,164.02999877929688,531.1799926757812,100,100,0.004699999932199717
5254,HSIL_12_patch03.png,0,244.08999633789062,815.7100219726562,100,100,0.004699999932199717
5255,HSIL_12_patch03.png,0,978.0700073242188,504.8999938964844,100,100,0.004600000102072954
5256,HSIL_12_patch03.png,0,943.3499755859375,741.780029296875,100,100,0.004600000102072954
5257,HSIL_12_patch03.png,0,222.66000366210938,986.989990234375,100,100,0.0044999998062849045
5258,HSIL_12_patch03.png,0,34.04999923706055,922.2999877929688,100,100,0.004399999976158142
5259,HSIL_12_patch03.png,0,983.969970703125,959.4000244140625,100,100,0.004399999976158142
5260,HSIL_12_patch03.png,0,934.3900146484375,63.66999816894531,100,100,0.00430000014603138
5261,HSIL_12_patch03.png,0,134.91000366210938,460.5,100,100,0.00430000014603138
5262,HSIL_12_patch03.png,0,83.44999694824219,592.7999877929688,100,100,0.00430000014603138
5263,HSIL_12_patch03.png,0,1002.6400146484375,625.760009765625,100,100,0.00430000014603138
5264,HSIL_12_patch03.png,0,137.4499969482422,924.469970703125,100,100,0.00430000014603138
5265,HSIL_12_patch03.png,0,817.8200073242188,589.5999755859375,100,100,0.00419999985024333
5266,HSIL_12_patch03.png,0,625.3200073242188,207.30999755859375,100,100,0.00419999985024333
5267,HSIL_12_patch03.png,0,640.1500244140625,341.79998779296875,100,100,0.004100000020116568
5268,HSIL_12_patch03.png,0,769.6599731445312,774.3900146484375,100,100,0.004100000020116568
5269,HSIL_12_patch03.png,0,998.3300170898438,545.6199951171875,100,100,0.004100000020116568
5270,HSIL_12_patch03.png,0,340.4599914550781,859.5,100,100,0.004100000020116568
5271,HSIL_12_patch03.png,0,903.3499755859375,690.7999877929688,100,100,0.004000000189989805
5272,HSIL_12_patch03.png,0,569.7999877929688,165.02000427246094,100,100,0.004000000189989805
5273,HSIL_12_patch03.png,0,829.2000122070312,639.3200073242188,100,100,0.0038999998942017555
5274,HSIL_12_patch03.png,0,969.010009765625,95.91999816894531,100,100,0.003800000064074993
5275,HSIL_12_patch03.png,0,955.47998046875,562.989990234375,100,100,0.003800000064074993
5276,HSIL_12_patch03.png,0,738.3900146484375,834.6699829101562,100,100,0.003800000064074993
5277,HSIL_12_patch03.png,0,694.0599975585938,553.7000122070312,100,100,0.003700000001117587
5278,HSIL_12_patch03.png,0,390.4700012207031,698.47998046875,100,100,0.003700000001117587
5279,HSIL_12_patch03.png,0,226.89999389648438,940.1599731445312,100,100,0.003599999938160181
5280,HSIL_12_patch03.png,0,936.2899780273438,195.0,100,100,0.003599999938160181
5281,HSIL_12_patch03.png,0,980.0800170898438,605.5599975585938,100,100,0.003599999938160181
5282,HSIL_12_patch03.png,0,303.9200134277344,864.6400146484375,100,100,0.0035000001080334187
5283,HSIL_12_patch03.png,0,719.2899780273438,836.4099731445312,100,100,0.0035000001080334187
5284,HSIL_12_patch03.png,0,596.780029296875,530.3499755859375,100,100,0.0035000001080334187
5285,HSIL_12_patch03.png,0,604.2000122070312,90.05000305175781,100,100,0.0035000001080334187
5286,HSIL_12_patch03.png,0,950.1400146484375,131.41000366210938,100,100,0.0035000001080334187
5287,HSIL_12_patch03.png,0,267.7699890136719,636.4600219726562,100,100,0.0034000000450760126
5288,HSIL_12_patch03.png,0,747.010009765625,686.47998046875,100,100,0.0034000000450760126
5289,HSIL_12_patch03.png,0,60.43000030517578,528.3200073242188,100,100,0.0032999999821186066
5290,HSIL_12_patch03.png,0,447.3399963378906,4.489999771118164,100,100,0.0032999999821186066
5291,HSIL_12_patch03.png,0,36.099998474121094,513.8800048828125,100,100,0.0032999999821186066
5292,HSIL_12_patch03.png,0,1017.4199829101562,538.969970703125,100,100,0.0032999999821186066
5293,HSIL_12_patch03.png,0,635.3699951171875,363.6000061035156,100,100,0.0032999999821186066
5294,HSIL_12_patch03.png,0,590.7899780273438,331.1099853515625,100,100,0.0031999999191612005
5295,HSIL_12_patch03.png,0,921.7000122070312,673.4500122070312,100,100,0.0031999999191612005
5296,HSIL_12_patch03.png,0,814.4400024414062,604.5999755859375,100,100,0.0031999999191612005
5297,HSIL_12_patch03.png,0,328.7900085449219,331.79998779296875,100,100,0.0031999999191612005
5298,HSIL_12_patch03.png,0,619.3599853515625,480.239990234375,100,100,0.0031999999191612005
5299,HSIL_12_patch03.png,0,914.3300170898438,868.1400146484375,100,100,0.0031999999191612005
5300,HSIL_12_patch03.png,0,461.17999267578125,879.9600219726562,100,100,0.0031999999191612005
5301,HSIL_12_patch03.png,0,901.280029296875,457.8999938964844,100,100,0.003100000089034438
5302,HSIL_12_patch03.png,0,670.030029296875,280.8599853515625,100,100,0.003100000089034438
5303,HSIL_12_patch03.png,0,398.2699890136719,482.25,100,100,0.003100000089034438
5304,HSIL_12_patch03.png,0,325.30999755859375,147.7100067138672,100,100,0.003100000089034438
5305,HSIL_12_patch03.png,0,590.5999755859375,105.70999908447266,100,100,0.003000000026077032
5306,HSIL_12_patch03.png,0,176.5800018310547,806.8400268554688,100,100,0.003000000026077032
5307,HSIL_12_patch03.png,0,252.75999450683594,555.3499755859375,100,100,0.003000000026077032
5308,HSIL_12_patch03.png,0,954.5,8.300000190734863,100,100,0.003000000026077032
5309,HSIL_12_patch03.png,0,5.099999904632568,94.87000274658203,100,100,0.002899999963119626
5310,HSIL_12_patch03.png,0,974.0900268554688,741.280029296875,100,100,0.002899999963119626
5311,HSIL_12_patch03.png,0,152.5500030517578,183.32000732421875,100,100,0.002899999963119626
5312,HSIL_12_patch03.png,0,798.0800170898438,125.27999877929688,100,100,0.00279999990016222
5313,HSIL_12_patch03.png,0,468.32000732421875,982.5499877929688,100,100,0.00279999990016222
5314,HSIL_12_patch03.png,0,621.3900146484375,188.55999755859375,100,100,0.00279999990016222
5315,HSIL_12_patch03.png,0,207.91000366210938,306.4800109863281,100,100,0.0027000000700354576
5316,HSIL_12_patch03.png,0,879.02001953125,39.75,100,100,0.0027000000700354576
5317,HSIL_12_patch03.png,0,602.7899780273438,5.699999809265137,100,100,0.0027000000700354576
5318,HSIL_12_patch03.png,0,413.5400085449219,505.3500061035156,100,100,0.0027000000700354576
5319,HSIL_12_patch03.png,0,993.3599853515625,697.8599853515625,100,100,0.0027000000700354576
5320,HSIL_12_patch03.png,0,1004.4500122070312,823.9400024414062,100,100,0.0027000000700354576
5321,HSIL_12_patch03.png,0,1019.1799926757812,514.739990234375,100,100,0.0027000000700354576
5322,HSIL_12_patch03.png,0,790.2000122070312,682.1699829101562,100,100,0.0026000000070780516
5323,HSIL_12_patch03.png,0,430.4700012207031,343.2099914550781,100,100,0.0026000000070780516
5324,HSIL_12_patch03.png,0,723.8300170898438,275.9200134277344,100,100,0.0026000000070780516
5325,HSIL_12_patch03.png,0,203.2899932861328,217.13999938964844,100,100,0.0024999999441206455
5326,HSIL_12_patch03.png,0,841.2999877929688,444.70001220703125,100,100,0.0024999999441206455
5327,HSIL_12_patch03.png,0,793.1199951171875,566.5599975585938,100,100,0.0024999999441206455
5328,HSIL_12_patch03.png,0,536.8599853515625,847.02001953125,100,100,0.0024999999441206455
5329,HSIL_12_patch03.png,0,100.51000213623047,686.3200073242188,100,100,0.0024999999441206455
5330,HSIL_12_patch03.png,0,654.0599975585938,534.760009765625,100,100,0.0024999999441206455
5331,HSIL_12_patch03.png,0,631.4299926757812,723.280029296875,100,100,0.002400000113993883
5332,HSIL_12_patch03.png,0,7.159999847412109,480.70001220703125,100,100,0.002400000113993883
5333,HSIL_12_patch03.png,0,535.27001953125,457.8399963378906,100,100,0.002400000113993883
5334,HSIL_12_patch03.png,0,277.1400146484375,323.92999267578125,100,100,0.002400000113993883
5335,HSIL_12_patch03.png,0,147.49000549316406,624.7999877929688,100,100,0.002400000113993883
5336,HSIL_12_patch03.png,0,227.4499969482422,107.98999786376953,100,100,0.002300000051036477
5337,HSIL_12_patch03.png,0,468.8599853515625,726.530029296875,100,100,0.002300000051036477
5338,HSIL_12_patch03.png,0,358.45001220703125,684.8800048828125,100,100,0.002300000051036477
5339,HSIL_12_patch03.png,0,359.5199890136719,839.6199951171875,100,100,0.002199999988079071
5340,HSIL_12_patch03.png,0,776.6400146484375,673.4500122070312,100,100,0.002199999988079071
5341,HSIL_12_patch03.png,0,837.1900024414062,615.6199951171875,100,100,0.002199999988079071
5342,HSIL_12_patch03.png,0,830.5999755859375,354.20001220703125,100,100,0.002199999988079071
5343,HSIL_12_patch03.png,0,164.07000732421875,795.3300170898438,100,100,0.002199999988079071
5344,HSIL_12_patch03.png,0,890.7999877929688,830.6500244140625,100,100,0.002199999988079071
5345,HSIL_12_patch03.png,0,63.58000183105469,818.719970703125,100,100,0.002199999988079071
5346,HSIL_12_patch03.png,0,1009.239990234375,462.54998779296875,100,100,0.002099999925121665
5347,HSIL_12_patch03.png,0,446.1400146484375,711.7999877929688,100,100,0.002099999925121665
5348,HSIL_12_patch03.png,0,786.5599975585938,133.99000549316406,100,100,0.002099999925121665
5349,HSIL_12_patch03.png,0,406.7200012207031,201.83999633789062,100,100,0.002099999925121665
5350,HSIL_12_patch03.png,0,21.670000076293945,5.289999961853027,100,100,0.002099999925121665
5351,HSIL_12_patch03.png,0,25.420000076293945,196.49000549316406,100,100,0.0020000000949949026
5352,HSIL_12_patch03.png,0,507.8900146484375,687.5700073242188,100,100,0.0020000000949949026
5353,HSIL_12_patch03.png,0,563.7100219726562,846.3800048828125,100,100,0.0020000000949949026
5354,HSIL_12_patch03.png,0,648.0800170898438,467.1099853515625,100,100,0.0020000000949949026
5355,HSIL_12_patch03.png,0,266.9700012207031,587.2000122070312,100,100,0.0020000000949949026
5356,HSIL_12_patch03.png,0,834.0599975585938,132.0399932861328,100,100,0.0020000000949949026
5357,HSIL_12_patch03.png,0,715.0,477.4700012207031,100,100,0.0019000000320374966
5358,HSIL_12_patch03.png,0,910.2100219726562,211.47000122070312,100,100,0.0019000000320374966
5359,HSIL_12_patch03.png,0,354.989990234375,84.56999969482422,100,100,0.0017999999690800905
5360,HSIL_12_patch03.png,0,765.7100219726562,418.6099853515625,100,100,0.0017999999690800905
5361,HSIL_12_patch03.png,0,459.3699951171875,49.11000061035156,100,100,0.0017999999690800905
5362,HSIL_12_patch03.png,0,463.8800048828125,374.9599914550781,100,100,0.0017999999690800905
5363,HSIL_12_patch03.png,0,678.530029296875,219.07000732421875,100,100,0.0017000000225380063
5364,HSIL_12_patch03.png,0,803.8599853515625,357.0,100,100,0.0017000000225380063
5365,HSIL_12_patch03.png,0,778.4400024414062,547.780029296875,100,100,0.0017000000225380063
5366,HSIL_12_patch03.png,0,418.1099853515625,753.6099853515625,100,100,0.0017000000225380063
5367,HSIL_12_patch03.png,0,996.9400024414062,512.8599853515625,100,100,0.0015999999595806003
5368,HSIL_12_patch03.png,0,520.75,894.489990234375,100,100,0.0015999999595806003
5369,HSIL_12_patch03.png,0,1007.6300048828125,596.530029296875,100,100,0.0015999999595806003
5370,HSIL_12_patch03.png,0,439.79998779296875,688.0599975585938,100,100,0.0015999999595806003
5371,HSIL_12_patch03.png,0,142.0500030517578,440.260009765625,100,100,0.0015999999595806003
5372,HSIL_12_patch03.png,0,743.8300170898438,852.3900146484375,100,100,0.0015999999595806003
5373,HSIL_12_patch03.png,0,158.6199951171875,690.72998046875,100,100,0.0015999999595806003
5374,HSIL_12_patch03.png,0,384.2799987792969,110.70999908447266,100,100,0.001500000013038516
5375,HSIL_12_patch03.png,0,205.5500030517578,191.94000244140625,100,100,0.001500000013038516
5376,HSIL_12_patch03.png,0,586.8699951171875,725.5999755859375,100,100,0.001500000013038516
5377,HSIL_12_patch03.png,0,659.9099731445312,754.010009765625,100,100,0.001500000013038516
5378,HSIL_12_patch03.png,0,741.489990234375,421.6700134277344,100,100,0.001500000013038516
5379,HSIL_12_patch03.png,0,538.719970703125,863.4600219726562,100,100,0.001500000013038516
5380,HSIL_12_patch03.png,0,726.3400268554688,257.32000732421875,100,100,0.001500000013038516
5381,HSIL_12_patch03.png,0,438.25,752.52001953125,100,100,0.001500000013038516
5382,HSIL_12_patch03.png,0,676.5399780273438,245.2100067138672,100,100,0.001500000013038516
5383,HSIL_12_patch03.png,0,626.6599731445312,836.719970703125,100,100,0.001500000013038516
5384,HSIL_12_patch03.png,0,459.9100036621094,838.4500122070312,100,100,0.00139999995008111
5385,HSIL_12_patch03.png,0,314.760009765625,720.469970703125,100,100,0.00139999995008111
5386,HSIL_12_patch03.png,0,717.3400268554688,852.5,100,100,0.00139999995008111
5387,HSIL_12_patch03.png,0,643.4299926757812,310.2099914550781,100,100,0.00139999995008111
5388,HSIL_12_patch03.png,0,268.70001220703125,349.55999755859375,100,100,0.0013000000035390258
5389,HSIL_12_patch03.png,0,131.75999450683594,682.7999877929688,100,100,0.0013000000035390258
5390,HSIL_12_patch03.png,0,21.90999984741211,653.7899780273438,100,100,0.0013000000035390258
5391,HSIL_12_patch03.png,0,611.0599975585938,42.97999954223633,100,100,0.0013000000035390258
5392,HSIL_12_patch03.png,0,644.219970703125,816.7899780273438,100,100,0.0013000000035390258
5393,HSIL_12_patch03.png,0,240.19000244140625,450.6000061035156,100,100,0.0012000000569969416
5394,HSIL_12_patch03.png,0,304.82000732421875,747.1199951171875,100,100,0.0012000000569969416
5395,HSIL_12_patch03.png,0,44.939998626708984,553.3400268554688,100,100,0.0012000000569969416
5396,HSIL_12_patch03.png,0,953.0800170898438,752.0900268554688,100,100,0.0012000000569969416
5397,HSIL_12_patch03.png,0,498.5400085449219,876.3499755859375,100,100,0.0010999999940395355
5398,HSIL_12_patch04.png,0,796.17,813.15,100,100,0.6439
5399,HSIL_12_patch04.png,0,875.96,891.23,100,100,0.6195
5400,HSIL_12_patch04.png,0,775.36,132.11,100,100,0.6015
5401,HSIL_12_patch04.png,0,118.2,288.27,100,100,0.596
5402,HSIL_12_patch04.png,0,799.33,754.67,100,100,0.5932
5403,HSIL_12_patch04.png,0,767.25,906.12,100,100,0.5839
5404,HSIL_12_patch04.png,0,380.02,152.65,100,100,0.5391
5405,HSIL_12_patch04.png,0,112.85,161.54,100,100,0.5154
5406,HSIL_12_patch04.png,0,590.45,895.37,100,100,0.4956
5407,HSIL_12_patch04.png,0,494.14,712.43,100,100,0.4855
5408,HSIL_12_patch04.png,0,651.33,911.8,100,100,0.4826
5409,HSIL_12_patch04.png,0,934.88,758.02,100,100,0.4521
5410,HSIL_12_patch04.png,0,23.32,733.17,100,100,0.4486
5411,HSIL_12_patch04.png,0,308.2,897.77,100,100,0.4408
5412,HSIL_12_patch04.png,0,953.27,801.75,100,100,0.426
5413,HSIL_12_patch04.png,0,599.51,825.3,100,100,0.4192
5414,HSIL_12_patch04.png,0,278.18,628.77,100,100,0.4159
5415,HSIL_12_patch04.png,0,971.07,257.9,100,100,0.4106
5416,HSIL_12_patch04.png,0,860.96,794.1,100,100,0.4105
5417,HSIL_12_patch04.png,0,457.12,237.52,100,100,0.3821
5418,HSIL_12_patch04.png,0,231.48,869.4,100,100,0.3806
5419,HSIL_12_patch04.png,0,933.86,56.92,100,100,0.375
5420,HSIL_12_patch04.png,0,406.09,739.7,100,100,0.3709
5421,HSIL_12_patch04.png,0,884.51,111.81,100,100,0.3663
5422,HSIL_12_patch04.png,0,155.44,869.9,100,100,0.3624
5423,HSIL_12_patch04.png,0,83.42,23.19,100,100,0.3593
5424,HSIL_12_patch04.png,0,737.4,811.19,100,100,0.3584
5425,HSIL_12_patch04.png,0,973.6699829101562,774.0700073242188,100,100,0.3483999967575073
5426,HSIL_12_patch04.png,0,673.08,318.24,100,100,0.3352
5427,HSIL_12_patch04.png,0,1001.02,835.61,100,100,0.3162
5428,HSIL_12_patch04.png,0,292.15,294.37,100,100,0.2795
5429,HSIL_12_patch04.png,0,388.98,287.87,100,100,0.2773
5430,HSIL_12_patch04.png,0,306.54,809.33,100,100,0.2737
5431,HSIL_12_patch04.png,0,960.71,641.77,100,100,0.2707
5432,HSIL_12_patch04.png,0,763.1300048828125,758.2999877929688,100,100,0.2572000026702881
5433,HSIL_12_patch04.png,0,276.26,701.66,100,100,0.2571
5434,HSIL_12_patch04.png,0,481.63,183.88,100,100,0.2521
5435,HSIL_12_patch04.png,0,781.780029296875,988.3300170898438,100,100,0.2515000104904175
5436,HSIL_12_patch04.png,0,608.989990234375,306.32000732421875,100,100,0.24779999256134033
5437,HSIL_12_patch04.png,0,548.63,63.84,100,100,0.2442
5438,HSIL_12_patch04.png,0,862.05,968.33,100,100,0.242
5439,HSIL_12_patch04.png,0,507.88,349.41,100,100,0.2327
5440,HSIL_12_patch04.png,0,491.04,806.96,100,100,0.2285
5441,HSIL_12_patch04.png,0,721.14,851.71,100,100,0.217
5442,HSIL_12_patch04.png,0,169.83,736.51,100,100,0.2066
5443,HSIL_12_patch04.png,0,20.77,387.36,100,100,0.2045
5444,HSIL_12_patch04.png,0,377.51,689.27,100,100,0.2004
5445,HSIL_12_patch04.png,0,1003.760009765625,783.8900146484375,100,100,0.1981000006198883
5446,HSIL_12_patch04.png,0,504.74,392.21,100,100,0.1932
5447,HSIL_12_patch04.png,0,665.0900268554688,496.6600036621094,100,100,0.18039999902248383
5448,HSIL_12_patch04.png,0,857.9000244140625,816.8499755859375,100,100,0.17520000040531158
5449,HSIL_12_patch04.png,0,88.73,802.67,100,100,0.175
5450,HSIL_12_patch04.png,0,288.73,476.25,100,100,0.1725
5451,HSIL_12_patch04.png,0,726.6799926757812,430.32000732421875,100,100,0.17239999771118164
5452,HSIL_12_patch04.png,0,174.47,530.82,100,100,0.1604
5453,HSIL_12_patch04.png,0,327.52,712.91,100,100,0.1566
5454,HSIL_12_patch04.png,0,640.97998046875,414.6600036621094,100,100,0.15410000085830688
5455,HSIL_12_patch04.png,0,817.3699951171875,717.1199951171875,100,100,0.1534000039100647
5456,HSIL_12_patch04.png,0,404.07,65.77,100,100,0.1489
5457,HSIL_12_patch04.png,0,314.9100036621094,133.17999267578125,100,100,0.1469999998807907
5458,HSIL_12_patch04.png,0,137.33999633789062,128.3800048828125,100,100,0.1420000046491623
5459,HSIL_12_patch04.png,0,387.30999755859375,938.8699951171875,100,100,0.13510000705718994
5460,HSIL_12_patch04.png,0,713.1900024414062,152.77999877929688,100,100,0.13210000097751617
5461,HSIL_12_patch04.png,0,215.4499969482422,663.1900024414062,100,100,0.11940000206232071
5462,HSIL_12_patch04.png,0,393.1499938964844,896.6699829101562,100,100,0.11909999698400497
5463,HSIL_12_patch04.png,0,596.8099975585938,354.3699951171875,100,100,0.11900000274181366
5464,HSIL_12_patch04.png,0,870.3300170898438,536.47998046875,100,100,0.11540000140666962
5465,HSIL_12_patch04.png,0,47.34000015258789,550.5599975585938,100,100,0.11500000208616257
5466,HSIL_12_patch04.png,0,948.12,221.33,100,100,0.1146
5467,HSIL_12_patch04.png,0,355.4599914550781,302.239990234375,100,100,0.11429999768733978
5468,HSIL_12_patch04.png,0,492.1600036621094,1015.3699951171875,100,100,0.1136000007390976
5469,HSIL_12_patch04.png,0,442.25,12.869999885559082,100,100,0.11110000312328339
5470,HSIL_12_patch04.png,0,37.91999816894531,576.7100219726562,100,100,0.10350000113248825
5471,HSIL_12_patch04.png,0,890.760009765625,236.6300048828125,100,100,0.09910000115633011
5472,HSIL_12_patch04.png,0,997.0700073242188,535.7100219726562,100,100,0.09430000185966492
5473,HSIL_12_patch04.png,0,697.6400146484375,639.0,100,100,0.09399999678134918
5474,HSIL_12_patch04.png,0,829.6099853515625,216.74000549316406,100,100,0.08470000326633453
5475,HSIL_12_patch04.png,0,276.9200134277344,15.829999923706055,100,100,0.08309999853372574
5476,HSIL_12_patch04.png,0,294.2799987792969,525.969970703125,100,100,0.08250000327825546
5477,HSIL_12_patch04.png,0,735.6699829101562,672.5900268554688,100,100,0.08229999989271164
5478,HSIL_12_patch04.png,0,504.0299987792969,759.6500244140625,100,100,0.08079999685287476
5479,HSIL_12_patch04.png,0,644.719970703125,128.32000732421875,100,100,0.07729999721050262
5480,HSIL_12_patch04.png,0,542.6699829101562,579.719970703125,100,100,0.07580000162124634
5481,HSIL_12_patch04.png,0,307.04998779296875,290.69000244140625,100,100,0.07509999722242355
5482,HSIL_12_patch04.png,0,589.4500122070312,514.9500122070312,100,100,0.0697999969124794
5483,HSIL_12_patch04.png,0,980.4199829101562,302.07000732421875,100,100,0.06939999759197235
5484,HSIL_12_patch04.png,0,720.030029296875,290.8299865722656,100,100,0.06889999657869339
5485,HSIL_12_patch04.png,0,447.5299987792969,280.3800048828125,100,100,0.0674000009894371
5486,HSIL_12_patch04.png,0,548.0700073242188,911.6400146484375,100,100,0.0674000009894371
5487,HSIL_12_patch04.png,0,294.9800109863281,844.6500244140625,100,100,0.06679999828338623
5488,HSIL_12_patch04.png,0,280.1099853515625,286.739990234375,100,100,0.06509999930858612
5489,HSIL_12_patch04.png,0,992.3800048828125,147.1699981689453,100,100,0.06239999830722809
5490,HSIL_12_patch04.png,0,395.8999938964844,6.190000057220459,100,100,0.0617000013589859
5491,HSIL_12_patch04.png,0,392.17999267578125,185.1999969482422,100,100,0.06159999966621399
5492,HSIL_12_patch04.png,0,235.82000732421875,172.97000122070312,100,100,0.057999998331069946
5493,HSIL_12_patch04.png,0,537.8400268554688,74.5999984741211,100,100,0.05779999867081642
5494,HSIL_12_patch04.png,0,818.280029296875,7.619999885559082,100,100,0.05559999868273735
5495,HSIL_12_patch04.png,0,1017.77001953125,365.6300048828125,100,100,0.05550000071525574
5496,HSIL_12_patch04.png,0,1000.8800048828125,390.94000244140625,100,100,0.05389999970793724
5497,HSIL_12_patch04.png,0,962.8599853515625,700.0,100,100,0.05220000073313713
5498,HSIL_12_patch04.png,0,323.7099914550781,557.4299926757812,100,100,0.051600001752376556
5499,HSIL_12_patch04.png,0,347.8800048828125,629.6699829101562,100,100,0.048500001430511475
5500,HSIL_12_patch04.png,0,89.01000213623047,501.1400146484375,100,100,0.047200001776218414
5501,HSIL_12_patch04.png,0,670.02001953125,387.8500061035156,100,100,0.04670000076293945
5502,HSIL_12_patch04.png,0,960.8200073242188,90.94999694824219,100,100,0.04659999907016754
5503,HSIL_12_patch04.png,0,675.4000244140625,552.0,100,100,0.04639999940991402
5504,HSIL_12_patch04.png,0,579.3300170898438,884.6699829101562,100,100,0.04410000145435333
5505,HSIL_12_patch04.png,0,405.6300048828125,419.44000244140625,100,100,0.042399998754262924
5506,HSIL_12_patch04.png,0,206.02000427246094,320.4599914550781,100,100,0.041099999099969864
5507,HSIL_12_patch04.png,0,509.8900146484375,880.4000244140625,100,100,0.040699999779462814
5508,HSIL_12_patch04.png,0,799.6799926757812,892.530029296875,100,100,0.039900001138448715
5509,HSIL_12_patch04.png,0,246.9600067138672,205.0800018310547,100,100,0.039799999445676804
5510,HSIL_12_patch04.png,0,160.67999267578125,672.2000122070312,100,100,0.03889999911189079
5511,HSIL_12_patch04.png,0,106.69999694824219,246.72000122070312,100,100,0.03869999945163727
5512,HSIL_12_patch04.png,0,648.5,1017.6199951171875,100,100,0.03819999843835831
5513,HSIL_12_patch04.png,0,463.2699890136719,877.9099731445312,100,100,0.03799999877810478
5514,HSIL_12_patch04.png,0,840.219970703125,659.719970703125,100,100,0.03759999945759773
5515,HSIL_12_patch04.png,0,63.79999923706055,365.5199890136719,100,100,0.03590000048279762
5516,HSIL_12_patch04.png,0,430.19000244140625,568.530029296875,100,100,0.035599999129772186
5517,HSIL_12_patch04.png,0,806.5399780273438,323.2900085449219,100,100,0.03480000048875809
5518,HSIL_12_patch04.png,0,780.9000244140625,717.3300170898438,100,100,0.03350000083446503
5519,HSIL_12_patch04.png,0,70.31999969482422,946.5999755859375,100,100,0.0333000011742115
5520,HSIL_12_patch04.png,0,708.739990234375,837.2000122070312,100,100,0.0333000011742115
5521,HSIL_12_patch04.png,0,552.4000244140625,827.0,100,100,0.03290000185370445
5522,HSIL_12_patch04.png,0,660.4400024414062,53.70000076293945,100,100,0.032499998807907104
5523,HSIL_12_patch04.png,0,815.4500122070312,169.9600067138672,100,100,0.03180000185966492
5524,HSIL_12_patch04.png,0,686.27001953125,629.760009765625,100,100,0.030899999663233757
5525,HSIL_12_patch04.png,0,674.9000244140625,181.94000244140625,100,100,0.03020000085234642
5526,HSIL_12_patch04.png,0,525.7999877929688,286.1199951171875,100,100,0.02979999966919422
5527,HSIL_12_patch04.png,0,546.5,759.9600219726562,100,100,0.029500000178813934
5528,HSIL_12_patch04.png,0,652.4600219726562,489.04998779296875,100,100,0.029100000858306885
5529,HSIL_12_patch04.png,0,472.3500061035156,948.8599853515625,100,100,0.028200000524520874
5530,HSIL_12_patch04.png,0,200.5,1016.239990234375,100,100,0.028200000524520874
5531,HSIL_12_patch04.png,0,47.400001525878906,422.69000244140625,100,100,0.02810000069439411
5532,HSIL_12_patch04.png,0,451.2099914550781,670.4099731445312,100,100,0.02800000086426735
5533,HSIL_12_patch04.png,0,676.3200073242188,958.0999755859375,100,100,0.02630000002682209
5534,HSIL_12_patch04.png,0,537.739990234375,385.44000244140625,100,100,0.025499999523162842
5535,HSIL_12_patch04.png,0,523.22998046875,931.6599731445312,100,100,0.024900000542402267
5536,HSIL_12_patch04.png,0,615.8400268554688,824.9400024414062,100,100,0.02459999918937683
5537,HSIL_12_patch04.png,0,577.1300048828125,7.860000133514404,100,100,0.02419999986886978
5538,HSIL_12_patch04.png,0,179.49000549316406,276.1499938964844,100,100,0.023900000378489494
5539,HSIL_12_patch04.png,0,250.11000061035156,151.2899932861328,100,100,0.023800000548362732
5540,HSIL_12_patch04.png,0,337.82000732421875,770.030029296875,100,100,0.02319999970495701
5541,HSIL_12_patch04.png,0,1012.25,377.0199890136719,100,100,0.023000000044703484
5542,HSIL_12_patch04.png,0,774.8099975585938,99.62000274658203,100,100,0.02290000021457672
5543,HSIL_12_patch04.png,0,343.2200012207031,673.760009765625,100,100,0.02290000021457672
5544,HSIL_12_patch04.png,0,933.2999877929688,849.7100219726562,100,100,0.022199999541044235
5545,HSIL_12_patch04.png,0,300.55999755859375,53.400001525878906,100,100,0.022099999710917473
5546,HSIL_12_patch04.png,0,407.32000732421875,594.8699951171875,100,100,0.022099999710917473
5547,HSIL_12_patch04.png,0,422.8299865722656,897.5800170898438,100,100,0.021900000050663948
5548,HSIL_12_patch04.png,0,746.5599975585938,404.4100036621094,100,100,0.021400000900030136
5549,HSIL_12_patch04.png,0,888.9000244140625,213.52999877929688,100,100,0.021199999377131462
5550,HSIL_12_patch04.png,0,613.3499755859375,674.489990234375,100,100,0.02070000022649765
5551,HSIL_12_patch04.png,0,705.1300048828125,1017.4400024414062,100,100,0.02019999921321869
5552,HSIL_12_patch04.png,0,181.19000244140625,86.18000030517578,100,100,0.020099999383091927
5553,HSIL_12_patch04.png,0,993.0,445.3800048828125,100,100,0.019700000062584877
5554,HSIL_12_patch04.png,0,673.1400146484375,334.1499938964844,100,100,0.019300000742077827
5555,HSIL_12_patch04.png,0,226.4199981689453,411.6199951171875,100,100,0.018699999898672104
5556,HSIL_12_patch04.png,0,740.4500122070312,311.4100036621094,100,100,0.01850000023841858
5557,HSIL_12_patch04.png,0,329.19000244140625,1011.219970703125,100,100,0.018400000408291817
5558,HSIL_12_patch04.png,0,636.4600219726562,513.260009765625,100,100,0.018300000578165054
5559,HSIL_12_patch04.png,0,1016.6500244140625,692.5,100,100,0.018200000748038292
5560,HSIL_12_patch04.png,0,837.5700073242188,724.1099853515625,100,100,0.017999999225139618
5561,HSIL_12_patch04.png,0,167.2100067138672,356.45001220703125,100,100,0.017999999225139618
5562,HSIL_12_patch04.png,0,319.989990234375,650.1699829101562,100,100,0.017500000074505806
5563,HSIL_12_patch04.png,0,138.24000549316406,321.5,100,100,0.01730000041425228
5564,HSIL_12_patch04.png,0,899.719970703125,472.1300048828125,100,100,0.016599999740719795
5565,HSIL_12_patch04.png,0,196.92999267578125,146.58999633789062,100,100,0.01640000008046627
5566,HSIL_12_patch04.png,0,825.4099731445312,1003.8800048828125,100,100,0.016200000420212746
5567,HSIL_12_patch04.png,0,682.3200073242188,509.0899963378906,100,100,0.016100000590085983
5568,HSIL_12_patch04.png,0,482.25,717.6099853515625,100,100,0.015799999237060547
5569,HSIL_12_patch04.png,0,10.630000114440918,266.79998779296875,100,100,0.015799999237060547
5570,HSIL_12_patch04.png,0,958.47998046875,486.7200012207031,100,100,0.01489999983459711
5571,HSIL_12_patch04.png,0,843.1799926757812,139.08999633789062,100,100,0.014700000174343586
5572,HSIL_12_patch04.png,0,373.6300048828125,672.72998046875,100,100,0.014499999582767487
5573,HSIL_12_patch04.png,0,399.25,480.2900085449219,100,100,0.0142000000923872
5574,HSIL_12_patch04.png,0,7.699999809265137,320.57000732421875,100,100,0.014000000432133675
5575,HSIL_12_patch04.png,0,867.260009765625,434.1000061035156,100,100,0.013799999840557575
5576,HSIL_12_patch04.png,0,749.3599853515625,762.6900024414062,100,100,0.013399999588727951
5577,HSIL_12_patch04.png,0,577.2100219726562,940.97998046875,100,100,0.013100000098347664
5578,HSIL_12_patch04.png,0,143.19000244140625,891.9400024414062,100,100,0.013000000268220901
5579,HSIL_12_patch04.png,0,103.79000091552734,143.02999877929688,100,100,0.012900000438094139
5580,HSIL_12_patch04.png,0,696.239990234375,27.190000534057617,100,100,0.012799999676644802
5581,HSIL_12_patch04.png,0,239.27999877929688,374.57000732421875,100,100,0.012500000186264515
5582,HSIL_12_patch04.png,0,55.16999816894531,745.3900146484375,100,100,0.011900000274181366
5583,HSIL_12_patch04.png,0,204.55999755859375,451.8299865722656,100,100,0.011500000022351742
5584,HSIL_12_patch04.png,0,985.1900024414062,252.5399932861328,100,100,0.01140000019222498
5585,HSIL_12_patch04.png,0,787.0999755859375,401.760009765625,100,100,0.011300000362098217
5586,HSIL_12_patch04.png,0,474.7099914550781,85.83999633789062,100,100,0.011300000362098217
5587,HSIL_12_patch04.png,0,128.00999450683594,406.9800109863281,100,100,0.01119999960064888
5588,HSIL_12_patch04.png,0,452.67999267578125,111.87000274658203,100,100,0.010900000110268593
5589,HSIL_12_patch04.png,0,413.4700012207031,106.70999908447266,100,100,0.010499999858438969
5590,HSIL_12_patch04.png,0,428.9599914550781,912.010009765625,100,100,0.010300000198185444
5591,HSIL_12_patch04.png,0,512.530029296875,705.6699829101562,100,100,0.010200000368058681
5592,HSIL_12_patch04.png,0,567.6199951171875,785.4000244140625,100,100,0.010200000368058681
5593,HSIL_12_patch04.png,0,243.50999450683594,96.04000091552734,100,100,0.009999999776482582
5594,HSIL_12_patch04.png,0,343.3900146484375,1018.4400024414062,100,100,0.009999999776482582
5595,HSIL_12_patch04.png,0,289.19000244140625,789.0800170898438,100,100,0.009700000286102295
5596,HSIL_12_patch04.png,0,540.9500122070312,833.3900146484375,100,100,0.009600000455975533
5597,HSIL_12_patch04.png,0,1005.530029296875,230.10000610351562,100,100,0.009499999694526196
5598,HSIL_12_patch04.png,0,948.9500122070312,403.32000732421875,100,100,0.009399999864399433
5599,HSIL_12_patch04.png,0,272.3900146484375,594.5399780273438,100,100,0.009399999864399433
5600,HSIL_12_patch04.png,0,692.5399780273438,477.1199951171875,100,100,0.00930000003427267
5601,HSIL_12_patch04.png,0,727.5700073242188,224.63999938964844,100,100,0.009100000374019146
5602,HSIL_12_patch04.png,0,390.30999755859375,1019.3200073242188,100,100,0.009100000374019146
5603,HSIL_12_patch04.png,0,4.199999809265137,55.2400016784668,100,100,0.009100000374019146
5604,HSIL_12_patch04.png,0,463.4700012207031,250.35000610351562,100,100,0.008899999782443047
5605,HSIL_12_patch04.png,0,10.90999984741211,180.60000610351562,100,100,0.008899999782443047
5606,HSIL_12_patch04.png,0,69.5199966430664,82.58999633789062,100,100,0.008899999782443047
5607,HSIL_12_patch04.png,0,683.989990234375,974.6300048828125,100,100,0.008899999782443047
5608,HSIL_12_patch04.png,0,97.18000030517578,466.4200134277344,100,100,0.008799999952316284
5609,HSIL_12_patch04.png,0,563.1199951171875,57.2400016784668,100,100,0.008799999952316284
5610,HSIL_12_patch04.png,0,661.4500122070312,900.5999755859375,100,100,0.008299999870359898
5611,HSIL_12_patch04.png,0,533.1500244140625,900.8900146484375,100,100,0.008100000210106373
5612,HSIL_12_patch04.png,0,893.719970703125,423.7799987792969,100,100,0.008100000210106373
5613,HSIL_12_patch04.png,0,657.5900268554688,586.6900024414062,100,100,0.008100000210106373
5614,HSIL_12_patch04.png,0,370.8299865722656,845.7100219726562,100,100,0.008100000210106373
5615,HSIL_12_patch04.png,0,672.510009765625,695.760009765625,100,100,0.008100000210106373
5616,HSIL_12_patch04.png,0,304.8699951171875,336.67999267578125,100,100,0.007799999788403511
5617,HSIL_12_patch04.png,0,524.6599731445312,166.5,100,100,0.007799999788403511
5618,HSIL_12_patch04.png,0,147.72000122070312,377.3699951171875,100,100,0.007699999958276749
5619,HSIL_12_patch04.png,0,107.73999786376953,327.69000244140625,100,100,0.007699999958276749
5620,HSIL_12_patch04.png,0,210.4499969482422,858.4400024414062,100,100,0.007699999958276749
5621,HSIL_12_patch04.png,0,609.7100219726562,111.13999938964844,100,100,0.007699999958276749
5622,HSIL_12_patch04.png,0,668.6300048828125,301.9700012207031,100,100,0.007300000172108412
5623,HSIL_12_patch04.png,0,1016.3699951171875,768.9500122070312,100,100,0.007300000172108412
5624,HSIL_12_patch04.png,0,404.80999755859375,553.1500244140625,100,100,0.007199999876320362
5625,HSIL_12_patch04.png,0,389.1400146484375,53.540000915527344,100,100,0.007199999876320362
5626,HSIL_12_patch04.png,0,156.1199951171875,582.6400146484375,100,100,0.007199999876320362
5627,HSIL_12_patch04.png,0,483.9200134277344,698.6799926757812,100,100,0.0071000000461936
5628,HSIL_12_patch04.png,0,891.989990234375,559.9400024414062,100,100,0.0071000000461936
5629,HSIL_12_patch04.png,0,482.5,796.4600219726562,100,100,0.007000000216066837
5630,HSIL_12_patch04.png,0,96.13999938964844,132.83999633789062,100,100,0.007000000216066837
5631,HSIL_12_patch04.png,0,147.02000427246094,638.3300170898438,100,100,0.006899999920278788
5632,HSIL_12_patch04.png,0,748.3800048828125,561.5499877929688,100,100,0.006899999920278788
5633,HSIL_12_patch04.png,0,785.8200073242188,804.6699829101562,100,100,0.006899999920278788
5634,HSIL_12_patch04.png,0,24.940000534057617,566.5,100,100,0.0066999997943639755
5635,HSIL_12_patch04.png,0,568.510009765625,331.5400085449219,100,100,0.0066999997943639755
5636,HSIL_12_patch04.png,0,981.3300170898438,1016.3699951171875,100,100,0.0066999997943639755
5637,HSIL_12_patch04.png,0,258.1499938964844,182.49000549316406,100,100,0.006599999964237213
5638,HSIL_12_patch04.png,0,415.7699890136719,726.989990234375,100,100,0.006599999964237213
5639,HSIL_12_patch04.png,0,900.8400268554688,274.6300048828125,100,100,0.006500000134110451
5640,HSIL_12_patch04.png,0,107.62000274658203,548.0800170898438,100,100,0.006500000134110451
5641,HSIL_12_patch04.png,0,587.4600219726562,865.0700073242188,100,100,0.006500000134110451
5642,HSIL_12_patch04.png,0,412.44000244140625,854.9600219726562,100,100,0.006500000134110451
5643,HSIL_12_patch04.png,0,218.89999389648438,875.97998046875,100,100,0.006399999838322401
5644,HSIL_12_patch04.png,0,287.9100036621094,616.3099975585938,100,100,0.006399999838322401
5645,HSIL_12_patch04.png,0,251.47999572753906,77.20999908447266,100,100,0.006399999838322401
5646,HSIL_12_patch04.png,0,585.8499755859375,908.0399780273438,100,100,0.006300000008195639
5647,HSIL_12_patch04.png,0,364.3900146484375,558.2899780273438,100,100,0.006300000008195639
5648,HSIL_12_patch04.png,0,133.92999267578125,9.710000038146973,100,100,0.006099999882280827
5649,HSIL_12_patch04.png,0,671.1799926757812,247.0800018310547,100,100,0.006099999882280827
5650,HSIL_12_patch04.png,0,262.0,694.719970703125,100,100,0.006099999882280827
5651,HSIL_12_patch04.png,0,30.899999618530273,26.510000228881836,100,100,0.006000000052154064
5652,HSIL_12_patch04.png,0,781.0399780273438,752.3499755859375,100,100,0.005900000222027302
5653,HSIL_12_patch04.png,0,291.6199951171875,706.0,100,100,0.005799999926239252
5654,HSIL_12_patch04.png,0,592.3699951171875,960.219970703125,100,100,0.00570000009611249
5655,HSIL_12_patch04.png,0,8.329999923706055,543.260009765625,100,100,0.00559999980032444
5656,HSIL_12_patch04.png,0,12.40999984741211,100.93000030517578,100,100,0.00559999980032444
5657,HSIL_12_patch04.png,0,158.4499969482422,724.0399780273438,100,100,0.005499999970197678
5658,HSIL_12_patch04.png,0,443.6099853515625,243.22000122070312,100,100,0.005499999970197678
5659,HSIL_12_patch04.png,0,873.7000122070312,232.5500030517578,100,100,0.005499999970197678
5660,HSIL_12_patch04.png,0,28.1200008392334,1014.9400024414062,100,100,0.005400000140070915
5661,HSIL_12_patch04.png,0,603.739990234375,808.4299926757812,100,100,0.005400000140070915
5662,HSIL_12_patch04.png,0,392.45001220703125,681.1199951171875,100,100,0.0052999998442828655
5663,HSIL_12_patch04.png,0,710.0800170898438,519.0499877929688,100,100,0.0052999998442828655
5664,HSIL_12_patch04.png,0,1014.9500122070312,640.02001953125,100,100,0.0052999998442828655
5665,HSIL_12_patch04.png,0,262.3999938964844,15.789999961853027,100,100,0.005100000184029341
5666,HSIL_12_patch04.png,0,472.3900146484375,236.52999877929688,100,100,0.005100000184029341
5667,HSIL_12_patch04.png,0,906.6500244140625,460.1199951171875,100,100,0.005100000184029341
5668,HSIL_12_patch04.png,0,977.780029296875,1001.5499877929688,100,100,0.004999999888241291
5669,HSIL_12_patch04.png,0,928.760009765625,586.3499755859375,100,100,0.004999999888241291
5670,HSIL_12_patch04.png,0,728.3900146484375,800.5700073242188,100,100,0.004999999888241291
5671,HSIL_12_patch04.png,0,724.0999755859375,820.5999755859375,100,100,0.004800000227987766
5672,HSIL_12_patch04.png,0,1008.5999755859375,528.6500244140625,100,100,0.004800000227987766
5673,HSIL_12_patch04.png,0,325.7200012207031,883.8300170898438,100,100,0.004800000227987766
5674,HSIL_12_patch04.png,0,973.9400024414062,635.6699829101562,100,100,0.004699999932199717
5675,HSIL_12_patch04.png,0,186.0,485.30999755859375,100,100,0.004699999932199717
5676,HSIL_12_patch04.png,0,166.75999450683594,692.260009765625,100,100,0.004699999932199717
5677,HSIL_12_patch04.png,0,679.0499877929688,260.5,100,100,0.004600000102072954
5678,HSIL_12_patch04.png,0,438.7099914550781,324.95001220703125,100,100,0.004600000102072954
5679,HSIL_12_patch04.png,0,551.0900268554688,311.29998779296875,100,100,0.0044999998062849045
5680,HSIL_12_patch04.png,0,760.02001953125,892.6900024414062,100,100,0.0044999998062849045
5681,HSIL_12_patch04.png,0,885.9199829101562,880.3599853515625,100,100,0.0044999998062849045
5682,HSIL_12_patch04.png,0,777.27001953125,896.3699951171875,100,100,0.004399999976158142
5683,HSIL_12_patch04.png,0,516.5800170898438,382.5199890136719,100,100,0.00419999985024333
5684,HSIL_12_patch04.png,0,782.510009765625,456.2900085449219,100,100,0.00419999985024333
5685,HSIL_12_patch04.png,0,940.0399780273438,294.5299987792969,100,100,0.00419999985024333
5686,HSIL_12_patch04.png,0,244.77999877929688,359.3699951171875,100,100,0.00419999985024333
5687,HSIL_12_patch04.png,0,131.25,116.30000305175781,100,100,0.00419999985024333
5688,HSIL_12_patch04.png,0,270.7799987792969,613.010009765625,100,100,0.004000000189989805
5689,HSIL_12_patch04.png,0,265.17999267578125,677.1099853515625,100,100,0.004000000189989805
5690,HSIL_12_patch04.png,0,323.95001220703125,908.5700073242188,100,100,0.004000000189989805
5691,HSIL_12_patch04.png,0,876.3200073242188,524.2899780273438,100,100,0.0038999998942017555
5692,HSIL_12_patch04.png,0,297.239990234375,913.72998046875,100,100,0.0038999998942017555
5693,HSIL_12_patch04.png,0,758.9600219726562,125.75,100,100,0.003800000064074993
5694,HSIL_12_patch04.png,0,852.2999877929688,959.9600219726562,100,100,0.003800000064074993
5695,HSIL_12_patch04.png,0,688.5,545.739990234375,100,100,0.003800000064074993
5696,HSIL_12_patch04.png,0,878.8300170898438,99.72000122070312,100,100,0.003800000064074993
5697,HSIL_12_patch04.png,0,788.8499755859375,126.93000030517578,100,100,0.003800000064074993
5698,HSIL_12_patch04.png,0,120.11000061035156,170.6300048828125,100,100,0.003700000001117587
5699,HSIL_12_patch04.png,0,752.969970703125,648.77001953125,100,100,0.003700000001117587
5700,HSIL_12_patch04.png,0,389.3599853515625,140.4199981689453,100,100,0.003599999938160181
5701,HSIL_12_patch04.png,0,478.3399963378906,1011.7899780273438,100,100,0.003599999938160181
5702,HSIL_12_patch04.png,0,372.32000732421875,281.82000732421875,100,100,0.003599999938160181
5703,HSIL_12_patch04.png,0,87.70999908447266,632.530029296875,100,100,0.0035000001080334187
5704,HSIL_12_patch04.png,0,153.55999755859375,707.4099731445312,100,100,0.0035000001080334187
5705,HSIL_12_patch04.png,0,141.58999633789062,507.8599853515625,100,100,0.0035000001080334187
5706,HSIL_12_patch04.png,0,302.3599853515625,483.7900085449219,100,100,0.0035000001080334187
5707,HSIL_12_patch04.png,0,140.5,27.1299991607666,100,100,0.0035000001080334187
5708,HSIL_12_patch04.png,0,106.86000061035156,278.20001220703125,100,100,0.0035000001080334187
5709,HSIL_12_patch04.png,0,286.8500061035156,7.96999979019165,100,100,0.0035000001080334187
5710,HSIL_12_patch04.png,0,737.0499877929688,421.5199890136719,100,100,0.0035000001080334187
5711,HSIL_12_patch04.png,0,799.6699829101562,7.900000095367432,100,100,0.0032999999821186066
5712,HSIL_12_patch04.png,0,662.0599975585938,559.1500244140625,100,100,0.0031999999191612005
5713,HSIL_12_patch04.png,0,328.75,126.81999969482422,100,100,0.0031999999191612005
5714,HSIL_12_patch04.png,0,763.1599731445312,141.85000610351562,100,100,0.0031999999191612005
5715,HSIL_12_patch04.png,0,979.1599731445312,531.6400146484375,100,100,0.003000000026077032
5716,HSIL_12_patch04.png,0,123.83999633789062,275.6499938964844,100,100,0.003000000026077032
5717,HSIL_12_patch04.png,0,390.9599914550781,731.77001953125,100,100,0.003000000026077032
5718,HSIL_12_patch04.png,0,863.6099853515625,884.4600219726562,100,100,0.003000000026077032
5719,HSIL_12_patch04.png,0,509.6600036621094,725.22998046875,100,100,0.002899999963119626
5720,HSIL_12_patch04.png,0,416.489990234375,752.97998046875,100,100,0.002899999963119626
5721,HSIL_12_patch04.png,0,1016.2000122070312,566.280029296875,100,100,0.002899999963119626
5722,HSIL_12_patch04.png,0,540.8800048828125,300.82000732421875,100,100,0.002899999963119626
5723,HSIL_12_patch04.png,0,674.969970703125,487.05999755859375,100,100,0.002899999963119626
5724,HSIL_12_patch04.png,0,365.67999267578125,661.1599731445312,100,100,0.002899999963119626
5725,HSIL_12_patch04.png,0,154.3800048828125,852.8300170898438,100,100,0.00279999990016222
5726,HSIL_12_patch04.png,0,175.27999877929688,719.3300170898438,100,100,0.00279999990016222
5727,HSIL_12_patch04.png,0,120.08000183105469,88.63999938964844,100,100,0.00279999990016222
5728,HSIL_12_patch04.png,0,275.3299865722656,469.7900085449219,100,100,0.00279999990016222
5729,HSIL_12_patch04.png,0,262.6400146484375,166.64999389648438,100,100,0.0027000000700354576
5730,HSIL_12_patch04.png,0,874.1099853515625,982.030029296875,100,100,0.0027000000700354576
5731,HSIL_12_patch04.png,0,559.2000122070312,875.4400024414062,100,100,0.0027000000700354576
5732,HSIL_12_patch04.png,0,923.6199951171875,42.59000015258789,100,100,0.0027000000700354576
5733,HSIL_12_patch04.png,0,891.4199829101562,458.8999938964844,100,100,0.0027000000700354576
5734,HSIL_12_patch04.png,0,444.3500061035156,226.6300048828125,100,100,0.0027000000700354576
5735,HSIL_12_patch04.png,0,752.3400268554688,911.1599731445312,100,100,0.0026000000070780516
5736,HSIL_12_patch04.png,0,950.2899780273438,57.470001220703125,100,100,0.0026000000070780516
5737,HSIL_12_patch04.png,0,369.8299865722656,141.44000244140625,100,100,0.0026000000070780516
5738,HSIL_12_patch04.png,0,808.0599975585938,736.739990234375,100,100,0.0024999999441206455
5739,HSIL_12_patch04.png,0,941.3800048828125,742.3300170898438,100,100,0.0024999999441206455
5740,HSIL_12_patch04.png,0,641.22998046875,868.4600219726562,100,100,0.0024999999441206455
5741,HSIL_12_patch04.png,0,567.8400268554688,899.47998046875,100,100,0.0024999999441206455
5742,HSIL_12_patch04.png,0,832.8400268554688,154.47000122070312,100,100,0.0024999999441206455
5743,HSIL_12_patch04.png,0,960.47998046875,765.0399780273438,100,100,0.0024999999441206455
5744,HSIL_12_patch04.png,0,318.6499938964844,804.2899780273438,100,100,0.0024999999441206455
5745,HSIL_12_patch04.png,0,807.6799926757812,801.7000122070312,100,100,0.002400000113993883
5746,HSIL_12_patch04.png,0,923.739990234375,747.8900146484375,100,100,0.002400000113993883
5747,HSIL_12_patch04.png,0,991.7100219726562,770.5,100,100,0.002300000051036477
5748,HSIL_12_patch04.png,0,646.3300170898438,429.54998779296875,100,100,0.002300000051036477
5749,HSIL_12_patch04.png,0,869.9000244140625,262.2200012207031,100,100,0.002300000051036477
5750,HSIL_12_patch04.png,0,915.25,236.72000122070312,100,100,0.002300000051036477
5751,HSIL_12_patch04.png,0,90.62000274658203,35.9900016784668,100,100,0.002300000051036477
5752,HSIL_12_patch04.png,0,957.8900146484375,238.8000030517578,100,100,0.002199999988079071
5753,HSIL_12_patch04.png,0,48.599998474121094,70.79000091552734,100,100,0.002199999988079071
5754,HSIL_12_patch04.png,0,942.010009765625,792.760009765625,100,100,0.002199999988079071
5755,HSIL_12_patch04.png,0,1017.6099853515625,793.5599975585938,100,100,0.002099999925121665
5756,HSIL_12_patch04.png,0,88.91999816894531,478.3399963378906,100,100,0.002099999925121665
5757,HSIL_12_patch04.png,0,131.60000610351562,877.219970703125,100,100,0.002099999925121665
5758,HSIL_12_patch04.png,0,539.7100219726562,50.459999084472656,100,100,0.002099999925121665
5759,HSIL_12_patch04.png,0,865.6900024414062,623.260009765625,100,100,0.0020000000949949026
5760,HSIL_12_patch04.png,0,152.69000244140625,656.3499755859375,100,100,0.0020000000949949026
5761,HSIL_12_patch04.png,0,513.530029296875,866.27001953125,100,100,0.0020000000949949026
5762,HSIL_12_patch04.png,0,5.889999866485596,397.6600036621094,100,100,0.0020000000949949026
5763,HSIL_12_patch04.png,0,641.9099731445312,899.1300048828125,100,100,0.0020000000949949026
5764,HSIL_12_patch04.png,0,401.94000244140625,932.239990234375,100,100,0.0020000000949949026
5765,HSIL_12_patch04.png,0,631.8900146484375,403.010009765625,100,100,0.0019000000320374966
5766,HSIL_12_patch04.png,0,604.4299926757812,890.5,100,100,0.0019000000320374966
5767,HSIL_12_patch04.png,0,14.140000343322754,721.1500244140625,100,100,0.0019000000320374966
5768,HSIL_12_patch04.png,0,492.7200012207031,748.52001953125,100,100,0.0019000000320374966
5769,HSIL_12_patch04.png,0,734.75,846.9600219726562,100,100,0.0019000000320374966
5770,HSIL_12_patch04.png,0,794.4400024414062,508.45001220703125,100,100,0.0019000000320374966
5771,HSIL_12_patch04.png,0,918.0800170898438,325.7099914550781,100,100,0.0019000000320374966
5772,HSIL_12_patch04.png,0,808.719970703125,339.1499938964844,100,100,0.0019000000320374966
5773,HSIL_12_patch04.png,0,824.0499877929688,732.1300048828125,100,100,0.0017999999690800905
5774,HSIL_12_patch04.png,0,711.0800170898438,651.5599975585938,100,100,0.0017000000225380063
5775,HSIL_12_patch04.png,0,631.1500244140625,121.48999786376953,100,100,0.0017000000225380063
5776,HSIL_12_patch04.png,0,400.4100036621094,100.51000213623047,100,100,0.0017000000225380063
5777,HSIL_12_patch04.png,0,504.8500061035156,170.19000244140625,100,100,0.0015999999595806003
5778,HSIL_12_patch04.png,0,972.3800048828125,651.3099975585938,100,100,0.0015999999595806003
5779,HSIL_12_patch04.png,0,339.510009765625,703.0599975585938,100,100,0.001500000013038516
5780,HSIL_12_patch04.png,0,946.4500122070312,634.3300170898438,100,100,0.001500000013038516
5781,HSIL_12_patch04.png,0,778.9600219726562,148.10000610351562,100,100,0.001500000013038516
5782,HSIL_12_patch04.png,0,168.67999267578125,286.92999267578125,100,100,0.001500000013038516
5783,HSIL_12_patch04.png,0,287.2799987792969,687.22998046875,100,100,0.00139999995008111
5784,HSIL_12_patch04.png,0,845.0700073242188,785.489990234375,100,100,0.00139999995008111
5785,HSIL_12_patch04.png,0,176.5399932861328,702.1699829101562,100,100,0.00139999995008111
5786,HSIL_12_patch04.png,0,522.5900268554688,345.1499938964844,100,100,0.00139999995008111
5787,HSIL_12_patch04.png,0,19.510000228881836,372.2099914550781,100,100,0.00139999995008111
5788,HSIL_12_patch04.png,0,168.83999633789062,864.3699951171875,100,100,0.0013000000035390258
5789,HSIL_12_patch04.png,0,121.18000030517578,641.3400268554688,100,100,0.0013000000035390258
5790,HSIL_12_patch04.png,0,492.75,772.0499877929688,100,100,0.0012000000569969416
5791,HSIL_12_patch05.png,0,937.58,606.3,100,100,0.7071
5792,HSIL_12_patch05.png,0,365.56,375.19,100,100,0.6401
5793,HSIL_12_patch05.png,0,489.3,278.09,100,100,0.6038
5794,HSIL_12_patch05.png,0,672.07,424.64,100,100,0.5943
5795,HSIL_12_patch05.png,0,521.82,169.01,100,100,0.587
5796,HSIL_12_patch05.png,0,399.87,310.82,100,100,0.5499
5797,HSIL_12_patch05.png,0,811.74,945.92,100,100,0.413
5798,HSIL_12_patch05.png,0,905.02,780.61,100,100,0.4101
5799,HSIL_12_patch05.png,0,996.24,851.43,100,100,0.3889
5800,HSIL_12_patch05.png,0,989.2,585.15,100,100,0.3001
5801,HSIL_12_patch05.png,0,762.79,1005.34,100,100,0.2614
5802,HSIL_12_patch05.png,0,649.5499877929688,348.25,100,100,0.2502000033855438
5803,HSIL_12_patch05.png,0,903.8200073242188,323.79998779296875,100,100,0.16030000150203705
5804,HSIL_12_patch05.png,0,808.02001953125,495.7099914550781,100,100,0.1534000039100647
5805,HSIL_12_patch05.png,0,964.5599975585938,375.260009765625,100,100,0.12520000338554382
5806,HSIL_12_patch05.png,0,760.1699829101562,967.5900268554688,100,100,0.09839999675750732
5807,HSIL_12_patch05.png,0,1013.2899780273438,909.77001953125,100,100,0.07079999893903732
5808,HSIL_12_patch05.png,0,975.7899780273438,777.9400024414062,100,100,0.0608999989926815
5809,HSIL_12_patch05.png,0,801.5700073242188,481.7300109863281,100,100,0.058400001376867294
5810,HSIL_12_patch05.png,0,709.9400024414062,47.45000076293945,100,100,0.05779999867081642
5811,HSIL_12_patch05.png,0,184.42999267578125,306.7099914550781,100,100,0.05420000106096268
5812,HSIL_12_patch05.png,0,1004.1699829101562,740.4299926757812,100,100,0.051500000059604645
5813,HSIL_12_patch05.png,0,767.5900268554688,440.5899963378906,100,100,0.04479999840259552
5814,HSIL_12_patch05.png,0,818.0,673.4299926757812,100,100,0.04149999842047691
5815,HSIL_12_patch05.png,0,992.6300048828125,351.5400085449219,100,100,0.03869999945163727
5816,HSIL_12_patch05.png,0,722.52001953125,327.6700134277344,100,100,0.03660000115633011
5817,HSIL_12_patch05.png,0,803.6199951171875,914.8900146484375,100,100,0.032499998807907104
5818,HSIL_12_patch05.png,0,562.0,920.7000122070312,100,100,0.0272000003606081
5819,HSIL_12_patch05.png,0,774.4400024414062,1010.3200073242188,100,100,0.022099999710917473
5820,HSIL_12_patch05.png,0,814.0700073242188,389.6000061035156,100,100,0.0210999995470047
5821,HSIL_12_patch05.png,0,1016.260009765625,737.260009765625,100,100,0.020800000056624413
5822,HSIL_12_patch05.png,0,850.239990234375,798.8900146484375,100,100,0.018699999898672104
5823,HSIL_12_patch05.png,0,281.9599914550781,85.3499984741211,100,100,0.01640000008046627
5824,HSIL_12_patch05.png,0,864.77001953125,14.270000457763672,100,100,0.015799999237060547
5825,HSIL_12_patch05.png,0,683.8900146484375,418.57000732421875,100,100,0.014000000432133675
5826,HSIL_12_patch05.png,0,373.17999267578125,92.38999938964844,100,100,0.011900000274181366
5827,HSIL_12_patch05.png,0,410.1199951171875,317.55999755859375,100,100,0.011800000444054604
5828,HSIL_12_patch05.png,0,724.4600219726562,345.7699890136719,100,100,0.009100000374019146
5829,HSIL_12_patch05.png,0,801.3800048828125,936.22998046875,100,100,0.008200000040233135
5830,HSIL_12_patch05.png,0,986.4400024414062,837.1599731445312,100,100,0.007899999618530273
5831,HSIL_12_patch05.png,0,413.3500061035156,301.67999267578125,100,100,0.007699999958276749
5832,HSIL_12_patch05.png,0,820.8099975585938,936.1099853515625,100,100,0.007699999958276749
5833,HSIL_12_patch05.png,0,339.510009765625,269.5,100,100,0.007600000128149986
5834,HSIL_12_patch05.png,0,531.8599853515625,159.3000030517578,100,100,0.007199999876320362
5835,HSIL_12_patch05.png,0,752.9500122070312,1014.1500244140625,100,100,0.006800000090152025
5836,HSIL_12_patch05.png,0,660.6599731445312,416.95001220703125,100,100,0.0066999997943639755
5837,HSIL_12_patch05.png,0,713.9299926757812,320.0899963378906,100,100,0.006399999838322401
5838,HSIL_12_patch05.png,0,375.0299987792969,366.4700012207031,100,100,0.006200000178068876
5839,HSIL_12_patch05.png,0,73.62999725341797,402.80999755859375,100,100,0.005499999970197678
5840,HSIL_12_patch05.png,0,1008.280029296875,545.0399780273438,100,100,0.0052999998442828655
5841,HSIL_12_patch05.png,0,795.9400024414062,469.0400085449219,100,100,0.0052999998442828655
5842,HSIL_12_patch05.png,0,512.7999877929688,159.35000610351562,100,100,0.0052999998442828655
5843,HSIL_12_patch05.png,0,912.0399780273438,793.8599853515625,100,100,0.004900000058114529
5844,HSIL_12_patch05.png,0,893.22998046875,317.0299987792969,100,100,0.004600000102072954
5845,HSIL_12_patch05.png,0,383.07000732421875,306.4200134277344,100,100,0.00419999985024333
5846,HSIL_12_patch05.png,0,926.0700073242188,611.8699951171875,100,100,0.00419999985024333
5847,HSIL_12_patch05.png,0,921.7000122070312,594.0,100,100,0.003800000064074993
5848,HSIL_12_patch05.png,0,915.9600219726562,1017.219970703125,100,100,0.003800000064074993
5849,HSIL_12_patch05.png,0,823.0999755859375,377.42999267578125,100,100,0.0034000000450760126
5850,HSIL_12_patch05.png,0,948.3499755859375,593.8200073242188,100,100,0.0032999999821186066
5851,HSIL_12_patch05.png,0,240.4600067138672,395.0400085449219,100,100,0.0032999999821186066
5852,HSIL_12_patch05.png,0,385.260009765625,380.010009765625,100,100,0.0031999999191612005
5853,HSIL_12_patch05.png,0,959.0,362.8699951171875,100,100,0.003100000089034438
5854,HSIL_12_patch05.png,0,303.07000732421875,403.25,100,100,0.003100000089034438
5855,HSIL_12_patch05.png,0,643.5900268554688,336.3500061035156,100,100,0.003000000026077032
5856,HSIL_12_patch05.png,0,866.0399780273438,689.2999877929688,100,100,0.002899999963119626
5857,HSIL_12_patch05.png,0,672.6300048828125,408.6600036621094,100,100,0.00279999990016222
5858,HSIL_12_patch05.png,0,830.9099731445312,494.0199890136719,100,100,0.0027000000700354576
5859,HSIL_12_patch05.png,0,148.52000427246094,312.6000061035156,100,100,0.0024999999441206455
5860,HSIL_12_patch05.png,0,974.8599853515625,365.82000732421875,100,100,0.002400000113993883
5861,HSIL_12_patch05.png,0,494.2200012207031,263.29998779296875,100,100,0.002400000113993883
5862,HSIL_12_patch05.png,0,890.4000244140625,891.969970703125,100,100,0.002300000051036477
5863,HSIL_12_patch05.png,0,349.7300109863281,370.4800109863281,100,100,0.002199999988079071
5864,HSIL_12_patch05.png,0,1013.5900268554688,852.47998046875,100,100,0.002199999988079071
5865,HSIL_12_patch05.png,0,915.760009765625,769.0499877929688,100,100,0.0020000000949949026
5866,HSIL_12_patch05.png,0,412.54998779296875,397.2099914550781,100,100,0.0020000000949949026
5867,HSIL_12_patch05.png,0,970.1099853515625,462.6499938964844,100,100,0.0019000000320374966
5868,HSIL_12_patch05.png,0,977.0700073242188,383.6199951171875,100,100,0.0019000000320374966
5869,HSIL_12_patch05.png,0,398.2900085449219,324.0400085449219,100,100,0.0019000000320374966
5870,HSIL_12_patch05.png,0,557.1599731445312,119.66999816894531,100,100,0.0015999999595806003
5871,HSIL_12_patch05.png,0,698.6300048828125,154.64999389648438,100,100,0.001500000013038516
5872,HSIL_12_patch05.png,0,575.72998046875,235.07000732421875,100,100,0.0010999999940395355
5873,HSIL_12_patch05.png,0,783.75,1016.3300170898438,100,100,0.0010999999940395355
5874,HSIL_12_patch06.png,0,630.33,507.02,100,100,0.7031
5875,HSIL_12_patch06.png,0,679.42,606.52,100,100,0.5915
5876,HSIL_12_patch06.png,0,158.79,312.45,100,100,0.5847
5877,HSIL_12_patch06.png,0,170.47,370.01,100,100,0.4764
5878,HSIL_12_patch06.png,0,210.05,232.53,100,100,0.4749
5879,HSIL_12_patch06.png,0,703.03,456.28,100,100,0.4604
5880,HSIL_12_patch06.png,0,14.82,829.41,100,100,0.4045
5881,HSIL_12_patch06.png,0,292.79,564.11,100,100,0.4042
5882,HSIL_12_patch06.png,0,317.64,506.12,100,100,0.3535
5883,HSIL_12_patch06.png,0,999.5800170898438,266.04998779296875,100,100,0.3504999876022339
5884,HSIL_12_patch06.png,0,499.96,116.97,100,100,0.3172
5885,HSIL_12_patch06.png,0,106.01,121.38,100,100,0.274
5886,HSIL_12_patch06.png,0,513.92,906.95,100,100,0.2715
5887,HSIL_12_patch06.png,0,155.22000122070312,836.8599853515625,100,100,0.24480000138282776
5888,HSIL_12_patch06.png,0,528.2999877929688,437.04998779296875,100,100,0.24070000648498535
5889,HSIL_12_patch06.png,0,480.4599914550781,624.8099975585938,100,100,0.22990000247955322
5890,HSIL_12_patch06.png,0,28.84000015258789,86.79000091552734,100,100,0.2273000031709671
5891,HSIL_12_patch06.png,0,969.67,231.22,100,100,0.2213
5892,HSIL_12_patch06.png,0,33.18000030517578,770.2000122070312,100,100,0.16580000519752502
5893,HSIL_12_patch06.png,0,622.77001953125,753.010009765625,100,100,0.16249999403953552
5894,HSIL_12_patch06.png,0,542.9000244140625,506.5799865722656,100,100,0.1589999943971634
5895,HSIL_12_patch06.png,0,585.6799926757812,310.8999938964844,100,100,0.15230000019073486
5896,HSIL_12_patch06.png,0,715.8599853515625,318.44000244140625,100,100,0.14970000088214874
5897,HSIL_12_patch06.png,0,140.5800018310547,28.8700008392334,100,100,0.1404000073671341
5898,HSIL_12_patch06.png,0,868.469970703125,345.4800109863281,100,100,0.13619999587535858
5899,HSIL_12_patch06.png,0,205.32000732421875,717.9400024414062,100,100,0.1316000074148178
5900,HSIL_12_patch06.png,0,415.6600036621094,621.9299926757812,100,100,0.11069999635219574
5901,HSIL_12_patch06.png,0,447.19000244140625,470.5799865722656,100,100,0.1062999963760376
5902,HSIL_12_patch06.png,0,397.3500061035156,456.2699890136719,100,100,0.1014999970793724
5903,HSIL_12_patch06.png,0,497.7799987792969,468.5899963378906,100,100,0.08250000327825546
5904,HSIL_12_patch06.png,0,546.469970703125,923.4600219726562,100,100,0.07859999686479568
5905,HSIL_12_patch06.png,0,11.960000038146973,736.0700073242188,100,100,0.07649999856948853
5906,HSIL_12_patch06.png,0,423.75,574.22998046875,100,100,0.0738999992609024
5907,HSIL_12_patch06.png,0,569.219970703125,913.1400146484375,100,100,0.07190000265836716
5908,HSIL_12_patch06.png,0,235.7899932861328,733.6599731445312,100,100,0.07090000063180923
5909,HSIL_12_patch06.png,0,71.38999938964844,301.8599853515625,100,100,0.07069999724626541
5910,HSIL_12_patch06.png,0,422.4800109863281,656.030029296875,100,100,0.07000000029802322
5911,HSIL_12_patch06.png,0,384.3399963378906,785.1199951171875,100,100,0.06520000100135803
5912,HSIL_12_patch06.png,0,409.9700012207031,110.44000244140625,100,100,0.062300000339746475
5913,HSIL_12_patch06.png,0,55.13999938964844,942.4299926757812,100,100,0.06030000001192093
5914,HSIL_12_patch06.png,0,672.1500244140625,659.8699951171875,100,100,0.05420000106096268
5915,HSIL_12_patch06.png,0,763.25,600.8499755859375,100,100,0.051500000059604645
5916,HSIL_12_patch06.png,0,993.780029296875,290.2099914550781,100,100,0.04690000042319298
5917,HSIL_12_patch06.png,0,614.9500122070312,633.510009765625,100,100,0.045499999076128006
5918,HSIL_12_patch06.png,0,277.67999267578125,793.3499755859375,100,100,0.04280000180006027
5919,HSIL_12_patch06.png,0,27.209999084472656,472.55999755859375,100,100,0.041600000113248825
5920,HSIL_12_patch06.png,0,278.7200012207031,748.6799926757812,100,100,0.04129999876022339
5921,HSIL_12_patch06.png,0,673.239990234375,745.989990234375,100,100,0.03889999911189079
5922,HSIL_12_patch06.png,0,99.38999938964844,246.75,100,100,0.03869999945163727
5923,HSIL_12_patch06.png,0,149.07000732421875,81.27999877929688,100,100,0.038600001484155655
5924,HSIL_12_patch06.png,0,353.07000732421875,394.260009765625,100,100,0.03739999979734421
5925,HSIL_12_patch06.png,0,425.1400146484375,9.649999618530273,100,100,0.03620000183582306
5926,HSIL_12_patch06.png,0,318.29998779296875,765.77001953125,100,100,0.034699998795986176
5927,HSIL_12_patch06.png,0,454.2099914550781,401.0,100,100,0.03460000082850456
5928,HSIL_12_patch06.png,0,626.6099853515625,419.54998779296875,100,100,0.03440000116825104
5929,HSIL_12_patch06.png,0,440.7699890136719,782.6699829101562,100,100,0.03359999880194664
5930,HSIL_12_patch06.png,0,136.19000244140625,258.9599914550781,100,100,0.03319999948143959
5931,HSIL_12_patch06.png,0,181.8300018310547,127.7699966430664,100,100,0.03200000151991844
5932,HSIL_12_patch06.png,0,549.8099975585938,743.3699951171875,100,100,0.031599998474121094
5933,HSIL_12_patch06.png,0,248.97999572753906,868.47998046875,100,100,0.03139999881386757
5934,HSIL_12_patch06.png,0,300.54998779296875,746.6699829101562,100,100,0.031099999323487282
5935,HSIL_12_patch06.png,0,543.7000122070312,640.8499755859375,100,100,0.02879999950528145
5936,HSIL_12_patch06.png,0,134.24000549316406,99.56999969482422,100,100,0.027699999511241913
5937,HSIL_12_patch06.png,0,247.41000366210938,567.719970703125,100,100,0.027400000020861626
5938,HSIL_12_patch06.png,0,313.8800048828125,41.0099983215332,100,100,0.026799999177455902
5939,HSIL_12_patch06.png,0,540.9000244140625,446.6400146484375,100,100,0.02669999934732914
5940,HSIL_12_patch06.png,0,88.69999694824219,105.05999755859375,100,100,0.024900000542402267
5941,HSIL_12_patch06.png,0,411.5,690.5999755859375,100,100,0.024900000542402267
5942,HSIL_12_patch06.png,0,248.72999572753906,13.550000190734863,100,100,0.020600000396370888
5943,HSIL_12_patch06.png,0,526.5399780273438,785.9299926757812,100,100,0.01860000006854534
5944,HSIL_12_patch06.png,0,270.8599853515625,474.6199951171875,100,100,0.017899999395012856
5945,HSIL_12_patch06.png,0,235.77999877929688,89.0199966430664,100,100,0.017799999564886093
5946,HSIL_12_patch06.png,0,669.72998046875,1016.0800170898438,100,100,0.016899999231100082
5947,HSIL_12_patch06.png,0,249.33999633789062,626.72998046875,100,100,0.016699999570846558
5948,HSIL_12_patch06.png,0,327.55999755859375,111.87999725341797,100,100,0.015599999576807022
5949,HSIL_12_patch06.png,0,127.12000274658203,804.6300048828125,100,100,0.015300000086426735
5950,HSIL_12_patch06.png,0,85.7300033569336,366.9700012207031,100,100,0.014499999582767487
5951,HSIL_12_patch06.png,0,56.77000045776367,576.0700073242188,100,100,0.014299999922513962
5952,HSIL_12_patch06.png,0,220.80999755859375,423.1300048828125,100,100,0.014100000262260437
5953,HSIL_12_patch06.png,0,249.47999572753906,521.9199829101562,100,100,0.012900000438094139
5954,HSIL_12_patch06.png,0,802.0,730.9199829101562,100,100,0.01269999984651804
5955,HSIL_12_patch06.png,0,649.469970703125,847.6900024414062,100,100,0.012400000356137753
5956,HSIL_12_patch06.png,0,309.9800109863281,817.9400024414062,100,100,0.012199999764561653
5957,HSIL_12_patch06.png,0,222.02999877929688,372.05999755859375,100,100,0.012000000104308128
5958,HSIL_12_patch06.png,0,287.6499938964844,468.8299865722656,100,100,0.01080000028014183
5959,HSIL_12_patch06.png,0,198.30999755859375,849.0499877929688,100,100,0.010499999858438969
5960,HSIL_12_patch06.png,0,954.4299926757812,194.8300018310547,100,100,0.010499999858438969
5961,HSIL_12_patch06.png,0,410.8800048828125,722.6599731445312,100,100,0.010400000028312206
5962,HSIL_12_patch06.png,0,364.0299987792969,833.2899780273438,100,100,0.010400000028312206
5963,HSIL_12_patch06.png,0,470.6499938964844,443.239990234375,100,100,0.010300000198185444
5964,HSIL_12_patch06.png,0,784.3499755859375,174.8300018310547,100,100,0.009999999776482582
5965,HSIL_12_patch06.png,0,481.7300109863281,1017.4000244140625,100,100,0.00989999994635582
5966,HSIL_12_patch06.png,0,360.0199890136719,797.5999755859375,100,100,0.009700000286102295
5967,HSIL_12_patch06.png,0,705.4099731445312,496.8299865722656,100,100,0.009600000455975533
5968,HSIL_12_patch06.png,0,660.5499877929688,484.17999267578125,100,100,0.00930000003427267
5969,HSIL_12_patch06.png,0,6.489999771118164,845.1500244140625,100,100,0.00860000029206276
5970,HSIL_12_patch06.png,0,200.27000427246094,481.54998779296875,100,100,0.008299999870359898
5971,HSIL_12_patch06.png,0,409.1600036621094,4.079999923706055,100,100,0.008299999870359898
5972,HSIL_12_patch06.png,0,10.779999732971191,814.8099975585938,100,100,0.008200000040233135
5973,HSIL_12_patch06.png,0,820.3499755859375,295.4100036621094,100,100,0.00800000037997961
5974,HSIL_12_patch06.png,0,271.8500061035156,351.3699951171875,100,100,0.00800000037997961
5975,HSIL_12_patch06.png,0,718.2899780273438,295.6400146484375,100,100,0.007899999618530273
5976,HSIL_12_patch06.png,0,918.3800048828125,268.57000732421875,100,100,0.007899999618530273
5977,HSIL_12_patch06.png,0,823.75,503.32000732421875,100,100,0.007699999958276749
5978,HSIL_12_patch06.png,0,645.1599731445312,500.07000732421875,100,100,0.007499999832361937
5979,HSIL_12_patch06.png,0,610.3499755859375,460.5199890136719,100,100,0.007499999832361937
5980,HSIL_12_patch06.png,0,384.3800048828125,655.739990234375,100,100,0.007400000002235174
5981,HSIL_12_patch06.png,0,428.989990234375,695.2999877929688,100,100,0.0071000000461936
5982,HSIL_12_patch06.png,0,337.6499938964844,498.2099914550781,100,100,0.0071000000461936
5983,HSIL_12_patch06.png,0,182.8800048828125,66.25,100,100,0.006800000090152025
5984,HSIL_12_patch06.png,0,692.4000244140625,602.52001953125,100,100,0.006399999838322401
5985,HSIL_12_patch06.png,0,978.1099853515625,282.55999755859375,100,100,0.006300000008195639
5986,HSIL_12_patch06.png,0,708.6300048828125,331.510009765625,100,100,0.006300000008195639
5987,HSIL_12_patch06.png,0,992.3800048828125,377.29998779296875,100,100,0.006300000008195639
5988,HSIL_12_patch06.png,0,222.10000610351562,223.25,100,100,0.006099999882280827
5989,HSIL_12_patch06.png,0,440.75,669.3200073242188,100,100,0.006000000052154064
5990,HSIL_12_patch06.png,0,200.36000061035156,219.11000061035156,100,100,0.006000000052154064
5991,HSIL_12_patch06.png,0,843.3499755859375,481.3500061035156,100,100,0.005900000222027302
5992,HSIL_12_patch06.png,0,499.3999938964844,382.6499938964844,100,100,0.005900000222027302
5993,HSIL_12_patch06.png,0,987.52001953125,258.7799987792969,100,100,0.005799999926239252
5994,HSIL_12_patch06.png,0,352.57000732421875,86.70999908447266,100,100,0.00559999980032444
5995,HSIL_12_patch06.png,0,54.97999954223633,258.5799865722656,100,100,0.00559999980032444
5996,HSIL_12_patch06.png,0,808.4099731445312,489.1099853515625,100,100,0.005499999970197678
5997,HSIL_12_patch06.png,0,1011.72998046875,270.8800048828125,100,100,0.0052999998442828655
5998,HSIL_12_patch06.png,0,315.4599914550781,150.75,100,100,0.0052999998442828655
5999,HSIL_12_patch06.png,0,668.0800170898438,614.4099731445312,100,100,0.004999999888241291
6000,HSIL_12_patch06.png,0,196.42999267578125,543.6300048828125,100,100,0.004999999888241291
6001,HSIL_12_patch06.png,0,174.22000122070312,296.739990234375,100,100,0.004900000058114529
6002,HSIL_12_patch06.png,0,472.4800109863281,692.8099975585938,100,100,0.004800000227987766
6003,HSIL_12_patch06.png,0,616.2999877929688,405.1000061035156,100,100,0.004800000227987766
6004,HSIL_12_patch06.png,0,1007.1199951171875,255.17999267578125,100,100,0.004699999932199717
6005,HSIL_12_patch06.png,0,679.77001953125,717.260009765625,100,100,0.004600000102072954
6006,HSIL_12_patch06.png,0,871.9099731445312,312.6000061035156,100,100,0.004600000102072954
6007,HSIL_12_patch06.png,0,146.27999877929688,302.29998779296875,100,100,0.004399999976158142
6008,HSIL_12_patch06.png,0,183.42999267578125,359.67999267578125,100,100,0.00419999985024333
6009,HSIL_12_patch06.png,0,998.8900146484375,190.8000030517578,100,100,0.004100000020116568
6010,HSIL_12_patch06.png,0,1015.1400146484375,287.1199951171875,100,100,0.004000000189989805
6011,HSIL_12_patch06.png,0,507.510009765625,895.5800170898438,100,100,0.004000000189989805
6012,HSIL_12_patch06.png,0,615.0900268554688,500.0299987792969,100,100,0.0038999998942017555
6013,HSIL_12_patch06.png,0,529.0599975585938,127.80000305175781,100,100,0.003700000001117587
6014,HSIL_12_patch06.png,0,331.6499938964844,511.3599853515625,100,100,0.003700000001117587
6015,HSIL_12_patch06.png,0,609.1699829101562,339.510009765625,100,100,0.003599999938160181
6016,HSIL_12_patch06.png,0,982.219970703125,436.9800109863281,100,100,0.003599999938160181
6017,HSIL_12_patch06.png,0,475.9100036621094,123.2699966430664,100,100,0.0035000001080334187
6018,HSIL_12_patch06.png,0,127.26000213623047,457.1000061035156,100,100,0.0035000001080334187
6019,HSIL_12_patch06.png,0,74.37000274658203,861.3499755859375,100,100,0.0035000001080334187
6020,HSIL_12_patch06.png,0,674.52001953125,591.030029296875,100,100,0.0034000000450760126
6021,HSIL_12_patch06.png,0,237.58999633789062,1008.0599975585938,100,100,0.0031999999191612005
6022,HSIL_12_patch06.png,0,100.45999908447266,764.8800048828125,100,100,0.0031999999191612005
6023,HSIL_12_patch06.png,0,92.1500015258789,124.79000091552734,100,100,0.0031999999191612005
6024,HSIL_12_patch06.png,0,164.41000366210938,915.6599731445312,100,100,0.003000000026077032
6025,HSIL_12_patch06.png,0,640.9400024414062,301.489990234375,100,100,0.003000000026077032
6026,HSIL_12_patch06.png,0,797.0800170898438,959.3499755859375,100,100,0.003000000026077032
6027,HSIL_12_patch06.png,0,611.5999755859375,743.2100219726562,100,100,0.002899999963119626
6028,HSIL_12_patch06.png,0,889.9000244140625,291.260009765625,100,100,0.002899999963119626
6029,HSIL_12_patch06.png,0,884.9600219726562,151.6699981689453,100,100,0.0024999999441206455
6030,HSIL_12_patch06.png,0,541.4000244140625,427.67999267578125,100,100,0.0024999999441206455
6031,HSIL_12_patch06.png,0,431.07000732421875,471.260009765625,100,100,0.0024999999441206455
6032,HSIL_12_patch06.png,0,103.06999969482422,509.3500061035156,100,100,0.0024999999441206455
6033,HSIL_12_patch06.png,0,622.6699829101562,517.280029296875,100,100,0.0024999999441206455
6034,HSIL_12_patch06.png,0,588.3599853515625,886.260009765625,100,100,0.0024999999441206455
6035,HSIL_12_patch06.png,0,509.6000061035156,438.0899963378906,100,100,0.0024999999441206455
6036,HSIL_12_patch06.png,0,227.64999389648438,10.3100004196167,100,100,0.002400000113993883
6037,HSIL_12_patch06.png,0,688.5599975585938,340.1600036621094,100,100,0.002400000113993883
6038,HSIL_12_patch06.png,0,809.010009765625,42.970001220703125,100,100,0.002400000113993883
6039,HSIL_12_patch06.png,0,489.6400146484375,612.3099975585938,100,100,0.002400000113993883
6040,HSIL_12_patch06.png,0,305.1400146484375,476.6700134277344,100,100,0.002199999988079071
6041,HSIL_12_patch06.png,0,503.1499938964844,592.0499877929688,100,100,0.002199999988079071
6042,HSIL_12_patch06.png,0,777.4000244140625,301.4800109863281,100,100,0.002199999988079071
6043,HSIL_12_patch06.png,0,370.989990234375,844.5399780273438,100,100,0.002199999988079071
6044,HSIL_12_patch06.png,0,162.80999755859375,356.69000244140625,100,100,0.002199999988079071
6045,HSIL_12_patch06.png,0,999.6900024414062,303.4800109863281,100,100,0.002099999925121665
6046,HSIL_12_patch06.png,0,4.829999923706055,459.2300109863281,100,100,0.0019000000320374966
6047,HSIL_12_patch06.png,0,592.5800170898438,17.719999313354492,100,100,0.0019000000320374966
6048,HSIL_12_patch06.png,0,714.0700073242188,443.67999267578125,100,100,0.0019000000320374966
6049,HSIL_12_patch06.png,0,529.6699829101562,911.1799926757812,100,100,0.0017999999690800905
6050,HSIL_12_patch06.png,0,417.54998779296875,457.760009765625,100,100,0.0017999999690800905
6051,HSIL_12_patch06.png,0,660.3800048828125,600.969970703125,100,100,0.0017000000225380063
6052,HSIL_12_patch06.png,0,18.239999771118164,76.06999969482422,100,100,0.0017000000225380063
6053,HSIL_12_patch06.png,0,1018.0900268554688,643.5999755859375,100,100,0.0017000000225380063
6054,HSIL_12_patch06.png,0,271.3800048828125,616.0,100,100,0.0015999999595806003
6055,HSIL_12_patch06.png,0,468.010009765625,622.3499755859375,100,100,0.00139999995008111
6056,HSIL_12_patch06.png,0,431.1000061035156,646.5399780273438,100,100,0.00139999995008111
6057,HSIL_12_patch06.png,0,4.670000076293945,723.2100219726562,100,100,0.0013000000035390258
6058,HSIL_12_patch06.png,0,433.79998779296875,455.260009765625,100,100,0.0010999999940395355
6059,HSIL_12_patch06.png,0,91.41999816894531,793.3499755859375,100,100,0.0010000000474974513
6060,HSIL_12_patch07.png,0,355.66,408.13,100,100,0.6715
6061,HSIL_12_patch07.png,0,108.53,61.5,100,100,0.6687
6062,HSIL_12_patch07.png,0,819.29,437.99,100,100,0.6388
6063,HSIL_12_patch07.png,0,647.57,136.86,100,100,0.6331
6064,HSIL_12_patch07.png,0,127.92,758.09,100,100,0.6161
6065,HSIL_12_patch07.png,0,534.73,99.47,100,100,0.6145
6066,HSIL_12_patch07.png,0,232.68,848.33,100,100,0.5366
6067,HSIL_12_patch07.png,0,837.99,533.89,100,100,0.5253
6068,HSIL_12_patch07.png,0,317.3,875.79,100,100,0.514
6069,HSIL_12_patch07.png,0,589.7,866.04,100,100,0.5068
6070,HSIL_12_patch07.png,0,697.74,586.21,100,100,0.486
6071,HSIL_12_patch07.png,0,650.64,402.43,100,100,0.465
6072,HSIL_12_patch07.png,0,813.35,114.83,100,100,0.452
6073,HSIL_12_patch07.png,0,718.86,951.75,100,100,0.4499
6074,HSIL_12_patch07.png,0,255.82,965.97,100,100,0.4281
6075,HSIL_12_patch07.png,0,273.24,845.75,100,100,0.4244
6076,HSIL_12_patch07.png,0,314.18,820.07,100,100,0.415
6077,HSIL_12_patch07.png,0,200.56,861.67,100,100,0.4146
6078,HSIL_12_patch07.png,0,662.11,69.16,100,100,0.4007
6079,HSIL_12_patch07.png,0,319.87,904.1,100,100,0.4006
6080,HSIL_12_patch07.png,0,38.22,88.88,100,100,0.3986
6081,HSIL_12_patch07.png,0,548.29,581.89,100,100,0.3808
6082,HSIL_12_patch07.png,0,356.05,807.82,100,100,0.3456
6083,HSIL_12_patch07.png,0,347.16,316.16,100,100,0.3418
6084,HSIL_12_patch07.png,0,176.47,451.96,100,100,0.3412
6085,HSIL_12_patch07.png,0,383.3999938964844,266.6600036621094,100,100,0.33899998664855957
6086,HSIL_12_patch07.png,0,89.16,891.08,100,100,0.3287
6087,HSIL_12_patch07.png,0,75.8,987.49,100,100,0.3267
6088,HSIL_12_patch07.png,0,232.75,9.300000190734863,100,100,0.3172000050544739
6089,HSIL_12_patch07.png,0,824.74,204.57,100,100,0.3052
6090,HSIL_12_patch07.png,0,878.6599731445312,209.9600067138672,100,100,0.2987000048160553
6091,HSIL_12_patch07.png,0,233.72,531.54,100,100,0.2984
6092,HSIL_12_patch07.png,0,928.7100219726562,246.08999633789062,100,100,0.2939999997615814
6093,HSIL_12_patch07.png,0,512.28,886.01,100,100,0.2937
6094,HSIL_12_patch07.png,0,256.63,373.53,100,100,0.2753
6095,HSIL_12_patch07.png,0,369.84,875.57,100,100,0.2739
6096,HSIL_12_patch07.png,0,322.9599914550781,451.4200134277344,100,100,0.26910001039505005
6097,HSIL_12_patch07.png,0,961.56,975.23,100,100,0.2671
6098,HSIL_12_patch07.png,0,445.2799987792969,236.30999755859375,100,100,0.2630000114440918
6099,HSIL_12_patch07.png,0,255.38999938964844,200.8000030517578,100,100,0.25540000200271606
6100,HSIL_12_patch07.png,0,17.99,873.68,100,100,0.2449
6101,HSIL_12_patch07.png,0,467.46,908.49,100,100,0.2437
6102,HSIL_12_patch07.png,0,520.9500122070312,188.58999633789062,100,100,0.2337000072002411
6103,HSIL_12_patch07.png,0,606.3099975585938,899.02001953125,100,100,0.22859999537467957
6104,HSIL_12_patch07.png,0,14.8,914.04,100,100,0.2254
6105,HSIL_12_patch07.png,0,529.22,295.94,100,100,0.2157
6106,HSIL_12_patch07.png,0,629.85,831.86,100,100,0.2062
6107,HSIL_12_patch07.png,0,329.55999755859375,1005.8499755859375,100,100,0.2061000019311905
6108,HSIL_12_patch07.png,0,285.28,522.18,100,100,0.2019
6109,HSIL_12_patch07.png,0,434.6099853515625,290.1300048828125,100,100,0.18649999797344208
6110,HSIL_12_patch07.png,0,235.9600067138672,443.5400085449219,100,100,0.1738000065088272
6111,HSIL_12_patch07.png,0,829.030029296875,320.1099853515625,100,100,0.17080000042915344
6112,HSIL_12_patch07.png,0,846.87,895.04,100,100,0.1692
6113,HSIL_12_patch07.png,0,805.1900024414062,283.6400146484375,100,100,0.16910000145435333
6114,HSIL_12_patch07.png,0,102.62,579.99,100,100,0.1691
6115,HSIL_12_patch07.png,0,116.36000061035156,454.010009765625,100,100,0.16869999468326569
6116,HSIL_12_patch07.png,0,26.32,181.81,100,100,0.1666
6117,HSIL_12_patch07.png,0,938.3300170898438,465.5899963378906,100,100,0.1534000039100647
6118,HSIL_12_patch07.png,0,115.75,823.0,100,100,0.14409999549388885
6119,HSIL_12_patch07.png,0,134.1699981689453,872.739990234375,100,100,0.14319999516010284
6120,HSIL_12_patch07.png,0,515.5399780273438,538.739990234375,100,100,0.14190000295639038
6121,HSIL_12_patch07.png,0,661.02001953125,554.8300170898438,100,100,0.13109999895095825
6122,HSIL_12_patch07.png,0,471.79998779296875,700.510009765625,100,100,0.12950000166893005
6123,HSIL_12_patch07.png,0,232.32000732421875,404.0400085449219,100,100,0.12549999356269836
6124,HSIL_12_patch07.png,0,899.3900146484375,470.3999938964844,100,100,0.1251000016927719
6125,HSIL_12_patch07.png,0,19.43000030517578,161.8300018310547,100,100,0.12229999899864197
6126,HSIL_12_patch07.png,0,570.4099731445312,945.77001953125,100,100,0.12139999866485596
6127,HSIL_12_patch07.png,0,72.05999755859375,717.4600219726562,100,100,0.12110000103712082
6128,HSIL_12_patch07.png,0,892.989990234375,7.639999866485596,100,100,0.11940000206232071
6129,HSIL_12_patch07.png,0,210.50999450683594,938.5,100,100,0.11749999970197678
6130,HSIL_12_patch07.png,0,345.010009765625,200.50999450683594,100,100,0.11240000277757645
6131,HSIL_12_patch07.png,0,381.5,138.91000366210938,100,100,0.10899999737739563
6132,HSIL_12_patch07.png,0,769.9299926757812,714.72998046875,100,100,0.10740000009536743
6133,HSIL_12_patch07.png,0,155.27999877929688,832.5499877929688,100,100,0.10610000044107437
6134,HSIL_12_patch07.png,0,894.9400024414062,498.8500061035156,100,100,0.10289999842643738
6135,HSIL_12_patch07.png,0,564.5900268554688,806.4099731445312,100,100,0.10239999741315842
6136,HSIL_12_patch07.png,0,862.0700073242188,315.3299865722656,100,100,0.10080000013113022
6137,HSIL_12_patch07.png,0,403.8599853515625,912.3300170898438,100,100,0.1005999967455864
6138,HSIL_12_patch07.png,0,423.5400085449219,315.07000732421875,100,100,0.09669999778270721
6139,HSIL_12_patch07.png,0,202.8699951171875,269.80999755859375,100,100,0.09130000323057175
6140,HSIL_12_patch07.png,0,227.11000061035156,99.44999694824219,100,100,0.09120000153779984
6141,HSIL_12_patch07.png,0,858.4600219726562,132.42999267578125,100,100,0.08749999850988388
6142,HSIL_12_patch07.png,0,215.07000732421875,693.8099975585938,100,100,0.08569999784231186
6143,HSIL_12_patch07.png,0,543.1599731445312,904.5599975585938,100,100,0.08269999921321869
6144,HSIL_12_patch07.png,0,625.1699829101562,14.880000114440918,100,100,0.08030000329017639
6145,HSIL_12_patch07.png,0,831.9299926757812,352.9700012207031,100,100,0.07890000194311142
6146,HSIL_12_patch07.png,0,386.7799987792969,1013.6199951171875,100,100,0.0778999999165535
6147,HSIL_12_patch07.png,0,983.3699951171875,439.80999755859375,100,100,0.0771000012755394
6148,HSIL_12_patch07.png,0,699.3499755859375,819.47998046875,100,100,0.07590000331401825
6149,HSIL_12_patch07.png,0,431.9599914550781,133.55999755859375,100,100,0.0689999982714653
6150,HSIL_12_patch07.png,0,264.30999755859375,477.010009765625,100,100,0.06780000030994415
6151,HSIL_12_patch07.png,0,132.17999267578125,258.19000244140625,100,100,0.06729999929666519
6152,HSIL_12_patch07.png,0,989.010009765625,723.239990234375,100,100,0.06689999997615814
6153,HSIL_12_patch07.png,0,328.4200134277344,317.29998779296875,100,100,0.06589999794960022
6154,HSIL_12_patch07.png,0,584.0499877929688,629.27001953125,100,100,0.06419999897480011
6155,HSIL_12_patch07.png,0,949.9000244140625,644.0900268554688,100,100,0.06360000371932983
6156,HSIL_12_patch07.png,0,210.72000122070312,828.7100219726562,100,100,0.05849999934434891
6157,HSIL_12_patch07.png,0,593.4199829101562,982.280029296875,100,100,0.05790000036358833
6158,HSIL_12_patch07.png,0,423.55999755859375,94.56999969482422,100,100,0.05770000070333481
6159,HSIL_12_patch07.png,0,954.6699829101562,158.0,100,100,0.05620000138878822
6160,HSIL_12_patch07.png,0,308.9599914550781,400.82000732421875,100,100,0.05510000139474869
6161,HSIL_12_patch07.png,0,491.8800048828125,691.780029296875,100,100,0.05310000106692314
6162,HSIL_12_patch07.png,0,865.6300048828125,759.4400024414062,100,100,0.05270000174641609
6163,HSIL_12_patch07.png,0,153.38999938964844,727.4299926757812,100,100,0.05260000005364418
6164,HSIL_12_patch07.png,0,283.6000061035156,234.33999633789062,100,100,0.05009999871253967
6165,HSIL_12_patch07.png,0,880.1500244140625,1014.6099853515625,100,100,0.0494999997317791
6166,HSIL_12_patch07.png,0,437.4599914550781,207.0399932861328,100,100,0.0478999987244606
6167,HSIL_12_patch07.png,0,70.3499984741211,323.29998779296875,100,100,0.047600001096725464
6168,HSIL_12_patch07.png,0,133.30999755859375,7.170000076293945,100,100,0.04349999874830246
6169,HSIL_12_patch07.png,0,603.8200073242188,43.349998474121094,100,100,0.041600000113248825
6170,HSIL_12_patch07.png,0,479.8299865722656,206.60000610351562,100,100,0.040300000458955765
6171,HSIL_12_patch07.png,0,344.8399963378906,668.780029296875,100,100,0.039000000804662704
6172,HSIL_12_patch07.png,0,204.4199981689453,902.2999877929688,100,100,0.03869999945163727
6173,HSIL_12_patch07.png,0,711.6900024414062,5.329999923706055,100,100,0.03750000149011612
6174,HSIL_12_patch07.png,0,504.19000244140625,776.969970703125,100,100,0.03750000149011612
6175,HSIL_12_patch07.png,0,421.2099914550781,887.3499755859375,100,100,0.03720000013709068
6176,HSIL_12_patch07.png,0,511.0899963378906,466.57000732421875,100,100,0.0357000008225441
6177,HSIL_12_patch07.png,0,645.4400024414062,664.9299926757812,100,100,0.03550000116229057
6178,HSIL_12_patch07.png,0,207.72000122070312,210.6300048828125,100,100,0.032999999821186066
6179,HSIL_12_patch07.png,0,616.5900268554688,8.170000076293945,100,100,0.032600000500679016
6180,HSIL_12_patch07.png,0,173.92999267578125,136.6199951171875,100,100,0.03229999914765358
6181,HSIL_12_patch07.png,0,104.33000183105469,794.97998046875,100,100,0.03180000185966492
6182,HSIL_12_patch07.png,0,223.22999572753906,592.1300048828125,100,100,0.031199999153614044
6183,HSIL_12_patch07.png,0,953.510009765625,579.77001953125,100,100,0.030300000682473183
6184,HSIL_12_patch07.png,0,889.4600219726562,715.030029296875,100,100,0.029500000178813934
6185,HSIL_12_patch07.png,0,146.35000610351562,305.9100036621094,100,100,0.029100000858306885
6186,HSIL_12_patch07.png,0,157.63999938964844,442.5199890136719,100,100,0.028999999165534973
6187,HSIL_12_patch07.png,0,343.7099914550781,693.969970703125,100,100,0.02889999933540821
6188,HSIL_12_patch07.png,0,241.80999755859375,617.9500122070312,100,100,0.026799999177455902
6189,HSIL_12_patch07.png,0,702.6400146484375,28.68000030517578,100,100,0.026799999177455902
6190,HSIL_12_patch07.png,0,650.0599975585938,771.469970703125,100,100,0.02539999969303608
6191,HSIL_12_patch07.png,0,816.3099975585938,135.89999389648438,100,100,0.02459999918937683
6192,HSIL_12_patch07.png,0,583.780029296875,192.33999633789062,100,100,0.02459999918937683
6193,HSIL_12_patch07.png,0,451.92999267578125,48.31999969482422,100,100,0.023399999365210533
6194,HSIL_12_patch07.png,0,1017.4600219726562,659.9000244140625,100,100,0.023399999365210533
6195,HSIL_12_patch07.png,0,165.1699981689453,235.3800048828125,100,100,0.020999999716877937
6196,HSIL_12_patch07.png,0,906.760009765625,292.67999267578125,100,100,0.020600000396370888
6197,HSIL_12_patch07.png,0,7.230000019073486,590.3900146484375,100,100,0.0203000009059906
6198,HSIL_12_patch07.png,0,984.9099731445312,92.8499984741211,100,100,0.019600000232458115
6199,HSIL_12_patch07.png,0,619.3800048828125,825.9400024414062,100,100,0.017999999225139618
6200,HSIL_12_patch07.png,0,681.6699829101562,632.4299926757812,100,100,0.01730000041425228
6201,HSIL_12_patch07.png,0,612.27001953125,503.760009765625,100,100,0.016699999570846558
6202,HSIL_12_patch07.png,0,692.489990234375,518.6500244140625,100,100,0.016300000250339508
6203,HSIL_12_patch07.png,0,841.6300048828125,494.1499938964844,100,100,0.016200000420212746
6204,HSIL_12_patch07.png,0,714.280029296875,915.989990234375,100,100,0.01600000075995922
6205,HSIL_12_patch07.png,0,337.1300048828125,1018.239990234375,100,100,0.014600000344216824
6206,HSIL_12_patch07.png,0,684.1199951171875,576.4400024414062,100,100,0.014399999752640724
6207,HSIL_12_patch07.png,0,313.1300048828125,65.58999633789062,100,100,0.014399999752640724
6208,HSIL_12_patch07.png,0,344.3999938964844,858.0599975585938,100,100,0.014299999922513962
6209,HSIL_12_patch07.png,0,774.6799926757812,1007.8599853515625,100,100,0.014100000262260437
6210,HSIL_12_patch07.png,0,17.18000030517578,782.3300170898438,100,100,0.014000000432133675
6211,HSIL_12_patch07.png,0,940.97998046875,239.85000610351562,100,100,0.013799999840557575
6212,HSIL_12_patch07.png,0,391.5799865722656,256.8500061035156,100,100,0.013700000010430813
6213,HSIL_12_patch07.png,0,1018.010009765625,801.6699829101562,100,100,0.013199999928474426
6214,HSIL_12_patch07.png,0,1017.7100219726562,543.8499755859375,100,100,0.013100000098347664
6215,HSIL_12_patch07.png,0,73.66000366210938,508.54998779296875,100,100,0.012900000438094139
6216,HSIL_12_patch07.png,0,641.1300048828125,5.760000228881836,100,100,0.012400000356137753
6217,HSIL_12_patch07.png,0,686.9500122070312,271.9700012207031,100,100,0.012400000356137753
6218,HSIL_12_patch07.png,0,726.9099731445312,799.489990234375,100,100,0.012000000104308128
6219,HSIL_12_patch07.png,0,345.07000732421875,646.7899780273438,100,100,0.011699999682605267
6220,HSIL_12_patch07.png,0,505.25,34.34000015258789,100,100,0.011500000022351742
6221,HSIL_12_patch07.png,0,944.6400146484375,1017.219970703125,100,100,0.01140000019222498
6222,HSIL_12_patch07.png,0,234.89999389648438,360.739990234375,100,100,0.011300000362098217
6223,HSIL_12_patch07.png,0,136.52999877929688,746.97998046875,100,100,0.011300000362098217
6224,HSIL_12_patch07.png,0,190.8800048828125,659.02001953125,100,100,0.011099999770522118
6225,HSIL_12_patch07.png,0,395.79998779296875,924.9000244140625,100,100,0.011099999770522118
6226,HSIL_12_patch07.png,0,486.739990234375,422.8699951171875,100,100,0.010900000110268593
6227,HSIL_12_patch07.png,0,365.3999938964844,258.6000061035156,100,100,0.01080000028014183
6228,HSIL_12_patch07.png,0,691.72998046875,595.9600219726562,100,100,0.010700000450015068
6229,HSIL_12_patch07.png,0,982.8900146484375,264.20001220703125,100,100,0.010700000450015068
6230,HSIL_12_patch07.png,0,150.60000610351562,606.8099975585938,100,100,0.010499999858438969
6231,HSIL_12_patch07.png,0,865.1699829101562,839.3300170898438,100,100,0.010400000028312206
6232,HSIL_12_patch07.png,0,810.97998046875,426.7300109863281,100,100,0.009999999776482582
6233,HSIL_12_patch07.png,0,764.6400146484375,859.5700073242188,100,100,0.009999999776482582
6234,HSIL_12_patch07.png,0,503.3399963378906,878.3800048828125,100,100,0.00989999994635582
6235,HSIL_12_patch07.png,0,148.52999877929688,924.75,100,100,0.00930000003427267
6236,HSIL_12_patch07.png,0,346.94000244140625,6.849999904632568,100,100,0.008999999612569809
6237,HSIL_12_patch07.png,0,636.989990234375,393.29998779296875,100,100,0.008899999782443047
6238,HSIL_12_patch07.png,0,539.4400024414062,62.36000061035156,100,100,0.008700000122189522
6239,HSIL_12_patch07.png,0,184.14999389648438,548.77001953125,100,100,0.00860000029206276
6240,HSIL_12_patch07.png,0,435.239990234375,464.6499938964844,100,100,0.00860000029206276
6241,HSIL_12_patch07.png,0,240.8000030517578,593.4299926757812,100,100,0.00860000029206276
6242,HSIL_12_patch07.png,0,49.93000030517578,73.6500015258789,100,100,0.00860000029206276
6243,HSIL_12_patch07.png,0,218.9600067138672,201.9600067138672,100,100,0.008500000461935997
6244,HSIL_12_patch07.png,0,209.14999389648438,605.4199829101562,100,100,0.00839999970048666
6245,HSIL_12_patch07.png,0,8.770000457763672,939.6900024414062,100,100,0.008200000040233135
6246,HSIL_12_patch07.png,0,576.2899780273438,419.6099853515625,100,100,0.00800000037997961
6247,HSIL_12_patch07.png,0,708.1500244140625,593.239990234375,100,100,0.00800000037997961
6248,HSIL_12_patch07.png,0,118.83999633789062,51.75,100,100,0.007899999618530273
6249,HSIL_12_patch07.png,0,11.989999771118164,149.02000427246094,100,100,0.007899999618530273
6250,HSIL_12_patch07.png,0,658.5599975585938,392.32000732421875,100,100,0.007799999788403511
6251,HSIL_12_patch07.png,0,368.2799987792969,799.0800170898438,100,100,0.007499999832361937
6252,HSIL_12_patch07.png,0,613.010009765625,568.969970703125,100,100,0.007400000002235174
6253,HSIL_12_patch07.png,0,994.9000244140625,947.25,100,100,0.007199999876320362
6254,HSIL_12_patch07.png,0,295.55999755859375,702.5599975585938,100,100,0.007199999876320362
6255,HSIL_12_patch07.png,0,532.3099975585938,850.030029296875,100,100,0.007000000216066837
6256,HSIL_12_patch07.png,0,349.20001220703125,52.97999954223633,100,100,0.006899999920278788
6257,HSIL_12_patch07.png,0,916.1699829101562,90.52999877929688,100,100,0.006800000090152025
6258,HSIL_12_patch07.png,0,711.3300170898438,576.280029296875,100,100,0.0066999997943639755
6259,HSIL_12_patch07.png,0,451.4100036621094,173.99000549316406,100,100,0.006599999964237213
6260,HSIL_12_patch07.png,0,314.05999755859375,1015.4199829101562,100,100,0.006300000008195639
6261,HSIL_12_patch07.png,0,97.70999908447266,52.119998931884766,100,100,0.006099999882280827
6262,HSIL_12_patch07.png,0,235.39999389648438,920.2000122070312,100,100,0.006099999882280827
6263,HSIL_12_patch07.png,0,1009.4500122070312,1015.7999877929688,100,100,0.006000000052154064
6264,HSIL_12_patch07.png,0,942.8400268554688,85.16999816894531,100,100,0.005900000222027302
6265,HSIL_12_patch07.png,0,352.1499938964844,213.49000549316406,100,100,0.005799999926239252
6266,HSIL_12_patch07.png,0,204.07000732421875,179.41000366210938,100,100,0.005799999926239252
6267,HSIL_12_patch07.png,0,1002.1199951171875,378.1099853515625,100,100,0.00570000009611249
6268,HSIL_12_patch07.png,0,796.8300170898438,443.0299987792969,100,100,0.00570000009611249
6269,HSIL_12_patch07.png,0,249.8699951171875,358.3900146484375,100,100,0.00559999980032444
6270,HSIL_12_patch07.png,0,803.2100219726562,102.9800033569336,100,100,0.005400000140070915
6271,HSIL_12_patch07.png,0,486.2099914550781,156.4199981689453,100,100,0.005400000140070915
6272,HSIL_12_patch07.png,0,1005.0999755859375,555.3599853515625,100,100,0.005400000140070915
6273,HSIL_12_patch07.png,0,5.760000228881836,896.1500244140625,100,100,0.005400000140070915
6274,HSIL_12_patch07.png,0,885.8400268554688,221.66000366210938,100,100,0.0052999998442828655
6275,HSIL_12_patch07.png,0,562.5999755859375,563.6699829101562,100,100,0.0052999998442828655
6276,HSIL_12_patch07.png,0,11.460000038146973,882.510009765625,100,100,0.005200000014156103
6277,HSIL_12_patch07.png,0,846.2999877929688,98.30000305175781,100,100,0.005200000014156103
6278,HSIL_12_patch07.png,0,245.25,396.1099853515625,100,100,0.005100000184029341
6279,HSIL_12_patch07.png,0,41.439998626708984,269.45001220703125,100,100,0.005100000184029341
6280,HSIL_12_patch07.png,0,328.510009765625,684.3800048828125,100,100,0.004999999888241291
6281,HSIL_12_patch07.png,0,176.0800018310547,563.219970703125,100,100,0.004800000227987766
6282,HSIL_12_patch07.png,0,721.6400146484375,929.8099975585938,100,100,0.004800000227987766
6283,HSIL_12_patch07.png,0,745.780029296875,682.1199951171875,100,100,0.004699999932199717
6284,HSIL_12_patch07.png,0,235.92999267578125,508.6700134277344,100,100,0.004699999932199717
6285,HSIL_12_patch07.png,0,523.3599853515625,91.4000015258789,100,100,0.004699999932199717
6286,HSIL_12_patch07.png,0,847.6900024414062,612.489990234375,100,100,0.004699999932199717
6287,HSIL_12_patch07.png,0,635.6300048828125,916.4500122070312,100,100,0.004699999932199717
6288,HSIL_12_patch07.png,0,707.7000122070312,945.1300048828125,100,100,0.004600000102072954
6289,HSIL_12_patch07.png,0,207.3800048828125,678.77001953125,100,100,0.004600000102072954
6290,HSIL_12_patch07.png,0,291.3299865722656,851.47998046875,100,100,0.0044999998062849045
6291,HSIL_12_patch07.png,0,313.4800109863281,801.6300048828125,100,100,0.0044999998062849045
6292,HSIL_12_patch07.png,0,827.8499755859375,107.55999755859375,100,100,0.0044999998062849045
6293,HSIL_12_patch07.png,0,205.94000244140625,587.5900268554688,100,100,0.0044999998062849045
6294,HSIL_12_patch07.png,0,537.9500122070312,278.94000244140625,100,100,0.004399999976158142
6295,HSIL_12_patch07.png,0,509.739990234375,900.510009765625,100,100,0.004399999976158142
6296,HSIL_12_patch07.png,0,527.1900024414062,907.5599975585938,100,100,0.004399999976158142
6297,HSIL_12_patch07.png,0,13.319999694824219,537.6900024414062,100,100,0.00430000014603138
6298,HSIL_12_patch07.png,0,869.1300048828125,199.9499969482422,100,100,0.00430000014603138
6299,HSIL_12_patch07.png,0,78.87000274658203,880.8300170898438,100,100,0.00430000014603138
6300,HSIL_12_patch07.png,0,362.5,276.5799865722656,100,100,0.00419999985024333
6301,HSIL_12_patch07.png,0,829.6699829101562,446.3500061035156,100,100,0.00419999985024333
6302,HSIL_12_patch07.png,0,838.469970703125,310.7799987792969,100,100,0.004100000020116568
6303,HSIL_12_patch07.png,0,6.690000057220459,922.0599975585938,100,100,0.004100000020116568
6304,HSIL_12_patch07.png,0,707.6099853515625,962.469970703125,100,100,0.004000000189989805
6305,HSIL_12_patch07.png,0,636.6699829101562,846.0999755859375,100,100,0.004000000189989805
6306,HSIL_12_patch07.png,0,371.95001220703125,405.7900085449219,100,100,0.0038999998942017555
6307,HSIL_12_patch07.png,0,223.44000244140625,391.57000732421875,100,100,0.0038999998942017555
6308,HSIL_12_patch07.png,0,6.199999809265137,104.2699966430664,100,100,0.0038999998942017555
6309,HSIL_12_patch07.png,0,281.9200134277344,168.02000427246094,100,100,0.003800000064074993
6310,HSIL_12_patch07.png,0,28.290000915527344,78.37000274658203,100,100,0.003800000064074993
6311,HSIL_12_patch07.png,0,593.3200073242188,890.8099975585938,100,100,0.003800000064074993
6312,HSIL_12_patch07.png,0,355.9800109863281,784.3599853515625,100,100,0.003800000064074993
6313,HSIL_12_patch07.png,0,148.64999389648438,539.0800170898438,100,100,0.003700000001117587
6314,HSIL_12_patch07.png,0,417.0,853.1900024414062,100,100,0.003700000001117587
6315,HSIL_12_patch07.png,0,852.0999755859375,531.0900268554688,100,100,0.003599999938160181
6316,HSIL_12_patch07.png,0,225.1999969482422,433.7099914550781,100,100,0.003599999938160181
6317,HSIL_12_patch07.png,0,263.94000244140625,829.8200073242188,100,100,0.0035000001080334187
6318,HSIL_12_patch07.png,0,973.8200073242188,102.18000030517578,100,100,0.0035000001080334187
6319,HSIL_12_patch07.png,0,247.75,213.35000610351562,100,100,0.0034000000450760126
6320,HSIL_12_patch07.png,0,274.5799865722656,513.6699829101562,100,100,0.0034000000450760126
6321,HSIL_12_patch07.png,0,1015.0800170898438,479.989990234375,100,100,0.0034000000450760126
6322,HSIL_12_patch07.png,0,358.1700134277344,308.1700134277344,100,100,0.0034000000450760126
6323,HSIL_12_patch07.png,0,6.510000228881836,450.5400085449219,100,100,0.0034000000450760126
6324,HSIL_12_patch07.png,0,20.18000030517578,333.3900146484375,100,100,0.0034000000450760126
6325,HSIL_12_patch07.png,0,510.4599914550781,482.6099853515625,100,100,0.0034000000450760126
6326,HSIL_12_patch07.png,0,187.50999450683594,853.6400146484375,100,100,0.0034000000450760126
6327,HSIL_12_patch07.png,0,578.1900024414062,800.280029296875,100,100,0.0032999999821186066
6328,HSIL_12_patch07.png,0,849.6400146484375,142.72999572753906,100,100,0.0031999999191612005
6329,HSIL_12_patch07.png,0,782.4199829101562,449.8299865722656,100,100,0.0031999999191612005
6330,HSIL_12_patch07.png,0,552.0900268554688,97.75,100,100,0.003100000089034438
6331,HSIL_12_patch07.png,0,115.30999755859375,786.5399780273438,100,100,0.003100000089034438
6332,HSIL_12_patch07.png,0,117.8499984741211,614.0599975585938,100,100,0.003000000026077032
6333,HSIL_12_patch07.png,0,505.3800048828125,548.9199829101562,100,100,0.003000000026077032
6334,HSIL_12_patch07.png,0,129.75,443.3900146484375,100,100,0.003000000026077032
6335,HSIL_12_patch07.png,0,657.489990234375,126.55999755859375,100,100,0.003000000026077032
6336,HSIL_12_patch07.png,0,117.13999938964844,745.760009765625,100,100,0.003000000026077032
6337,HSIL_12_patch07.png,0,300.7900085449219,520.280029296875,100,100,0.003000000026077032
6338,HSIL_12_patch07.png,0,531.0900268554688,882.1500244140625,100,100,0.002899999963119626
6339,HSIL_12_patch07.png,0,265.1300048828125,384.7099914550781,100,100,0.002899999963119626
6340,HSIL_12_patch07.png,0,648.25,835.8400268554688,100,100,0.002899999963119626
6341,HSIL_12_patch07.png,0,537.5800170898438,568.25,100,100,0.00279999990016222
6342,HSIL_12_patch07.png,0,343.57000732421875,399.1600036621094,100,100,0.00279999990016222
6343,HSIL_12_patch07.png,0,719.8599853515625,267.54998779296875,100,100,0.00279999990016222
6344,HSIL_12_patch07.png,0,17.639999389648438,93.72000122070312,100,100,0.0027000000700354576
6345,HSIL_12_patch07.png,0,170.8300018310547,647.4000244140625,100,100,0.0027000000700354576
6346,HSIL_12_patch07.png,0,327.5199890136719,808.7899780273438,100,100,0.0027000000700354576
6347,HSIL_12_patch07.png,0,176.1699981689453,842.9099731445312,100,100,0.0027000000700354576
6348,HSIL_12_patch07.png,0,895.3900146484375,195.74000549316406,100,100,0.0026000000070780516
6349,HSIL_12_patch07.png,0,907.0900268554688,65.33000183105469,100,100,0.0026000000070780516
6350,HSIL_12_patch07.png,0,293.739990234375,829.0,100,100,0.0026000000070780516
6351,HSIL_12_patch07.png,0,915.0399780273438,240.33999633789062,100,100,0.0026000000070780516
6352,HSIL_12_patch07.png,0,125.66000366210938,202.8699951171875,100,100,0.0024999999441206455
6353,HSIL_12_patch07.png,0,242.77999877929688,417.2900085449219,100,100,0.0024999999441206455
6354,HSIL_12_patch07.png,0,545.0599975585938,596.1400146484375,100,100,0.0024999999441206455
6355,HSIL_12_patch07.png,0,531.1500244140625,180.22000122070312,100,100,0.0024999999441206455
6356,HSIL_12_patch07.png,0,25.239999771118164,857.7899780273438,100,100,0.002400000113993883
6357,HSIL_12_patch07.png,0,342.55999755859375,182.02999877929688,100,100,0.002400000113993883
6358,HSIL_12_patch07.png,0,630.0700073242188,815.1699829101562,100,100,0.002400000113993883
6359,HSIL_12_patch07.png,0,575.260009765625,815.3599853515625,100,100,0.002400000113993883
6360,HSIL_12_patch07.png,0,118.19999694824219,72.16999816894531,100,100,0.002400000113993883
6361,HSIL_12_patch07.png,0,354.32000732421875,679.6900024414062,100,100,0.002300000051036477
6362,HSIL_12_patch07.png,0,149.6999969482422,428.7300109863281,100,100,0.002300000051036477
6363,HSIL_12_patch07.png,0,481.2699890136719,901.3400268554688,100,100,0.002300000051036477
6364,HSIL_12_patch07.png,0,170.25999450683594,432.8599853515625,100,100,0.002300000051036477
6365,HSIL_12_patch07.png,0,556.97998046875,791.75,100,100,0.002300000051036477
6366,HSIL_12_patch07.png,0,146.61000061035156,495.2200012207031,100,100,0.002300000051036477
6367,HSIL_12_patch07.png,0,949.3499755859375,283.5299987792969,100,100,0.002199999988079071
6368,HSIL_12_patch07.png,0,160.44000244140625,342.6600036621094,100,100,0.002199999988079071
6369,HSIL_12_patch07.png,0,92.6500015258789,568.9000244140625,100,100,0.002099999925121665
6370,HSIL_12_patch07.png,0,675.2100219726562,65.56999969482422,100,100,0.002099999925121665
6371,HSIL_12_patch07.png,0,248.27000427246094,435.3399963378906,100,100,0.002099999925121665
6372,HSIL_12_patch07.png,0,651.3699951171875,540.8300170898438,100,100,0.002099999925121665
6373,HSIL_12_patch07.png,0,771.6099853515625,625.6900024414062,100,100,0.0019000000320374966
6374,HSIL_12_patch07.png,0,455.7099914550781,228.38999938964844,100,100,0.0019000000320374966
6375,HSIL_12_patch07.png,0,340.739990234375,632.760009765625,100,100,0.0017999999690800905
6376,HSIL_12_patch07.png,0,835.530029296875,433.30999755859375,100,100,0.0017999999690800905
6377,HSIL_12_patch07.png,0,752.489990234375,493.9200134277344,100,100,0.0017999999690800905
6378,HSIL_12_patch07.png,0,593.260009765625,615.969970703125,100,100,0.0017999999690800905
6379,HSIL_12_patch07.png,0,116.61000061035156,769.5900268554688,100,100,0.0017000000225380063
6380,HSIL_12_patch07.png,0,633.5800170898438,140.0800018310547,100,100,0.0017000000225380063
6381,HSIL_12_patch07.png,0,240.05999755859375,196.3699951171875,100,100,0.0017000000225380063
6382,HSIL_12_patch07.png,0,383.7200012207031,869.72998046875,100,100,0.0017000000225380063
6383,HSIL_12_patch07.png,0,608.52001953125,275.1400146484375,100,100,0.0017000000225380063
6384,HSIL_12_patch07.png,0,241.94000244140625,953.6799926757812,100,100,0.0017000000225380063
6385,HSIL_12_patch07.png,0,13.109999656677246,411.6400146484375,100,100,0.0017000000225380063
6386,HSIL_12_patch07.png,0,624.0499877929688,295.9800109863281,100,100,0.0015999999595806003
6387,HSIL_12_patch07.png,0,823.9600219726562,223.5399932861328,100,100,0.0015999999595806003
6388,HSIL_12_patch07.png,0,945.0599975585938,136.0,100,100,0.0015999999595806003
6389,HSIL_12_patch07.png,0,603.5599975585938,848.489990234375,100,100,0.0015999999595806003
6390,HSIL_12_patch07.png,0,248.0800018310547,454.510009765625,100,100,0.0015999999595806003
6391,HSIL_12_patch07.png,0,603.27001953125,877.469970703125,100,100,0.001500000013038516
6392,HSIL_12_patch07.png,0,306.8999938964844,894.7100219726562,100,100,0.001500000013038516
6393,HSIL_12_patch07.png,0,726.219970703125,659.6599731445312,100,100,0.001500000013038516
6394,HSIL_12_patch07.png,0,268.1199951171875,358.4599914550781,100,100,0.001500000013038516
6395,HSIL_12_patch07.png,0,835.7000122070312,193.2100067138672,100,100,0.00139999995008111
6396,HSIL_12_patch07.png,0,704.3200073242188,977.010009765625,100,100,0.00139999995008111
6397,HSIL_12_patch07.png,0,108.45999908447266,231.6199951171875,100,100,0.00139999995008111
6398,HSIL_12_patch07.png,0,863.0499877929688,215.6699981689453,100,100,0.00139999995008111
6399,HSIL_12_patch07.png,0,330.3399963378906,837.75,100,100,0.00139999995008111
6400,HSIL_12_patch07.png,0,528.5700073242188,551.989990234375,100,100,0.0013000000035390258
6401,HSIL_12_patch07.png,0,91.58000183105469,789.3400268554688,100,100,0.0013000000035390258
6402,HSIL_12_patch07.png,0,369.8299865722656,860.5800170898438,100,100,0.0013000000035390258
6403,HSIL_12_patch07.png,0,243.55999755859375,893.4199829101562,100,100,0.0012000000569969416
6404,HSIL_12_patch07.png,0,936.719970703125,256.6300048828125,100,100,0.0012000000569969416
6405,HSIL_12_patch07.png,0,333.1600036621094,442.07000732421875,100,100,0.0012000000569969416
6406,HSIL_12_patch07.png,0,916.1799926757812,907.2100219726562,100,100,0.0012000000569969416
6407,HSIL_12_patch07.png,0,527.0399780273438,531.9199829101562,100,100,0.0012000000569969416
6408,HSIL_12_patch07.png,0,911.0700073242188,190.6699981689453,100,100,0.0010999999940395355
6409,HSIL_12_patch08.png,0,494.99,838.56,100,100,0.6222
6410,HSIL_12_patch08.png,0,110.88,585.26,100,100,0.5962
6411,HSIL_12_patch08.png,0,189.57,943.01,100,100,0.5818
6412,HSIL_12_patch08.png,0,49.1,561.82,100,100,0.57
6413,HSIL_12_patch08.png,0,168.82,839.8,100,100,0.5265
6414,HSIL_12_patch08.png,0,249.38,789.1,100,100,0.3974
6415,HSIL_12_patch08.png,0,114.38,486.34,100,100,0.3437
6416,HSIL_12_patch08.png,0,217.48,846.43,100,100,0.3429
6417,HSIL_12_patch08.png,0,15.61,687.85,100,100,0.3076
6418,HSIL_12_patch08.png,0,471.06,12.67,100,100,0.2809
6419,HSIL_12_patch08.png,0,419.92999267578125,645.1300048828125,100,100,0.27129998803138733
6420,HSIL_12_patch08.png,0,879.469970703125,226.14999389648438,100,100,0.25450000166893005
6421,HSIL_12_patch08.png,0,172.53,738.51,100,100,0.2484
6422,HSIL_12_patch08.png,0,81.67,868.48,100,100,0.2436
6423,HSIL_12_patch08.png,0,27.33,813.81,100,100,0.2422
6424,HSIL_12_patch08.png,0,966.1599731445312,455.4200134277344,100,100,0.22699999809265137
6425,HSIL_12_patch08.png,0,127.13999938964844,787.969970703125,100,100,0.21649999916553497
6426,HSIL_12_patch08.png,0,775.8200073242188,54.310001373291016,100,100,0.2012999951839447
6427,HSIL_12_patch08.png,0,936.8699951171875,211.00999450683594,100,100,0.1898999959230423
6428,HSIL_12_patch08.png,0,427.5799865722656,705.1400146484375,100,100,0.18529999256134033
6429,HSIL_12_patch08.png,0,18.920000076293945,431.04998779296875,100,100,0.1817999929189682
6430,HSIL_12_patch08.png,0,953.3300170898438,247.13999938964844,100,100,0.1678999960422516
6431,HSIL_12_patch08.png,0,74.36,906.02,100,100,0.1624
6432,HSIL_12_patch08.png,0,47.40999984741211,671.6500244140625,100,100,0.15479999780654907
6433,HSIL_12_patch08.png,0,902.3599853515625,653.3499755859375,100,100,0.15360000729560852
6434,HSIL_12_patch08.png,0,631.01,772.66,100,100,0.149
6435,HSIL_12_patch08.png,0,949.0700073242188,56.15999984741211,100,100,0.14790000021457672
6436,HSIL_12_patch08.png,0,240.72999572753906,481.55999755859375,100,100,0.12710000574588776
6437,HSIL_12_patch08.png,0,10.130000114440918,486.3500061035156,100,100,0.11479999870061874
6438,HSIL_12_patch08.png,0,848.77001953125,149.1999969482422,100,100,0.11349999904632568
6439,HSIL_12_patch08.png,0,705.1500244140625,737.3499755859375,100,100,0.10180000215768814
6440,HSIL_12_patch08.png,0,926.6799926757812,734.0399780273438,100,100,0.0917000025510788
6441,HSIL_12_patch08.png,0,1017.739990234375,266.29998779296875,100,100,0.09109999984502792
6442,HSIL_12_patch08.png,0,976.1599731445312,40.66999816894531,100,100,0.08810000121593475
6443,HSIL_12_patch08.png,0,278.0199890136719,676.6199951171875,100,100,0.0868000015616417
6444,HSIL_12_patch08.png,0,116.48999786376953,761.9500122070312,100,100,0.08429999649524689
6445,HSIL_12_patch08.png,0,376.6300048828125,829.9299926757812,100,100,0.0731000006198883
6446,HSIL_12_patch08.png,0,862.6699829101562,776.1699829101562,100,100,0.06849999725818634
6447,HSIL_12_patch08.png,0,108.69999694824219,844.9199829101562,100,100,0.0674000009894371
6448,HSIL_12_patch08.png,0,82.33999633789062,470.1700134277344,100,100,0.06129999831318855
6449,HSIL_12_patch08.png,0,511.6600036621094,963.6300048828125,100,100,0.05950000137090683
6450,HSIL_12_patch08.png,0,88.45999908447266,697.8699951171875,100,100,0.05770000070333481
6451,HSIL_12_patch08.png,0,962.0,5.949999809265137,100,100,0.05719999969005585
6452,HSIL_12_patch08.png,0,939.75,277.4700012207031,100,100,0.055399999022483826
6453,HSIL_12_patch08.png,0,463.69000244140625,660.4099731445312,100,100,0.05220000073313713
6454,HSIL_12_patch08.png,0,16.889999389648438,509.7099914550781,100,100,0.05220000073313713
6455,HSIL_12_patch08.png,0,810.2100219726562,11.850000381469727,100,100,0.04500000178813934
6456,HSIL_12_patch08.png,0,940.280029296875,21.1200008392334,100,100,0.03840000182390213
6457,HSIL_12_patch08.png,0,344.6300048828125,711.219970703125,100,100,0.037300001829862595
6458,HSIL_12_patch08.png,0,320.2300109863281,706.4199829101562,100,100,0.03359999880194664
6459,HSIL_12_patch08.png,0,893.5999755859375,149.4499969482422,100,100,0.032099999487400055
6460,HSIL_12_patch08.png,0,653.6099853515625,829.4199829101562,100,100,0.03150000050663948
6461,HSIL_12_patch08.png,0,461.29998779296875,627.9099731445312,100,100,0.03139999881386757
6462,HSIL_12_patch08.png,0,37.41999816894531,398.1600036621094,100,100,0.029999999329447746
6463,HSIL_12_patch08.png,0,181.1199951171875,607.0999755859375,100,100,0.0272000003606081
6464,HSIL_12_patch08.png,0,19.8799991607666,849.7100219726562,100,100,0.026799999177455902
6465,HSIL_12_patch08.png,0,889.8499755859375,501.30999755859375,100,100,0.02250000089406967
6466,HSIL_12_patch08.png,0,233.4199981689453,670.260009765625,100,100,0.02160000056028366
6467,HSIL_12_patch08.png,0,451.489990234375,694.75,100,100,0.021299999207258224
6468,HSIL_12_patch08.png,0,881.6400146484375,1018.2999877929688,100,100,0.01899999938905239
6469,HSIL_12_patch08.png,0,297.5899963378906,704.260009765625,100,100,0.01759999990463257
6470,HSIL_12_patch08.png,0,890.4500122070312,790.2100219726562,100,100,0.017100000753998756
6471,HSIL_12_patch08.png,0,522.1599731445312,688.780029296875,100,100,0.016599999740719795
6472,HSIL_12_patch08.png,0,486.6199951171875,504.5400085449219,100,100,0.016300000250339508
6473,HSIL_12_patch08.png,0,649.3800048828125,694.8099975585938,100,100,0.014800000004470348
6474,HSIL_12_patch08.png,0,549.510009765625,937.02001953125,100,100,0.013500000350177288
6475,HSIL_12_patch08.png,0,934.4600219726562,163.6699981689453,100,100,0.013399999588727951
6476,HSIL_12_patch08.png,0,148.27000427246094,363.94000244140625,100,100,0.012799999676644802
6477,HSIL_12_patch08.png,0,694.4600219726562,660.6500244140625,100,100,0.012500000186264515
6478,HSIL_12_patch08.png,0,317.7200012207031,164.3300018310547,100,100,0.010599999688565731
6479,HSIL_12_patch08.png,0,484.2300109863281,9.220000267028809,100,100,0.010599999688565731
6480,HSIL_12_patch08.png,0,608.3300170898438,883.3800048828125,100,100,0.00989999994635582
6481,HSIL_12_patch08.png,0,993.969970703125,196.77999877929688,100,100,0.009100000374019146
6482,HSIL_12_patch08.png,0,247.0399932861328,500.7099914550781,100,100,0.008500000461935997
6483,HSIL_12_patch08.png,0,154.72999572753906,727.989990234375,100,100,0.00839999970048666
6484,HSIL_12_patch08.png,0,229.83999633789062,472.3800048828125,100,100,0.008200000040233135
6485,HSIL_12_patch08.png,0,932.3200073242188,892.8200073242188,100,100,0.008200000040233135
6486,HSIL_12_patch08.png,0,683.8499755859375,816.5499877929688,100,100,0.00800000037997961
6487,HSIL_12_patch08.png,0,685.1900024414062,909.7000122070312,100,100,0.007899999618530273
6488,HSIL_12_patch08.png,0,753.2100219726562,735.760009765625,100,100,0.007799999788403511
6489,HSIL_12_patch08.png,0,341.4800109863281,527.8200073242188,100,100,0.007699999958276749
6490,HSIL_12_patch08.png,0,460.1099853515625,17.8799991607666,100,100,0.007600000128149986
6491,HSIL_12_patch08.png,0,210.19000244140625,720.4299926757812,100,100,0.007300000172108412
6492,HSIL_12_patch08.png,0,494.489990234375,313.0799865722656,100,100,0.007300000172108412
6493,HSIL_12_patch08.png,0,825.4099731445312,510.9599914550781,100,100,0.0071000000461936
6494,HSIL_12_patch08.png,0,99.44999694824219,476.1600036621094,100,100,0.0071000000461936
6495,HSIL_12_patch08.png,0,961.3200073242188,259.2699890136719,100,100,0.007000000216066837
6496,HSIL_12_patch08.png,0,409.010009765625,909.5599975585938,100,100,0.007000000216066837
6497,HSIL_12_patch08.png,0,623.0499877929688,782.8800048828125,100,100,0.006899999920278788
6498,HSIL_12_patch08.png,0,121.43000030517578,475.29998779296875,100,100,0.006800000090152025
6499,HSIL_12_patch08.png,0,908.260009765625,228.22999572753906,100,100,0.0066999997943639755
6500,HSIL_12_patch08.png,0,105.91000366210938,889.1599731445312,100,100,0.006200000178068876
6501,HSIL_12_patch08.png,0,496.010009765625,34.619998931884766,100,100,0.006200000178068876
6502,HSIL_12_patch08.png,0,352.510009765625,514.5900268554688,100,100,0.006200000178068876
6503,HSIL_12_patch08.png,0,161.1300048828125,823.2999877929688,100,100,0.005799999926239252
6504,HSIL_12_patch08.png,0,786.030029296875,865.2100219726562,100,100,0.00570000009611249
6505,HSIL_12_patch08.png,0,180.63999938964844,833.7999877929688,100,100,0.00559999980032444
6506,HSIL_12_patch08.png,0,232.77000427246094,842.5700073242188,100,100,0.005499999970197678
6507,HSIL_12_patch08.png,0,59.04999923706055,551.760009765625,100,100,0.005400000140070915
6508,HSIL_12_patch08.png,0,199.72000122070312,934.1900024414062,100,100,0.0052999998442828655
6509,HSIL_12_patch08.png,0,405.7300109863281,882.8699951171875,100,100,0.005200000014156103
6510,HSIL_12_patch08.png,0,415.3800048828125,711.0900268554688,100,100,0.005100000184029341
6511,HSIL_12_patch08.png,0,759.5,753.27001953125,100,100,0.004999999888241291
6512,HSIL_12_patch08.png,0,7.260000228881836,418.7200012207031,100,100,0.004999999888241291
6513,HSIL_12_patch08.png,0,6.5,677.27001953125,100,100,0.004800000227987766
6514,HSIL_12_patch08.png,0,169.1300048828125,681.6599731445312,100,100,0.004800000227987766
6515,HSIL_12_patch08.png,0,120.75,574.719970703125,100,100,0.004600000102072954
6516,HSIL_12_patch08.png,0,827.4500122070312,146.3000030517578,100,100,0.00419999985024333
6517,HSIL_12_patch08.png,0,923.6099853515625,218.8800048828125,100,100,0.00419999985024333
6518,HSIL_12_patch08.png,0,34.88999938964844,556.5599975585938,100,100,0.004100000020116568
6519,HSIL_12_patch08.png,0,686.3699951171875,715.6900024414062,100,100,0.004100000020116568
6520,HSIL_12_patch08.png,0,186.77000427246094,741.8200073242188,100,100,0.0038999998942017555
6521,HSIL_12_patch08.png,0,139.64999389648438,972.3400268554688,100,100,0.003800000064074993
6522,HSIL_12_patch08.png,0,478.2900085449219,830.2999877929688,100,100,0.003800000064074993
6523,HSIL_12_patch08.png,0,765.47998046875,721.6400146484375,100,100,0.003700000001117587
6524,HSIL_12_patch08.png,0,160.8699951171875,391.92999267578125,100,100,0.003700000001117587
6525,HSIL_12_patch08.png,0,182.0800018310547,931.4500122070312,100,100,0.003700000001117587
6526,HSIL_12_patch08.png,0,193.6999969482422,363.1400146484375,100,100,0.0034000000450760126
6527,HSIL_12_patch08.png,0,920.0499877929688,778.4199829101562,100,100,0.0032999999821186066
6528,HSIL_12_patch08.png,0,507.67999267578125,843.489990234375,100,100,0.0031999999191612005
6529,HSIL_12_patch08.png,0,795.1500244140625,807.1599731445312,100,100,0.003100000089034438
6530,HSIL_12_patch08.png,0,178.72999572753906,854.780029296875,100,100,0.003000000026077032
6531,HSIL_12_patch08.png,0,153.19000244140625,837.8900146484375,100,100,0.003000000026077032
6532,HSIL_12_patch08.png,0,34.08000183105469,416.1700134277344,100,100,0.002899999963119626
6533,HSIL_12_patch08.png,0,96.4800033569336,576.8900146484375,100,100,0.00279999990016222
6534,HSIL_12_patch08.png,0,227.72000122070312,489.3999938964844,100,100,0.0024999999441206455
6535,HSIL_12_patch08.png,0,507.5400085449219,828.1400146484375,100,100,0.0024999999441206455
6536,HSIL_12_patch08.png,0,940.3099975585938,243.67999267578125,100,100,0.0024999999441206455
6537,HSIL_12_patch08.png,0,237.1699981689453,781.219970703125,100,100,0.002400000113993883
6538,HSIL_12_patch08.png,0,36.720001220703125,804.2100219726562,100,100,0.002400000113993883
6539,HSIL_12_patch08.png,0,482.4599914550781,103.43000030517578,100,100,0.002400000113993883
6540,HSIL_12_patch08.png,0,452.67999267578125,5.860000133514404,100,100,0.002199999988079071
6541,HSIL_12_patch08.png,0,134.88999938964844,775.8200073242188,100,100,0.002099999925121665
6542,HSIL_12_patch08.png,0,11.170000076293945,558.8300170898438,100,100,0.002099999925121665
6543,HSIL_12_patch08.png,0,4.889999866485596,856.25,100,100,0.0020000000949949026
6544,HSIL_12_patch08.png,0,781.9299926757812,40.91999816894531,100,100,0.0020000000949949026
6545,HSIL_12_patch08.png,0,253.5,478.6099853515625,100,100,0.0020000000949949026
6546,HSIL_12_patch08.png,0,561.3200073242188,695.989990234375,100,100,0.0020000000949949026
6547,HSIL_12_patch08.png,0,623.1699829101562,759.3300170898438,100,100,0.0019000000320374966
6548,HSIL_12_patch08.png,0,111.0,512.4199829101562,100,100,0.0019000000320374966
6549,HSIL_12_patch08.png,0,203.11000061035156,950.4500122070312,100,100,0.0019000000320374966
6550,HSIL_12_patch08.png,0,650.5599975585938,768.1900024414062,100,100,0.0019000000320374966
6551,HSIL_12_patch08.png,0,574.8699951171875,711.3900146484375,100,100,0.0019000000320374966
6552,HSIL_12_patch08.png,0,444.739990234375,895.97998046875,100,100,0.0019000000320374966
6553,HSIL_12_patch08.png,0,866.1799926757812,221.89999389648438,100,100,0.0019000000320374966
6554,HSIL_12_patch08.png,0,906.2899780273438,982.030029296875,100,100,0.0017999999690800905
6555,HSIL_12_patch08.png,0,152.0399932861328,301.30999755859375,100,100,0.0017999999690800905
6556,HSIL_12_patch08.png,0,431.44000244140625,633.7899780273438,100,100,0.0017999999690800905
6557,HSIL_12_patch08.png,0,305.5799865722656,515.9299926757812,100,100,0.0017999999690800905
6558,HSIL_12_patch08.png,0,196.80999755859375,841.7000122070312,100,100,0.0017999999690800905
6559,HSIL_12_patch08.png,0,62.22999954223633,653.6400146484375,100,100,0.0017000000225380063
6560,HSIL_12_patch08.png,0,174.00999450683594,816.1099853515625,100,100,0.0017000000225380063
6561,HSIL_12_patch08.png,0,554.969970703125,915.8099975585938,100,100,0.0015999999595806003
6562,HSIL_12_patch08.png,0,99.08000183105469,593.9400024414062,100,100,0.0015999999595806003
6563,HSIL_12_patch08.png,0,18.420000076293945,414.8900146484375,100,100,0.0015999999595806003
6564,HSIL_12_patch08.png,0,100.5999984741211,932.1699829101562,100,100,0.001500000013038516
6565,HSIL_12_patch08.png,0,643.3699951171875,846.0700073242188,100,100,0.001500000013038516
6566,HSIL_12_patch08.png,0,555.9299926757812,750.9400024414062,100,100,0.00139999995008111
6567,HSIL_12_patch08.png,0,90.45999908447266,894.6300048828125,100,100,0.0013000000035390258
6568,HSIL_12_patch08.png,0,188.0800018310547,725.0999755859375,100,100,0.0012000000569969416
6569,HSIL_12_patch09.png,0,584.23,897.93,100,100,0.6874
6570,HSIL_12_patch09.png,0,152.02,778.49,100,100,0.6829
6571,HSIL_12_patch09.png,0,305.72,789.43,100,100,0.6201
6572,HSIL_12_patch09.png,0,80.03,417.32,100,100,0.6113
6573,HSIL_12_patch09.png,0,663.94,201.68,100,100,0.569
6574,HSIL_12_patch09.png,0,276.47,71.76,100,100,0.5062
6575,HSIL_12_patch09.png,0,516.98,547.77,100,100,0.4717
6576,HSIL_12_patch09.png,0,137.78,150.28,100,100,0.4643
6577,HSIL_12_patch09.png,0,246.86,164.92,100,100,0.464
6578,HSIL_12_patch09.png,0,607.7,99.46,100,100,0.4536
6579,HSIL_12_patch09.png,0,16.98,359.79,100,100,0.4181
6580,HSIL_12_patch09.png,0,52.06,542.94,100,100,0.4008
6581,HSIL_12_patch09.png,0,222.44,265.18,100,100,0.364
6582,HSIL_12_patch09.png,0,835.95,621.07,100,100,0.3255
6583,HSIL_12_patch09.png,0,54.57,743.61,100,100,0.2847
6584,HSIL_12_patch09.png,0,509.65,175.24,100,100,0.254
6585,HSIL_12_patch09.png,0,98.46,523.08,100,100,0.2535
6586,HSIL_12_patch09.png,0,49.92,471.07,100,100,0.2478
6587,HSIL_12_patch09.png,0,401.5,719.489990234375,100,100,0.21879999339580536
6588,HSIL_12_patch09.png,0,863.0800170898438,120.4800033569336,100,100,0.15330000221729279
6589,HSIL_12_patch09.png,0,108.30999755859375,657.6799926757812,100,100,0.13429999351501465
6590,HSIL_12_patch09.png,0,433.5400085449219,12.760000228881836,100,100,0.13120000064373016
6591,HSIL_12_patch09.png,0,250.57000732421875,864.6199951171875,100,100,0.1264999955892563
6592,HSIL_12_patch09.png,0,342.30999755859375,992.5900268554688,100,100,0.12080000340938568
6593,HSIL_12_patch09.png,0,451.8299865722656,163.27000427246094,100,100,0.11249999701976776
6594,HSIL_12_patch09.png,0,455.0,998.5900268554688,100,100,0.11240000277757645
6595,HSIL_12_patch09.png,0,184.08999633789062,163.3000030517578,100,100,0.10790000110864639
6596,HSIL_12_patch09.png,0,174.83999633789062,887.0499877929688,100,100,0.10450000315904617
6597,HSIL_12_patch09.png,0,669.52001953125,10.449999809265137,100,100,0.09489999711513519
6598,HSIL_12_patch09.png,0,20.200000762939453,672.0900268554688,100,100,0.09319999814033508
6599,HSIL_12_patch09.png,0,735.5999755859375,7.630000114440918,100,100,0.09189999848604202
6600,HSIL_12_patch09.png,0,266.2799987792969,174.8699951171875,100,100,0.07850000262260437
6601,HSIL_12_patch09.png,0,688.6300048828125,910.280029296875,100,100,0.07180000096559525
6602,HSIL_12_patch09.png,0,38.93000030517578,402.1400146484375,100,100,0.07129999995231628
6603,HSIL_12_patch09.png,0,383.4200134277344,769.3099975585938,100,100,0.06400000303983688
6604,HSIL_12_patch09.png,0,673.8099975585938,21.25,100,100,0.0632999986410141
6605,HSIL_12_patch09.png,0,234.6699981689453,159.6999969482422,100,100,0.061900001019239426
6606,HSIL_12_patch09.png,0,186.1300048828125,729.7999877929688,100,100,0.06159999966621399
6607,HSIL_12_patch09.png,0,60.7400016784668,168.30999755859375,100,100,0.060499999672174454
6608,HSIL_12_patch09.png,0,87.30999755859375,477.0899963378906,100,100,0.05420000106096268
6609,HSIL_12_patch09.png,0,103.06999969482422,597.6400146484375,100,100,0.052400000393390656
6610,HSIL_12_patch09.png,0,710.510009765625,641.8200073242188,100,100,0.05139999836683273
6611,HSIL_12_patch09.png,0,132.91000366210938,136.32000732421875,100,100,0.04520000144839287
6612,HSIL_12_patch09.png,0,9.800000190734863,783.3599853515625,100,100,0.041099999099969864
6613,HSIL_12_patch09.png,0,1010.9099731445312,35.08000183105469,100,100,0.040300000458955765
6614,HSIL_12_patch09.png,0,842.719970703125,17.610000610351562,100,100,0.03799999877810478
6615,HSIL_12_patch09.png,0,302.739990234375,869.1699829101562,100,100,0.03790000081062317
6616,HSIL_12_patch09.png,0,85.6500015258789,279.739990234375,100,100,0.037700001150369644
6617,HSIL_12_patch09.png,0,722.0399780273438,881.75,100,100,0.03579999879002571
6618,HSIL_12_patch09.png,0,960.4299926757812,77.2300033569336,100,100,0.03099999949336052
6619,HSIL_12_patch09.png,0,683.030029296875,601.3499755859375,100,100,0.030799999833106995
6620,HSIL_12_patch09.png,0,553.8599853515625,628.0,100,100,0.030400000512599945
6621,HSIL_12_patch09.png,0,182.1999969482422,579.989990234375,100,100,0.028999999165534973
6622,HSIL_12_patch09.png,0,502.8399963378906,563.6699829101562,100,100,0.028699999675154686
6623,HSIL_12_patch09.png,0,56.77000045776367,519.3099975585938,100,100,0.026900000870227814
6624,HSIL_12_patch09.png,0,312.2300109863281,656.719970703125,100,100,0.02630000002682209
6625,HSIL_12_patch09.png,0,390.79998779296875,182.94000244140625,100,100,0.023900000378489494
6626,HSIL_12_patch09.png,0,578.2999877929688,596.1300048828125,100,100,0.023099999874830246
6627,HSIL_12_patch09.png,0,5.260000228881836,345.0199890136719,100,100,0.023099999874830246
6628,HSIL_12_patch09.png,0,134.02000427246094,110.87999725341797,100,100,0.0210999995470047
6629,HSIL_12_patch09.png,0,207.3699951171875,443.3399963378906,100,100,0.0210999995470047
6630,HSIL_12_patch09.png,0,162.44000244140625,735.02001953125,100,100,0.020899999886751175
6631,HSIL_12_patch09.png,0,804.8599853515625,605.5700073242188,100,100,0.019099999219179153
6632,HSIL_12_patch09.png,0,8.140000343322754,115.55000305175781,100,100,0.018699999898672104
6633,HSIL_12_patch09.png,0,119.73999786376953,832.780029296875,100,100,0.01850000023841858
6634,HSIL_12_patch09.png,0,423.0299987792969,75.12999725341797,100,100,0.018300000578165054
6635,HSIL_12_patch09.png,0,7.659999847412109,749.260009765625,100,100,0.01810000091791153
6636,HSIL_12_patch09.png,0,522.47998046875,161.5800018310547,100,100,0.017400000244379044
6637,HSIL_12_patch09.png,0,723.8300170898438,75.62000274658203,100,100,0.01730000041425228
6638,HSIL_12_patch09.png,0,701.9500122070312,10.579999923706055,100,100,0.016899999231100082
6639,HSIL_12_patch09.png,0,554.8599853515625,129.47999572753906,100,100,0.015399999916553497
6640,HSIL_12_patch09.png,0,41.81999969482422,589.1500244140625,100,100,0.014600000344216824
6641,HSIL_12_patch09.png,0,841.0900268554688,645.1599731445312,100,100,0.01360000018030405
6642,HSIL_12_patch09.png,0,473.9100036621094,493.7799987792969,100,100,0.012900000438094139
6643,HSIL_12_patch09.png,0,163.8000030517578,771.25,100,100,0.01269999984651804
6644,HSIL_12_patch09.png,0,7.440000057220459,546.1900024414062,100,100,0.012600000016391277
6645,HSIL_12_patch09.png,0,293.0199890136719,996.6500244140625,100,100,0.012500000186264515
6646,HSIL_12_patch09.png,0,173.1999969482422,244.1300048828125,100,100,0.011699999682605267
6647,HSIL_12_patch09.png,0,29.520000457763672,630.4400024414062,100,100,0.01119999960064888
6648,HSIL_12_patch09.png,0,797.6199951171875,894.1400146484375,100,100,0.010700000450015068
6649,HSIL_12_patch09.png,0,503.95001220703125,187.63999938964844,100,100,0.010300000198185444
6650,HSIL_12_patch09.png,0,1003.5599975585938,1017.1300048828125,100,100,0.010200000368058681
6651,HSIL_12_patch09.png,0,269.9200134277344,58.599998474121094,100,100,0.010200000368058681
6652,HSIL_12_patch09.png,0,982.7999877929688,30.770000457763672,100,100,0.00989999994635582
6653,HSIL_12_patch09.png,0,296.8800048828125,778.5599975585938,100,100,0.009600000455975533
6654,HSIL_12_patch09.png,0,261.2300109863281,701.469970703125,100,100,0.009600000455975533
6655,HSIL_12_patch09.png,0,38.20000076293945,775.77001953125,100,100,0.008799999952316284
6656,HSIL_12_patch09.png,0,108.5,219.86000061035156,100,100,0.008200000040233135
6657,HSIL_12_patch09.png,0,820.77001953125,624.3300170898438,100,100,0.008200000040233135
6658,HSIL_12_patch09.png,0,510.3399963378906,923.8499755859375,100,100,0.008100000210106373
6659,HSIL_12_patch09.png,0,801.0900268554688,587.8499755859375,100,100,0.007899999618530273
6660,HSIL_12_patch09.png,0,20.780000686645508,342.1099853515625,100,100,0.007699999958276749
6661,HSIL_12_patch09.png,0,26.059999465942383,657.3300170898438,100,100,0.007699999958276749
6662,HSIL_12_patch09.png,0,10.979999542236328,659.75,100,100,0.007300000172108412
6663,HSIL_12_patch09.png,0,209.3699951171875,257.07000732421875,100,100,0.007300000172108412
6664,HSIL_12_patch09.png,0,297.5199890136719,797.5999755859375,100,100,0.007000000216066837
6665,HSIL_12_patch09.png,0,735.9099731445312,734.8200073242188,100,100,0.007000000216066837
6666,HSIL_12_patch09.png,0,324.07000732421875,786.9299926757812,100,100,0.007000000216066837
6667,HSIL_12_patch09.png,0,593.6400146484375,93.16000366210938,100,100,0.006800000090152025
6668,HSIL_12_patch09.png,0,672.469970703125,188.35000610351562,100,100,0.0066999997943639755
6669,HSIL_12_patch09.png,0,235.66000366210938,174.02000427246094,100,100,0.006500000134110451
6670,HSIL_12_patch09.png,0,231.2100067138672,278.19000244140625,100,100,0.006399999838322401
6671,HSIL_12_patch09.png,0,918.52001953125,36.540000915527344,100,100,0.006399999838322401
6672,HSIL_12_patch09.png,0,619.2100219726562,94.2699966430664,100,100,0.006399999838322401
6673,HSIL_12_patch09.png,0,499.9100036621094,161.77999877929688,100,100,0.006399999838322401
6674,HSIL_12_patch09.png,0,59.09000015258789,456.8999938964844,100,100,0.006399999838322401
6675,HSIL_12_patch09.png,0,211.0399932861328,708.2100219726562,100,100,0.006300000008195639
6676,HSIL_12_patch09.png,0,598.75,893.5499877929688,100,100,0.006300000008195639
6677,HSIL_12_patch09.png,0,636.760009765625,824.3300170898438,100,100,0.006200000178068876
6678,HSIL_12_patch09.png,0,332.510009765625,1010.6500244140625,100,100,0.006099999882280827
6679,HSIL_12_patch09.png,0,4.650000095367432,368.8699951171875,100,100,0.005900000222027302
6680,HSIL_12_patch09.png,0,229.74000549316406,252.19000244140625,100,100,0.005799999926239252
6681,HSIL_12_patch09.png,0,691.6599731445312,217.77000427246094,100,100,0.005499999970197678
6682,HSIL_12_patch09.png,0,1005.469970703125,838.77001953125,100,100,0.005400000140070915
6683,HSIL_12_patch09.png,0,849.989990234375,626.5499877929688,100,100,0.005400000140070915
6684,HSIL_12_patch09.png,0,362.1000061035156,308.7300109863281,100,100,0.0052999998442828655
6685,HSIL_12_patch09.png,0,329.9700012207031,997.3200073242188,100,100,0.0052999998442828655
6686,HSIL_12_patch09.png,0,24.579999923706055,790.1699829101562,100,100,0.005200000014156103
6687,HSIL_12_patch09.png,0,493.8299865722656,543.0900268554688,100,100,0.005100000184029341
6688,HSIL_12_patch09.png,0,524.3400268554688,178.38999938964844,100,100,0.005100000184029341
6689,HSIL_12_patch09.png,0,589.9099731445312,183.13999938964844,100,100,0.004900000058114529
6690,HSIL_12_patch09.png,0,836.9500122070312,792.510009765625,100,100,0.004800000227987766
6691,HSIL_12_patch09.png,0,574.3400268554688,886.27001953125,100,100,0.004800000227987766
6692,HSIL_12_patch09.png,0,645.280029296875,194.25,100,100,0.004800000227987766
6693,HSIL_12_patch09.png,0,261.6099853515625,156.25999450683594,100,100,0.004699999932199717
6694,HSIL_12_patch09.png,0,360.8900146484375,576.0900268554688,100,100,0.004600000102072954
6695,HSIL_12_patch09.png,0,134.3300018310547,170.80999755859375,100,100,0.0044999998062849045
6696,HSIL_12_patch09.png,0,92.72000122070312,412.1199951171875,100,100,0.004100000020116568
6697,HSIL_12_patch09.png,0,278.75,744.5599975585938,100,100,0.004100000020116568
6698,HSIL_12_patch09.png,0,341.1300048828125,711.5800170898438,100,100,0.004000000189989805
6699,HSIL_12_patch09.png,0,141.77000427246094,765.760009765625,100,100,0.004000000189989805
6700,HSIL_12_patch09.png,0,960.0800170898438,715.8699951171875,100,100,0.003800000064074993
6701,HSIL_12_patch09.png,0,167.24000549316406,973.489990234375,100,100,0.003700000001117587
6702,HSIL_12_patch09.png,0,139.1699981689453,783.6099853515625,100,100,0.003700000001117587
6703,HSIL_12_patch09.png,0,457.95001220703125,1010.969970703125,100,100,0.003700000001117587
6704,HSIL_12_patch09.png,0,414.7799987792969,230.1999969482422,100,100,0.003599999938160181
6705,HSIL_12_patch09.png,0,567.22998046875,959.6900024414062,100,100,0.003599999938160181
6706,HSIL_12_patch09.png,0,492.42999267578125,175.1300048828125,100,100,0.0034000000450760126
6707,HSIL_12_patch09.png,0,620.0800170898438,465.2300109863281,100,100,0.0034000000450760126
6708,HSIL_12_patch09.png,0,711.4600219726562,569.02001953125,100,100,0.0032999999821186066
6709,HSIL_12_patch09.png,0,317.8599853515625,801.0,100,100,0.0031999999191612005
6710,HSIL_12_patch09.png,0,506.3399963378906,538.0900268554688,100,100,0.0031999999191612005
6711,HSIL_12_patch09.png,0,687.0800170898438,195.42999267578125,100,100,0.003100000089034438
6712,HSIL_12_patch09.png,0,9.09000015258789,278.510009765625,100,100,0.003000000026077032
6713,HSIL_12_patch09.png,0,694.0599975585938,62.38999938964844,100,100,0.003000000026077032
6714,HSIL_12_patch09.png,0,814.3599853515625,583.8099975585938,100,100,0.002899999963119626
6715,HSIL_12_patch09.png,0,145.72999572753906,134.22999572753906,100,100,0.0027000000700354576
6716,HSIL_12_patch09.png,0,658.4500122070312,22.020000457763672,100,100,0.0027000000700354576
6717,HSIL_12_patch09.png,0,80.30999755859375,518.8099975585938,100,100,0.0027000000700354576
6718,HSIL_12_patch09.png,0,213.33999633789062,276.57000732421875,100,100,0.0026000000070780516
6719,HSIL_12_patch09.png,0,446.6300048828125,1019.1400146484375,100,100,0.0026000000070780516
6720,HSIL_12_patch09.png,0,131.75999450683594,954.3099975585938,100,100,0.0026000000070780516
6721,HSIL_12_patch09.png,0,167.3699951171875,786.0900268554688,100,100,0.0024999999441206455
6722,HSIL_12_patch09.png,0,660.6900024414062,178.39999389648438,100,100,0.002400000113993883
6723,HSIL_12_patch09.png,0,45.099998474121094,985.7999877929688,100,100,0.002300000051036477
6724,HSIL_12_patch09.png,0,310.67999267578125,768.9199829101562,100,100,0.002300000051036477
6725,HSIL_12_patch09.png,0,524.2100219726562,534.010009765625,100,100,0.002199999988079071
6726,HSIL_12_patch09.png,0,66.9800033569336,734.8599853515625,100,100,0.002099999925121665
6727,HSIL_12_patch09.png,0,289.010009765625,64.22000122070312,100,100,0.0020000000949949026
6728,HSIL_12_patch09.png,0,614.5700073242188,111.12000274658203,100,100,0.0020000000949949026
6729,HSIL_12_patch09.png,0,704.1300048828125,205.77999877929688,100,100,0.0020000000949949026
6730,HSIL_12_patch09.png,0,322.05999755859375,985.1900024414062,100,100,0.0019000000320374966
6731,HSIL_12_patch09.png,0,704.0700073242188,514.6500244140625,100,100,0.0017999999690800905
6732,HSIL_12_patch09.png,0,20.280000686645508,371.80999755859375,100,100,0.0017999999690800905
6733,HSIL_12_patch09.png,0,569.5499877929688,906.219970703125,100,100,0.0017999999690800905
6734,HSIL_12_patch09.png,0,927.1799926757812,879.219970703125,100,100,0.0017999999690800905
6735,HSIL_12_patch09.png,0,67.83000183105469,405.44000244140625,100,100,0.0017000000225380063
6736,HSIL_12_patch09.png,0,781.6400146484375,759.280029296875,100,100,0.0017000000225380063
6737,HSIL_12_patch09.png,0,468.0299987792969,1017.5,100,100,0.0015999999595806003
6738,HSIL_12_patch09.png,0,348.8599853515625,979.77001953125,100,100,0.0015999999595806003
6739,HSIL_12_patch09.png,0,619.9600219726562,605.5599975585938,100,100,0.001500000013038516
6740,HSIL_12_patch09.png,0,33.27000045776367,645.77001953125,100,100,0.00139999995008111
6741,HSIL_12_patch09.png,0,200.2899932861328,716.5800170898438,100,100,0.00139999995008111
6742,HSIL_12_patch09.png,0,789.3200073242188,597.7000122070312,100,100,0.0013000000035390258
6743,HSIL_12_patch09.png,0,268.5299987792969,925.47998046875,100,100,0.0012000000569969416
6744,HSIL_12_patch09.png,0,48.93000030517578,567.2000122070312,100,100,0.0012000000569969416
6745,HSIL_12_patch09.png,0,463.54998779296875,221.75999450683594,100,100,0.0010999999940395355
6746,HSIL_12_patch09.png,0,172.50999450683594,724.3499755859375,100,100,0.0010999999940395355
6747,HSIL_12_patch09.png,0,763.1400146484375,630.510009765625,100,100,0.0010999999940395355
6748,HSIL_12_patch10.png,0,523.39,616.4,100,100,0.55
6749,HSIL_12_patch10.png,0,63.22,962.92,100,100,0.4949
6750,HSIL_12_patch10.png,0,223.86,489.74,100,100,0.4182
6751,HSIL_12_patch10.png,0,564.8,556.26,100,100,0.3071
6752,HSIL_12_patch10.png,0,424.1,485.29,100,100,0.2441
6753,HSIL_12_patch10.png,0,206.9499969482422,521.0800170898438,100,100,0.1753000020980835
6754,HSIL_12_patch10.png,0,247.4499969482422,546.22998046875,100,100,0.14229999482631683
6755,HSIL_12_patch10.png,0,954.3599853515625,635.6500244140625,100,100,0.12950000166893005
6756,HSIL_12_patch10.png,0,459.1000061035156,432.55999755859375,100,100,0.11469999700784683
6757,HSIL_12_patch10.png,0,992.9500122070312,603.9500122070312,100,100,0.08780000358819962
6758,HSIL_12_patch10.png,0,988.3300170898438,691.8599853515625,100,100,0.07069999724626541
6759,HSIL_12_patch10.png,0,893.469970703125,659.9299926757812,100,100,0.05939999967813492
6760,HSIL_12_patch10.png,0,7.050000190734863,1004.7000122070312,100,100,0.05820000171661377
6761,HSIL_12_patch10.png,0,536.260009765625,556.0900268554688,100,100,0.04019999876618385
6762,HSIL_12_patch10.png,0,75.18000030517578,952.9500122070312,100,100,0.0357000008225441
6763,HSIL_12_patch10.png,0,279.1300048828125,124.52999877929688,100,100,0.027899999171495438
6764,HSIL_12_patch10.png,0,915.5399780273438,638.7899780273438,100,100,0.02669999934732914
6765,HSIL_12_patch10.png,0,218.82000732421875,473.7200012207031,100,100,0.0215000007301569
6766,HSIL_12_patch10.png,0,297.05999755859375,504.3999938964844,100,100,0.020500000566244125
6767,HSIL_12_patch10.png,0,234.50999450683594,499.2799987792969,100,100,0.015599999576807022
6768,HSIL_12_patch10.png,0,269.8900146484375,896.4099731445312,100,100,0.01510000042617321
6769,HSIL_12_patch10.png,0,8.989999771118164,912.1300048828125,100,100,0.0142000000923872
6770,HSIL_12_patch10.png,0,52.13999938964844,953.02001953125,100,100,0.013399999588727951
6771,HSIL_12_patch10.png,0,459.19000244140625,480.8599853515625,100,100,0.012600000016391277
6772,HSIL_12_patch10.png,0,165.2100067138672,941.0900268554688,100,100,0.01080000028014183
6773,HSIL_12_patch10.png,0,81.0999984741211,11.850000381469727,100,100,0.01080000028014183
6774,HSIL_12_patch10.png,0,1019.239990234375,976.6400146484375,100,100,0.010200000368058681
6775,HSIL_12_patch10.png,0,312.5799865722656,137.02000427246094,100,100,0.009399999864399433
6776,HSIL_12_patch10.png,0,154.58999633789062,493.6099853515625,100,100,0.00930000003427267
6777,HSIL_12_patch10.png,0,278.70001220703125,476.55999755859375,100,100,0.008899999782443047
6778,HSIL_12_patch10.png,0,515.0800170898438,624.4099731445312,100,100,0.008200000040233135
6779,HSIL_12_patch10.png,0,184.99000549316406,489.07000732421875,100,100,0.008100000210106373
6780,HSIL_12_patch10.png,0,76.23999786376953,934.8699951171875,100,100,0.006899999920278788
6781,HSIL_12_patch10.png,0,524.8800048828125,594.469970703125,100,100,0.006800000090152025
6782,HSIL_12_patch10.png,0,233.14999389648438,478.25,100,100,0.006500000134110451
6783,HSIL_12_patch10.png,0,534.530029296875,620.5,100,100,0.006099999882280827
6784,HSIL_12_patch10.png,0,205.02000427246094,415.5400085449219,100,100,0.005100000184029341
6785,HSIL_12_patch10.png,0,242.55999755859375,321.7200012207031,100,100,0.004999999888241291
6786,HSIL_12_patch10.png,0,121.52999877929688,498.92999267578125,100,100,0.00430000014603138
6787,HSIL_12_patch10.png,0,589.7899780273438,626.5599975585938,100,100,0.00419999985024333
6788,HSIL_12_patch10.png,0,7.070000171661377,8.050000190734863,100,100,0.004100000020116568
6789,HSIL_12_patch10.png,0,60.15999984741211,938.0999755859375,100,100,0.0034000000450760126
6790,HSIL_12_patch10.png,0,579.9400024414062,555.280029296875,100,100,0.003000000026077032
6791,HSIL_12_patch10.png,0,234.05999755859375,541.0800170898438,100,100,0.003000000026077032
6792,HSIL_12_patch10.png,0,669.2999877929688,799.1500244140625,100,100,0.00279999990016222
6793,HSIL_12_patch10.png,0,1018.3599853515625,705.8099975585938,100,100,0.00279999990016222
6794,HSIL_12_patch10.png,0,521.9299926757812,560.1300048828125,100,100,0.0017000000225380063
6795,HSIL_12_patch10.png,0,569.239990234375,543.3499755859375,100,100,0.0017000000225380063
6796,HSIL_12_patch10.png,0,52.41999816894531,971.1199951171875,100,100,0.001500000013038516
6797,HSIL_12_patch10.png,0,965.9600219726562,627.2899780273438,100,100,0.001500000013038516
6798,HSIL_12_patch10.png,0,76.79000091552734,969.0499877929688,100,100,0.00139999995008111
6799,HSIL_12_patch10.png,0,73.41000366210938,918.530029296875,100,100,0.0013000000035390258
6800,HSIL_12_patch11.png,0,862.17,731.11,100,100,0.6638
6801,HSIL_12_patch11.png,0,616.05,140.32,100,100,0.5357
6802,HSIL_12_patch11.png,0,59.86,643.08,100,100,0.5255
6803,HSIL_12_patch11.png,0,966.8,945.61,100,100,0.506
6804,HSIL_12_patch11.png,0,995.2,516.85,100,100,0.4975
6805,HSIL_12_patch11.png,0,186.07,625.3,100,100,0.4907
6806,HSIL_12_patch11.png,0,579.33,370.1,100,100,0.4561
6807,HSIL_12_patch11.png,0,488.09,444.26,100,100,0.4541
6808,HSIL_12_patch11.png,0,73.85,921.13,100,100,0.4297
6809,HSIL_12_patch11.png,0,202.13,170.54,100,100,0.4295
6810,HSIL_12_patch11.png,0,417.51,162.29,100,100,0.4029
6811,HSIL_12_patch11.png,0,332.79,931.39,100,100,0.3822
6812,HSIL_12_patch11.png,0,473.36,326.38,100,100,0.3505
6813,HSIL_12_patch11.png,0,671.14,68.86,100,100,0.3449
6814,HSIL_12_patch11.png,0,332.02,464.77,100,100,0.3434
6815,HSIL_12_patch11.png,0,632.84,719.35,100,100,0.3324
6816,HSIL_12_patch11.png,0,889.21,822.2,100,100,0.324
6817,HSIL_12_patch11.png,0,388.96,298.9,100,100,0.315
6818,HSIL_12_patch11.png,0,550.010009765625,497.5799865722656,100,100,0.3001999855041504
6819,HSIL_12_patch11.png,0,471.41,257.86,100,100,0.2906
6820,HSIL_12_patch11.png,0,231.26,617.78,100,100,0.2899
6821,HSIL_12_patch11.png,0,243.39,947.77,100,100,0.2795
6822,HSIL_12_patch11.png,0,564.98,264.35,100,100,0.2621
6823,HSIL_12_patch11.png,0,1009.39,883.08,100,100,0.2551
6824,HSIL_12_patch11.png,0,93.0199966430664,19.059999465942383,100,100,0.2506999969482422
6825,HSIL_12_patch11.png,0,596.8900146484375,257.8399963378906,100,100,0.24860000610351562
6826,HSIL_12_patch11.png,0,691.7,488.53,100,100,0.2269
6827,HSIL_12_patch11.png,0,707.79,749.2,100,100,0.2195
6828,HSIL_12_patch11.png,0,505.8599853515625,848.5800170898438,100,100,0.20000000298023224
6829,HSIL_12_patch11.png,0,955.91,74.55,100,100,0.1963
6830,HSIL_12_patch11.png,0,19.530000686645508,428.20001220703125,100,100,0.19380000233650208
6831,HSIL_12_patch11.png,0,116.80999755859375,883.510009765625,100,100,0.18250000476837158
6832,HSIL_12_patch11.png,0,730.58,340.79,100,100,0.1825
6833,HSIL_12_patch11.png,0,903.02,560.49,100,100,0.1823
6834,HSIL_12_patch11.png,0,281.7699890136719,278.6000061035156,100,100,0.17430000007152557
6835,HSIL_12_patch11.png,0,218.8699951171875,129.83999633789062,100,100,0.16910000145435333
6836,HSIL_12_patch11.png,0,14.850000381469727,15.460000038146973,100,100,0.16899999976158142
6837,HSIL_12_patch11.png,0,287.82000732421875,28.309999465942383,100,100,0.14910000562667847
6838,HSIL_12_patch11.png,0,920.8699951171875,376.5199890136719,100,100,0.148499995470047
6839,HSIL_12_patch11.png,0,358.8299865722656,39.5,100,100,0.1340000033378601
6840,HSIL_12_patch11.png,0,901.56,1020.65,100,100,0.125
6841,HSIL_12_patch11.png,0,754.5,723.5900268554688,100,100,0.10970000177621841
6842,HSIL_12_patch11.png,0,115.83999633789062,459.3599853515625,100,100,0.10970000177621841
6843,HSIL_12_patch11.png,0,893.4099731445312,1011.3300170898438,100,100,0.10859999805688858
6844,HSIL_12_patch11.png,0,796.9000244140625,156.38999938964844,100,100,0.10599999874830246
6845,HSIL_12_patch11.png,0,842.1799926757812,828.5399780273438,100,100,0.09319999814033508
6846,HSIL_12_patch11.png,0,913.9000244140625,61.560001373291016,100,100,0.09149999916553497
6847,HSIL_12_patch11.png,0,381.32000732421875,356.8900146484375,100,100,0.09009999781847
6848,HSIL_12_patch11.png,0,750.3900146484375,672.8599853515625,100,100,0.08799999952316284
6849,HSIL_12_patch11.png,0,38.77000045776367,405.2799987792969,100,100,0.08730000257492065
6850,HSIL_12_patch11.png,0,1007.7899780273438,768.0399780273438,100,100,0.08669999986886978
6851,HSIL_12_patch11.png,0,255.6999969482422,60.9900016784668,100,100,0.08529999852180481
6852,HSIL_12_patch11.png,0,244.36000061035156,178.4600067138672,100,100,0.08380000293254852
6853,HSIL_12_patch11.png,0,35.02000045776367,441.9800109863281,100,100,0.08299999684095383
6854,HSIL_12_patch11.png,0,183.22999572753906,43.439998626708984,100,100,0.07720000296831131
6855,HSIL_12_patch11.png,0,39.849998474121094,44.4900016784668,100,100,0.07609999924898148
6856,HSIL_12_patch11.png,0,641.72998046875,519.3800048828125,100,100,0.07530000060796738
6857,HSIL_12_patch11.png,0,354.1400146484375,9.65999984741211,100,100,0.07440000027418137
6858,HSIL_12_patch11.png,0,11.84000015258789,502.4700012207031,100,100,0.07410000264644623
6859,HSIL_12_patch11.png,0,820.9600219726562,975.1900024414062,100,100,0.07400000095367432
6860,HSIL_12_patch11.png,0,713.8900146484375,865.2999877929688,100,100,0.07100000232458115
6861,HSIL_12_patch11.png,0,432.6700134277344,187.14999389648438,100,100,0.07029999792575836
6862,HSIL_12_patch11.png,0,697.3800048828125,30.260000228881836,100,100,0.06989999860525131
6863,HSIL_12_patch11.png,0,430.6199951171875,95.27999877929688,100,100,0.06949999928474426
6864,HSIL_12_patch11.png,0,22.610000610351562,180.6699981689453,100,100,0.06449999660253525
6865,HSIL_12_patch11.png,0,840.2100219726562,520.3599853515625,100,100,0.0632999986410141
6866,HSIL_12_patch11.png,0,740.469970703125,580.1400146484375,100,100,0.06260000169277191
6867,HSIL_12_patch11.png,0,558.4199829101562,578.0700073242188,100,100,0.059300001710653305
6868,HSIL_12_patch11.png,0,236.7100067138672,856.77001953125,100,100,0.05860000103712082
6869,HSIL_12_patch11.png,0,25.479999542236328,270.3299865722656,100,100,0.05719999969005585
6870,HSIL_12_patch11.png,0,950.7899780273438,402.9100036621094,100,100,0.0568000003695488
6871,HSIL_12_patch11.png,0,800.0599975585938,15.390000343322754,100,100,0.05640000104904175
6872,HSIL_12_patch11.png,0,917.3099975585938,91.91999816894531,100,100,0.05550000071525574
6873,HSIL_12_patch11.png,0,491.3800048828125,302.5299987792969,100,100,0.05389999970793724
6874,HSIL_12_patch11.png,0,150.14999389648438,15.4399995803833,100,100,0.05260000005364418
6875,HSIL_12_patch11.png,0,850.0700073242188,214.9600067138672,100,100,0.048700001090765
6876,HSIL_12_patch11.png,0,746.02001953125,785.47998046875,100,100,0.04809999838471413
6877,HSIL_12_patch11.png,0,6.099999904632568,422.0,100,100,0.04670000076293945
6878,HSIL_12_patch11.png,0,863.4500122070312,478.4700012207031,100,100,0.04670000076293945
6879,HSIL_12_patch11.png,0,613.5800170898438,850.3400268554688,100,100,0.04340000078082085
6880,HSIL_12_patch11.png,0,764.7999877929688,897.6500244140625,100,100,0.042399998754262924
6881,HSIL_12_patch11.png,0,1018.8499755859375,657.8400268554688,100,100,0.0414000004529953
6882,HSIL_12_patch11.png,0,115.11000061035156,602.4500122070312,100,100,0.04089999943971634
6883,HSIL_12_patch11.png,0,286.17999267578125,602.6300048828125,100,100,0.03819999843835831
6884,HSIL_12_patch11.png,0,170.0500030517578,388.7799987792969,100,100,0.037300001829862595
6885,HSIL_12_patch11.png,0,157.80999755859375,34.88999938964844,100,100,0.03660000115633011
6886,HSIL_12_patch11.png,0,889.5999755859375,32.810001373291016,100,100,0.03550000116229057
6887,HSIL_12_patch11.png,0,559.6300048828125,1012.6799926757812,100,100,0.033799998462200165
6888,HSIL_12_patch11.png,0,889.1199951171875,485.0,100,100,0.033799998462200165
6889,HSIL_12_patch11.png,0,808.77001953125,936.1400146484375,100,100,0.03290000185370445
6890,HSIL_12_patch11.png,0,318.260009765625,856.9000244140625,100,100,0.032099999487400055
6891,HSIL_12_patch11.png,0,177.0,5.300000190734863,100,100,0.03180000185966492
6892,HSIL_12_patch11.png,0,325.69000244140625,80.66999816894531,100,100,0.031300000846385956
6893,HSIL_12_patch11.png,0,212.30999755859375,324.6400146484375,100,100,0.031199999153614044
6894,HSIL_12_patch11.png,0,53.77000045776367,838.5,100,100,0.030300000682473183
6895,HSIL_12_patch11.png,0,507.6400146484375,128.5399932861328,100,100,0.029899999499320984
6896,HSIL_12_patch11.png,0,718.0599975585938,1004.72998046875,100,100,0.028599999845027924
6897,HSIL_12_patch11.png,0,39.11000061035156,877.5999755859375,100,100,0.027499999850988388
6898,HSIL_12_patch11.png,0,186.1699981689453,482.5799865722656,100,100,0.026599999517202377
6899,HSIL_12_patch11.png,0,491.1600036621094,7.510000228881836,100,100,0.026599999517202377
6900,HSIL_12_patch11.png,0,161.92999267578125,89.51000213623047,100,100,0.025499999523162842
6901,HSIL_12_patch11.png,0,324.82000732421875,28.739999771118164,100,100,0.025200000032782555
6902,HSIL_12_patch11.png,0,953.8400268554688,500.95001220703125,100,100,0.02459999918937683
6903,HSIL_12_patch11.png,0,947.4000244140625,971.4600219726562,100,100,0.02459999918937683
6904,HSIL_12_patch11.png,0,236.3699951171875,196.8000030517578,100,100,0.024000000208616257
6905,HSIL_12_patch11.png,0,684.719970703125,545.0399780273438,100,100,0.023399999365210533
6906,HSIL_12_patch11.png,0,257.7900085449219,581.72998046875,100,100,0.021199999377131462
6907,HSIL_12_patch11.png,0,168.4199981689453,473.2799987792969,100,100,0.019899999722838402
6908,HSIL_12_patch11.png,0,92.2699966430664,966.27001953125,100,100,0.01899999938905239
6909,HSIL_12_patch11.png,0,620.1799926757812,661.4400024414062,100,100,0.018400000408291817
6910,HSIL_12_patch11.png,0,833.4199829101562,600.5499877929688,100,100,0.01810000091791153
6911,HSIL_12_patch11.png,0,916.030029296875,664.8300170898438,100,100,0.017899999395012856
6912,HSIL_12_patch11.png,0,316.739990234375,661.0,100,100,0.017899999395012856
6913,HSIL_12_patch11.png,0,9.869999885559082,337.1700134277344,100,100,0.017400000244379044
6914,HSIL_12_patch11.png,0,161.66000366210938,652.4000244140625,100,100,0.016899999231100082
6915,HSIL_12_patch11.png,0,370.07000732421875,265.2300109863281,100,100,0.016699999570846558
6916,HSIL_12_patch11.png,0,934.0700073242188,232.27999877929688,100,100,0.01640000008046627
6917,HSIL_12_patch11.png,0,869.8300170898438,246.7100067138672,100,100,0.01640000008046627
6918,HSIL_12_patch11.png,0,555.1799926757812,545.8200073242188,100,100,0.01640000008046627
6919,HSIL_12_patch11.png,0,860.0399780273438,540.239990234375,100,100,0.01600000075995922
6920,HSIL_12_patch11.png,0,953.25,281.6000061035156,100,100,0.015699999406933784
6921,HSIL_12_patch11.png,0,563.02001953125,72.01000213623047,100,100,0.015200000256299973
6922,HSIL_12_patch11.png,0,56.7599983215332,763.3900146484375,100,100,0.01510000042617321
6923,HSIL_12_patch11.png,0,721.489990234375,746.2100219726562,100,100,0.01510000042617321
6924,HSIL_12_patch11.png,0,816.719970703125,687.5999755859375,100,100,0.01489999983459711
6925,HSIL_12_patch11.png,0,436.6700134277344,713.3699951171875,100,100,0.01489999983459711
6926,HSIL_12_patch11.png,0,78.05000305175781,34.720001220703125,100,100,0.01489999983459711
6927,HSIL_12_patch11.png,0,767.8099975585938,68.73999786376953,100,100,0.014600000344216824
6928,HSIL_12_patch11.png,0,261.80999755859375,947.25,100,100,0.013399999588727951
6929,HSIL_12_patch11.png,0,959.6699829101562,629.0800170898438,100,100,0.013299999758601189
6930,HSIL_12_patch11.png,0,916.1400146484375,885.4500122070312,100,100,0.013199999928474426
6931,HSIL_12_patch11.png,0,558.6799926757812,714.260009765625,100,100,0.012900000438094139
6932,HSIL_12_patch11.png,0,119.06999969482422,246.72999572753906,100,100,0.012900000438094139
6933,HSIL_12_patch11.png,0,578.1699829101562,488.3599853515625,100,100,0.012799999676644802
6934,HSIL_12_patch11.png,0,893.780029296875,4.96999979019165,100,100,0.012400000356137753
6935,HSIL_12_patch11.png,0,901.27001953125,782.2100219726562,100,100,0.012299999594688416
6936,HSIL_12_patch11.png,0,349.0799865722656,688.780029296875,100,100,0.012199999764561653
6937,HSIL_12_patch11.png,0,150.4600067138672,933.7899780273438,100,100,0.011900000274181366
6938,HSIL_12_patch11.png,0,503.8900146484375,513.030029296875,100,100,0.010900000110268593
6939,HSIL_12_patch11.png,0,10.300000190734863,460.07000732421875,100,100,0.01080000028014183
6940,HSIL_12_patch11.png,0,908.6500244140625,597.6900024414062,100,100,0.01080000028014183
6941,HSIL_12_patch11.png,0,673.8200073242188,293.5199890136719,100,100,0.010700000450015068
6942,HSIL_12_patch11.png,0,613.47998046875,834.7000122070312,100,100,0.010200000368058681
6943,HSIL_12_patch11.png,0,313.0799865722656,991.7100219726562,100,100,0.010200000368058681
6944,HSIL_12_patch11.png,0,701.969970703125,479.2699890136719,100,100,0.010099999606609344
6945,HSIL_12_patch11.png,0,67.95999908447266,443.9200134277344,100,100,0.010099999606609344
6946,HSIL_12_patch11.png,0,290.6199951171875,83.69000244140625,100,100,0.009700000286102295
6947,HSIL_12_patch11.png,0,621.1699829101562,768.1900024414062,100,100,0.009600000455975533
6948,HSIL_12_patch11.png,0,679.47998046875,831.9000244140625,100,100,0.009399999864399433
6949,HSIL_12_patch11.png,0,7.170000076293945,64.41999816894531,100,100,0.008999999612569809
6950,HSIL_12_patch11.png,0,263.20001220703125,1004.52001953125,100,100,0.008999999612569809
6951,HSIL_12_patch11.png,0,373.75,629.5999755859375,100,100,0.008999999612569809
6952,HSIL_12_patch11.png,0,554.030029296875,201.4499969482422,100,100,0.008899999782443047
6953,HSIL_12_patch11.png,0,489.0299987792969,912.3900146484375,100,100,0.008799999952316284
6954,HSIL_12_patch11.png,0,983.739990234375,9.770000457763672,100,100,0.008799999952316284
6955,HSIL_12_patch11.png,0,626.27001953125,148.0,100,100,0.008299999870359898
6956,HSIL_12_patch11.png,0,840.8400268554688,110.33999633789062,100,100,0.008200000040233135
6957,HSIL_12_patch11.png,0,1019.3400268554688,163.4600067138672,100,100,0.007899999618530273
6958,HSIL_12_patch11.png,0,543.0399780273438,921.5999755859375,100,100,0.007899999618530273
6959,HSIL_12_patch11.png,0,44.619998931884766,680.3900146484375,100,100,0.007600000128149986
6960,HSIL_12_patch11.png,0,730.5499877929688,511.3399963378906,100,100,0.007600000128149986
6961,HSIL_12_patch11.png,0,885.25,592.6199951171875,100,100,0.007600000128149986
6962,HSIL_12_patch11.png,0,881.0,1005.0,100,100,0.007499999832361937
6963,HSIL_12_patch11.png,0,935.5700073242188,957.1099853515625,100,100,0.007400000002235174
6964,HSIL_12_patch11.png,0,56.91999816894531,100.81999969482422,100,100,0.007400000002235174
6965,HSIL_12_patch11.png,0,890.8099975585938,338.8399963378906,100,100,0.007300000172108412
6966,HSIL_12_patch11.png,0,746.0999755859375,345.0899963378906,100,100,0.007300000172108412
6967,HSIL_12_patch11.png,0,85.7300033569336,9.59000015258789,100,100,0.0071000000461936
6968,HSIL_12_patch11.png,0,210.24000549316406,922.989990234375,100,100,0.006899999920278788
6969,HSIL_12_patch11.png,0,372.8800048828125,292.239990234375,100,100,0.006899999920278788
6970,HSIL_12_patch11.png,0,432.32000732421875,627.8800048828125,100,100,0.006899999920278788
6971,HSIL_12_patch11.png,0,594.780029296875,354.7699890136719,100,100,0.006599999964237213
6972,HSIL_12_patch11.png,0,898.9500122070312,810.7100219726562,100,100,0.006399999838322401
6973,HSIL_12_patch11.png,0,604.1799926757812,129.55999755859375,100,100,0.006300000008195639
6974,HSIL_12_patch11.png,0,189.3000030517578,162.74000549316406,100,100,0.006200000178068876
6975,HSIL_12_patch11.png,0,249.74000549316406,920.3300170898438,100,100,0.006200000178068876
6976,HSIL_12_patch11.png,0,87.31999969482422,832.219970703125,100,100,0.006099999882280827
6977,HSIL_12_patch11.png,0,773.6599731445312,1007.5499877929688,100,100,0.006099999882280827
6978,HSIL_12_patch11.png,0,620.489990234375,1018.8599853515625,100,100,0.006000000052154064
6979,HSIL_12_patch11.png,0,627.0800170898438,129.0399932861328,100,100,0.005799999926239252
6980,HSIL_12_patch11.png,0,516.1799926757812,170.08999633789062,100,100,0.005799999926239252
6981,HSIL_12_patch11.png,0,51.5099983215332,630.7000122070312,100,100,0.005799999926239252
6982,HSIL_12_patch11.png,0,791.739990234375,5.900000095367432,100,100,0.005799999926239252
6983,HSIL_12_patch11.png,0,69.87999725341797,631.780029296875,100,100,0.005400000140070915
6984,HSIL_12_patch11.png,0,954.6799926757812,940.1099853515625,100,100,0.0052999998442828655
6985,HSIL_12_patch11.png,0,614.1500244140625,611.75,100,100,0.005200000014156103
6986,HSIL_12_patch11.png,0,994.7100219726562,645.6699829101562,100,100,0.005200000014156103
6987,HSIL_12_patch11.png,0,960.989990234375,963.1500244140625,100,100,0.005200000014156103
6988,HSIL_12_patch11.png,0,859.3099975585938,139.3800048828125,100,100,0.005100000184029341
6989,HSIL_12_patch11.png,0,283.5299987792969,17.489999771118164,100,100,0.004999999888241291
6990,HSIL_12_patch11.png,0,129.66000366210938,62.47999954223633,100,100,0.004800000227987766
6991,HSIL_12_patch11.png,0,193.42999267578125,25.959999084472656,100,100,0.004699999932199717
6992,HSIL_12_patch11.png,0,544.22998046875,1018.739990234375,100,100,0.0044999998062849045
6993,HSIL_12_patch11.png,0,624.2100219726562,710.1500244140625,100,100,0.004399999976158142
6994,HSIL_12_patch11.png,0,229.74000549316406,139.8800048828125,100,100,0.004399999976158142
6995,HSIL_12_patch11.png,0,1016.97998046875,903.1799926757812,100,100,0.00419999985024333
6996,HSIL_12_patch11.png,0,486.95001220703125,330.8999938964844,100,100,0.00419999985024333
6997,HSIL_12_patch11.png,0,979.9400024414062,943.0,100,100,0.004100000020116568
6998,HSIL_12_patch11.png,0,61.86000061035156,916.1799926757812,100,100,0.004100000020116568
6999,HSIL_12_patch11.png,0,678.9099731445312,344.0199890136719,100,100,0.004100000020116568
7000,HSIL_12_patch11.png,0,546.469970703125,1006.25,100,100,0.004100000020116568
7001,HSIL_12_patch11.png,0,873.6799926757812,722.1400146484375,100,100,0.004000000189989805
7002,HSIL_12_patch11.png,0,137.0500030517578,10.4399995803833,100,100,0.004000000189989805
7003,HSIL_12_patch11.png,0,464.739990234375,316.6000061035156,100,100,0.004000000189989805
7004,HSIL_12_patch11.png,0,972.1400146484375,956.219970703125,100,100,0.0038999998942017555
7005,HSIL_12_patch11.png,0,875.72998046875,173.1699981689453,100,100,0.0038999998942017555
7006,HSIL_12_patch11.png,0,746.1900024414062,650.52001953125,100,100,0.0038999998942017555
7007,HSIL_12_patch11.png,0,744.5399780273438,713.8900146484375,100,100,0.0038999998942017555
7008,HSIL_12_patch11.png,0,1018.030029296875,757.3099975585938,100,100,0.003800000064074993
7009,HSIL_12_patch11.png,0,87.3499984741211,925.7899780273438,100,100,0.003800000064074993
7010,HSIL_12_patch11.png,0,361.1600036621094,199.64999389648438,100,100,0.003800000064074993
7011,HSIL_12_patch11.png,0,725.6799926757812,98.06999969482422,100,100,0.003800000064074993
7012,HSIL_12_patch11.png,0,90.08000183105469,352.54998779296875,100,100,0.003800000064074993
7013,HSIL_12_patch11.png,0,76.9800033569336,647.5700073242188,100,100,0.003700000001117587
7014,HSIL_12_patch11.png,0,318.1000061035156,928.8200073242188,100,100,0.003700000001117587
7015,HSIL_12_patch11.png,0,10.779999732971191,254.11000061035156,100,100,0.003599999938160181
7016,HSIL_12_patch11.png,0,527.47998046875,1018.1099853515625,100,100,0.003599999938160181
7017,HSIL_12_patch11.png,0,4.980000019073486,349.6300048828125,100,100,0.003599999938160181
7018,HSIL_12_patch11.png,0,565.3800048828125,496.5899963378906,100,100,0.0035000001080334187
7019,HSIL_12_patch11.png,0,80.01000213623047,785.1500244140625,100,100,0.0034000000450760126
7020,HSIL_12_patch11.png,0,560.3499755859375,95.30999755859375,100,100,0.0034000000450760126
7021,HSIL_12_patch11.png,0,576.9400024414062,807.52001953125,100,100,0.0032999999821186066
7022,HSIL_12_patch11.png,0,576.9000244140625,254.2899932861328,100,100,0.0032999999821186066
7023,HSIL_12_patch11.png,0,1015.6400146484375,871.5999755859375,100,100,0.0031999999191612005
7024,HSIL_12_patch11.png,0,601.7899780273438,842.6300048828125,100,100,0.0031999999191612005
7025,HSIL_12_patch11.png,0,3.7799999713897705,316.4599914550781,100,100,0.0031999999191612005
7026,HSIL_12_patch11.png,0,647.3699951171875,727.02001953125,100,100,0.003100000089034438
7027,HSIL_12_patch11.png,0,845.5499877929688,197.58999633789062,100,100,0.003100000089034438
7028,HSIL_12_patch11.png,0,703.6500244140625,17.040000915527344,100,100,0.003000000026077032
7029,HSIL_12_patch11.png,0,352.75,273.82000732421875,100,100,0.003000000026077032
7030,HSIL_12_patch11.png,0,995.47998046875,616.8200073242188,100,100,0.003000000026077032
7031,HSIL_12_patch11.png,0,653.3400268554688,708.0700073242188,100,100,0.003000000026077032
7032,HSIL_12_patch11.png,0,23.030000686645508,416.79998779296875,100,100,0.002899999963119626
7033,HSIL_12_patch11.png,0,361.5799865722656,1019.2999877929688,100,100,0.002899999963119626
7034,HSIL_12_patch11.png,0,846.5999755859375,814.9199829101562,100,100,0.00279999990016222
7035,HSIL_12_patch11.png,0,223.1999969482422,591.9099731445312,100,100,0.00279999990016222
7036,HSIL_12_patch11.png,0,441.8299865722656,177.22000122070312,100,100,0.0027000000700354576
7037,HSIL_12_patch11.png,0,566.8200073242188,358.739990234375,100,100,0.0027000000700354576
7038,HSIL_12_patch11.png,0,964.3599853515625,929.8099975585938,100,100,0.0026000000070780516
7039,HSIL_12_patch11.png,0,475.0799865722656,433.1199951171875,100,100,0.0026000000070780516
7040,HSIL_12_patch11.png,0,700.719970703125,808.6699829101562,100,100,0.0026000000070780516
7041,HSIL_12_patch11.png,0,846.9600219726562,724.280029296875,100,100,0.0026000000070780516
7042,HSIL_12_patch11.png,0,953.8200073242188,101.48999786376953,100,100,0.0024999999441206455
7043,HSIL_12_patch11.png,0,973.0499877929688,504.0299987792969,100,100,0.0024999999441206455
7044,HSIL_12_patch11.png,0,514.6300048828125,4.400000095367432,100,100,0.0024999999441206455
7045,HSIL_12_patch11.png,0,472.2300109863281,982.1099853515625,100,100,0.002400000113993883
7046,HSIL_12_patch11.png,0,799.2100219726562,620.3200073242188,100,100,0.002400000113993883
7047,HSIL_12_patch11.png,0,766.5999755859375,289.9100036621094,100,100,0.002300000051036477
7048,HSIL_12_patch11.png,0,1018.4400024414062,522.27001953125,100,100,0.002300000051036477
7049,HSIL_12_patch11.png,0,868.7999877929688,1011.8200073242188,100,100,0.002300000051036477
7050,HSIL_12_patch11.png,0,569.760009765625,380.4200134277344,100,100,0.002199999988079071
7051,HSIL_12_patch11.png,0,224.75,938.5399780273438,100,100,0.002199999988079071
7052,HSIL_12_patch11.png,0,495.260009765625,428.92999267578125,100,100,0.002199999988079071
7053,HSIL_12_patch11.png,0,605.8200073242188,248.72999572753906,100,100,0.002199999988079071
7054,HSIL_12_patch11.png,0,698.3300170898438,738.1400146484375,100,100,0.002099999925121665
7055,HSIL_12_patch11.png,0,915.7899780273438,553.3099975585938,100,100,0.002099999925121665
7056,HSIL_12_patch11.png,0,540.4000244140625,488.2799987792969,100,100,0.002099999925121665
7057,HSIL_12_patch11.png,0,984.3099975585938,523.9600219726562,100,100,0.002099999925121665
7058,HSIL_12_patch11.png,0,213.6699981689453,145.83999633789062,100,100,0.002099999925121665
7059,HSIL_12_patch11.png,0,139.08999633789062,909.3599853515625,100,100,0.002099999925121665
7060,HSIL_12_patch11.png,0,46.58000183105469,393.95001220703125,100,100,0.002099999925121665
7061,HSIL_12_patch11.png,0,1020.0399780273438,570.0499877929688,100,100,0.0020000000949949026
7062,HSIL_12_patch11.png,0,101.80000305175781,7.360000133514404,100,100,0.0020000000949949026
7063,HSIL_12_patch11.png,0,1001.6799926757812,501.0799865722656,100,100,0.0020000000949949026
7064,HSIL_12_patch11.png,0,217.1999969482422,55.33000183105469,100,100,0.0020000000949949026
7065,HSIL_12_patch11.png,0,425.8399963378906,149.13999938964844,100,100,0.0020000000949949026
7066,HSIL_12_patch11.png,0,934.6699829101562,88.33999633789062,100,100,0.0019000000320374966
7067,HSIL_12_patch11.png,0,168.4499969482422,328.760009765625,100,100,0.0019000000320374966
7068,HSIL_12_patch11.png,0,198.0800018310547,615.6400146484375,100,100,0.0017999999690800905
7069,HSIL_12_patch11.png,0,605.219970703125,861.510009765625,100,100,0.0017999999690800905
7070,HSIL_12_patch11.png,0,465.69000244140625,338.3299865722656,100,100,0.0017999999690800905
7071,HSIL_12_patch11.png,0,781.5599975585938,778.0800170898438,100,100,0.0017000000225380063
7072,HSIL_12_patch11.png,0,1006.3099975585938,817.25,100,100,0.0017000000225380063
7073,HSIL_12_patch11.png,0,309.7799987792969,33.70000076293945,100,100,0.0017000000225380063
7074,HSIL_12_patch11.png,0,817.5,6.019999980926514,100,100,0.0017000000225380063
7075,HSIL_12_patch11.png,0,172.75999450683594,630.9199829101562,100,100,0.0017000000225380063
7076,HSIL_12_patch11.png,0,596.3400268554688,375.9700012207031,100,100,0.0017000000225380063
7077,HSIL_12_patch11.png,0,577.739990234375,524.3099975585938,100,100,0.0015999999595806003
7078,HSIL_12_patch11.png,0,402.30999755859375,292.7099914550781,100,100,0.0015999999595806003
7079,HSIL_12_patch11.png,0,407.5899963378906,152.1199951171875,100,100,0.0015999999595806003
7080,HSIL_12_patch11.png,0,355.30999755859375,981.4400024414062,100,100,0.0015999999595806003
7081,HSIL_12_patch11.png,0,269.7900085449219,43.09000015258789,100,100,0.0015999999595806003
7082,HSIL_12_patch11.png,0,944.7000122070312,605.02001953125,100,100,0.0015999999595806003
7083,HSIL_12_patch11.png,0,807.3900146484375,962.1400146484375,100,100,0.001500000013038516
7084,HSIL_12_patch11.png,0,329.8399963378906,916.0700073242188,100,100,0.001500000013038516
7085,HSIL_12_patch11.png,0,684.239990234375,474.6300048828125,100,100,0.00139999995008111
7086,HSIL_12_patch11.png,0,246.85000610351562,48.40999984741211,100,100,0.00139999995008111
7087,HSIL_12_patch11.png,0,675.0999755859375,490.29998779296875,100,100,0.00139999995008111
7088,HSIL_12_patch11.png,0,833.9000244140625,179.4199981689453,100,100,0.0013000000035390258
7089,HSIL_12_patch11.png,0,289.9800109863281,263.8900146484375,100,100,0.0013000000035390258
7090,HSIL_12_patch11.png,0,255.92999267578125,768.3499755859375,100,100,0.0012000000569969416
7091,HSIL_12_patch11.png,0,8.890000343322754,176.32000732421875,100,100,0.0010999999940395355
7092,HSIL_12_patch11.png,0,661.010009765625,686.8900146484375,100,100,0.0010000000474974513
7093,HSIL_12_patch12.png,0,520.2,929.65,100,100,0.6193
7094,HSIL_12_patch12.png,0,460.49,880.92,100,100,0.4316
7095,HSIL_12_patch12.png,0,548.48,958.88,100,100,0.3712
7096,HSIL_12_patch12.png,0,508.58,846.3,100,100,0.346
7097,HSIL_12_patch12.png,0,412.1,993.64,100,100,0.2839
7098,HSIL_12_patch12.png,0,269.0799865722656,631.1799926757812,100,100,0.26989999413490295
7099,HSIL_12_patch12.png,0,461.56,943.61,100,100,0.2543
7100,HSIL_12_patch12.png,0,242.72,565.94,100,100,0.2419
7101,HSIL_12_patch12.png,0,303.2799987792969,678.1699829101562,100,100,0.2402999997138977
7102,HSIL_12_patch12.png,0,515.42,1011.68,100,100,0.2308
7103,HSIL_12_patch12.png,0,213.25,608.780029296875,100,100,0.22439999878406525
7104,HSIL_12_patch12.png,0,414.0,1023.0,100,100,0.21611839532852173
7105,HSIL_12_patch12.png,0,191.0,1005.4600219726562,100,100,0.20739999413490295
7106,HSIL_12_patch12.png,0,199.4,1018.39,100,100,0.1444
7107,HSIL_12_patch12.png,0,385.30999755859375,725.4299926757812,100,100,0.11760000139474869
7108,HSIL_12_patch12.png,0,633.6199951171875,946.4600219726562,100,100,0.09390000253915787
7109,HSIL_12_patch12.png,0,309.6000061035156,1014.7100219726562,100,100,0.08460000157356262
7110,HSIL_12_patch12.png,0,131.05999755859375,1009.3800048828125,100,100,0.08420000225305557
7111,HSIL_12_patch12.png,0,76.83999633789062,58.88999938964844,100,100,0.08290000259876251
7112,HSIL_12_patch12.png,0,43.810001373291016,887.6699829101562,100,100,0.08259999752044678
7113,HSIL_12_patch12.png,0,246.1199951171875,859.2000122070312,100,100,0.07400000095367432
7114,HSIL_12_patch12.png,0,188.47000122070312,8.779999732971191,100,100,0.066600002348423
7115,HSIL_12_patch12.png,0,288.6400146484375,583.72998046875,100,100,0.06040000170469284
7116,HSIL_12_patch12.png,0,7.519999980926514,703.5,100,100,0.028999999165534973
7117,HSIL_12_patch12.png,0,15.699999809265137,780.1699829101562,100,100,0.025200000032782555
7118,HSIL_12_patch12.png,0,199.55999755859375,603.1500244140625,100,100,0.02329999953508377
7119,HSIL_12_patch12.png,0,411.70001220703125,965.6300048828125,100,100,0.021800000220537186
7120,HSIL_12_patch12.png,0,263.0899963378906,777.719970703125,100,100,0.02019999921321869
7121,HSIL_12_patch12.png,0,72.9800033569336,756.3499755859375,100,100,0.01889999955892563
7122,HSIL_12_patch12.png,0,304.1499938964844,121.7300033569336,100,100,0.01860000006854534
7123,HSIL_12_patch12.png,0,14.210000038146973,519.3599853515625,100,100,0.017799999564886093
7124,HSIL_12_patch12.png,0,105.58999633789062,925.0700073242188,100,100,0.01759999990463257
7125,HSIL_12_patch12.png,0,277.8999938964844,640.6300048828125,100,100,0.01640000008046627
7126,HSIL_12_patch12.png,0,183.35000610351562,663.5999755859375,100,100,0.016100000590085983
7127,HSIL_12_patch12.png,0,224.4600067138672,598.9600219726562,100,100,0.014399999752640724
7128,HSIL_12_patch12.png,0,232.86000061035156,906.4400024414062,100,100,0.014100000262260437
7129,HSIL_12_patch12.png,0,41.7599983215332,1010.6699829101562,100,100,0.012400000356137753
7130,HSIL_12_patch12.png,0,239.88999938964844,549.52001953125,100,100,0.012199999764561653
7131,HSIL_12_patch12.png,0,327.0199890136719,558.739990234375,100,100,0.011599999852478504
7132,HSIL_12_patch12.png,0,180.0399932861328,1011.7100219726562,100,100,0.01140000019222498
7133,HSIL_12_patch12.png,0,464.70001220703125,1016.9600219726562,100,100,0.00989999994635582
7134,HSIL_12_patch12.png,0,211.9199981689453,550.489990234375,100,100,0.00930000003427267
7135,HSIL_12_patch12.png,0,175.77999877929688,589.1699829101562,100,100,0.009100000374019146
7136,HSIL_12_patch12.png,0,208.4199981689453,1005.0800170898438,100,100,0.008700000122189522
7137,HSIL_12_patch12.png,0,445.4599914550781,877.510009765625,100,100,0.00839999970048666
7138,HSIL_12_patch12.png,0,261.17999267578125,619.0800170898438,100,100,0.00839999970048666
7139,HSIL_12_patch12.png,0,926.6799926757812,993.3400268554688,100,100,0.00839999970048666
7140,HSIL_12_patch12.png,0,528.969970703125,1018.8699951171875,100,100,0.00839999970048666
7141,HSIL_12_patch12.png,0,230.60000610351562,670.8499755859375,100,100,0.008200000040233135
7142,HSIL_12_patch12.png,0,531.3400268554688,919.8400268554688,100,100,0.006899999920278788
7143,HSIL_12_patch12.png,0,569.8800048828125,859.5800170898438,100,100,0.006800000090152025
7144,HSIL_12_patch12.png,0,635.6500244140625,656.02001953125,100,100,0.006099999882280827
7145,HSIL_12_patch12.png,0,366.25,782.2000122070312,100,100,0.006000000052154064
7146,HSIL_12_patch12.png,0,575.75,641.77001953125,100,100,0.00570000009611249
7147,HSIL_12_patch12.png,0,508.3999938964844,919.760009765625,100,100,0.005400000140070915
7148,HSIL_12_patch12.png,0,347.9100036621094,939.4099731445312,100,100,0.0052999998442828655
7149,HSIL_12_patch12.png,0,394.32000732421875,541.0599975585938,100,100,0.005200000014156103
7150,HSIL_12_patch12.png,0,113.31999969482422,856.22998046875,100,100,0.005200000014156103
7151,HSIL_12_patch12.png,0,20.780000686645508,900.2000122070312,100,100,0.0044999998062849045
7152,HSIL_12_patch12.png,0,236.80999755859375,590.5800170898438,100,100,0.00419999985024333
7153,HSIL_12_patch12.png,0,358.2300109863281,722.010009765625,100,100,0.004000000189989805
7154,HSIL_12_patch12.png,0,296.1499938964844,690.760009765625,100,100,0.0038999998942017555
7155,HSIL_12_patch12.png,0,178.57000732421875,998.1699829101562,100,100,0.003599999938160181
7156,HSIL_12_patch12.png,0,228.97000122070312,620.0900268554688,100,100,0.0035000001080334187
7157,HSIL_12_patch12.png,0,32.220001220703125,804.1500244140625,100,100,0.0034000000450760126
7158,HSIL_12_patch12.png,0,201.49000549316406,125.41000366210938,100,100,0.0032999999821186066
7159,HSIL_12_patch12.png,0,402.4700012207031,985.3599853515625,100,100,0.0031999999191612005
7160,HSIL_12_patch12.png,0,80.55000305175781,557.1199951171875,100,100,0.0031999999191612005
7161,HSIL_12_patch12.png,0,362.92999267578125,255.1199951171875,100,100,0.003100000089034438
7162,HSIL_12_patch12.png,0,952.2899780273438,901.5900268554688,100,100,0.003000000026077032
7163,HSIL_12_patch12.png,0,840.6099853515625,298.260009765625,100,100,0.002300000051036477
7164,HSIL_12_patch12.png,0,421.30999755859375,973.97998046875,100,100,0.002199999988079071
7165,HSIL_12_patch12.png,0,58.20000076293945,442.3599853515625,100,100,0.002199999988079071
7166,HSIL_12_patch12.png,0,438.79998779296875,988.6900024414062,100,100,0.002199999988079071
7167,HSIL_12_patch12.png,0,193.60000610351562,92.73999786376953,100,100,0.0020000000949949026
7168,HSIL_12_patch12.png,0,423.07000732421875,858.1099853515625,100,100,0.0020000000949949026
7169,HSIL_12_patch12.png,0,686.1300048828125,848.0700073242188,100,100,0.0019000000320374966
7170,HSIL_12_patch12.png,0,256.9800109863281,638.3800048828125,100,100,0.0017999999690800905
7171,HSIL_12_patch12.png,0,188.02999877929688,706.989990234375,100,100,0.0017999999690800905
7172,HSIL_12_patch12.png,0,549.1099853515625,937.8200073242188,100,100,0.0015999999595806003
7173,HSIL_12_patch12.png,0,276.260009765625,621.2899780273438,100,100,0.001500000013038516
7174,HSIL_12_patch12.png,0,505.0299987792969,940.9000244140625,100,100,0.00139999995008111
7175,HSIL_12_patch12.png,0,448.80999755859375,650.9099731445312,100,100,0.0013000000035390258
7176,HSIL_12_patch12.png,0,404.69000244140625,1005.4000244140625,100,100,0.0013000000035390258
7177,HSIL_12_patch12.png,0,768.719970703125,891.739990234375,100,100,0.0010999999940395355
7178,LSIL_3_patch04.png,0,874.53,359.68,100,100,0.687
7179,LSIL_3_patch04.png,0,650.26,255.4,100,100,0.67
7180,LSIL_3_patch04.png,0,792.41,231.2,100,100,0.6489
7181,LSIL_3_patch04.png,0,308.94,194.25,100,100,0.6433
7182,LSIL_3_patch04.png,0,679.11,361.15,100,100,0.6353
7183,LSIL_3_patch04.png,0,709.4,87.74,100,100,0.5686
7184,LSIL_3_patch04.png,0,690.92,122.15,100,100,0.5662
7185,LSIL_3_patch04.png,0,775.14,102.42,100,100,0.5015
7186,LSIL_3_patch04.png,0,162.14,151.44,100,100,0.4972
7187,LSIL_3_patch04.png,0,887.38,226.56,100,100,0.4745
7188,LSIL_3_patch04.png,0,654.18,105.2,100,100,0.4632
7189,LSIL_3_patch04.png,0,904.73,145.17,100,100,0.4102
7190,LSIL_3_patch04.png,0,957.98,123.16,100,100,0.3721
7191,LSIL_3_patch04.png,0,738.32,190.17,100,100,0.3483
7192,LSIL_3_patch04.png,0,700.92,11.55,100,100,0.3283
7193,LSIL_3_patch04.png,0,626.4,10.07,100,100,0.3272
7194,LSIL_3_patch04.png,0,796.21,158.08,100,100,0.3264
7195,LSIL_3_patch04.png,0,684.1599731445312,267.5299987792969,100,100,0.2872999906539917
7196,LSIL_3_patch04.png,0,853.61,112.03,100,100,0.2848
7197,LSIL_3_patch04.png,0,835.43,36.42,100,100,0.2791
7198,LSIL_3_patch04.png,0,984.6300048828125,146.1999969482422,100,100,0.22609999775886536
7199,LSIL_3_patch04.png,0,807.4000244140625,51.189998626708984,100,100,0.1932000070810318
7200,LSIL_3_patch04.png,0,186.08999633789062,154.97000122070312,100,100,0.1573999971151352
7201,LSIL_3_patch04.png,0,798.1799926757812,117.63999938964844,100,100,0.12389999628067017
7202,LSIL_3_patch04.png,0,935.530029296875,205.13999938964844,100,100,0.09669999778270721
7203,LSIL_3_patch04.png,0,805.3300170898438,69.56999969482422,100,100,0.0820000022649765
7204,LSIL_3_patch04.png,0,662.219970703125,93.38999938964844,100,100,0.05959999933838844
7205,LSIL_3_patch04.png,0,93.86000061035156,132.6699981689453,100,100,0.05550000071525574
7206,LSIL_3_patch04.png,0,878.969970703125,219.0,100,100,0.028599999845027924
7207,LSIL_3_patch04.png,0,319.760009765625,189.77000427246094,100,100,0.02239999920129776
7208,LSIL_3_patch04.png,0,849.0399780273438,91.0,100,100,0.018699999898672104
7209,LSIL_3_patch04.png,0,774.52001953125,33.20000076293945,100,100,0.017000000923871994
7210,LSIL_3_patch04.png,0,846.510009765625,236.1199951171875,100,100,0.015399999916553497
7211,LSIL_3_patch04.png,0,869.8599853515625,100.94000244140625,100,100,0.013199999928474426
7212,LSIL_3_patch04.png,0,740.3200073242188,203.3300018310547,100,100,0.012000000104308128
7213,LSIL_3_patch04.png,0,796.1400146484375,208.0500030517578,100,100,0.011599999852478504
7214,LSIL_3_patch04.png,0,663.969970703125,112.20999908447266,100,100,0.01140000019222498
7215,LSIL_3_patch04.png,0,914.3099975585938,134.47999572753906,100,100,0.010900000110268593
7216,LSIL_3_patch04.png,0,701.4299926757812,113.48999786376953,100,100,0.010900000110268593
7217,LSIL_3_patch04.png,0,895.1500244140625,152.52000427246094,100,100,0.010099999606609344
7218,LSIL_3_patch04.png,0,992.739990234375,135.91000366210938,100,100,0.009999999776482582
7219,LSIL_3_patch04.png,0,711.6300048828125,4.659999847412109,100,100,0.00989999994635582
7220,LSIL_3_patch04.png,0,887.739990234375,363.0,100,100,0.009399999864399433
7221,LSIL_3_patch04.png,0,724.1699829101562,194.16000366210938,100,100,0.008799999952316284
7222,LSIL_3_patch04.png,0,942.4000244140625,215.1199951171875,100,100,0.008700000122189522
7223,LSIL_3_patch04.png,0,782.3400268554688,148.85000610351562,100,100,0.007799999788403511
7224,LSIL_3_patch04.png,0,687.219970703125,3.9800000190734863,100,100,0.007499999832361937
7225,LSIL_3_patch04.png,0,697.5800170898438,263.7200012207031,100,100,0.007199999876320362
7226,LSIL_3_patch04.png,0,842.5399780273438,164.05999755859375,100,100,0.007199999876320362
7227,LSIL_3_patch04.png,0,687.6099853515625,350.2799987792969,100,100,0.007199999876320362
7228,LSIL_3_patch04.png,0,671.719970703125,258.1499938964844,100,100,0.007199999876320362
7229,LSIL_3_patch04.png,0,154.3699951171875,141.72999572753906,100,100,0.0071000000461936
7230,LSIL_3_patch04.png,0,93.69999694824219,117.72000122070312,100,100,0.0071000000461936
7231,LSIL_3_patch04.png,0,732.5499877929688,173.82000732421875,100,100,0.0066999997943639755
7232,LSIL_3_patch04.png,0,169.0399932861328,162.8699951171875,100,100,0.006399999838322401
7233,LSIL_3_patch04.png,0,805.25,146.97000122070312,100,100,0.006300000008195639
7234,LSIL_3_patch04.png,0,965.9400024414062,114.44000244140625,100,100,0.006000000052154064
7235,LSIL_3_patch04.png,0,798.8300170898438,79.13999938964844,100,100,0.00559999980032444
7236,LSIL_3_patch04.png,0,671.280029296875,349.260009765625,100,100,0.004999999888241291
7237,LSIL_3_patch04.png,0,635.5499877929688,105.02999877929688,100,100,0.004800000227987766
7238,LSIL_3_patch04.png,0,678.5900268554688,111.5,100,100,0.004800000227987766
7239,LSIL_3_patch04.png,0,802.1799926757812,237.14999389648438,100,100,0.0044999998062849045
7240,LSIL_3_patch04.png,0,784.6599731445312,220.88999938964844,100,100,0.0044999998062849045
7241,LSIL_3_patch04.png,0,280.3699951171875,187.91000366210938,100,100,0.0044999998062849045
7242,LSIL_3_patch04.png,0,867.260009765625,348.9599914550781,100,100,0.004399999976158142
7243,LSIL_3_patch04.png,0,299.8299865722656,182.58999633789062,100,100,0.004100000020116568
7244,LSIL_3_patch04.png,0,702.2899780273438,77.44999694824219,100,100,0.004100000020116568
7245,LSIL_3_patch04.png,0,151.25,226.99000549316406,100,100,0.0038999998942017555
7246,LSIL_3_patch04.png,0,899.9400024414062,231.25,100,100,0.003800000064074993
7247,LSIL_3_patch04.png,0,895.3200073242188,137.0800018310547,100,100,0.003599999938160181
7248,LSIL_3_patch04.png,0,892.260009765625,212.27000427246094,100,100,0.0035000001080334187
7249,LSIL_3_patch04.png,0,674.8800048828125,276.7699890136719,100,100,0.0035000001080334187
7250,LSIL_3_patch04.png,0,792.0900268554688,53.970001220703125,100,100,0.0034000000450760126
7251,LSIL_3_patch04.png,0,765.6599731445312,93.25,100,100,0.0032999999821186066
7252,LSIL_3_patch04.png,0,694.7000122070312,96.30999755859375,100,100,0.0032999999821186066
7253,LSIL_3_patch04.png,0,687.6300048828125,370.19000244140625,100,100,0.0031999999191612005
7254,LSIL_3_patch04.png,0,884.8800048828125,349.1600036621094,100,100,0.0031999999191612005
7255,LSIL_3_patch04.png,0,645.7999877929688,243.9499969482422,100,100,0.0031999999191612005
7256,LSIL_3_patch04.png,0,790.030029296875,94.80999755859375,100,100,0.003100000089034438
7257,LSIL_3_patch04.png,0,802.2999877929688,169.3800048828125,100,100,0.003000000026077032
7258,LSIL_3_patch04.png,0,750.1599731445312,182.02999877929688,100,100,0.002899999963119626
7259,LSIL_3_patch04.png,0,198.3000030517578,145.9600067138672,100,100,0.002899999963119626
7260,LSIL_3_patch04.png,0,92.94999694824219,148.86000061035156,100,100,0.002899999963119626
7261,LSIL_3_patch04.png,0,143.2899932861328,213.60000610351562,100,100,0.0024999999441206455
7262,LSIL_3_patch04.png,0,292.19000244140625,193.7100067138672,100,100,0.002400000113993883
7263,LSIL_3_patch04.png,0,700.5399780273438,336.2099914550781,100,100,0.002400000113993883
7264,LSIL_3_patch04.png,0,848.6099853515625,45.38999938964844,100,100,0.002300000051036477
7265,LSIL_3_patch04.png,0,752.469970703125,777.1099853515625,100,100,0.002199999988079071
7266,LSIL_3_patch04.png,0,686.989990234375,283.05999755859375,100,100,0.0020000000949949026
7267,LSIL_3_patch04.png,0,871.7999877929688,229.61000061035156,100,100,0.0017999999690800905
7268,LSIL_3_patch04.png,0,721.989990234375,84.91000366210938,100,100,0.0017999999690800905
7269,LSIL_3_patch04.png,0,771.4600219726562,19.18000030517578,100,100,0.0017000000225380063
7270,LSIL_3_patch04.png,0,845.3300170898438,125.91999816894531,100,100,0.0015999999595806003
7271,LSIL_3_patch04.png,0,115.88999938964844,138.55999755859375,100,100,0.0015999999595806003
7272,LSIL_3_patch04.png,0,755.47998046875,16.239999771118164,100,100,0.00139999995008111
7273,LSIL_3_patch04.png,0,196.4199981689453,162.97999572753906,100,100,0.0013000000035390258
7274,LSIL_3_patch04.png,0,945.8800048828125,129.22000122070312,100,100,0.0012000000569969416
7275,LSIL_3_patch04.png,0,676.4099731445312,88.80000305175781,100,100,0.0010999999940395355
7276,LSIL_3_patch05.png,0,387.35,373.85,100,100,0.7199
7277,LSIL_3_patch05.png,0,415.55,444.65,100,100,0.5914
7278,LSIL_3_patch05.png,0,889.8200073242188,83.4800033569336,100,100,0.00860000029206276
7279,LSIL_3_patch05.png,0,374.8500061035156,367.3800048828125,100,100,0.0052999998442828655
7280,LSIL_3_patch05.png,0,392.3500061035156,358.1700134277344,100,100,0.004699999932199717
7281,LSIL_3_patch05.png,0,429.1199951171875,448.32000732421875,100,100,0.004399999976158142
7282,LSIL_3_patch05.png,0,401.3399963378906,430.1300048828125,100,100,0.00419999985024333
7283,LSIL_3_patch05.png,0,426.1300048828125,430.6600036621094,100,100,0.00279999990016222
7284,LSIL_3_patch05.png,0,399.0799865722656,387.80999755859375,100,100,0.0015999999595806003
7285,LSIL_3_patch06.png,0,685.52,900.73,100,100,0.6822
7286,LSIL_3_patch06.png,0,529.65,828.9,100,100,0.5453
7287,LSIL_3_patch06.png,0,239.6,890.8,100,100,0.5335
7288,LSIL_3_patch06.png,0,424.82,808.42,100,100,0.487
7289,LSIL_3_patch06.png,0,405.89,856.06,100,100,0.423
7290,LSIL_3_patch06.png,0,422.73,997.8,100,100,0.4192
7291,LSIL_3_patch06.png,0,634.68,818.22,100,100,0.3717
7292,LSIL_3_patch06.png,0,197.39,858.65,100,100,0.3295
7293,LSIL_3_patch06.png,0,362.35,795.34,100,100,0.322
7294,LSIL_3_patch06.png,0,124.12,906.27,100,100,0.288
7295,LSIL_3_patch06.png,0,359.93,842.11,100,100,0.2776
7296,LSIL_3_patch06.png,0,155.38,897.65,100,100,0.2442
7297,LSIL_3_patch06.png,0,469.28,681.88,100,100,0.2141
7298,LSIL_3_patch06.png,0,246.30999755859375,816.0700073242188,100,100,0.20180000364780426
7299,LSIL_3_patch06.png,0,346.5,1006.3499755859375,100,100,0.17759999632835388
7300,LSIL_3_patch06.png,0,155.23,935.36,100,100,0.1626
7301,LSIL_3_patch06.png,0,466.2699890136719,796.72998046875,100,100,0.15680000185966492
7302,LSIL_3_patch06.png,0,423.0400085449219,915.4600219726562,100,100,0.15029999613761902
7303,LSIL_3_patch06.png,0,211.5399932861328,919.9199829101562,100,100,0.13519999384880066
7304,LSIL_3_patch06.png,0,670.1799926757812,718.8599853515625,100,100,0.13120000064373016
7305,LSIL_3_patch06.png,0,765.3900146484375,952.22998046875,100,100,0.12269999831914902
7306,LSIL_3_patch06.png,0,119.37999725341797,808.2999877929688,100,100,0.11879999935626984
7307,LSIL_3_patch06.png,0,378.70001220703125,715.8599853515625,100,100,0.11590000241994858
7308,LSIL_3_patch06.png,0,546.760009765625,726.010009765625,100,100,0.09080000221729279
7309,LSIL_3_patch06.png,0,477.92999267578125,785.3800048828125,100,100,0.052000001072883606
7310,LSIL_3_patch06.png,0,147.4600067138672,867.7899780273438,100,100,0.04820000007748604
7311,LSIL_3_patch06.png,0,134.3000030517578,816.75,100,100,0.04349999874830246
7312,LSIL_3_patch06.png,0,159.07000732421875,840.1500244140625,100,100,0.04280000180006027
7313,LSIL_3_patch06.png,0,601.3499755859375,804.25,100,100,0.041999999433755875
7314,LSIL_3_patch06.png,0,356.3500061035156,775.489990234375,100,100,0.03480000048875809
7315,LSIL_3_patch06.png,0,692.9099731445312,742.760009765625,100,100,0.03099999949336052
7316,LSIL_3_patch06.png,0,415.989990234375,885.9099731445312,100,100,0.02710000053048134
7317,LSIL_3_patch06.png,0,363.17999267578125,1012.3499755859375,100,100,0.019600000232458115
7318,LSIL_3_patch06.png,0,150.3000030517578,886.739990234375,100,100,0.019300000742077827
7319,LSIL_3_patch06.png,0,144.80999755859375,826.2100219726562,100,100,0.018200000748038292
7320,LSIL_3_patch06.png,0,184.50999450683594,801.7899780273438,100,100,0.01590000092983246
7321,LSIL_3_patch06.png,0,415.9700012207031,928.6400146484375,100,100,0.014800000004470348
7322,LSIL_3_patch06.png,0,184.55999755859375,854.4199829101562,100,100,0.013399999588727951
7323,LSIL_3_patch06.png,0,198.25,800.47998046875,100,100,0.013399999588727951
7324,LSIL_3_patch06.png,0,443.3900146484375,800.4099731445312,100,100,0.012400000356137753
7325,LSIL_3_patch06.png,0,255.2899932861328,875.010009765625,100,100,0.012000000104308128
7326,LSIL_3_patch06.png,0,649.5800170898438,655.0399780273438,100,100,0.012000000104308128
7327,LSIL_3_patch06.png,0,336.7099914550781,1012.3699951171875,100,100,0.011300000362098217
7328,LSIL_3_patch06.png,0,102.4000015258789,808.489990234375,100,100,0.00989999994635582
7329,LSIL_3_patch06.png,0,269.0299987792969,868.3499755859375,100,100,0.009700000286102295
7330,LSIL_3_patch06.png,0,123.01000213623047,972.6199951171875,100,100,0.00930000003427267
7331,LSIL_3_patch06.png,0,148.5800018310547,947.280029296875,100,100,0.009200000204145908
7332,LSIL_3_patch06.png,0,290.17999267578125,825.7999877929688,100,100,0.008299999870359898
7333,LSIL_3_patch06.png,0,211.1699981689453,848.7899780273438,100,100,0.008100000210106373
7334,LSIL_3_patch06.png,0,484.80999755859375,684.5999755859375,100,100,0.007600000128149986
7335,LSIL_3_patch06.png,0,140.1300048828125,937.4299926757812,100,100,0.007499999832361937
7336,LSIL_3_patch06.png,0,110.61000061035156,817.6500244140625,100,100,0.007499999832361937
7337,LSIL_3_patch06.png,0,694.5999755859375,888.22998046875,100,100,0.007199999876320362
7338,LSIL_3_patch06.png,0,200.6199951171875,827.5599975585938,100,100,0.007199999876320362
7339,LSIL_3_patch06.png,0,342.6700134277344,840.2100219726562,100,100,0.007000000216066837
7340,LSIL_3_patch06.png,0,232.8000030517578,810.5900268554688,100,100,0.0066999997943639755
7341,LSIL_3_patch06.png,0,552.280029296875,713.1799926757812,100,100,0.006500000134110451
7342,LSIL_3_patch06.png,0,415.8999938964844,986.4099731445312,100,100,0.006200000178068876
7343,LSIL_3_patch06.png,0,771.4500122070312,804.4500122070312,100,100,0.006000000052154064
7344,LSIL_3_patch06.png,0,226.13999938964844,905.7999877929688,100,100,0.005900000222027302
7345,LSIL_3_patch06.png,0,677.6300048828125,731.260009765625,100,100,0.00570000009611249
7346,LSIL_3_patch06.png,0,283.6600036621094,866.75,100,100,0.00559999980032444
7347,LSIL_3_patch06.png,0,429.54998779296875,902.219970703125,100,100,0.005400000140070915
7348,LSIL_3_patch06.png,0,86.43000030517578,805.9099731445312,100,100,0.005100000184029341
7349,LSIL_3_patch06.png,0,387.3900146484375,707.3200073242188,100,100,0.005100000184029341
7350,LSIL_3_patch06.png,0,432.0,989.4299926757812,100,100,0.004900000058114529
7351,LSIL_3_patch06.png,0,148.89999389648438,849.22998046875,100,100,0.004900000058114529
7352,LSIL_3_patch06.png,0,648.8599853515625,720.739990234375,100,100,0.004900000058114529
7353,LSIL_3_patch06.png,0,149.6999969482422,916.0800170898438,100,100,0.0044999998062849045
7354,LSIL_3_patch06.png,0,174.66000366210938,942.1500244140625,100,100,0.004399999976158142
7355,LSIL_3_patch06.png,0,675.97998046875,889.6500244140625,100,100,0.00430000014603138
7356,LSIL_3_patch06.png,0,221.13999938964844,925.6599731445312,100,100,0.00430000014603138
7357,LSIL_3_patch06.png,0,232.61000061035156,878.510009765625,100,100,0.00419999985024333
7358,LSIL_3_patch06.png,0,395.04998779296875,861.1799926757812,100,100,0.00419999985024333
7359,LSIL_3_patch06.png,0,536.030029296875,814.5999755859375,100,100,0.00419999985024333
7360,LSIL_3_patch06.png,0,421.04998779296875,845.0,100,100,0.00419999985024333
7361,LSIL_3_patch06.png,0,106.20999908447266,909.780029296875,100,100,0.004000000189989805
7362,LSIL_3_patch06.png,0,618.52001953125,805.760009765625,100,100,0.003800000064074993
7363,LSIL_3_patch06.png,0,207.1699981689453,868.8300170898438,100,100,0.003700000001117587
7364,LSIL_3_patch06.png,0,221.00999450683594,838.22998046875,100,100,0.0034000000450760126
7365,LSIL_3_patch06.png,0,234.5,825.97998046875,100,100,0.0034000000450760126
7366,LSIL_3_patch06.png,0,136.58999633789062,802.0499877929688,100,100,0.0031999999191612005
7367,LSIL_3_patch06.png,0,521.3400268554688,818.5499877929688,100,100,0.0031999999191612005
7368,LSIL_3_patch06.png,0,112.81999969482422,897.4199829101562,100,100,0.003000000026077032
7369,LSIL_3_patch06.png,0,434.3800048828125,1015.9000244140625,100,100,0.003000000026077032
7370,LSIL_3_patch06.png,0,576.3200073242188,837.489990234375,100,100,0.002899999963119626
7371,LSIL_3_patch06.png,0,463.1400146484375,816.1900024414062,100,100,0.00279999990016222
7372,LSIL_3_patch06.png,0,190.0800018310547,866.719970703125,100,100,0.00279999990016222
7373,LSIL_3_patch06.png,0,392.04998779296875,835.9500122070312,100,100,0.0027000000700354576
7374,LSIL_3_patch06.png,0,131.33999633789062,914.1699829101562,100,100,0.0027000000700354576
7375,LSIL_3_patch06.png,0,768.0900268554688,968.1799926757812,100,100,0.0027000000700354576
7376,LSIL_3_patch06.png,0,248.27000427246094,965.7000122070312,100,100,0.0026000000070780516
7377,LSIL_3_patch06.png,0,416.29998779296875,796.8400268554688,100,100,0.0026000000070780516
7378,LSIL_3_patch06.png,0,251.16000366210938,827.989990234375,100,100,0.0026000000070780516
7379,LSIL_3_patch06.png,0,422.2200012207031,873.4600219726562,100,100,0.0026000000070780516
7380,LSIL_3_patch06.png,0,172.77000427246094,882.6500244140625,100,100,0.0024999999441206455
7381,LSIL_3_patch06.png,0,436.4599914550781,813.510009765625,100,100,0.002400000113993883
7382,LSIL_3_patch06.png,0,130.9600067138672,958.239990234375,100,100,0.002400000113993883
7383,LSIL_3_patch06.png,0,174.14999389648438,830.489990234375,100,100,0.002400000113993883
7384,LSIL_3_patch06.png,0,547.2899780273438,833.3900146484375,100,100,0.002300000051036477
7385,LSIL_3_patch06.png,0,405.510009765625,875.3499755859375,100,100,0.002199999988079071
7386,LSIL_3_patch06.png,0,161.0,910.0399780273438,100,100,0.002099999925121665
7387,LSIL_3_patch06.png,0,613.8900146484375,821.5,100,100,0.0019000000320374966
7388,LSIL_3_patch06.png,0,191.05999755859375,845.219970703125,100,100,0.0017999999690800905
7389,LSIL_3_patch06.png,0,109.51000213623047,947.72998046875,100,100,0.0017000000225380063
7390,LSIL_3_patch06.png,0,205.10000610351562,902.8200073242188,100,100,0.0017000000225380063
7391,LSIL_3_patch06.png,0,409.8999938964844,1007.97998046875,100,100,0.0015999999595806003
7392,LSIL_3_patch06.png,0,638.7100219726562,801.6400146484375,100,100,0.00139999995008111
7393,LSIL_3_patch06.png,0,448.260009765625,892.6400146484375,100,100,0.00139999995008111
7394,LSIL_3_patch06.png,0,114.16999816894531,926.2100219726562,100,100,0.0012000000569969416
7395,LSIL_3_patch06.png,0,162.1699981689453,949.1699829101562,100,100,0.0010999999940395355
7396,LSIL_3_patch07.png,0,184.82,419.12,100,100,0.6665
7397,LSIL_3_patch07.png,0,108.53,560.63,100,100,0.5469
7398,LSIL_3_patch07.png,0,1003.58,991.95,100,100,0.2598
7399,LSIL_3_patch07.png,0,135.3800048828125,545.0399780273438,100,100,0.010599999688565731
7400,LSIL_3_patch07.png,0,119.08000183105469,551.2100219726562,100,100,0.006800000090152025
7401,LSIL_3_patch07.png,0,689.5,57.040000915527344,100,100,0.006300000008195639
7402,LSIL_3_patch07.png,0,1015.8499755859375,979.2899780273438,100,100,0.005799999926239252
7403,LSIL_3_patch07.png,0,198.7899932861328,409.7200012207031,100,100,0.004999999888241291
7404,LSIL_3_patch07.png,0,705.22998046875,78.08999633789062,100,100,0.004999999888241291
7405,LSIL_3_patch07.png,0,1001.489990234375,977.1099853515625,100,100,0.0024999999441206455
7406,LSIL_3_patch07.png,0,173.3300018310547,410.2799987792969,100,100,0.002099999925121665
7407,LSIL_3_patch08.png,0,138.81,564.01,100,100,0.7137
7408,LSIL_3_patch08.png,0,139.6,697.73,100,100,0.674
7409,LSIL_3_patch08.png,0,297.31,665.01,100,100,0.6499
7410,LSIL_3_patch08.png,0,47.89,142.85,100,100,0.6125
7411,LSIL_3_patch08.png,0,103.51,47.42,100,100,0.591
7412,LSIL_3_patch08.png,0,146.21,22.14,100,100,0.5872
7413,LSIL_3_patch08.png,0,209.85,67.6,100,100,0.539
7414,LSIL_3_patch08.png,0,90.74,990.17,100,100,0.4934
7415,LSIL_3_patch08.png,0,813.64,26.65,100,100,0.4848
7416,LSIL_3_patch08.png,0,77.06,623.9,100,100,0.4093
7417,LSIL_3_patch08.png,0,14.85,533.87,100,100,0.3504
7418,LSIL_3_patch08.png,0,629.9,459.12,100,100,0.3045
7419,LSIL_3_patch08.png,0,143.1,953.36,100,100,0.2882
7420,LSIL_3_patch08.png,0,982.22,523.17,100,100,0.2801
7421,LSIL_3_patch08.png,0,917.66,599.3,100,100,0.2783
7422,LSIL_3_patch08.png,0,36.33,19.98,100,100,0.2523
7423,LSIL_3_patch08.png,0,159.68,989.92,100,100,0.2371
7424,LSIL_3_patch08.png,0,164.82000732421875,916.3800048828125,100,100,0.179299995303154
7425,LSIL_3_patch08.png,0,128.3699951171875,18.139999389648438,100,100,0.15330000221729279
7426,LSIL_3_patch08.png,0,209.32000732421875,136.5399932861328,100,100,0.09139999747276306
7427,LSIL_3_patch08.png,0,8.4399995803833,682.9500122070312,100,100,0.07490000128746033
7428,LSIL_3_patch08.png,0,31.489999771118164,9.579999923706055,100,100,0.06040000170469284
7429,LSIL_3_patch08.png,0,724.5700073242188,327.3699951171875,100,100,0.029600000008940697
7430,LSIL_3_patch08.png,0,139.08999633789062,8.109999656677246,100,100,0.02759999968111515
7431,LSIL_3_patch08.png,0,10.399999618530273,60.130001068115234,100,100,0.024399999529123306
7432,LSIL_3_patch08.png,0,3.930000066757202,641.9099731445312,100,100,0.019700000062584877
7433,LSIL_3_patch08.png,0,122.94999694824219,7.369999885559082,100,100,0.017500000074505806
7434,LSIL_3_patch08.png,0,151.9600067138672,11.720000267028809,100,100,0.017400000244379044
7435,LSIL_3_patch08.png,0,12.859999656677246,663.5700073242188,100,100,0.013399999588727951
7436,LSIL_3_patch08.png,0,162.3699951171875,43.310001373291016,100,100,0.013000000268220901
7437,LSIL_3_patch08.png,0,6.889999866485596,524.739990234375,100,100,0.01269999984651804
7438,LSIL_3_patch08.png,0,101.69999694824219,980.3499755859375,100,100,0.01140000019222498
7439,LSIL_3_patch08.png,0,504.32000732421875,862.8900146484375,100,100,0.009499999694526196
7440,LSIL_3_patch08.png,0,974.0399780273438,512.4400024414062,100,100,0.009200000204145908
7441,LSIL_3_patch08.png,0,821.0800170898438,18.860000610351562,100,100,0.008999999612569809
7442,LSIL_3_patch08.png,0,146.52999877929688,986.9500122070312,100,100,0.008999999612569809
7443,LSIL_3_patch08.png,0,310.7200012207031,657.9600219726562,100,100,0.008799999952316284
7444,LSIL_3_patch08.png,0,284.3399963378906,662.0399780273438,100,100,0.008500000461935997
7445,LSIL_3_patch08.png,0,49.810001373291016,21.06999969482422,100,100,0.00839999970048666
7446,LSIL_3_patch08.png,0,220.74000549316406,58.27000045776367,100,100,0.008299999870359898
7447,LSIL_3_patch08.png,0,203.83999633789062,53.06999969482422,100,100,0.008100000210106373
7448,LSIL_3_patch08.png,0,874.3300170898438,720.239990234375,100,100,0.007899999618530273
7449,LSIL_3_patch08.png,0,60.20000076293945,147.17999267578125,100,100,0.007400000002235174
7450,LSIL_3_patch08.png,0,140.55999755859375,683.9199829101562,100,100,0.007400000002235174
7451,LSIL_3_patch08.png,0,153.69000244140625,695.5499877929688,100,100,0.006300000008195639
7452,LSIL_3_patch08.png,0,79.72000122070312,997.5,100,100,0.006000000052154064
7453,LSIL_3_patch08.png,0,137.1199951171875,29.610000610351562,100,100,0.00570000009611249
7454,LSIL_3_patch08.png,0,34.880001068115234,146.7100067138672,100,100,0.005499999970197678
7455,LSIL_3_patch08.png,0,82.41999816894531,982.3900146484375,100,100,0.005400000140070915
7456,LSIL_3_patch08.png,0,31.860000610351562,530.4299926757812,100,100,0.005200000014156103
7457,LSIL_3_patch08.png,0,130.5500030517578,554.0599975585938,100,100,0.005100000184029341
7458,LSIL_3_patch08.png,0,63.66999816894531,4.03000020980835,100,100,0.004800000227987766
7459,LSIL_3_patch08.png,0,146.8699951171875,553.3699951171875,100,100,0.0044999998062849045
7460,LSIL_3_patch08.png,0,998.6799926757812,520.6500244140625,100,100,0.004399999976158142
7461,LSIL_3_patch08.png,0,160.2899932861328,975.3200073242188,100,100,0.00430000014603138
7462,LSIL_3_patch08.png,0,6.860000133514404,543.0599975585938,100,100,0.00430000014603138
7463,LSIL_3_patch08.png,0,5.739999771118164,873.9299926757812,100,100,0.003800000064074993
7464,LSIL_3_patch08.png,0,52.47999954223633,131.35000610351562,100,100,0.003599999938160181
7465,LSIL_3_patch08.png,0,812.52001953125,9.800000190734863,100,100,0.0032999999821186066
7466,LSIL_3_patch08.png,0,153.69000244140625,962.0700073242188,100,100,0.0032999999821186066
7467,LSIL_3_patch08.png,0,127.63999938964844,569.0,100,100,0.0031999999191612005
7468,LSIL_3_patch08.png,0,170.8699951171875,54.34000015258789,100,100,0.003100000089034438
7469,LSIL_3_patch08.png,0,292.6499938964844,651.1699829101562,100,100,0.003100000089034438
7470,LSIL_3_patch08.png,0,147.17999267578125,708.3499755859375,100,100,0.002899999963119626
7471,LSIL_3_patch08.png,0,151.36000061035156,570.6400146484375,100,100,0.002899999963119626
7472,LSIL_3_patch08.png,0,109.73999786376953,22.459999084472656,100,100,0.00279999990016222
7473,LSIL_3_patch08.png,0,164.10000610351562,22.56999969482422,100,100,0.0024999999441206455
7474,LSIL_3_patch08.png,0,822.4000244140625,33.630001068115234,100,100,0.002400000113993883
7475,LSIL_3_patch08.png,0,118.69999694824219,40.5,100,100,0.002300000051036477
7476,LSIL_3_patch08.png,0,98.58000183105469,32.349998474121094,100,100,0.002199999988079071
7477,LSIL_3_patch08.png,0,124.0,699.1099853515625,100,100,0.002199999988079071
7478,LSIL_3_patch08.png,0,34.900001525878906,131.27999877929688,100,100,0.002199999988079071
7479,LSIL_3_patch08.png,0,98.05999755859375,998.3599853515625,100,100,0.0017000000225380063
7480,LSIL_3_patch08.png,0,969.1699829101562,528.280029296875,100,100,0.001500000013038516
7481,LSIL_3_patch08.png,0,146.5800018310547,1002.3699951171875,100,100,0.0012000000569969416
7482,LSIL_3_patch08.png,0,796.97998046875,30.18000030517578,100,100,0.0012000000569969416
7483,LSIL_3_patch08.png,0,70.8499984741211,636.280029296875,100,100,0.0010999999940395355
7484,LSIL_3_patch09.png,0,27.88,305.87,100,100,0.7305
7485,LSIL_3_patch09.png,0,250.07,557.08,100,100,0.723
7486,LSIL_3_patch09.png,0,315.68,825.8,100,100,0.7059
7487,LSIL_3_patch09.png,0,243.67,436.5,100,100,0.6732
7488,LSIL_3_patch09.png,0,953.07,927.9,100,100,0.6644
7489,LSIL_3_patch09.png,0,179.59,812.9,100,100,0.6278
7490,LSIL_3_patch09.png,0,183.17,895.05,100,100,0.5684
7491,LSIL_3_patch09.png,0,152.18,408.68,100,100,0.4219
7492,LSIL_3_patch09.png,0,67.05,974.13,100,100,0.349
7493,LSIL_3_patch09.png,0,194.88,988.31,100,100,0.2934
7494,LSIL_3_patch09.png,0,37.51,160.79,100,100,0.2637
7495,LSIL_3_patch09.png,0,828.77,1012.83,100,100,0.2297
7496,LSIL_3_patch09.png,0,136.3300018310547,1000.0900268554688,100,100,0.18029999732971191
7497,LSIL_3_patch09.png,0,56.47999954223633,861.6699829101562,100,100,0.17090000212192535
7498,LSIL_3_patch09.png,0,187.25999450683594,1009.6799926757812,100,100,0.16169999539852142
7499,LSIL_3_patch09.png,0,209.59,957.39,100,100,0.158
7500,LSIL_3_patch09.png,0,194.68,1020.35,100,100,0.1181
7501,LSIL_3_patch09.png,0,62.720001220703125,1008.1599731445312,100,100,0.11219999939203262
7502,LSIL_3_patch09.png,0,241.66000366210938,1004.2899780273438,100,100,0.07490000128746033
7503,LSIL_3_patch09.png,0,894.1799926757812,1016.530029296875,100,100,0.06719999760389328
7504,LSIL_3_patch09.png,0,285.6700134277344,1011.2999877929688,100,100,0.06199999898672104
7505,LSIL_3_patch09.png,0,932.6099853515625,1016.9099731445312,100,100,0.056699998676776886
7506,LSIL_3_patch09.png,0,19.899999618530273,1003.0999755859375,100,100,0.05590000003576279
7507,LSIL_3_patch09.png,0,339.19000244140625,398.8999938964844,100,100,0.05310000106692314
7508,LSIL_3_patch09.png,0,141.2899932861328,1010.52001953125,100,100,0.047600001096725464
7509,LSIL_3_patch09.png,0,131.9499969482422,899.75,100,100,0.033900000154972076
7510,LSIL_3_patch09.png,0,207.7100067138672,399.30999755859375,100,100,0.03020000085234642
7511,LSIL_3_patch09.png,0,88.31999969482422,968.760009765625,100,100,0.02800000086426735
7512,LSIL_3_patch09.png,0,8.359999656677246,205.3800048828125,100,100,0.025100000202655792
7513,LSIL_3_patch09.png,0,84.25,365.7699890136719,100,100,0.019600000232458115
7514,LSIL_3_patch09.png,0,238.47000122070312,448.0899963378906,100,100,0.01860000006854534
7515,LSIL_3_patch09.png,0,67.29000091552734,868.989990234375,100,100,0.01640000008046627
7516,LSIL_3_patch09.png,0,269.7699890136719,413.3500061035156,100,100,0.015699999406933784
7517,LSIL_3_patch09.png,0,946.6799926757812,916.3699951171875,100,100,0.014499999582767487
7518,LSIL_3_patch09.png,0,62.0099983215332,985.030029296875,100,100,0.0142000000923872
7519,LSIL_3_patch09.png,0,193.11000061035156,900.5499877929688,100,100,0.013199999928474426
7520,LSIL_3_patch09.png,0,24.149999618530273,1019.5700073242188,100,100,0.01269999984651804
7521,LSIL_3_patch09.png,0,236.99000549316406,1014.47998046875,100,100,0.012199999764561653
7522,LSIL_3_patch09.png,0,914.3900146484375,1019.8699951171875,100,100,0.010999999940395355
7523,LSIL_3_patch09.png,0,52.7599983215332,1016.97998046875,100,100,0.010499999858438969
7524,LSIL_3_patch09.png,0,177.3300018310547,1019.5399780273438,100,100,0.010499999858438969
7525,LSIL_3_patch09.png,0,68.5999984741211,997.280029296875,100,100,0.009200000204145908
7526,LSIL_3_patch09.png,0,247.9499969482422,922.010009765625,100,100,0.009100000374019146
7527,LSIL_3_patch09.png,0,322.8699951171875,815.1400146484375,100,100,0.008700000122189522
7528,LSIL_3_patch09.png,0,304.04998779296875,818.8300170898438,100,100,0.008200000040233135
7529,LSIL_3_patch09.png,0,40.099998474121094,302.5899963378906,100,100,0.00800000037997961
7530,LSIL_3_patch09.png,0,173.3000030517578,546.1099853515625,100,100,0.00800000037997961
7531,LSIL_3_patch09.png,0,83.47000122070312,953.77001953125,100,100,0.007600000128149986
7532,LSIL_3_patch09.png,0,241.64999389648438,987.5800170898438,100,100,0.007499999832361937
7533,LSIL_3_patch09.png,0,181.6199951171875,396.82000732421875,100,100,0.007400000002235174
7534,LSIL_3_patch09.png,0,194.33999633789062,808.0999755859375,100,100,0.006899999920278788
7535,LSIL_3_patch09.png,0,4.840000152587891,170.16000366210938,100,100,0.006800000090152025
7536,LSIL_3_patch09.png,0,846.6500244140625,1019.02001953125,100,100,0.006599999964237213
7537,LSIL_3_patch09.png,0,192.13999938964844,885.5800170898438,100,100,0.006599999964237213
7538,LSIL_3_patch09.png,0,71.5999984741211,1018.4400024414062,100,100,0.006500000134110451
7539,LSIL_3_patch09.png,0,10.470000267028809,156.5399932861328,100,100,0.006500000134110451
7540,LSIL_3_patch09.png,0,265.1400146484375,953.22998046875,100,100,0.006399999838322401
7541,LSIL_3_patch09.png,0,327.510009765625,829.739990234375,100,100,0.006300000008195639
7542,LSIL_3_patch09.png,0,84.41999816894531,983.77001953125,100,100,0.006099999882280827
7543,LSIL_3_patch09.png,0,232.0399932861328,424.6000061035156,100,100,0.0052999998442828655
7544,LSIL_3_patch09.png,0,7.360000133514404,998.72998046875,100,100,0.005200000014156103
7545,LSIL_3_patch09.png,0,165.1199951171875,404.32000732421875,100,100,0.004900000058114529
7546,LSIL_3_patch09.png,0,942.5999755859375,999.1699829101562,100,100,0.004900000058114529
7547,LSIL_3_patch09.png,0,32.22999954223633,995.6099853515625,100,100,0.004900000058114529
7548,LSIL_3_patch09.png,0,44.56999969482422,173.5500030517578,100,100,0.004800000227987766
7549,LSIL_3_patch09.png,0,257.6000061035156,428.3399963378906,100,100,0.004699999932199717
7550,LSIL_3_patch09.png,0,262.8599853515625,560.6300048828125,100,100,0.0044999998062849045
7551,LSIL_3_patch09.png,0,164.3699951171875,809.1099853515625,100,100,0.00419999985024333
7552,LSIL_3_patch09.png,0,45.119998931884766,868.0499877929688,100,100,0.004000000189989805
7553,LSIL_3_patch09.png,0,235.1999969482422,547.969970703125,100,100,0.0038999998942017555
7554,LSIL_3_patch09.png,0,241.30999755859375,565.280029296875,100,100,0.003800000064074993
7555,LSIL_3_patch09.png,0,96.77999877929688,956.7899780273438,100,100,0.003800000064074993
7556,LSIL_3_patch09.png,0,282.8299865722656,417.9599914550781,100,100,0.003800000064074993
7557,LSIL_3_patch09.png,0,266.6400146484375,460.989990234375,100,100,0.003700000001117587
7558,LSIL_3_patch09.png,0,171.08999633789062,890.719970703125,100,100,0.0032999999821186066
7559,LSIL_3_patch09.png,0,816.739990234375,1017.6799926757812,100,100,0.0031999999191612005
7560,LSIL_3_patch09.png,0,45.45000076293945,152.16000366210938,100,100,0.003100000089034438
7561,LSIL_3_patch09.png,0,940.2999877929688,930.489990234375,100,100,0.003000000026077032
7562,LSIL_3_patch09.png,0,18.940000534057617,294.6600036621094,100,100,0.003000000026077032
7563,LSIL_3_patch09.png,0,203.38999938964844,971.5399780273438,100,100,0.00279999990016222
7564,LSIL_3_patch09.png,0,960.8300170898438,913.1500244140625,100,100,0.0027000000700354576
7565,LSIL_3_patch09.png,0,260.5199890136719,548.27001953125,100,100,0.0027000000700354576
7566,LSIL_3_patch09.png,0,84.97000122070312,1011.47998046875,100,100,0.002199999988079071
7567,LSIL_3_patch09.png,0,220.99000549316406,413.8299865722656,100,100,0.002199999988079071
7568,LSIL_3_patch09.png,0,46.22999954223633,187.3300018310547,100,100,0.0020000000949949026
7569,LSIL_3_patch09.png,0,65.30000305175781,848.6400146484375,100,100,0.0020000000949949026
7570,LSIL_3_patch09.png,0,8.300000190734863,365.6400146484375,100,100,0.0019000000320374966
7571,LSIL_3_patch09.png,0,957.4000244140625,995.8900146484375,100,100,0.0019000000320374966
7572,LSIL_3_patch09.png,0,309.0,808.1599731445312,100,100,0.0019000000320374966
7573,LSIL_3_patch09.png,0,40.97999954223633,209.0399932861328,100,100,0.0017999999690800905
7574,LSIL_3_patch09.png,0,57.34000015258789,963.6500244140625,100,100,0.0017000000225380063
7575,LSIL_3_patch09.png,0,256.19000244140625,1003.1699829101562,100,100,0.0017000000225380063
7576,LSIL_3_patch09.png,0,37.43000030517578,289.75,100,100,0.0015999999595806003
7577,LSIL_3_patch10.png,0,300.35,73.78,100,100,0.7228
7578,LSIL_3_patch10.png,0,153.84,675.38,100,100,0.6885
7579,LSIL_3_patch10.png,0,412.76,36.14,100,100,0.663
7580,LSIL_3_patch10.png,0,898.64,771.77,100,100,0.6123
7581,LSIL_3_patch10.png,0,368.29,477.98,100,100,0.6121
7582,LSIL_3_patch10.png,0,198.86,998.64,100,100,0.5952
7583,LSIL_3_patch10.png,0,125.24,761.54,100,100,0.5825
7584,LSIL_3_patch10.png,0,96.55,48.77,100,100,0.5773
7585,LSIL_3_patch10.png,0,340.88,541.62,100,100,0.5732
7586,LSIL_3_patch10.png,0,624.29,912.12,100,100,0.5708
7587,LSIL_3_patch10.png,0,75.47,883.14,100,100,0.5587
7588,LSIL_3_patch10.png,0,204.05,817.21,100,100,0.55
7589,LSIL_3_patch10.png,0,330.16,962.14,100,100,0.549
7590,LSIL_3_patch10.png,0,31.4,481.58,100,100,0.5235
7591,LSIL_3_patch10.png,0,93.03,541.88,100,100,0.5154
7592,LSIL_3_patch10.png,0,778.2,865.2,100,100,0.4961
7593,LSIL_3_patch10.png,0,105.01,685.95,100,100,0.4889
7594,LSIL_3_patch10.png,0,969.46,921.72,100,100,0.4769
7595,LSIL_3_patch10.png,0,944.95,854.14,100,100,0.445
7596,LSIL_3_patch10.png,0,150.25999450683594,35.540000915527344,100,100,0.3605000078678131
7597,LSIL_3_patch10.png,0,623.1300048828125,943.6500244140625,100,100,0.3287000060081482
7598,LSIL_3_patch10.png,0,304.41,447.21,100,100,0.3233
7599,LSIL_3_patch10.png,0,965.85,976.46,100,100,0.3231
7600,LSIL_3_patch10.png,0,963.76,733.64,100,100,0.3081
7601,LSIL_3_patch10.png,0,28.6,696.1,100,100,0.3063
7602,LSIL_3_patch10.png,0,85.38,1003.63,100,100,0.3045
7603,LSIL_3_patch10.png,0,773.92,951.68,100,100,0.2663
7604,LSIL_3_patch10.png,0,966.97,822.13,100,100,0.2455
7605,LSIL_3_patch10.png,0,179.60000610351562,662.7000122070312,100,100,0.22859999537467957
7606,LSIL_3_patch10.png,0,153.0,1023.0,100,100,0.21804730594158173
7607,LSIL_3_patch10.png,0,1017.530029296875,770.010009765625,100,100,0.19529999792575836
7608,LSIL_3_patch10.png,0,993.23,880.08,100,100,0.1815
7609,LSIL_3_patch10.png,0,153.52999877929688,990.7100219726562,100,100,0.17260000109672546
7610,LSIL_3_patch10.png,0,914.93,936.8,100,100,0.1539
7611,LSIL_3_patch10.png,0,108.87000274658203,982.469970703125,100,100,0.09009999781847
7612,LSIL_3_patch10.png,0,79.0,868.3300170898438,100,100,0.08129999786615372
7613,LSIL_3_patch10.png,0,988.0,795.3800048828125,100,100,0.07029999792575836
7614,LSIL_3_patch10.png,0,88.43000030517578,654.4600219726562,100,100,0.0681999996304512
7615,LSIL_3_patch10.png,0,1000.260009765625,708.8400268554688,100,100,0.05530000105500221
7616,LSIL_3_patch10.png,0,203.0800018310547,774.6300048828125,100,100,0.049400001764297485
7617,LSIL_3_patch10.png,0,43.72999954223633,867.4000244140625,100,100,0.04879999905824661
7618,LSIL_3_patch10.png,0,339.3900146484375,501.8599853515625,100,100,0.04830000177025795
7619,LSIL_3_patch10.png,0,4.760000228881836,749.5599975585938,100,100,0.03700000047683716
7620,LSIL_3_patch10.png,0,174.3300018310547,929.1199951171875,100,100,0.03519999980926514
7621,LSIL_3_patch10.png,0,1014.5399780273438,942.010009765625,100,100,0.034299999475479126
7622,LSIL_3_patch10.png,0,1011.7000122070312,872.72998046875,100,100,0.03350000083446503
7623,LSIL_3_patch10.png,0,126.66000366210938,1019.4199829101562,100,100,0.027300000190734863
7624,LSIL_3_patch10.png,0,982.6799926757812,721.22998046875,100,100,0.023399999365210533
7625,LSIL_3_patch10.png,0,8.390000343322754,897.2100219726562,100,100,0.02290000021457672
7626,LSIL_3_patch10.png,0,103.37000274658203,34.22999954223633,100,100,0.01759999990463257
7627,LSIL_3_patch10.png,0,12.470000267028809,27.309999465942383,100,100,0.01549999974668026
7628,LSIL_3_patch10.png,0,64.33999633789062,6.690000057220459,100,100,0.015399999916553497
7629,LSIL_3_patch10.png,0,160.77999877929688,652.1400146484375,100,100,0.01489999983459711
7630,LSIL_3_patch10.png,0,104.83000183105469,534.6799926757812,100,100,0.014100000262260437
7631,LSIL_3_patch10.png,0,350.2799987792969,532.969970703125,100,100,0.01209999993443489
7632,LSIL_3_patch10.png,0,376.7200012207031,419.69000244140625,100,100,0.011599999852478504
7633,LSIL_3_patch10.png,0,1004.72998046875,956.3900146484375,100,100,0.010599999688565731
7634,LSIL_3_patch10.png,0,351.6700134277344,550.5900268554688,100,100,0.010499999858438969
7635,LSIL_3_patch10.png,0,425.07000732421875,29.829999923706055,100,100,0.00989999994635582
7636,LSIL_3_patch10.png,0,939.9199829101562,1010.1699829101562,100,100,0.009700000286102295
7637,LSIL_3_patch10.png,0,259.6600036621094,433.6700134277344,100,100,0.009700000286102295
7638,LSIL_3_patch10.png,0,329.260009765625,533.02001953125,100,100,0.009499999694526196
7639,LSIL_3_patch10.png,0,113.26000213623047,1017.8499755859375,100,100,0.009200000204145908
7640,LSIL_3_patch10.png,0,11.829999923706055,531.7100219726562,100,100,0.009200000204145908
7641,LSIL_3_patch10.png,0,57.130001068115234,861.3200073242188,100,100,0.009100000374019146
7642,LSIL_3_patch10.png,0,41.43000030517578,487.44000244140625,100,100,0.00860000029206276
7643,LSIL_3_patch10.png,0,794.280029296875,865.469970703125,100,100,0.008500000461935997
7644,LSIL_3_patch10.png,0,89.69000244140625,859.8699951171875,100,100,0.007699999958276749
7645,LSIL_3_patch10.png,0,328.1499938964844,492.239990234375,100,100,0.007600000128149986
7646,LSIL_3_patch10.png,0,973.3800048828125,807.1099853515625,100,100,0.007400000002235174
7647,LSIL_3_patch10.png,0,114.33999633789062,753.3699951171875,100,100,0.007000000216066837
7648,LSIL_3_patch10.png,0,610.5,905.4600219726562,100,100,0.006800000090152025
7649,LSIL_3_patch10.png,0,985.9600219726562,915.5399780273438,100,100,0.006599999964237213
7650,LSIL_3_patch10.png,0,98.94000244140625,1006.0399780273438,100,100,0.006500000134110451
7651,LSIL_3_patch10.png,0,137.1699981689453,724.0700073242188,100,100,0.005900000222027302
7652,LSIL_3_patch10.png,0,166.16000366210938,972.989990234375,100,100,0.005900000222027302
7653,LSIL_3_patch10.png,0,602.6900024414062,938.510009765625,100,100,0.00559999980032444
7654,LSIL_3_patch10.png,0,18.93000030517578,685.510009765625,100,100,0.005400000140070915
7655,LSIL_3_patch10.png,0,292.1000061035156,64.95999908447266,100,100,0.005400000140070915
7656,LSIL_3_patch10.png,0,160.58999633789062,27.5,100,100,0.0052999998442828655
7657,LSIL_3_patch10.png,0,784.5499877929688,849.5399780273438,100,100,0.0052999998442828655
7658,LSIL_3_patch10.png,0,200.33999633789062,830.989990234375,100,100,0.004900000058114529
7659,LSIL_3_patch10.png,0,78.83000183105469,1012.489990234375,100,100,0.004900000058114529
7660,LSIL_3_patch10.png,0,1000.22998046875,807.47998046875,100,100,0.004900000058114529
7661,LSIL_3_patch10.png,0,214.02999877929688,994.5700073242188,100,100,0.004699999932199717
7662,LSIL_3_patch10.png,0,117.48999786376953,681.260009765625,100,100,0.0044999998062849045
7663,LSIL_3_patch10.png,0,320.0,955.5700073242188,100,100,0.0044999998062849045
7664,LSIL_3_patch10.png,0,185.77999877929688,994.5700073242188,100,100,0.0044999998062849045
7665,LSIL_3_patch10.png,0,214.16000366210938,805.72998046875,100,100,0.0044999998062849045
7666,LSIL_3_patch10.png,0,82.16999816894531,641.5900268554688,100,100,0.004399999976158142
7667,LSIL_3_patch10.png,0,245.4199981689453,674.8900146484375,100,100,0.004399999976158142
7668,LSIL_3_patch10.png,0,130.17999267578125,745.1099853515625,100,100,0.00430000014603138
7669,LSIL_3_patch10.png,0,848.469970703125,1016.3200073242188,100,100,0.00419999985024333
7670,LSIL_3_patch10.png,0,638.7100219726562,902.52001953125,100,100,0.00419999985024333
7671,LSIL_3_patch10.png,0,401.0899963378906,28.0,100,100,0.004100000020116568
7672,LSIL_3_patch10.png,0,635.739990234375,928.530029296875,100,100,0.004000000189989805
7673,LSIL_3_patch10.png,0,21.610000610351562,469.05999755859375,100,100,0.0038999998942017555
7674,LSIL_3_patch10.png,0,958.1400146484375,911.97998046875,100,100,0.0038999998942017555
7675,LSIL_3_patch10.png,0,313.80999755859375,79.87000274658203,100,100,0.003800000064074993
7676,LSIL_3_patch10.png,0,109.27999877929688,51.52000045776367,100,100,0.003800000064074993
7677,LSIL_3_patch10.png,0,40.66999816894531,690.4600219726562,100,100,0.003700000001117587
7678,LSIL_3_patch10.png,0,330.3800048828125,552.7999877929688,100,100,0.003599999938160181
7679,LSIL_3_patch10.png,0,195.9499969482422,804.4500122070312,100,100,0.003599999938160181
7680,LSIL_3_patch10.png,0,37.599998474121094,467.8699951171875,100,100,0.0032999999821186066
7681,LSIL_3_patch10.png,0,931.1300048828125,848.0499877929688,100,100,0.0032999999821186066
7682,LSIL_3_patch10.png,0,351.3399963378906,489.67999267578125,100,100,0.0031999999191612005
7683,LSIL_3_patch10.png,0,73.2699966430664,539.8200073242188,100,100,0.003100000089034438
7684,LSIL_3_patch10.png,0,149.7899932861328,1003.989990234375,100,100,0.003000000026077032
7685,LSIL_3_patch10.png,0,763.8900146484375,854.6099853515625,100,100,0.003000000026077032
7686,LSIL_3_patch10.png,0,339.29998779296875,950.8300170898438,100,100,0.003000000026077032
7687,LSIL_3_patch10.png,0,380.3800048828125,471.9200134277344,100,100,0.003000000026077032
7688,LSIL_3_patch10.png,0,307.3699951171875,60.779998779296875,100,100,0.003000000026077032
7689,LSIL_3_patch10.png,0,209.7899932861328,1013.8900146484375,100,100,0.00279999990016222
7690,LSIL_3_patch10.png,0,174.6699981689453,769.5900268554688,100,100,0.00279999990016222
7691,LSIL_3_patch10.png,0,57.56999969482422,882.239990234375,100,100,0.00279999990016222
7692,LSIL_3_patch10.png,0,377.17999267578125,487.5400085449219,100,100,0.0024999999441206455
7693,LSIL_3_patch10.png,0,148.1199951171875,646.1900024414062,100,100,0.0024999999441206455
7694,LSIL_3_patch10.png,0,217.1699981689453,828.6199951171875,100,100,0.002400000113993883
7695,LSIL_3_patch10.png,0,147.00999450683594,766.72998046875,100,100,0.002400000113993883
7696,LSIL_3_patch10.png,0,139.69000244140625,658.3099975585938,100,100,0.002300000051036477
7697,LSIL_3_patch10.png,0,882.6900024414062,768.6699829101562,100,100,0.002300000051036477
7698,LSIL_3_patch10.png,0,139.6699981689453,29.3700008392334,100,100,0.002300000051036477
7699,LSIL_3_patch10.png,0,64.70999908447266,843.239990234375,100,100,0.002199999988079071
7700,LSIL_3_patch10.png,0,114.58000183105469,21.200000762939453,100,100,0.002199999988079071
7701,LSIL_3_patch10.png,0,937.8900146484375,862.8699951171875,100,100,0.002099999925121665
7702,LSIL_3_patch10.png,0,108.62000274658203,765.1300048828125,100,100,0.002099999925121665
7703,LSIL_3_patch10.png,0,88.76000213623047,36.720001220703125,100,100,0.002099999925121665
7704,LSIL_3_patch10.png,0,972.7000122070312,865.8699951171875,100,100,0.0020000000949949026
7705,LSIL_3_patch10.png,0,188.42999267578125,1012.9600219726562,100,100,0.0020000000949949026
7706,LSIL_3_patch10.png,0,1000.9199829101562,861.8900146484375,100,100,0.0019000000320374966
7707,LSIL_3_patch10.png,0,909.5999755859375,759.010009765625,100,100,0.0019000000320374966
7708,LSIL_3_patch10.png,0,599.6500244140625,917.3400268554688,100,100,0.0017000000225380063
7709,LSIL_3_patch10.png,0,104.80999755859375,549.739990234375,100,100,0.0015999999595806003
7710,LSIL_3_patch10.png,0,321.7099914550781,971.7100219726562,100,100,0.0015999999595806003
7711,LSIL_3_patch10.png,0,88.52999877929688,60.54999923706055,100,100,0.0015999999595806003
7712,LSIL_3_patch10.png,0,7.739999771118164,732.5999755859375,100,100,0.0015999999595806003
7713,LSIL_3_patch10.png,0,168.0399932861328,1011.0800170898438,100,100,0.001500000013038516
7714,LSIL_3_patch10.png,0,915.47998046875,777.8699951171875,100,100,0.0013000000035390258
7715,LSIL_3_patch10.png,0,298.3900146484375,512.5399780273438,100,100,0.0013000000035390258
7716,LSIL_3_patch10.png,0,956.8300170898438,788.4000244140625,100,100,0.0012000000569969416
7717,LSIL_3_patch10.png,0,289.1000061035156,442.3399963378906,100,100,0.0010999999940395355
7718,LSIL_3_patch10.png,0,117.11000061035156,36.720001220703125,100,100,0.0010999999940395355
7719,LSIL_3_patch11.png,0,999.05,602.12,100,100,0.7035
7720,LSIL_3_patch11.png,0,144.13,886.62,100,100,0.6964
7721,LSIL_3_patch11.png,0,717.42,898.88,100,100,0.6889
7722,LSIL_3_patch11.png,0,39.45,968.52,100,100,0.6611
7723,LSIL_3_patch11.png,0,860.04,421.96,100,100,0.6312
7724,LSIL_3_patch11.png,0,907.04,508.21,100,100,0.6255
7725,LSIL_3_patch11.png,0,946.32,400.17,100,100,0.5657
7726,LSIL_3_patch11.png,0,970.68,863.17,100,100,0.4068
7727,LSIL_3_patch11.png,0,296.24,1006.55,100,100,0.3391
7728,LSIL_3_patch11.png,0,790.97998046875,749.4299926757812,100,100,0.30000001192092896
7729,LSIL_3_patch11.png,0,1016.6400146484375,969.239990234375,100,100,0.17569999396800995
7730,LSIL_3_patch11.png,0,314.9599914550781,1001.4299926757812,100,100,0.1103999987244606
7731,LSIL_3_patch11.png,0,979.510009765625,295.7200012207031,100,100,0.10649999976158142
7732,LSIL_3_patch11.png,0,63.15999984741211,945.280029296875,100,100,0.05429999902844429
7733,LSIL_3_patch11.png,0,808.75,888.3499755859375,100,100,0.032499998807907104
7734,LSIL_3_patch11.png,0,279.44000244140625,1010.5800170898438,100,100,0.014399999752640724
7735,LSIL_3_patch11.png,0,270.75,1019.1599731445312,100,100,0.010700000450015068
7736,LSIL_3_patch11.png,0,53.31999969482422,956.9299926757812,100,100,0.010400000028312206
7737,LSIL_3_patch11.png,0,284.6499938964844,997.9199829101562,100,100,0.009999999776482582
7738,LSIL_3_patch11.png,0,314.9700012207031,973.530029296875,100,100,0.00839999970048666
7739,LSIL_3_patch11.png,0,920.75,505.1700134277344,100,100,0.007499999832361937
7740,LSIL_3_patch11.png,0,990.2000122070312,591.8599853515625,100,100,0.006800000090152025
7741,LSIL_3_patch11.png,0,1010.6799926757812,591.6300048828125,100,100,0.006099999882280827
7742,LSIL_3_patch11.png,0,137.97000122070312,873.3800048828125,100,100,0.005900000222027302
7743,LSIL_3_patch11.png,0,31.110000610351562,957.7000122070312,100,100,0.005799999926239252
7744,LSIL_3_patch11.png,0,321.8599853515625,1014.5999755859375,100,100,0.005799999926239252
7745,LSIL_3_patch11.png,0,122.2300033569336,882.9500122070312,100,100,0.0052999998442828655
7746,LSIL_3_patch11.png,0,848.0599975585938,414.739990234375,100,100,0.004999999888241291
7747,LSIL_3_patch11.png,0,159.8800048828125,880.6199951171875,100,100,0.004900000058114529
7748,LSIL_3_patch11.png,0,1011.2899780273438,608.9400024414062,100,100,0.004100000020116568
7749,LSIL_3_patch11.png,0,732.2000122070312,888.7100219726562,100,100,0.003599999938160181
7750,LSIL_3_patch11.png,0,710.3300170898438,879.8599853515625,100,100,0.0035000001080334187
7751,LSIL_3_patch11.png,0,699.3699951171875,895.3800048828125,100,100,0.0032999999821186066
7752,LSIL_3_patch11.png,0,803.510009765625,739.5900268554688,100,100,0.003100000089034438
7753,LSIL_3_patch11.png,0,710.7100219726562,921.7999877929688,100,100,0.0026000000070780516
7754,LSIL_3_patch11.png,0,57.79999923706055,971.4199829101562,100,100,0.002400000113993883
7755,LSIL_3_patch11.png,0,874.77001953125,418.7099914550781,100,100,0.002199999988079071
7756,LSIL_3_patch11.png,0,782.3699951171875,737.27001953125,100,100,0.002099999925121665
7757,LSIL_3_patch11.png,0,978.6500244140625,850.4000244140625,100,100,0.0017999999690800905
7758,LSIL_3_patch11.png,0,156.2100067138672,904.5999755859375,100,100,0.0015999999595806003
7759,LSIL_3_patch11.png,0,959.02001953125,854.9400024414062,100,100,0.0015999999595806003
7760,LSIL_3_patch11.png,0,884.6500244140625,521.1599731445312,100,100,0.0012000000569969416
7761,LSIL_3_patch12.png,0,888.17,182.97,100,100,0.7424
7762,LSIL_3_patch12.png,0,268.14,94.57,100,100,0.7285
7763,LSIL_3_patch12.png,0,822.44,826.32,100,100,0.6928
7764,LSIL_3_patch12.png,0,342.15,785.91,100,100,0.6561
7765,LSIL_3_patch12.png,0,565.33,766.79,100,100,0.6397
7766,LSIL_3_patch12.png,0,136.67,202.54,100,100,0.6307
7767,LSIL_3_patch12.png,0,484.79,795.27,100,100,0.6064
7768,LSIL_3_patch12.png,0,168.5,117.47,100,100,0.5972
7769,LSIL_3_patch12.png,0,787.55,89.15,100,100,0.5878
7770,LSIL_3_patch12.png,0,751.47,926.16,100,100,0.535
7771,LSIL_3_patch12.png,0,50.89,167.63,100,100,0.5188
7772,LSIL_3_patch12.png,0,936.98,775.42,100,100,0.5018
7773,LSIL_3_patch12.png,0,497.57,891.14,100,100,0.4992
7774,LSIL_3_patch12.png,0,84.22,417.29,100,100,0.4969
7775,LSIL_3_patch12.png,0,151.63,358.84,100,100,0.4742
7776,LSIL_3_patch12.png,0,778.3,13.39,100,100,0.4716
7777,LSIL_3_patch12.png,0,674.94,991.02,100,100,0.4707
7778,LSIL_3_patch12.png,0,699.16,315.03,100,100,0.4698
7779,LSIL_3_patch12.png,0,431.38,607.64,100,100,0.4687
7780,LSIL_3_patch12.png,0,19.47,482.3,100,100,0.4628
7781,LSIL_3_patch12.png,0,843.84,264.96,100,100,0.4418
7782,LSIL_3_patch12.png,0,994.02,798.01,100,100,0.4348
7783,LSIL_3_patch12.png,0,404.42,581.49,100,100,0.4316
7784,LSIL_3_patch12.png,0,979.38,678.9,100,100,0.4295
7785,LSIL_3_patch12.png,0,109.57,243.23,100,100,0.4219
7786,LSIL_3_patch12.png,0,15.97,525.41,100,100,0.4219
7787,LSIL_3_patch12.png,0,747.42,116.25,100,100,0.4109
7788,LSIL_3_patch12.png,0,62.0,358.02,100,100,0.4025
7789,LSIL_3_patch12.png,0,588.9500122070312,689.1500244140625,100,100,0.3720000088214874
7790,LSIL_3_patch12.png,0,712.01,527.04,100,100,0.3317
7791,LSIL_3_patch12.png,0,771.53,337.99,100,100,0.3315
7792,LSIL_3_patch12.png,0,1005.7999877929688,542.0700073242188,100,100,0.3310000002384186
7793,LSIL_3_patch12.png,0,576.29,667.4,100,100,0.331
7794,LSIL_3_patch12.png,0,708.8699951171875,992.0399780273438,100,100,0.3230000138282776
7795,LSIL_3_patch12.png,0,523.92,597.8,100,100,0.3228
7796,LSIL_3_patch12.png,0,949.57,352.14,100,100,0.3153
7797,LSIL_3_patch12.png,0,688.65,105.95,100,100,0.3048
7798,LSIL_3_patch12.png,0,715.760009765625,464.0400085449219,100,100,0.2930999994277954
7799,LSIL_3_patch12.png,0,902.1300048828125,444.3699951171875,100,100,0.27000001072883606
7800,LSIL_3_patch12.png,0,990.93,615.83,100,100,0.2691
7801,LSIL_3_patch12.png,0,841.469970703125,415.19000244140625,100,100,0.260699987411499
7802,LSIL_3_patch12.png,0,920.9600219726562,488.3299865722656,100,100,0.257999986410141
7803,LSIL_3_patch12.png,0,23.4,270.4,100,100,0.2552
7804,LSIL_3_patch12.png,0,686.07,638.42,100,100,0.2532
7805,LSIL_3_patch12.png,0,424.2699890136719,531.7999877929688,100,100,0.24709999561309814
7806,LSIL_3_patch12.png,0,679.23,167.86,100,100,0.2342
7807,LSIL_3_patch12.png,0,771.9500122070312,499.05999755859375,100,100,0.23109999299049377
7808,LSIL_3_patch12.png,0,844.969970703125,674.3599853515625,100,100,0.2303999960422516
7809,LSIL_3_patch12.png,0,327.989990234375,14.90999984741211,100,100,0.22789999842643738
7810,LSIL_3_patch12.png,0,520.52,643.11,100,100,0.207
7811,LSIL_3_patch12.png,0,823.6900024414062,611.2000122070312,100,100,0.19990000128746033
7812,LSIL_3_patch12.png,0,56.41,590.95,100,100,0.1865
7813,LSIL_3_patch12.png,0,519.7000122070312,15.430000305175781,100,100,0.16590000689029694
7814,LSIL_3_patch12.png,0,799.6500244140625,394.19000244140625,100,100,0.1573999971151352
7815,LSIL_3_patch12.png,0,596.02001953125,849.8599853515625,100,100,0.15240000188350677
7816,LSIL_3_patch12.png,0,696.280029296875,621.8800048828125,100,100,0.14000000059604645
7817,LSIL_3_patch12.png,0,635.8699951171875,573.77001953125,100,100,0.13770000636577606
7818,LSIL_3_patch12.png,0,1014.47998046875,336.30999755859375,100,100,0.13040000200271606
7819,LSIL_3_patch12.png,0,943.3400268554688,422.8500061035156,100,100,0.12540000677108765
7820,LSIL_3_patch12.png,0,903.6900024414062,748.6400146484375,100,100,0.11890000104904175
7821,LSIL_3_patch12.png,0,693.530029296875,185.99000549316406,100,100,0.11860000342130661
7822,LSIL_3_patch12.png,0,790.239990234375,726.8400268554688,100,100,0.10520000010728836
7823,LSIL_3_patch12.png,0,875.5,479.94000244140625,100,100,0.10100000351667404
7824,LSIL_3_patch12.png,0,270.57000732421875,774.4400024414062,100,100,0.09650000184774399
7825,LSIL_3_patch12.png,0,16.969999313354492,421.5199890136719,100,100,0.09640000015497208
7826,LSIL_3_patch12.png,0,720.0599975585938,507.3900146484375,100,100,0.09610000252723694
7827,LSIL_3_patch12.png,0,888.5499877929688,538.239990234375,100,100,0.09449999779462814
7828,LSIL_3_patch12.png,0,639.1699829101562,495.29998779296875,100,100,0.08959999680519104
7829,LSIL_3_patch12.png,0,780.489990234375,698.22998046875,100,100,0.0892999991774559
7830,LSIL_3_patch12.png,0,695.7100219726562,661.3800048828125,100,100,0.08420000225305557
7831,LSIL_3_patch12.png,0,533.4600219726562,652.5700073242188,100,100,0.08070000261068344
7832,LSIL_3_patch12.png,0,672.989990234375,454.8900146484375,100,100,0.07530000060796738
7833,LSIL_3_patch12.png,0,761.1400146484375,917.0,100,100,0.07450000196695328
7834,LSIL_3_patch12.png,0,1017.4400024414062,482.25,100,100,0.07370000332593918
7835,LSIL_3_patch12.png,0,712.219970703125,84.70999908447266,100,100,0.07259999960660934
7836,LSIL_3_patch12.png,0,849.6699829101562,350.32000732421875,100,100,0.0722000002861023
7837,LSIL_3_patch12.png,0,874.6099853515625,578.7100219726562,100,100,0.06159999966621399
7838,LSIL_3_patch12.png,0,800.8400268554688,324.6199951171875,100,100,0.056699998676776886
7839,LSIL_3_patch12.png,0,709.27001953125,322.95001220703125,100,100,0.05180000141263008
7840,LSIL_3_patch12.png,0,739.8099975585938,364.1099853515625,100,100,0.051100000739097595
7841,LSIL_3_patch12.png,0,80.33999633789062,292.7200012207031,100,100,0.05040000006556511
7842,LSIL_3_patch12.png,0,761.7999877929688,415.2699890136719,100,100,0.049400001764297485
7843,LSIL_3_patch12.png,0,831.8200073242188,684.510009765625,100,100,0.049300000071525574
7844,LSIL_3_patch12.png,0,658.3499755859375,581.25,100,100,0.04919999837875366
7845,LSIL_3_patch12.png,0,839.0599975585938,245.17999267578125,100,100,0.04699999839067459
7846,LSIL_3_patch12.png,0,757.0900268554688,570.6799926757812,100,100,0.04470000043511391
7847,LSIL_3_patch12.png,0,905.75,322.8299865722656,100,100,0.03999999910593033
7848,LSIL_3_patch12.png,0,334.7300109863281,5.21999979019165,100,100,0.03790000081062317
7849,LSIL_3_patch12.png,0,839.8599853515625,399.67999267578125,100,100,0.036400001496076584
7850,LSIL_3_patch12.png,0,8.369999885559082,165.6999969482422,100,100,0.03579999879002571
7851,LSIL_3_patch12.png,0,877.4600219726562,730.1099853515625,100,100,0.0333000011742115
7852,LSIL_3_patch12.png,0,806.9199829101562,578.8400268554688,100,100,0.032600000500679016
7853,LSIL_3_patch12.png,0,708.719970703125,181.33999633789062,100,100,0.030899999663233757
7854,LSIL_3_patch12.png,0,647.8599853515625,704.219970703125,100,100,0.030799999833106995
7855,LSIL_3_patch12.png,0,537.2000122070312,703.010009765625,100,100,0.03060000017285347
7856,LSIL_3_patch12.png,0,13.90999984741211,264.1700134277344,100,100,0.029500000178813934
7857,LSIL_3_patch12.png,0,1006.8499755859375,654.7999877929688,100,100,0.027400000020861626
7858,LSIL_3_patch12.png,0,956.8200073242188,614.4199829101562,100,100,0.025599999353289604
7859,LSIL_3_patch12.png,0,672.5700073242188,588.0700073242188,100,100,0.023600000888109207
7860,LSIL_3_patch12.png,0,642.3699951171875,637.2899780273438,100,100,0.023600000888109207
7861,LSIL_3_patch12.png,0,5.179999828338623,428.2799987792969,100,100,0.021199999377131462
7862,LSIL_3_patch12.png,0,931.739990234375,998.0499877929688,100,100,0.019600000232458115
7863,LSIL_3_patch12.png,0,937.780029296875,630.7999877929688,100,100,0.01940000057220459
7864,LSIL_3_patch12.png,0,711.1099853515625,892.27001953125,100,100,0.019300000742077827
7865,LSIL_3_patch12.png,0,71.04000091552734,216.4499969482422,100,100,0.019300000742077827
7866,LSIL_3_patch12.png,0,1019.47998046875,355.2200012207031,100,100,0.01860000006854534
7867,LSIL_3_patch12.png,0,833.4500122070312,668.8099975585938,100,100,0.01860000006854534
7868,LSIL_3_patch12.png,0,779.2999877929688,485.6700134277344,100,100,0.01759999990463257
7869,LSIL_3_patch12.png,0,30.950000762939453,575.8400268554688,100,100,0.017500000074505806
7870,LSIL_3_patch12.png,0,961.2999877929688,675.989990234375,100,100,0.01679999940097332
7871,LSIL_3_patch12.png,0,572.1599731445312,755.3699951171875,100,100,0.01679999940097332
7872,LSIL_3_patch12.png,0,770.7999877929688,438.7200012207031,100,100,0.016300000250339508
7873,LSIL_3_patch12.png,0,94.5999984741211,406.1499938964844,100,100,0.01590000092983246
7874,LSIL_3_patch12.png,0,876.3800048828125,304.8500061035156,100,100,0.015699999406933784
7875,LSIL_3_patch12.png,0,787.4600219726562,4.96999979019165,100,100,0.01549999974668026
7876,LSIL_3_patch12.png,0,868.6099853515625,710.760009765625,100,100,0.015200000256299973
7877,LSIL_3_patch12.png,0,722.9000244140625,74.58000183105469,100,100,0.014499999582767487
7878,LSIL_3_patch12.png,0,654.8599853515625,604.1699829101562,100,100,0.014499999582767487
7879,LSIL_3_patch12.png,0,935.47998046875,330.2300109863281,100,100,0.0142000000923872
7880,LSIL_3_patch12.png,0,706.510009765625,612.5999755859375,100,100,0.0142000000923872
7881,LSIL_3_patch12.png,0,474.4700012207031,517.8699951171875,100,100,0.01360000018030405
7882,LSIL_3_patch12.png,0,856.280029296875,657.239990234375,100,100,0.013100000098347664
7883,LSIL_3_patch12.png,0,711.3499755859375,630.989990234375,100,100,0.012900000438094139
7884,LSIL_3_patch12.png,0,316.760009765625,3.880000114440918,100,100,0.012799999676644802
7885,LSIL_3_patch12.png,0,604.1500244140625,610.739990234375,100,100,0.012199999764561653
7886,LSIL_3_patch12.png,0,1013.260009765625,533.1799926757812,100,100,0.01209999993443489
7887,LSIL_3_patch12.png,0,4.349999904632568,628.3599853515625,100,100,0.012000000104308128
7888,LSIL_3_patch12.png,0,699.8400268554688,534.77001953125,100,100,0.011599999852478504
7889,LSIL_3_patch12.png,0,684.72998046875,611.1300048828125,100,100,0.011300000362098217
7890,LSIL_3_patch12.png,0,1019.3800048828125,322.0,100,100,0.01119999960064888
7891,LSIL_3_patch12.png,0,615.27001953125,559.2000122070312,100,100,0.01119999960064888
7892,LSIL_3_patch12.png,0,733.6500244140625,17.049999237060547,100,100,0.011099999770522118
7893,LSIL_3_patch12.png,0,928.0399780273438,416.8900146484375,100,100,0.010900000110268593
7894,LSIL_3_patch12.png,0,986.8699951171875,789.3099975585938,100,100,0.01080000028014183
7895,LSIL_3_patch12.png,0,694.969970703125,93.25,100,100,0.010700000450015068
7896,LSIL_3_patch12.png,0,948.719970703125,336.1499938964844,100,100,0.010599999688565731
7897,LSIL_3_patch12.png,0,748.1900024414062,5.139999866485596,100,100,0.010599999688565731
7898,LSIL_3_patch12.png,0,722.9600219726562,169.66000366210938,100,100,0.010499999858438969
7899,LSIL_3_patch12.png,0,657.8300170898438,533.3800048828125,100,100,0.010099999606609344
7900,LSIL_3_patch12.png,0,889.1900024414062,438.8299865722656,100,100,0.009800000116229057
7901,LSIL_3_patch12.png,0,823.010009765625,706.4199829101562,100,100,0.009700000286102295
7902,LSIL_3_patch12.png,0,688.719970703125,319.8999938964844,100,100,0.009600000455975533
7903,LSIL_3_patch12.png,0,517.2899780273438,656.5,100,100,0.009499999694526196
7904,LSIL_3_patch12.png,0,961.6099853515625,432.4800109863281,100,100,0.009399999864399433
7905,LSIL_3_patch12.png,0,802.1400146484375,92.33000183105469,100,100,0.009399999864399433
7906,LSIL_3_patch12.png,0,8.930000305175781,701.7000122070312,100,100,0.00930000003427267
7907,LSIL_3_patch12.png,0,67.66999816894531,431.510009765625,100,100,0.00930000003427267
7908,LSIL_3_patch12.png,0,5.079999923706055,463.9599914550781,100,100,0.009100000374019146
7909,LSIL_3_patch12.png,0,772.1199951171875,909.260009765625,100,100,0.009100000374019146
7910,LSIL_3_patch12.png,0,21.420000076293945,253.8300018310547,100,100,0.008700000122189522
7911,LSIL_3_patch12.png,0,10.930000305175781,507.3399963378906,100,100,0.008700000122189522
7912,LSIL_3_patch12.png,0,758.1699829101562,935.969970703125,100,100,0.008700000122189522
7913,LSIL_3_patch12.png,0,889.1400146484375,555.5700073242188,100,100,0.00860000029206276
7914,LSIL_3_patch12.png,0,497.3500061035156,790.8900146484375,100,100,0.008500000461935997
7915,LSIL_3_patch12.png,0,740.8499755859375,915.5,100,100,0.008200000040233135
7916,LSIL_3_patch12.png,0,852.8599853515625,274.2799987792969,100,100,0.008100000210106373
7917,LSIL_3_patch12.png,0,553.9000244140625,771.989990234375,100,100,0.00800000037997961
7918,LSIL_3_patch12.png,0,390.6199951171875,572.280029296875,100,100,0.007899999618530273
7919,LSIL_3_patch12.png,0,894.22998046875,740.6900024414062,100,100,0.007899999618530273
7920,LSIL_3_patch12.png,0,989.4600219726562,670.510009765625,100,100,0.007699999958276749
7921,LSIL_3_patch12.png,0,753.1199951171875,96.73999786376953,100,100,0.007400000002235174
7922,LSIL_3_patch12.png,0,949.0700073242188,768.1099853515625,100,100,0.007400000002235174
7923,LSIL_3_patch12.png,0,880.0599975585938,172.25,100,100,0.007300000172108412
7924,LSIL_3_patch12.png,0,879.77001953125,525.9600219726562,100,100,0.007199999876320362
7925,LSIL_3_patch12.png,0,885.8800048828125,295.7900085449219,100,100,0.007000000216066837
7926,LSIL_3_patch12.png,0,576.1599731445312,773.1099853515625,100,100,0.006800000090152025
7927,LSIL_3_patch12.png,0,488.1199951171875,881.72998046875,100,100,0.006599999964237213
7928,LSIL_3_patch12.png,0,607.3300170898438,508.7200012207031,100,100,0.006399999838322401
7929,LSIL_3_patch12.png,0,785.27001953125,104.2300033569336,100,100,0.006399999838322401
7930,LSIL_3_patch12.png,0,710.1500244140625,149.25,100,100,0.006300000008195639
7931,LSIL_3_patch12.png,0,63.68000030517578,579.6699829101562,100,100,0.006200000178068876
7932,LSIL_3_patch12.png,0,889.4299926757812,587.3400268554688,100,100,0.006200000178068876
7933,LSIL_3_patch12.png,0,720.8800048828125,192.22000122070312,100,100,0.006099999882280827
7934,LSIL_3_patch12.png,0,4.079999923706055,555.3300170898438,100,100,0.006099999882280827
7935,LSIL_3_patch12.png,0,814.0800170898438,619.4000244140625,100,100,0.006000000052154064
7936,LSIL_3_patch12.png,0,639.780029296875,614.0900268554688,100,100,0.005900000222027302
7937,LSIL_3_patch12.png,0,667.3699951171875,632.9299926757812,100,100,0.005799999926239252
7938,LSIL_3_patch12.png,0,664.530029296875,470.6400146484375,100,100,0.005799999926239252
7939,LSIL_3_patch12.png,0,178.11000061035156,102.37999725341797,100,100,0.005799999926239252
7940,LSIL_3_patch12.png,0,350.3699951171875,774.6400146484375,100,100,0.005799999926239252
7941,LSIL_3_patch12.png,0,348.1600036621094,530.489990234375,100,100,0.00559999980032444
7942,LSIL_3_patch12.png,0,6.849999904632568,403.2099914550781,100,100,0.00559999980032444
7943,LSIL_3_patch12.png,0,711.8599853515625,651.5900268554688,100,100,0.0052999998442828655
7944,LSIL_3_patch12.png,0,915.47998046875,754.280029296875,100,100,0.0052999998442828655
7945,LSIL_3_patch12.png,0,254.05999755859375,100.61000061035156,100,100,0.0052999998442828655
7946,LSIL_3_patch12.png,0,907.010009765625,177.63999938964844,100,100,0.005200000014156103
7947,LSIL_3_patch12.png,0,766.5499877929688,118.0,100,100,0.005200000014156103
7948,LSIL_3_patch12.png,0,1019.9000244140625,812.8400268554688,100,100,0.005200000014156103
7949,LSIL_3_patch12.png,0,4.980000019073486,536.3599853515625,100,100,0.005100000184029341
7950,LSIL_3_patch12.png,0,854.97998046875,409.7200012207031,100,100,0.005100000184029341
7951,LSIL_3_patch12.png,0,826.6199951171875,237.94000244140625,100,100,0.004999999888241291
7952,LSIL_3_patch12.png,0,415.8699951171875,577.0900268554688,100,100,0.004999999888241291
7953,LSIL_3_patch12.png,0,154.02000427246094,343.57000732421875,100,100,0.004999999888241291
7954,LSIL_3_patch12.png,0,660.1900024414062,986.5999755859375,100,100,0.004999999888241291
7955,LSIL_3_patch12.png,0,258.7099914550781,82.55000305175781,100,100,0.004999999888241291
7956,LSIL_3_patch12.png,0,584.7100219726562,702.5599975585938,100,100,0.004999999888241291
7957,LSIL_3_patch12.png,0,731.6799926757812,184.0800018310547,100,100,0.004900000058114529
7958,LSIL_3_patch12.png,0,968.8599853515625,719.2000122070312,100,100,0.004800000227987766
7959,LSIL_3_patch12.png,0,10.0600004196167,648.52001953125,100,100,0.004699999932199717
7960,LSIL_3_patch12.png,0,366.1499938964844,509.6000061035156,100,100,0.004699999932199717
7961,LSIL_3_patch12.png,0,831.030029296875,268.1199951171875,100,100,0.004699999932199717
7962,LSIL_3_patch12.png,0,475.8599853515625,806.280029296875,100,100,0.004600000102072954
7963,LSIL_3_patch12.png,0,405.19000244140625,562.1099853515625,100,100,0.004600000102072954
7964,LSIL_3_patch12.png,0,690.5999755859375,447.1600036621094,100,100,0.004600000102072954
7965,LSIL_3_patch12.png,0,745.739990234375,378.32000732421875,100,100,0.0044999998062849045
7966,LSIL_3_patch12.png,0,752.2999877929688,348.45001220703125,100,100,0.004399999976158142
7967,LSIL_3_patch12.png,0,275.6199951171875,80.0,100,100,0.00430000014603138
7968,LSIL_3_patch12.png,0,453.70001220703125,597.8699951171875,100,100,0.004100000020116568
7969,LSIL_3_patch12.png,0,355.5400085449219,790.6300048828125,100,100,0.004100000020116568
7970,LSIL_3_patch12.png,0,909.780029296875,479.1499938964844,100,100,0.004000000189989805
7971,LSIL_3_patch12.png,0,514.219970703125,53.02000045776367,100,100,0.0038999998942017555
7972,LSIL_3_patch12.png,0,1009.8900146484375,292.8999938964844,100,100,0.0038999998942017555
7973,LSIL_3_patch12.png,0,1018.7899780273438,796.9000244140625,100,100,0.003800000064074993
7974,LSIL_3_patch12.png,0,697.260009765625,521.0,100,100,0.003800000064074993
7975,LSIL_3_patch12.png,0,915.47998046875,450.7799987792969,100,100,0.003800000064074993
7976,LSIL_3_patch12.png,0,699.02001953125,162.86000061035156,100,100,0.003800000064074993
7977,LSIL_3_patch12.png,0,950.9199829101562,411.44000244140625,100,100,0.003700000001117587
7978,LSIL_3_patch12.png,0,140.57000732421875,187.6300048828125,100,100,0.003599999938160181
7979,LSIL_3_patch12.png,0,642.280029296875,560.9299926757812,100,100,0.003599999938160181
7980,LSIL_3_patch12.png,0,553.02001953125,755.1400146484375,100,100,0.003599999938160181
7981,LSIL_3_patch12.png,0,416.8399963378906,544.3499755859375,100,100,0.003599999938160181
7982,LSIL_3_patch12.png,0,856.5499877929688,684.4199829101562,100,100,0.003599999938160181
7983,LSIL_3_patch12.png,0,788.9500122070312,75.0199966430664,100,100,0.003599999938160181
7984,LSIL_3_patch12.png,0,684.9600219726562,304.2799987792969,100,100,0.0035000001080334187
7985,LSIL_3_patch12.png,0,857.6799926757812,257.6000061035156,100,100,0.0034000000450760126
7986,LSIL_3_patch12.png,0,286.17999267578125,91.58000183105469,100,100,0.0032999999821186066
7987,LSIL_3_patch12.png,0,993.0,686.0999755859375,100,100,0.0032999999821186066
7988,LSIL_3_patch12.png,0,792.8300170898438,704.7000122070312,100,100,0.0032999999821186066
7989,LSIL_3_patch12.png,0,606.6799926757812,840.1599731445312,100,100,0.0031999999191612005
7990,LSIL_3_patch12.png,0,779.489990234375,325.05999755859375,100,100,0.0031999999191612005
7991,LSIL_3_patch12.png,0,815.0499877929688,812.969970703125,100,100,0.0031999999191612005
7992,LSIL_3_patch12.png,0,1006.9000244140625,788.4400024414062,100,100,0.0031999999191612005
7993,LSIL_3_patch12.png,0,774.8300170898438,410.19000244140625,100,100,0.003000000026077032
7994,LSIL_3_patch12.png,0,824.25,497.2099914550781,100,100,0.003000000026077032
7995,LSIL_3_patch12.png,0,1017.25,302.5199890136719,100,100,0.002899999963119626
7996,LSIL_3_patch12.png,0,47.119998931884766,353.30999755859375,100,100,0.002899999963119626
7997,LSIL_3_patch12.png,0,706.6900024414062,300.6300048828125,100,100,0.002899999963119626
7998,LSIL_3_patch12.png,0,503.6499938964844,875.030029296875,100,100,0.002899999963119626
7999,LSIL_3_patch12.png,0,830.1199951171875,813.6900024414062,100,100,0.00279999990016222
8000,LSIL_3_patch12.png,0,821.6500244140625,388.1499938964844,100,100,0.00279999990016222
8001,LSIL_3_patch12.png,0,716.5,979.4299926757812,100,100,0.00279999990016222
8002,LSIL_3_patch12.png,0,695.5399780273438,462.3900146484375,100,100,0.00279999990016222
8003,LSIL_3_patch12.png,0,471.32000732421875,786.4500122070312,100,100,0.0027000000700354576
8004,LSIL_3_patch12.png,0,974.030029296875,798.739990234375,100,100,0.0027000000700354576
8005,LSIL_3_patch12.png,0,395.4100036621094,593.52001953125,100,100,0.0027000000700354576
8006,LSIL_3_patch12.png,0,585.5999755859375,841.6900024414062,100,100,0.0027000000700354576
8007,LSIL_3_patch12.png,0,99.76000213623047,227.52000427246094,100,100,0.0027000000700354576
8008,LSIL_3_patch12.png,0,786.5499877929688,915.2000122070312,100,100,0.0026000000070780516
8009,LSIL_3_patch12.png,0,833.8499755859375,618.9299926757812,100,100,0.0026000000070780516
8010,LSIL_3_patch12.png,0,675.4099731445312,148.57000732421875,100,100,0.0024999999441206455
8011,LSIL_3_patch12.png,0,86.45999908447266,431.1499938964844,100,100,0.0024999999441206455
8012,LSIL_3_patch12.png,0,749.3099975585938,133.33999633789062,100,100,0.0024999999441206455
8013,LSIL_3_patch12.png,0,5.650000095367432,287.1499938964844,100,100,0.0024999999441206455
8014,LSIL_3_patch12.png,0,150.17999267578125,208.99000549316406,100,100,0.002400000113993883
8015,LSIL_3_patch12.png,0,590.4000244140625,535.0700073242188,100,100,0.002400000113993883
8016,LSIL_3_patch12.png,0,923.3499755859375,677.6599731445312,100,100,0.002400000113993883
8017,LSIL_3_patch12.png,0,135.6300048828125,355.5299987792969,100,100,0.002300000051036477
8018,LSIL_3_patch12.png,0,527.3200073242188,630.1300048828125,100,100,0.002300000051036477
8019,LSIL_3_patch12.png,0,739.4099731445312,936.8200073242188,100,100,0.002300000051036477
8020,LSIL_3_patch12.png,0,532.239990234375,586.1099853515625,100,100,0.002300000051036477
8021,LSIL_3_patch12.png,0,554.75,678.7100219726562,100,100,0.002300000051036477
8022,LSIL_3_patch12.png,0,950.3200073242188,644.22998046875,100,100,0.002300000051036477
8023,LSIL_3_patch12.png,0,621.1099853515625,576.6699829101562,100,100,0.002300000051036477
8024,LSIL_3_patch12.png,0,433.67999267578125,25.0,100,100,0.002300000051036477
8025,LSIL_3_patch12.png,0,117.12000274658203,200.6999969482422,100,100,0.002199999988079071
8026,LSIL_3_patch12.png,0,330.42999267578125,775.4299926757812,100,100,0.002199999988079071
8027,LSIL_3_patch12.png,0,961.969970703125,347.6499938964844,100,100,0.002199999988079071
8028,LSIL_3_patch12.png,0,784.3200073242188,386.3399963378906,100,100,0.002099999925121665
8029,LSIL_3_patch12.png,0,816.4500122070312,588.5700073242188,100,100,0.002099999925121665
8030,LSIL_3_patch12.png,0,738.9600219726562,126.91000366210938,100,100,0.002099999925121665
8031,LSIL_3_patch12.png,0,724.8400268554688,904.219970703125,100,100,0.002099999925121665
8032,LSIL_3_patch12.png,0,687.9299926757812,974.6199951171875,100,100,0.002099999925121665
8033,LSIL_3_patch12.png,0,41.599998474121094,599.7100219726562,100,100,0.002099999925121665
8034,LSIL_3_patch12.png,0,1005.469970703125,606.52001953125,100,100,0.0020000000949949026
8035,LSIL_3_patch12.png,0,875.739990234375,188.30999755859375,100,100,0.0020000000949949026
8036,LSIL_3_patch12.png,0,358.7799987792969,521.739990234375,100,100,0.0020000000949949026
8037,LSIL_3_patch12.png,0,889.1099853515625,485.42999267578125,100,100,0.0019000000320374966
8038,LSIL_3_patch12.png,0,596.6500244140625,675.0,100,100,0.0019000000320374966
8039,LSIL_3_patch12.png,0,563.0,638.6799926757812,100,100,0.0019000000320374966
8040,LSIL_3_patch12.png,0,264.7200012207031,785.5999755859375,100,100,0.0019000000320374966
8041,LSIL_3_patch12.png,0,890.0599975585938,464.739990234375,100,100,0.0019000000320374966
8042,LSIL_3_patch12.png,0,27.709999084472656,466.6199951171875,100,100,0.0019000000320374966
8043,LSIL_3_patch12.png,0,75.08000183105469,347.760009765625,100,100,0.0019000000320374966
8044,LSIL_3_patch12.png,0,362.3399963378906,540.0800170898438,100,100,0.0019000000320374966
8045,LSIL_3_patch12.png,0,660.4199829101562,446.57000732421875,100,100,0.0017999999690800905
8046,LSIL_3_patch12.png,0,441.6199951171875,536.6799926757812,100,100,0.0017999999690800905
8047,LSIL_3_patch12.png,0,512.030029296875,587.0700073242188,100,100,0.0017000000225380063
8048,LSIL_3_patch12.png,0,691.739990234375,41.349998474121094,100,100,0.0017000000225380063
8049,LSIL_3_patch12.png,0,156.49000549316406,127.76000213623047,100,100,0.0017000000225380063
8050,LSIL_3_patch12.png,0,37.97999954223633,174.6199951171875,100,100,0.0017000000225380063
8051,LSIL_3_patch12.png,0,651.780029296875,691.4000244140625,100,100,0.0015999999595806003
8052,LSIL_3_patch12.png,0,991.5999755859375,812.9600219726562,100,100,0.0015999999595806003
8053,LSIL_3_patch12.png,0,730.469970703125,517.8599853515625,100,100,0.001500000013038516
8054,LSIL_3_patch12.png,0,86.62999725341797,382.79998779296875,100,100,0.001500000013038516
8055,LSIL_3_patch12.png,0,792.0499877929688,574.2000122070312,100,100,0.001500000013038516
8056,LSIL_3_patch12.png,0,537.1199951171875,601.8900146484375,100,100,0.001500000013038516
8057,LSIL_3_patch12.png,0,925.1300048828125,785.3099975585938,100,100,0.001500000013038516
8058,LSIL_3_patch12.png,0,425.7300109863281,620.25,100,100,0.00139999995008111
8059,LSIL_3_patch12.png,0,20.020000457763672,282.489990234375,100,100,0.0013000000035390258
8060,LSIL_3_patch12.png,0,726.1500244140625,534.75,100,100,0.0013000000035390258
8061,LSIL_3_patch12.png,0,803.510009765625,599.7899780273438,100,100,0.0013000000035390258
8062,LSIL_3_patch12.png,0,544.02001953125,635.5999755859375,100,100,0.0013000000035390258
8063,LSIL_3_patch12.png,0,805.5,821.6799926757812,100,100,0.0013000000035390258
8064,LSIL_3_patch12.png,0,877.4000244140625,595.0999755859375,100,100,0.0012000000569969416
8065,LSIL_3_patch12.png,0,974.8699951171875,691.02001953125,100,100,0.0012000000569969416
8066,LSIL_3_patch12.png,0,599.3400268554688,697.239990234375,100,100,0.0012000000569969416
8067,LSIL_3_patch12.png,0,859.0800170898438,578.1699829101562,100,100,0.0012000000569969416
8068,LSIL_3_patch12.png,0,754.989990234375,905.1199951171875,100,100,0.0010999999940395355
8069,LSIL_3_patch12.png,0,710.9099731445312,337.32000732421875,100,100,0.0010999999940395355
8070,LSIL_3_patch13.png,0,620.15,766.6,100,100,0.6994
8071,LSIL_3_patch13.png,0,323.44,620.86,100,100,0.6847
8072,LSIL_3_patch13.png,0,436.18,643.89,100,100,0.6395
8073,LSIL_3_patch13.png,0,470.71,985.11,100,100,0.6246
8074,LSIL_3_patch13.png,0,30.68,984.28,100,100,0.6156
8075,LSIL_3_patch13.png,0,301.35,1007.65,100,100,0.463
8076,LSIL_3_patch13.png,0,318.73,736.92,100,100,0.4308
8077,LSIL_3_patch13.png,0,342.3299865722656,737.9600219726562,100,100,0.19979999959468842
8078,LSIL_3_patch13.png,0,447.20001220703125,1010.27001953125,100,100,0.1386999934911728
8079,LSIL_3_patch13.png,0,333.510009765625,988.2100219726562,100,100,0.09109999984502792
8080,LSIL_3_patch13.png,0,331.1300048828125,1018.2000122070312,100,100,0.05169999971985817
8081,LSIL_3_patch13.png,0,841.8099975585938,170.33999633789062,100,100,0.041600000113248825
8082,LSIL_3_patch13.png,0,825.1799926757812,675.6099853515625,100,100,0.04129999876022339
8083,LSIL_3_patch13.png,0,319.30999755859375,1011.9600219726562,100,100,0.030700000002980232
8084,LSIL_3_patch13.png,0,331.6000061035156,612.1599731445312,100,100,0.02410000003874302
8085,LSIL_3_patch13.png,0,311.739990234375,1001.6599731445312,100,100,0.016599999740719795
8086,LSIL_3_patch13.png,0,485.6700134277344,1018.5,100,100,0.015699999406933784
8087,LSIL_3_patch13.png,0,419.239990234375,640.5599975585938,100,100,0.01209999993443489
8088,LSIL_3_patch13.png,0,311.04998779296875,724.47998046875,100,100,0.011699999682605267
8089,LSIL_3_patch13.png,0,341.0299987792969,1008.77001953125,100,100,0.010999999940395355
8090,LSIL_3_patch13.png,0,430.9599914550781,633.530029296875,100,100,0.010300000198185444
8091,LSIL_3_patch13.png,0,328.489990234375,718.0,100,100,0.009700000286102295
8092,LSIL_3_patch13.png,0,439.8999938964844,621.1699829101562,100,100,0.007799999788403511
8093,LSIL_3_patch13.png,0,671.3900146484375,960.3900146484375,100,100,0.007600000128149986
8094,LSIL_3_patch13.png,0,607.739990234375,760.97998046875,100,100,0.007600000128149986
8095,LSIL_3_patch13.png,0,304.19000244140625,708.3499755859375,100,100,0.007600000128149986
8096,LSIL_3_patch13.png,0,323.8699951171875,748.8099975585938,100,100,0.007300000172108412
8097,LSIL_3_patch13.png,0,480.3999938964844,971.9600219726562,100,100,0.0066999997943639755
8098,LSIL_3_patch13.png,0,306.5,610.9199829101562,100,100,0.006000000052154064
8099,LSIL_3_patch13.png,0,386.3999938964844,1019.760009765625,100,100,0.005499999970197678
8100,LSIL_3_patch13.png,0,454.9700012207031,1001.97998046875,100,100,0.005499999970197678
8101,LSIL_3_patch13.png,0,47.369998931884766,950.5399780273438,100,100,0.0052999998442828655
8102,LSIL_3_patch13.png,0,451.6199951171875,648.010009765625,100,100,0.005200000014156103
8103,LSIL_3_patch13.png,0,307.2200012207031,749.1199951171875,100,100,0.004800000227987766
8104,LSIL_3_patch13.png,0,462.760009765625,973.010009765625,100,100,0.004800000227987766
8105,LSIL_3_patch13.png,0,479.8599853515625,994.9099731445312,100,100,0.004600000102072954
8106,LSIL_3_patch13.png,0,40.709999084472656,968.27001953125,100,100,0.00419999985024333
8107,LSIL_3_patch13.png,0,287.0299987792969,1007.7100219726562,100,100,0.003700000001117587
8108,LSIL_3_patch13.png,0,416.7699890136719,1019.760009765625,100,100,0.0035000001080334187
8109,LSIL_3_patch13.png,0,307.0,626.52001953125,100,100,0.003000000026077032
8110,LSIL_3_patch13.png,0,441.29998779296875,244.49000549316406,100,100,0.00279999990016222
8111,LSIL_3_patch13.png,0,662.3699951171875,971.7899780273438,100,100,0.0026000000070780516
8112,LSIL_3_patch13.png,0,634.2999877929688,758.75,100,100,0.0026000000070780516
8113,LSIL_3_patch13.png,0,21.690000534057617,969.3599853515625,100,100,0.0024999999441206455
8114,LSIL_3_patch13.png,0,844.010009765625,155.66000366210938,100,100,0.002099999925121665
8115,LSIL_3_patch13.png,0,402.75,750.1599731445312,100,100,0.0020000000949949026
8116,LSIL_3_patch13.png,0,340.6700134277344,620.719970703125,100,100,0.0015999999595806003
8117,LSIL_3_patch13.png,0,538.9299926757812,631.8200073242188,100,100,0.0015999999595806003
8118,LSIL_3_patch13.png,0,325.8399963378906,601.260009765625,100,100,0.001500000013038516
8119,LSIL_3_patch13.png,0,549.1799926757812,1017.9400024414062,100,100,0.00139999995008111
8120,LSIL_3_patch13.png,0,837.4299926757812,192.2100067138672,100,100,0.0013000000035390258
8121,LSIL_3_patch14.png,0,250.44,677.45,100,100,0.7148
8122,LSIL_3_patch14.png,0,74.94,39.86,100,100,0.4931
8123,LSIL_3_patch14.png,0,81.03,158.08,100,100,0.462
8124,LSIL_3_patch14.png,0,141.12,61.42,100,100,0.4163
8125,LSIL_3_patch14.png,0,143.14999389648438,12.739999771118164,100,100,0.2612999975681305
8126,LSIL_3_patch14.png,0,151.4199981689453,77.25,100,100,0.22779999673366547
8127,LSIL_3_patch14.png,0,13.98,77.05,100,100,0.2119
8128,LSIL_3_patch14.png,0,41.2599983215332,117.8499984741211,100,100,0.10830000042915344
8129,LSIL_3_patch14.png,0,28.899999618530273,43.290000915527344,100,100,0.06300000101327896
8130,LSIL_3_patch14.png,0,448.989990234375,4.869999885559082,100,100,0.052400000393390656
8131,LSIL_3_patch14.png,0,307.2900085449219,837.0700073242188,100,100,0.05079999938607216
8132,LSIL_3_patch14.png,0,763.1799926757812,629.5700073242188,100,100,0.03539999946951866
8133,LSIL_3_patch14.png,0,62.81999969482422,8.800000190734863,100,100,0.022600000724196434
8134,LSIL_3_patch14.png,0,908.739990234375,1014.719970703125,100,100,0.01730000041425228
8135,LSIL_3_patch14.png,0,237.1699981689453,672.5399780273438,100,100,0.014000000432133675
8136,LSIL_3_patch14.png,0,174.8000030517578,92.38999938964844,100,100,0.013500000350177288
8137,LSIL_3_patch14.png,0,450.1400146484375,964.7899780273438,100,100,0.012299999594688416
8138,LSIL_3_patch14.png,0,47.310001373291016,25.780000686645508,100,100,0.01140000019222498
8139,LSIL_3_patch14.png,0,464.54998779296875,972.0800170898438,100,100,0.010400000028312206
8140,LSIL_3_patch14.png,0,921.9500122070312,1017.77001953125,100,100,0.009800000116229057
8141,LSIL_3_patch14.png,0,572.7100219726562,75.81999969482422,100,100,0.009600000455975533
8142,LSIL_3_patch14.png,0,15.850000381469727,59.43000030517578,100,100,0.00930000003427267
8143,LSIL_3_patch14.png,0,160.52000427246094,48.599998474121094,100,100,0.008700000122189522
8144,LSIL_3_patch14.png,0,737.3900146484375,154.9600067138672,100,100,0.00839999970048666
8145,LSIL_3_patch14.png,0,322.1000061035156,844.6699829101562,100,100,0.007499999832361937
8146,LSIL_3_patch14.png,0,216.77999877929688,4.170000076293945,100,100,0.007400000002235174
8147,LSIL_3_patch14.png,0,258.9200134277344,664.3599853515625,100,100,0.007000000216066837
8148,LSIL_3_patch14.png,0,745.0599975585938,985.739990234375,100,100,0.005900000222027302
8149,LSIL_3_patch14.png,0,85.16000366210938,29.270000457763672,100,100,0.005799999926239252
8150,LSIL_3_patch14.png,0,128.64999389648438,42.36000061035156,100,100,0.005799999926239252
8151,LSIL_3_patch14.png,0,97.98999786376953,151.5399932861328,100,100,0.00570000009611249
8152,LSIL_3_patch14.png,0,490.8800048828125,973.9000244140625,100,100,0.00570000009611249
8153,LSIL_3_patch14.png,0,177.24000549316406,5.659999847412109,100,100,0.005100000184029341
8154,LSIL_3_patch14.png,0,151.89999389648438,4.360000133514404,100,100,0.005100000184029341
8155,LSIL_3_patch14.png,0,301.489990234375,850.5700073242188,100,100,0.004999999888241291
8156,LSIL_3_patch14.png,0,84.9800033569336,46.56999969482422,100,100,0.0044999998062849045
8157,LSIL_3_patch14.png,0,59.15999984741211,113.93000030517578,100,100,0.0044999998062849045
8158,LSIL_3_patch14.png,0,135.00999450683594,76.94999694824219,100,100,0.0032999999821186066
8159,LSIL_3_patch14.png,0,70.4000015258789,149.99000549316406,100,100,0.00279999990016222
8160,LSIL_3_patch14.png,0,568.6300048828125,879.0499877929688,100,100,0.00279999990016222
8161,LSIL_3_patch14.png,0,45.4900016784668,9.029999732971191,100,100,0.0027000000700354576
8162,LSIL_3_patch14.png,0,343.260009765625,1018.0399780273438,100,100,0.002300000051036477
8163,LSIL_3_patch14.png,0,59.25,41.91999816894531,100,100,0.0020000000949949026
8164,LSIL_3_patch14.png,0,267.989990234375,683.3499755859375,100,100,0.0019000000320374966
8165,LSIL_3_patch14.png,0,11.0,36.540000915527344,100,100,0.0017999999690800905
8166,LSIL_3_patch14.png,0,163.5800018310547,66.79000091552734,100,100,0.001500000013038516
8167,LSIL_3_patch14.png,0,200.91000366210938,65.30000305175781,100,100,0.00139999995008111
8168,LSIL_8_patch01.png,0,368.43,697.97,100,100,0.6584
8169,LSIL_8_patch01.png,0,612.28,510.87,100,100,0.6118
8170,LSIL_8_patch01.png,0,280.4,247.71,100,100,0.5639
8171,LSIL_8_patch01.png,0,210.69000244140625,1009.8900146484375,100,100,0.03889999911189079
8172,LSIL_8_patch01.png,0,383.80999755859375,708.72998046875,100,100,0.0357000008225441
8173,LSIL_8_patch01.png,0,949.530029296875,400.7200012207031,100,100,0.030899999663233757
8174,LSIL_8_patch01.png,0,844.0399780273438,252.00999450683594,100,100,0.022700000554323196
8175,LSIL_8_patch01.png,0,148.27000427246094,433.9100036621094,100,100,0.02160000056028366
8176,LSIL_8_patch01.png,0,1016.8099975585938,320.5400085449219,100,100,0.020899999886751175
8177,LSIL_8_patch01.png,0,403.8299865722656,921.3599853515625,100,100,0.018300000578165054
8178,LSIL_8_patch01.png,0,294.92999267578125,99.94999694824219,100,100,0.017999999225139618
8179,LSIL_8_patch01.png,0,266.989990234375,236.55999755859375,100,100,0.017100000753998756
8180,LSIL_8_patch01.png,0,7.78000020980835,111.12000274658203,100,100,0.01600000075995922
8181,LSIL_8_patch01.png,0,23.940000534057617,918.6799926757812,100,100,0.01600000075995922
8182,LSIL_8_patch01.png,0,950.8699951171875,962.780029296875,100,100,0.015200000256299973
8183,LSIL_8_patch01.png,0,1013.3599853515625,431.3999938964844,100,100,0.014800000004470348
8184,LSIL_8_patch01.png,0,1017.2999877929688,199.9199981689453,100,100,0.0142000000923872
8185,LSIL_8_patch01.png,0,361.9100036621094,825.8800048828125,100,100,0.013700000010430813
8186,LSIL_8_patch01.png,0,40.65999984741211,690.3400268554688,100,100,0.013500000350177288
8187,LSIL_8_patch01.png,0,946.5800170898438,433.69000244140625,100,100,0.012199999764561653
8188,LSIL_8_patch01.png,0,531.219970703125,73.73999786376953,100,100,0.011500000022351742
8189,LSIL_8_patch01.png,0,646.0999755859375,486.2099914550781,100,100,0.010999999940395355
8190,LSIL_8_patch01.png,0,579.4500122070312,38.9900016784668,100,100,0.00860000029206276
8191,LSIL_8_patch01.png,0,624.4400024414062,500.5,100,100,0.0066999997943639755
8192,LSIL_8_patch01.png,0,60.04999923706055,608.739990234375,100,100,0.006399999838322401
8193,LSIL_8_patch01.png,0,77.44000244140625,864.4400024414062,100,100,0.006399999838322401
8194,LSIL_8_patch01.png,0,375.6199951171875,684.1500244140625,100,100,0.006300000008195639
8195,LSIL_8_patch01.png,0,744.739990234375,360.4599914550781,100,100,0.0052999998442828655
8196,LSIL_8_patch01.png,0,585.1300048828125,191.82000732421875,100,100,0.004999999888241291
8197,LSIL_8_patch01.png,0,417.3800048828125,43.36000061035156,100,100,0.004800000227987766
8198,LSIL_8_patch01.png,0,972.0700073242188,8.770000457763672,100,100,0.004699999932199717
8199,LSIL_8_patch01.png,0,823.1199951171875,278.04998779296875,100,100,0.004600000102072954
8200,LSIL_8_patch01.png,0,357.3500061035156,687.5700073242188,100,100,0.00419999985024333
8201,LSIL_8_patch01.png,0,10.880000114440918,944.989990234375,100,100,0.003599999938160181
8202,LSIL_8_patch01.png,0,294.8599853515625,234.07000732421875,100,100,0.0035000001080334187
8203,LSIL_8_patch01.png,0,726.27001953125,78.11000061035156,100,100,0.003000000026077032
8204,LSIL_8_patch01.png,0,63.619998931884766,363.239990234375,100,100,0.00279999990016222
8205,LSIL_8_patch01.png,0,208.72999572753906,332.2799987792969,100,100,0.0027000000700354576
8206,LSIL_8_patch01.png,0,794.780029296875,142.49000549316406,100,100,0.0026000000070780516
8207,LSIL_8_patch01.png,0,582.5900268554688,490.2699890136719,100,100,0.0024999999441206455
8208,LSIL_8_patch01.png,0,7.889999866485596,209.36000061035156,100,100,0.0024999999441206455
8209,LSIL_8_patch01.png,0,39.040000915527344,184.2899932861328,100,100,0.002300000051036477
8210,LSIL_8_patch01.png,0,723.9400024414062,202.5500030517578,100,100,0.0020000000949949026
8211,LSIL_8_patch01.png,0,356.05999755859375,700.9299926757812,100,100,0.0020000000949949026
8212,LSIL_8_patch01.png,0,65.94000244140625,9.180000305175781,100,100,0.0020000000949949026
8213,LSIL_8_patch01.png,0,966.2999877929688,376.4200134277344,100,100,0.0020000000949949026
8214,LSIL_8_patch01.png,0,633.3800048828125,79.30000305175781,100,100,0.0020000000949949026
8215,LSIL_8_patch01.png,0,463.6600036621094,75.97000122070312,100,100,0.0017000000225380063
8216,LSIL_8_patch01.png,0,582.6500244140625,636.5999755859375,100,100,0.0017000000225380063
8217,LSIL_8_patch01.png,0,276.0,793.469970703125,100,100,0.0017000000225380063
8218,LSIL_8_patch01.png,0,297.29998779296875,255.7100067138672,100,100,0.0017000000225380063
8219,LSIL_8_patch01.png,0,455.55999755859375,312.1400146484375,100,100,0.00139999995008111
8220,LSIL_8_patch01.png,0,567.3599853515625,28.969999313354492,100,100,0.0013000000035390258
8221,LSIL_8_patch02.png,0,99.03,622.5,100,100,0.755
8222,LSIL_8_patch02.png,0,907.49,54.59,100,100,0.7345
8223,LSIL_8_patch02.png,0,293.54,117.88,100,100,0.7321
8224,LSIL_8_patch02.png,0,520.7,337.51,100,100,0.7109
8225,LSIL_8_patch02.png,0,225.7,658.28,100,100,0.6183
8226,LSIL_8_patch02.png,0,596.73,873.86,100,100,0.4545
8227,LSIL_8_patch02.png,0,142.29,798.14,100,100,0.3772
8228,LSIL_8_patch02.png,0,669.69,85.87,100,100,0.3439
8229,LSIL_8_patch02.png,0,869.07,726.22,100,100,0.3272
8230,LSIL_8_patch02.png,0,355.26708984375,20.906047821044922,100,100,0.32526513934135437
8231,LSIL_8_patch02.png,0,118.12000274658203,108.26000213623047,100,100,0.12139999866485596
8232,LSIL_8_patch02.png,0,354.6700134277344,3.9000000953674316,100,100,0.10159999877214432
8233,LSIL_8_patch02.png,0,887.8599853515625,963.22998046875,100,100,0.08389999717473984
8234,LSIL_8_patch02.png,0,892.9099731445312,774.4500122070312,100,100,0.08290000259876251
8235,LSIL_8_patch02.png,0,22.600000381469727,38.939998626708984,100,100,0.07729999721050262
8236,LSIL_8_patch02.png,0,817.5,920.8900146484375,100,100,0.06700000166893005
8237,LSIL_8_patch02.png,0,763.02001953125,1004.4000244140625,100,100,0.06499999761581421
8238,LSIL_8_patch02.png,0,128.27000427246094,688.3400268554688,100,100,0.0568000003695488
8239,LSIL_8_patch02.png,0,703.8599853515625,904.6199951171875,100,100,0.04879999905824661
8240,LSIL_8_patch02.png,0,778.8699951171875,462.239990234375,100,100,0.042899999767541885
8241,LSIL_8_patch02.png,0,36.619998931884766,4.53000020980835,100,100,0.03519999980926514
8242,LSIL_8_patch02.png,0,634.9199829101562,611.5700073242188,100,100,0.026900000870227814
8243,LSIL_8_patch02.png,0,757.5,1015.3499755859375,100,100,0.026499999687075615
8244,LSIL_8_patch02.png,0,808.72998046875,936.530029296875,100,100,0.023099999874830246
8245,LSIL_8_patch02.png,0,652.8300170898438,393.3399963378906,100,100,0.021700000390410423
8246,LSIL_8_patch02.png,0,414.4200134277344,232.6699981689453,100,100,0.01979999989271164
8247,LSIL_8_patch02.png,0,161.7899932861328,340.75,100,100,0.01810000091791153
8248,LSIL_8_patch02.png,0,682.5,45.619998931884766,100,100,0.017899999395012856
8249,LSIL_8_patch02.png,0,1016.8400268554688,92.37999725341797,100,100,0.017899999395012856
8250,LSIL_8_patch02.png,0,182.8699951171875,187.82000732421875,100,100,0.017500000074505806
8251,LSIL_8_patch02.png,0,116.58000183105469,738.0,100,100,0.01640000008046627
8252,LSIL_8_patch02.png,0,385.79998779296875,472.489990234375,100,100,0.014399999752640724
8253,LSIL_8_patch02.png,0,764.2100219726562,229.57000732421875,100,100,0.013399999588727951
8254,LSIL_8_patch02.png,0,677.3300170898438,61.08000183105469,100,100,0.010200000368058681
8255,LSIL_8_patch02.png,0,648.760009765625,166.91000366210938,100,100,0.009800000116229057
8256,LSIL_8_patch02.png,0,283.30999755859375,475.989990234375,100,100,0.009399999864399433
8257,LSIL_8_patch02.png,0,141.05999755859375,3.619999885559082,100,100,0.009399999864399433
8258,LSIL_8_patch02.png,0,28.31999969482422,519.0900268554688,100,100,0.009100000374019146
8259,LSIL_8_patch02.png,0,576.4500122070312,103.91000366210938,100,100,0.008799999952316284
8260,LSIL_8_patch02.png,0,877.5800170898438,955.8400268554688,100,100,0.00839999970048666
8261,LSIL_8_patch02.png,0,759.72998046875,139.47999572753906,100,100,0.008200000040233135
8262,LSIL_8_patch02.png,0,935.77001953125,838.489990234375,100,100,0.007799999788403511
8263,LSIL_8_patch02.png,0,807.1400146484375,92.70999908447266,100,100,0.007000000216066837
8264,LSIL_8_patch02.png,0,240.14999389648438,650.0999755859375,100,100,0.006500000134110451
8265,LSIL_8_patch02.png,0,462.8500061035156,116.83000183105469,100,100,0.006500000134110451
8266,LSIL_8_patch02.png,0,828.8099975585938,832.260009765625,100,100,0.006300000008195639
8267,LSIL_8_patch02.png,0,924.0,46.88999938964844,100,100,0.006000000052154064
8268,LSIL_8_patch02.png,0,709.1500244140625,513.5800170898438,100,100,0.00570000009611249
8269,LSIL_8_patch02.png,0,156.92999267578125,65.93000030517578,100,100,0.005400000140070915
8270,LSIL_8_patch02.png,0,343.3500061035156,324.5299987792969,100,100,0.0052999998442828655
8271,LSIL_8_patch02.png,0,96.58000183105469,405.94000244140625,100,100,0.005200000014156103
8272,LSIL_8_patch02.png,0,211.19000244140625,654.0499877929688,100,100,0.004900000058114529
8273,LSIL_8_patch02.png,0,281.010009765625,112.63999938964844,100,100,0.004800000227987766
8274,LSIL_8_patch02.png,0,750.97998046875,604.22998046875,100,100,0.004399999976158142
8275,LSIL_8_patch02.png,0,510.75,326.2799987792969,100,100,0.00430000014603138
8276,LSIL_8_patch02.png,0,202.4499969482422,7.889999866485596,100,100,0.0038999998942017555
8277,LSIL_8_patch02.png,0,557.22998046875,273.6300048828125,100,100,0.003800000064074993
8278,LSIL_8_patch02.png,0,589.030029296875,1017.0999755859375,100,100,0.003700000001117587
8279,LSIL_8_patch02.png,0,899.0999755859375,849.510009765625,100,100,0.0034000000450760126
8280,LSIL_8_patch02.png,0,297.3999938964844,106.0,100,100,0.0034000000450760126
8281,LSIL_8_patch02.png,0,664.0700073242188,67.86000061035156,100,100,0.0032999999821186066
8282,LSIL_8_patch02.png,0,788.6900024414062,557.8300170898438,100,100,0.003100000089034438
8283,LSIL_8_patch02.png,0,898.27001953125,954.5700073242188,100,100,0.003000000026077032
8284,LSIL_8_patch02.png,0,815.6400146484375,427.30999755859375,100,100,0.003000000026077032
8285,LSIL_8_patch02.png,0,156.55999755859375,797.22998046875,100,100,0.002899999963119626
8286,LSIL_8_patch02.png,0,480.3800048828125,184.02999877929688,100,100,0.0027000000700354576
8287,LSIL_8_patch02.png,0,446.4599914550781,569.1099853515625,100,100,0.0026000000070780516
8288,LSIL_8_patch02.png,0,905.7899780273438,39.099998474121094,100,100,0.0026000000070780516
8289,LSIL_8_patch02.png,0,749.239990234375,517.2100219726562,100,100,0.0024999999441206455
8290,LSIL_8_patch02.png,0,665.010009765625,97.98999786376953,100,100,0.002400000113993883
8291,LSIL_8_patch02.png,0,890.25,723.8300170898438,100,100,0.002400000113993883
8292,LSIL_8_patch02.png,0,196.30999755859375,622.5499877929688,100,100,0.002199999988079071
8293,LSIL_8_patch02.png,0,4.829999923706055,27.229999542236328,100,100,0.0020000000949949026
8294,LSIL_8_patch02.png,0,562.9199829101562,161.77999877929688,100,100,0.0019000000320374966
8295,LSIL_8_patch02.png,0,517.4400024414062,84.43000030517578,100,100,0.0019000000320374966
8296,LSIL_8_patch02.png,0,89.5999984741211,263.95001220703125,100,100,0.0019000000320374966
8297,LSIL_8_patch02.png,0,1019.5,534.9500122070312,100,100,0.0017999999690800905
8298,LSIL_8_patch02.png,0,7.420000076293945,98.51000213623047,100,100,0.0017999999690800905
8299,LSIL_8_patch02.png,0,747.3699951171875,1002.8499755859375,100,100,0.0017000000225380063
8300,LSIL_8_patch02.png,0,889.2899780273438,758.47998046875,100,100,0.0015999999595806003
8301,LSIL_8_patch02.png,0,151.49000549316406,511.5299987792969,100,100,0.0015999999595806003
8302,LSIL_8_patch02.png,0,855.1900024414062,548.3099975585938,100,100,0.001500000013038516
8303,LSIL_8_patch02.png,0,113.05999755859375,606.4299926757812,100,100,0.001500000013038516
8304,LSIL_8_patch02.png,0,932.72998046875,523.8300170898438,100,100,0.001500000013038516
8305,LSIL_8_patch02.png,0,853.4400024414062,713.030029296875,100,100,0.00139999995008111
8306,LSIL_8_patch02.png,0,978.1900024414062,541.8900146484375,100,100,0.00139999995008111
8307,LSIL_8_patch02.png,0,676.0,632.4199829101562,100,100,0.0013000000035390258
8308,LSIL_8_patch02.png,0,893.02001953125,48.880001068115234,100,100,0.0012000000569969416
8309,LSIL_8_patch02.png,0,392.2300109863281,333.9599914550781,100,100,0.0010999999940395355
8310,LSIL_8_patch02.png,0,1019.8200073242188,187.85000610351562,100,100,0.0010999999940395355
8311,LSIL_8_patch02.png,0,411.260009765625,528.6900024414062,100,100,0.0010000000474974513
8312,LSIL_8_patch03.png,0,868.1,254.94,100,100,0.7603
8313,LSIL_8_patch03.png,0,803.29,421.8,100,100,0.7524
8314,LSIL_8_patch03.png,0,215.69,79.12,100,100,0.7123
8315,LSIL_8_patch03.png,0,43.85,674.91,100,100,0.6297
8316,LSIL_8_patch03.png,0,745.17,544.58,100,100,0.5633
8317,LSIL_8_patch03.png,0,36.98,898.21,100,100,0.3512
8318,LSIL_8_patch03.png,0,55.189998626708984,771.4400024414062,100,100,0.24809999763965607
8319,LSIL_8_patch03.png,0,779.76,505.58,100,100,0.211
8320,LSIL_8_patch03.png,0,283.29,47.4,100,100,0.1864
8321,LSIL_8_patch03.png,0,125.80999755859375,557.5599975585938,100,100,0.12839999794960022
8322,LSIL_8_patch03.png,0,887.3099975585938,541.75,100,100,0.08299999684095383
8323,LSIL_8_patch03.png,0,747.0900268554688,660.8499755859375,100,100,0.07509999722242355
8324,LSIL_8_patch03.png,0,352.7200012207031,7.760000228881836,100,100,0.06390000134706497
8325,LSIL_8_patch03.png,0,1002.4199829101562,883.2999877929688,100,100,0.06129999831318855
8326,LSIL_8_patch03.png,0,17.219999313354492,971.3800048828125,100,100,0.04919999837875366
8327,LSIL_8_patch03.png,0,1001.02001953125,234.27999877929688,100,100,0.04639999940991402
8328,LSIL_8_patch03.png,0,370.19000244140625,357.3900146484375,100,100,0.04490000009536743
8329,LSIL_8_patch03.png,0,1014.6300048828125,582.0999755859375,100,100,0.042399998754262924
8330,LSIL_8_patch03.png,0,331.2799987792969,379.739990234375,100,100,0.03840000182390213
8331,LSIL_8_patch03.png,0,303.5400085449219,976.510009765625,100,100,0.029500000178813934
8332,LSIL_8_patch03.png,0,380.32000732421875,403.94000244140625,100,100,0.028999999165534973
8333,LSIL_8_patch03.png,0,902.0999755859375,388.5299987792969,100,100,0.02889999933540821
8334,LSIL_8_patch03.png,0,875.1400146484375,338.4800109863281,100,100,0.028200000524520874
8335,LSIL_8_patch03.png,0,48.849998474121094,483.5,100,100,0.027300000190734863
8336,LSIL_8_patch03.png,0,947.8300170898438,637.280029296875,100,100,0.026499999687075615
8337,LSIL_8_patch03.png,0,182.2100067138672,825.469970703125,100,100,0.020500000566244125
8338,LSIL_8_patch03.png,0,1019.02001953125,522.3200073242188,100,100,0.01899999938905239
8339,LSIL_8_patch03.png,0,483.0299987792969,1005.0999755859375,100,100,0.018300000578165054
8340,LSIL_8_patch03.png,0,727.0900268554688,637.75,100,100,0.015200000256299973
8341,LSIL_8_patch03.png,0,31.360000610351562,225.92999267578125,100,100,0.014499999582767487
8342,LSIL_8_patch03.png,0,133.58999633789062,14.119999885559082,100,100,0.012199999764561653
8343,LSIL_8_patch03.png,0,305.92999267578125,734.5999755859375,100,100,0.01209999993443489
8344,LSIL_8_patch03.png,0,847.6699829101562,665.0700073242188,100,100,0.011900000274181366
8345,LSIL_8_patch03.png,0,321.8900146484375,464.760009765625,100,100,0.011099999770522118
8346,LSIL_8_patch03.png,0,301.8900146484375,888.47998046875,100,100,0.010700000450015068
8347,LSIL_8_patch03.png,0,289.6300048828125,1018.0900268554688,100,100,0.010300000198185444
8348,LSIL_8_patch03.png,0,1003.5599975585938,460.0199890136719,100,100,0.009999999776482582
8349,LSIL_8_patch03.png,0,609.47998046875,397.82000732421875,100,100,0.00989999994635582
8350,LSIL_8_patch03.png,0,573.0399780273438,4.619999885559082,100,100,0.006800000090152025
8351,LSIL_8_patch03.png,0,209.1199951171875,68.01000213623047,100,100,0.006500000134110451
8352,LSIL_8_patch03.png,0,224.7100067138672,71.19000244140625,100,100,0.006099999882280827
8353,LSIL_8_patch03.png,0,916.3300170898438,164.14999389648438,100,100,0.005799999926239252
8354,LSIL_8_patch03.png,0,129.69000244140625,580.3499755859375,100,100,0.00570000009611249
8355,LSIL_8_patch03.png,0,156.25999450683594,173.6300048828125,100,100,0.005400000140070915
8356,LSIL_8_patch03.png,0,261.05999755859375,885.2000122070312,100,100,0.0052999998442828655
8357,LSIL_8_patch03.png,0,760.1400146484375,540.239990234375,100,100,0.0052999998442828655
8358,LSIL_8_patch03.png,0,152.14999389648438,431.1099853515625,100,100,0.0052999998442828655
8359,LSIL_8_patch03.png,0,134.8699951171875,550.6799926757812,100,100,0.005100000184029341
8360,LSIL_8_patch03.png,0,889.47998046875,448.75,100,100,0.004999999888241291
8361,LSIL_8_patch03.png,0,29.889999389648438,889.739990234375,100,100,0.004800000227987766
8362,LSIL_8_patch03.png,0,877.4299926757812,243.6199951171875,100,100,0.004699999932199717
8363,LSIL_8_patch03.png,0,887.5599975585938,697.6599731445312,100,100,0.004600000102072954
8364,LSIL_8_patch03.png,0,9.140000343322754,529.0800170898438,100,100,0.004600000102072954
8365,LSIL_8_patch03.png,0,650.239990234375,533.239990234375,100,100,0.004399999976158142
8366,LSIL_8_patch03.png,0,43.27000045776367,765.989990234375,100,100,0.00430000014603138
8367,LSIL_8_patch03.png,0,57.709999084472656,647.7999877929688,100,100,0.00419999985024333
8368,LSIL_8_patch03.png,0,269.8900146484375,952.2100219726562,100,100,0.00419999985024333
8369,LSIL_8_patch03.png,0,765.6099853515625,316.8399963378906,100,100,0.004000000189989805
8370,LSIL_8_patch03.png,0,6.159999847412109,587.77001953125,100,100,0.004000000189989805
8371,LSIL_8_patch03.png,0,1010.47998046875,225.6999969482422,100,100,0.0038999998942017555
8372,LSIL_8_patch03.png,0,257.6099853515625,474.2900085449219,100,100,0.003700000001117587
8373,LSIL_8_patch03.png,0,51.25,981.489990234375,100,100,0.003599999938160181
8374,LSIL_8_patch03.png,0,815.9000244140625,427.8299865722656,100,100,0.003599999938160181
8375,LSIL_8_patch03.png,0,46.470001220703125,887.97998046875,100,100,0.003100000089034438
8376,LSIL_8_patch03.png,0,203.1300048828125,114.19000244140625,100,100,0.003000000026077032
8377,LSIL_8_patch03.png,0,606.9299926757812,210.36000061035156,100,100,0.003000000026077032
8378,LSIL_8_patch03.png,0,1015.6699829101562,143.16000366210938,100,100,0.002899999963119626
8379,LSIL_8_patch03.png,0,812.97998046875,409.05999755859375,100,100,0.00279999990016222
8380,LSIL_8_patch03.png,0,114.80000305175781,729.1500244140625,100,100,0.0027000000700354576
8381,LSIL_8_patch03.png,0,74.91000366210938,143.99000549316406,100,100,0.0027000000700354576
8382,LSIL_8_patch03.png,0,855.4299926757812,542.3499755859375,100,100,0.0027000000700354576
8383,LSIL_8_patch03.png,0,738.7000122070312,531.9099731445312,100,100,0.0027000000700354576
8384,LSIL_8_patch03.png,0,15.8100004196167,436.07000732421875,100,100,0.002400000113993883
8385,LSIL_8_patch03.png,0,792.239990234375,409.7200012207031,100,100,0.002400000113993883
8386,LSIL_8_patch03.png,0,728.6300048828125,540.6400146484375,100,100,0.002300000051036477
8387,LSIL_8_patch03.png,0,593.969970703125,442.4599914550781,100,100,0.002300000051036477
8388,LSIL_8_patch03.png,0,35.130001068115234,664.75,100,100,0.002300000051036477
8389,LSIL_8_patch03.png,0,855.1199951171875,249.42999267578125,100,100,0.002199999988079071
8390,LSIL_8_patch03.png,0,113.1500015258789,92.33000183105469,100,100,0.0019000000320374966
8391,LSIL_8_patch03.png,0,229.6699981689453,829.489990234375,100,100,0.0017000000225380063
8392,LSIL_8_patch03.png,0,107.6500015258789,514.3499755859375,100,100,0.0017000000225380063
8393,LSIL_8_patch03.png,0,927.989990234375,210.0,100,100,0.0015999999595806003
8394,LSIL_8_patch03.png,0,267.7300109863281,790.1400146484375,100,100,0.00139999995008111
8395,LSIL_8_patch03.png,0,340.1099853515625,325.239990234375,100,100,0.00139999995008111
8396,LSIL_8_patch03.png,0,115.16000366210938,569.3900146484375,100,100,0.0013000000035390258
8397,LSIL_8_patch03.png,0,62.189998626708984,760.25,100,100,0.0010999999940395355
8398,LSIL_8_patch04.png,0,454.74,971.17,100,100,0.7128
8399,LSIL_8_patch04.png,0,219.0,969.08,100,100,0.6969
8400,LSIL_8_patch04.png,0,854.96,915.6,100,100,0.4061
8401,LSIL_8_patch04.png,0,738.04,936.24,100,100,0.2868
8402,LSIL_8_patch04.png,0,532.55,991.39,100,100,0.2778
8403,LSIL_8_patch04.png,0,805.2999877929688,794.3099975585938,100,100,0.22010000050067902
8404,LSIL_8_patch04.png,0,131.99000549316406,948.77001953125,100,100,0.21130000054836273
8405,LSIL_8_patch04.png,0,642.989990234375,953.9500122070312,100,100,0.16940000653266907
8406,LSIL_8_patch04.png,0,16.309999465942383,1007.6900024414062,100,100,0.11890000104904175
8407,LSIL_8_patch04.png,0,92.06999969482422,954.3599853515625,100,100,0.11779999732971191
8408,LSIL_8_patch04.png,0,971.3400268554688,949.0900268554688,100,100,0.10509999841451645
8409,LSIL_8_patch04.png,0,851.9299926757812,947.4199829101562,100,100,0.10159999877214432
8410,LSIL_8_patch04.png,0,677.1799926757812,946.8800048828125,100,100,0.08669999986886978
8411,LSIL_8_patch04.png,0,737.6699829101562,826.8499755859375,100,100,0.07270000129938126
8412,LSIL_8_patch04.png,0,556.1400146484375,913.7000122070312,100,100,0.06790000200271606
8413,LSIL_8_patch04.png,0,771.7100219726562,775.5399780273438,100,100,0.06669999659061432
8414,LSIL_8_patch04.png,0,700.8699951171875,927.2999877929688,100,100,0.05889999866485596
8415,LSIL_8_patch04.png,0,38.36000061035156,964.6099853515625,100,100,0.054999999701976776
8416,LSIL_8_patch04.png,0,805.6199951171875,885.22998046875,100,100,0.052799999713897705
8417,LSIL_8_patch04.png,0,766.7000122070312,969.0900268554688,100,100,0.05209999904036522
8418,LSIL_8_patch04.png,0,56.66999816894531,922.5499877929688,100,100,0.0502999983727932
8419,LSIL_8_patch04.png,0,398.75,891.5,100,100,0.050200000405311584
8420,LSIL_8_patch04.png,0,137.22000122070312,1007.77001953125,100,100,0.04690000042319298
8421,LSIL_8_patch04.png,0,934.5800170898438,943.739990234375,100,100,0.03819999843835831
8422,LSIL_8_patch04.png,0,855.5999755859375,872.530029296875,100,100,0.02710000053048134
8423,LSIL_8_patch04.png,0,91.48999786376953,995.9600219726562,100,100,0.02290000021457672
8424,LSIL_8_patch04.png,0,887.25,919.3499755859375,100,100,0.02239999920129776
8425,LSIL_8_patch04.png,0,220.24000549316406,954.6199951171875,100,100,0.01679999940097332
8426,LSIL_8_patch04.png,0,999.6900024414062,1015.3800048828125,100,100,0.016499999910593033
8427,LSIL_8_patch04.png,0,629.6599731445312,919.75,100,100,0.01549999974668026
8428,LSIL_8_patch04.png,0,960.8699951171875,771.4199829101562,100,100,0.014299999922513962
8429,LSIL_8_patch04.png,0,712.6099853515625,1016.2999877929688,100,100,0.013399999588727951
8430,LSIL_8_patch04.png,0,689.1099853515625,985.0599975585938,100,100,0.013199999928474426
8431,LSIL_8_patch04.png,0,640.2899780273438,1016.7999877929688,100,100,0.013000000268220901
8432,LSIL_8_patch04.png,0,520.6500244140625,1017.4199829101562,100,100,0.01080000028014183
8433,LSIL_8_patch04.png,0,764.9099731445312,1015.6099853515625,100,100,0.008899999782443047
8434,LSIL_8_patch04.png,0,706.52001953125,948.0999755859375,100,100,0.00860000029206276
8435,LSIL_8_patch04.png,0,1016.4600219726562,697.280029296875,100,100,0.007699999958276749
8436,LSIL_8_patch04.png,0,347.94000244140625,1015.4500122070312,100,100,0.006899999920278788
8437,LSIL_8_patch04.png,0,181.77000427246094,985.9299926757812,100,100,0.006899999920278788
8438,LSIL_8_patch04.png,0,131.05999755859375,1018.0399780273438,100,100,0.006300000008195639
8439,LSIL_8_patch04.png,0,943.530029296875,927.0700073242188,100,100,0.00570000009611249
8440,LSIL_8_patch04.png,0,726.5499877929688,894.8400268554688,100,100,0.005200000014156103
8441,LSIL_8_patch04.png,0,889.6199951171875,1019.52001953125,100,100,0.005200000014156103
8442,LSIL_8_patch04.png,0,867.739990234375,944.0,100,100,0.004999999888241291
8443,LSIL_8_patch04.png,0,730.280029296875,835.0,100,100,0.004800000227987766
8444,LSIL_8_patch04.png,0,553.7899780273438,828.1500244140625,100,100,0.004800000227987766
8445,LSIL_8_patch04.png,0,924.77001953125,969.0800170898438,100,100,0.004699999932199717
8446,LSIL_8_patch04.png,0,514.8800048828125,851.9000244140625,100,100,0.004100000020116568
8447,LSIL_8_patch04.png,0,729.2100219726562,929.1099853515625,100,100,0.0038999998942017555
8448,LSIL_8_patch04.png,0,11.369999885559082,967.2000122070312,100,100,0.003800000064074993
8449,LSIL_8_patch04.png,0,459.54998779296875,957.4199829101562,100,100,0.0032999999821186066
8450,LSIL_8_patch04.png,0,443.5899963378906,967.5800170898438,100,100,0.0031999999191612005
8451,LSIL_8_patch04.png,0,231.8300018310547,972.0800170898438,100,100,0.003000000026077032
8452,LSIL_8_patch04.png,0,892.9099731445312,861.8699951171875,100,100,0.003000000026077032
8453,LSIL_8_patch04.png,0,793.9400024414062,893.7899780273438,100,100,0.002899999963119626
8454,LSIL_8_patch04.png,0,908.9000244140625,1007.280029296875,100,100,0.00279999990016222
8455,LSIL_8_patch04.png,0,846.1500244140625,928.6699829101562,100,100,0.002300000051036477
8456,LSIL_8_patch04.png,0,523.6199951171875,982.739990234375,100,100,0.002300000051036477
8457,LSIL_8_patch04.png,0,90.54000091552734,968.489990234375,100,100,0.002199999988079071
8458,LSIL_8_patch04.png,0,864.6199951171875,922.9600219726562,100,100,0.0020000000949949026
8459,LSIL_8_patch04.png,0,393.8399963378906,923.969970703125,100,100,0.0017999999690800905
8460,LSIL_8_patch04.png,0,728.0900268554688,999.6099853515625,100,100,0.0017999999690800905
8461,LSIL_8_patch04.png,0,183.39999389648438,972.8099975585938,100,100,0.0017000000225380063
8462,LSIL_8_patch04.png,0,448.1499938964844,326.5,100,100,0.001500000013038516
8463,LSIL_8_patch04.png,0,522.2000122070312,1001.4099731445312,100,100,0.001500000013038516
8464,LSIL_8_patch04.png,0,321.989990234375,1010.780029296875,100,100,0.0013000000035390258
8465,LSIL_8_patch04.png,0,594.9199829101562,874.280029296875,100,100,0.0010999999940395355
8466,LSIL_8_patch05.png,0,877.43,51.45,100,100,0.6198
8467,LSIL_8_patch05.png,0,824.27,799.98,100,100,0.5558
8468,LSIL_8_patch05.png,0,770.18,414.54,100,100,0.5407
8469,LSIL_8_patch05.png,0,759.34,905.12,100,100,0.5111
8470,LSIL_8_patch05.png,0,889.98,106.91,100,100,0.5097
8471,LSIL_8_patch05.png,0,828.44,286.69,100,100,0.5007
8472,LSIL_8_patch05.png,0,991.34,102.49,100,100,0.4976
8473,LSIL_8_patch05.png,0,872.84,810.85,100,100,0.4497
8474,LSIL_8_patch05.png,0,377.35,721.93,100,100,0.4429
8475,LSIL_8_patch05.png,0,53.23,418.4,100,100,0.4051
8476,LSIL_8_patch05.png,0,407.73,910.41,100,100,0.3939
8477,LSIL_8_patch05.png,0,243.21,258.88,100,100,0.3802
8478,LSIL_8_patch05.png,0,445.71,818.32,100,100,0.3681
8479,LSIL_8_patch05.png,0,523.42,752.7,100,100,0.3549
8480,LSIL_8_patch05.png,0,452.27,647.95,100,100,0.3536
8481,LSIL_8_patch05.png,0,305.0,949.0,100,100,0.3450005054473877
8482,LSIL_8_patch05.png,0,18.48,470.07,100,100,0.3364
8483,LSIL_8_patch05.png,0,611.74,286.78,100,100,0.32
8484,LSIL_8_patch05.png,0,594.24,65.72,100,100,0.3036
8485,LSIL_8_patch05.png,0,211.49,825.8,100,100,0.2837
8486,LSIL_8_patch05.png,0,564.01,135.54,100,100,0.2821
8487,LSIL_8_patch05.png,0,611.92,328.52,100,100,0.277
8488,LSIL_8_patch05.png,0,21.06,437.13,100,100,0.2673
8489,LSIL_8_patch05.png,0,24.68,403.05,100,100,0.2543
8490,LSIL_8_patch05.png,0,562.96,461.42,100,100,0.2511
8491,LSIL_8_patch05.png,0,493.65,571.58,100,100,0.2307
8492,LSIL_8_patch05.png,0,288.0,993.0,100,100,0.22217555344104767
8493,LSIL_8_patch05.png,0,54.55,384.88,100,100,0.2217
8494,LSIL_8_patch05.png,0,564.739990234375,416.30999755859375,100,100,0.21979999542236328
8495,LSIL_8_patch05.png,0,199.04,523.34,100,100,0.2175
8496,LSIL_8_patch05.png,0,436.19,424.97,100,100,0.2121
8497,LSIL_8_patch05.png,0,376.7,126.1,100,100,0.204
8498,LSIL_8_patch05.png,0,854.46,243.58,100,100,0.1988
8499,LSIL_8_patch05.png,0,392.83,307.21,100,100,0.1975
8500,LSIL_8_patch05.png,0,529.58,635.91,100,100,0.1939
8501,LSIL_8_patch05.png,0,17.07,257.32,100,100,0.1725
8502,LSIL_8_patch05.png,0,176.25,920.19,100,100,0.1695
8503,LSIL_8_patch05.png,0,629.8400268554688,317.3500061035156,100,100,0.16189999878406525
8504,LSIL_8_patch05.png,0,622.1300048828125,1001.510009765625,100,100,0.15680000185966492
8505,LSIL_8_patch05.png,0,142.1,905.81,100,100,0.1542
8506,LSIL_8_patch05.png,0,921.2899780273438,128.58999633789062,100,100,0.15410000085830688
8507,LSIL_8_patch05.png,0,781.96,267.4,100,100,0.1526
8508,LSIL_8_patch05.png,0,749.26,230.79,100,100,0.1479
8509,LSIL_8_patch05.png,0,652.7000122070312,268.8599853515625,100,100,0.14329999685287476
8510,LSIL_8_patch05.png,0,881.73,212.16,100,100,0.1361
8511,LSIL_8_patch05.png,0,476.7099914550781,821.3099975585938,100,100,0.12780000269412994
8512,LSIL_8_patch05.png,0,108.29,286.99,100,100,0.1259
8513,LSIL_8_patch05.png,0,603.219970703125,436.29998779296875,100,100,0.12559999525547028
8514,LSIL_8_patch05.png,0,154.47000122070312,397.7300109863281,100,100,0.11710000038146973
8515,LSIL_8_patch05.png,0,7.579999923706055,936.5399780273438,100,100,0.11089999973773956
8516,LSIL_8_patch05.png,0,602.02001953125,368.510009765625,100,100,0.0925000011920929
8517,LSIL_8_patch05.png,0,709.3099975585938,362.2900085449219,100,100,0.08990000188350677
8518,LSIL_8_patch05.png,0,147.5399932861328,143.94000244140625,100,100,0.08789999783039093
8519,LSIL_8_patch05.png,0,784.5399780273438,165.1199951171875,100,100,0.08590000122785568
8520,LSIL_8_patch05.png,0,638.8599853515625,710.1500244140625,100,100,0.07880000025033951
8521,LSIL_8_patch05.png,0,582.3200073242188,994.0599975585938,100,100,0.07569999992847443
8522,LSIL_8_patch05.png,0,128.5500030517578,455.260009765625,100,100,0.07519999891519547
8523,LSIL_8_patch05.png,0,678.0,736.0900268554688,100,100,0.07419999688863754
8524,LSIL_8_patch05.png,0,780.3099975585938,972.6199951171875,100,100,0.07349999994039536
8525,LSIL_8_patch05.png,0,13.5600004196167,50.380001068115234,100,100,0.0731000006198883
8526,LSIL_8_patch05.png,0,754.7000122070312,834.219970703125,100,100,0.07190000265836716
8527,LSIL_8_patch05.png,0,799.1799926757812,778.4199829101562,100,100,0.06920000165700912
8528,LSIL_8_patch05.png,0,625.2899780273438,387.1199951171875,100,100,0.06880000233650208
8529,LSIL_8_patch05.png,0,97.26000213623047,685.280029296875,100,100,0.06710000336170197
8530,LSIL_8_patch05.png,0,527.3200073242188,458.94000244140625,100,100,0.06469999998807907
8531,LSIL_8_patch05.png,0,746.719970703125,375.8699951171875,100,100,0.061500001698732376
8532,LSIL_8_patch05.png,0,983.8900146484375,92.44000244140625,100,100,0.061000000685453415
8533,LSIL_8_patch05.png,0,272.4599914550781,244.83999633789062,100,100,0.05770000070333481
8534,LSIL_8_patch05.png,0,388.9700012207031,219.1699981689453,100,100,0.054499998688697815
8535,LSIL_8_patch05.png,0,30.790000915527344,139.97000122070312,100,100,0.053599998354911804
8536,LSIL_8_patch05.png,0,528.1300048828125,611.8099975585938,100,100,0.05299999937415123
8537,LSIL_8_patch05.png,0,867.0,10.600000381469727,100,100,0.050700001418590546
8538,LSIL_8_patch05.png,0,394.9200134277344,413.739990234375,100,100,0.049800001084804535
8539,LSIL_8_patch05.png,0,178.22999572753906,79.62000274658203,100,100,0.04969999939203262
8540,LSIL_8_patch05.png,0,660.2899780273438,166.1199951171875,100,100,0.04600000008940697
8541,LSIL_8_patch05.png,0,183.4499969482422,486.3299865722656,100,100,0.04320000112056732
8542,LSIL_8_patch05.png,0,61.810001373291016,40.04999923706055,100,100,0.042899999767541885
8543,LSIL_8_patch05.png,0,653.0700073242188,200.94000244140625,100,100,0.04270000010728836
8544,LSIL_8_patch05.png,0,307.1600036621094,353.3599853515625,100,100,0.04270000010728836
8545,LSIL_8_patch05.png,0,783.6900024414062,463.9599914550781,100,100,0.04259999841451645
8546,LSIL_8_patch05.png,0,601.5999755859375,110.91000366210938,100,100,0.042500000447034836
8547,LSIL_8_patch05.png,0,807.1799926757812,250.8000030517578,100,100,0.042399998754262924
8548,LSIL_8_patch05.png,0,201.66000366210938,423.3500061035156,100,100,0.042100001126527786
8549,LSIL_8_patch05.png,0,678.6099853515625,13.880000114440918,100,100,0.041999999433755875
8550,LSIL_8_patch05.png,0,695.5900268554688,188.52999877929688,100,100,0.04190000146627426
8551,LSIL_8_patch05.png,0,25.709999084472656,906.1799926757812,100,100,0.04050000011920929
8552,LSIL_8_patch05.png,0,785.1799926757812,661.4299926757812,100,100,0.03689999878406525
8553,LSIL_8_patch05.png,0,936.8599853515625,695.6300048828125,100,100,0.03610000014305115
8554,LSIL_8_patch05.png,0,173.77000427246094,1016.8200073242188,100,100,0.03590000048279762
8555,LSIL_8_patch05.png,0,241.55999755859375,496.3299865722656,100,100,0.03460000082850456
8556,LSIL_8_patch05.png,0,500.5299987792969,414.82000732421875,100,100,0.03359999880194664
8557,LSIL_8_patch05.png,0,135.75,842.1400146484375,100,100,0.03350000083446503
8558,LSIL_8_patch05.png,0,482.2200012207031,887.5700073242188,100,100,0.033399999141693115
8559,LSIL_8_patch05.png,0,42.41999816894531,70.33000183105469,100,100,0.032999999821186066
8560,LSIL_8_patch05.png,0,185.44000244140625,379.9100036621094,100,100,0.031199999153614044
8561,LSIL_8_patch05.png,0,575.3099975585938,581.9299926757812,100,100,0.02969999983906746
8562,LSIL_8_patch05.png,0,770.3099975585938,860.1199951171875,100,100,0.028599999845027924
8563,LSIL_8_patch05.png,0,475.9200134277344,616.469970703125,100,100,0.028300000354647636
8564,LSIL_8_patch05.png,0,696.2000122070312,123.68000030517578,100,100,0.027799999341368675
8565,LSIL_8_patch05.png,0,224.94000244140625,878.780029296875,100,100,0.027699999511241913
8566,LSIL_8_patch05.png,0,833.3300170898438,13.119999885559082,100,100,0.027400000020861626
8567,LSIL_8_patch05.png,0,383.1199951171875,583.489990234375,100,100,0.027000000700354576
8568,LSIL_8_patch05.png,0,487.8500061035156,488.6199951171875,100,100,0.026900000870227814
8569,LSIL_8_patch05.png,0,65.95999908447266,594.9000244140625,100,100,0.025800000876188278
8570,LSIL_8_patch05.png,0,532.9500122070312,1013.3699951171875,100,100,0.025699999183416367
8571,LSIL_8_patch05.png,0,294.6300048828125,696.27001953125,100,100,0.02449999935925007
8572,LSIL_8_patch05.png,0,13.079999923706055,170.07000732421875,100,100,0.024399999529123306
8573,LSIL_8_patch05.png,0,656.02001953125,334.19000244140625,100,100,0.023800000548362732
8574,LSIL_8_patch05.png,0,315.3599853515625,896.5599975585938,100,100,0.02319999970495701
8575,LSIL_8_patch05.png,0,211.24000549316406,487.6700134277344,100,100,0.02319999970495701
8576,LSIL_8_patch05.png,0,51.58000183105469,128.0500030517578,100,100,0.023099999874830246
8577,LSIL_8_patch05.png,0,200.4600067138672,735.72998046875,100,100,0.023000000044703484
8578,LSIL_8_patch05.png,0,63.95000076293945,734.9600219726562,100,100,0.02280000038444996
8579,LSIL_8_patch05.png,0,1014.75,781.4500122070312,100,100,0.022299999371170998
8580,LSIL_8_patch05.png,0,556.72998046875,373.7799987792969,100,100,0.022099999710917473
8581,LSIL_8_patch05.png,0,693.9099731445312,216.77999877929688,100,100,0.021700000390410423
8582,LSIL_8_patch05.png,0,603.47998046875,650.030029296875,100,100,0.02160000056028366
8583,LSIL_8_patch05.png,0,184.16000366210938,690.9600219726562,100,100,0.0215000007301569
8584,LSIL_8_patch05.png,0,523.5399780273438,152.9199981689453,100,100,0.0215000007301569
8585,LSIL_8_patch05.png,0,25.270000457763672,880.4299926757812,100,100,0.0210999995470047
8586,LSIL_8_patch05.png,0,564.5599975585938,672.8499755859375,100,100,0.020899999886751175
8587,LSIL_8_patch05.png,0,851.02001953125,797.0499877929688,100,100,0.02070000022649765
8588,LSIL_8_patch05.png,0,480.760009765625,981.97998046875,100,100,0.020099999383091927
8589,LSIL_8_patch05.png,0,858.97998046875,885.030029296875,100,100,0.019999999552965164
8590,LSIL_8_patch05.png,0,307.19000244140625,307.5199890136719,100,100,0.019700000062584877
8591,LSIL_8_patch05.png,0,216.02000427246094,390.29998779296875,100,100,0.019700000062584877
8592,LSIL_8_patch05.png,0,7.78000020980835,889.7999877929688,100,100,0.019300000742077827
8593,LSIL_8_patch05.png,0,979.969970703125,564.75,100,100,0.01889999955892563
8594,LSIL_8_patch05.png,0,806.1199951171875,190.77000427246094,100,100,0.018799999728798866
8595,LSIL_8_patch05.png,0,589.4500122070312,164.50999450683594,100,100,0.018699999898672104
8596,LSIL_8_patch05.png,0,600.5700073242188,7.460000038146973,100,100,0.018200000748038292
8597,LSIL_8_patch05.png,0,452.1600036621094,475.3999938964844,100,100,0.017000000923871994
8598,LSIL_8_patch05.png,0,739.030029296875,860.8400268554688,100,100,0.016699999570846558
8599,LSIL_8_patch05.png,0,1016.6799926757812,739.77001953125,100,100,0.016699999570846558
8600,LSIL_8_patch05.png,0,509.9100036621094,817.97998046875,100,100,0.016699999570846558
8601,LSIL_8_patch05.png,0,737.989990234375,176.19000244140625,100,100,0.016599999740719795
8602,LSIL_8_patch05.png,0,8.470000267028809,81.06999969482422,100,100,0.01640000008046627
8603,LSIL_8_patch05.png,0,232.6300048828125,530.5399780273438,100,100,0.016100000590085983
8604,LSIL_8_patch05.png,0,854.5399780273438,317.5400085449219,100,100,0.01600000075995922
8605,LSIL_8_patch05.png,0,579.3499755859375,560.010009765625,100,100,0.015399999916553497
8606,LSIL_8_patch05.png,0,82.81999969482422,372.8299865722656,100,100,0.01489999983459711
8607,LSIL_8_patch05.png,0,710.5900268554688,96.1500015258789,100,100,0.014100000262260437
8608,LSIL_8_patch05.png,0,761.4199829101562,441.760009765625,100,100,0.014100000262260437
8609,LSIL_8_patch05.png,0,148.66000366210938,266.75,100,100,0.013899999670684338
8610,LSIL_8_patch05.png,0,625.5499877929688,257.3699951171875,100,100,0.013500000350177288
8611,LSIL_8_patch05.png,0,882.010009765625,509.1600036621094,100,100,0.012900000438094139
8612,LSIL_8_patch05.png,0,329.4700012207031,631.3200073242188,100,100,0.012799999676644802
8613,LSIL_8_patch05.png,0,387.2900085449219,136.0500030517578,100,100,0.012600000016391277
8614,LSIL_8_patch05.png,0,438.739990234375,521.8499755859375,100,100,0.012400000356137753
8615,LSIL_8_patch05.png,0,915.8400268554688,792.8099975585938,100,100,0.012400000356137753
8616,LSIL_8_patch05.png,0,1015.77001953125,565.3499755859375,100,100,0.012199999764561653
8617,LSIL_8_patch05.png,0,505.42999267578125,584.4600219726562,100,100,0.011699999682605267
8618,LSIL_8_patch05.png,0,658.469970703125,1017.489990234375,100,100,0.011599999852478504
8619,LSIL_8_patch05.png,0,243.4199981689453,669.6799926757812,100,100,0.011500000022351742
8620,LSIL_8_patch05.png,0,998.3300170898438,846.8400268554688,100,100,0.01140000019222498
8621,LSIL_8_patch05.png,0,415.9599914550781,121.0999984741211,100,100,0.01140000019222498
8622,LSIL_8_patch05.png,0,390.6199951171875,527.7000122070312,100,100,0.01140000019222498
8623,LSIL_8_patch05.png,0,293.010009765625,657.3400268554688,100,100,0.010999999940395355
8624,LSIL_8_patch05.png,0,405.4700012207031,736.5700073242188,100,100,0.010900000110268593
8625,LSIL_8_patch05.png,0,773.7100219726562,179.80999755859375,100,100,0.010900000110268593
8626,LSIL_8_patch05.png,0,742.4500122070312,1018.5999755859375,100,100,0.010900000110268593
8627,LSIL_8_patch05.png,0,132.1699981689453,304.7300109863281,100,100,0.01080000028014183
8628,LSIL_8_patch05.png,0,146.8699951171875,196.27999877929688,100,100,0.010599999688565731
8629,LSIL_8_patch05.png,0,230.61000061035156,705.2899780273438,100,100,0.010499999858438969
8630,LSIL_8_patch05.png,0,458.05999755859375,371.8399963378906,100,100,0.010499999858438969
8631,LSIL_8_patch05.png,0,395.8299865722656,874.9299926757812,100,100,0.010099999606609344
8632,LSIL_8_patch05.png,0,228.64999389648438,196.8699951171875,100,100,0.009800000116229057
8633,LSIL_8_patch05.png,0,34.68000030517578,704.0999755859375,100,100,0.009700000286102295
8634,LSIL_8_patch05.png,0,337.54998779296875,428.9100036621094,100,100,0.009700000286102295
8635,LSIL_8_patch05.png,0,547.4000244140625,383.6300048828125,100,100,0.009600000455975533
8636,LSIL_8_patch05.png,0,104.06999969482422,607.27001953125,100,100,0.009600000455975533
8637,LSIL_8_patch05.png,0,707.5,1007.4299926757812,100,100,0.009499999694526196
8638,LSIL_8_patch05.png,0,176.33999633789062,642.219970703125,100,100,0.008899999782443047
8639,LSIL_8_patch05.png,0,824.8699951171875,960.0399780273438,100,100,0.008899999782443047
8640,LSIL_8_patch05.png,0,857.3200073242188,136.97999572753906,100,100,0.008700000122189522
8641,LSIL_8_patch05.png,0,473.989990234375,104.19999694824219,100,100,0.008700000122189522
8642,LSIL_8_patch05.png,0,262.29998779296875,647.3099975585938,100,100,0.008500000461935997
8643,LSIL_8_patch05.png,0,613.1300048828125,179.91000366210938,100,100,0.008200000040233135
8644,LSIL_8_patch05.png,0,650.0800170898438,934.3200073242188,100,100,0.008200000040233135
8645,LSIL_8_patch05.png,0,1005.469970703125,808.1699829101562,100,100,0.008200000040233135
8646,LSIL_8_patch05.png,0,226.1300048828125,451.4100036621094,100,100,0.008200000040233135
8647,LSIL_8_patch05.png,0,681.719970703125,875.5700073242188,100,100,0.008100000210106373
8648,LSIL_8_patch05.png,0,599.280029296875,80.36000061035156,100,100,0.00800000037997961
8649,LSIL_8_patch05.png,0,674.77001953125,424.05999755859375,100,100,0.007899999618530273
8650,LSIL_8_patch05.png,0,457.3699951171875,431.489990234375,100,100,0.007899999618530273
8651,LSIL_8_patch05.png,0,884.5499877929688,1009.0700073242188,100,100,0.007699999958276749
8652,LSIL_8_patch05.png,0,716.2100219726562,139.27000427246094,100,100,0.007699999958276749
8653,LSIL_8_patch05.png,0,555.510009765625,319.6300048828125,100,100,0.006800000090152025
8654,LSIL_8_patch05.png,0,702.2999877929688,752.4600219726562,100,100,0.0066999997943639755
8655,LSIL_8_patch05.png,0,596.469970703125,1001.0999755859375,100,100,0.006500000134110451
8656,LSIL_8_patch05.png,0,155.02999877929688,17.190000534057617,100,100,0.006500000134110451
8657,LSIL_8_patch05.png,0,63.79999923706055,1011.9099731445312,100,100,0.006300000008195639
8658,LSIL_8_patch05.png,0,69.38999938964844,104.31999969482422,100,100,0.006200000178068876
8659,LSIL_8_patch05.png,0,588.0700073242188,1011.6400146484375,100,100,0.006000000052154064
8660,LSIL_8_patch05.png,0,898.6699829101562,94.31999969482422,100,100,0.005900000222027302
8661,LSIL_8_patch05.png,0,576.219970703125,464.5400085449219,100,100,0.005900000222027302
8662,LSIL_8_patch05.png,0,726.6799926757812,1019.9400024414062,100,100,0.005900000222027302
8663,LSIL_8_patch05.png,0,553.530029296875,399.79998779296875,100,100,0.005799999926239252
8664,LSIL_8_patch05.png,0,863.9600219726562,46.27000045776367,100,100,0.00570000009611249
8665,LSIL_8_patch05.png,0,1010.0700073242188,148.61000061035156,100,100,0.00559999980032444
8666,LSIL_8_patch05.png,0,5.159999847412109,455.4700012207031,100,100,0.00559999980032444
8667,LSIL_8_patch05.png,0,169.89999389648438,114.9800033569336,100,100,0.005499999970197678
8668,LSIL_8_patch05.png,0,454.3699951171875,788.6400146484375,100,100,0.005400000140070915
8669,LSIL_8_patch05.png,0,21.8799991607666,522.8099975585938,100,100,0.005400000140070915
8670,LSIL_8_patch05.png,0,478.8900146484375,246.72000122070312,100,100,0.005200000014156103
8671,LSIL_8_patch05.png,0,918.8699951171875,516.22998046875,100,100,0.005200000014156103
8672,LSIL_8_patch05.png,0,779.1199951171875,741.9099731445312,100,100,0.004999999888241291
8673,LSIL_8_patch05.png,0,433.3299865722656,807.7000122070312,100,100,0.004900000058114529
8674,LSIL_8_patch05.png,0,533.4299926757812,742.8300170898438,100,100,0.004900000058114529
8675,LSIL_8_patch05.png,0,557.4400024414062,741.5499877929688,100,100,0.004800000227987766
8676,LSIL_8_patch05.png,0,640.1500244140625,326.4200134277344,100,100,0.004800000227987766
8677,LSIL_8_patch05.png,0,12.260000228881836,750.9500122070312,100,100,0.004699999932199717
8678,LSIL_8_patch05.png,0,417.92999267578125,210.52000427246094,100,100,0.0044999998062849045
8679,LSIL_8_patch05.png,0,491.1400146484375,721.6699829101562,100,100,0.0044999998062849045
8680,LSIL_8_patch05.png,0,1001.6699829101562,116.70999908447266,100,100,0.004399999976158142
8681,LSIL_8_patch05.png,0,622.6599731445312,294.3900146484375,100,100,0.00430000014603138
8682,LSIL_8_patch05.png,0,1008.77001953125,951.1099853515625,100,100,0.00430000014603138
8683,LSIL_8_patch05.png,0,325.6300048828125,871.9500122070312,100,100,0.00419999985024333
8684,LSIL_8_patch05.png,0,224.64999389648438,248.44000244140625,100,100,0.004000000189989805
8685,LSIL_8_patch05.png,0,1019.4199829101562,361.32000732421875,100,100,0.004000000189989805
8686,LSIL_8_patch05.png,0,609.52001953125,96.61000061035156,100,100,0.0038999998942017555
8687,LSIL_8_patch05.png,0,1008.1799926757812,288.57000732421875,100,100,0.0038999998942017555
8688,LSIL_8_patch05.png,0,569.9400024414062,597.969970703125,100,100,0.003800000064074993
8689,LSIL_8_patch05.png,0,391.3399963378906,718.9400024414062,100,100,0.003800000064074993
8690,LSIL_8_patch05.png,0,834.8200073242188,274.0199890136719,100,100,0.003800000064074993
8691,LSIL_8_patch05.png,0,814.1699829101562,277.5899963378906,100,100,0.003700000001117587
8692,LSIL_8_patch05.png,0,300.1300048828125,294.0299987792969,100,100,0.003700000001117587
8693,LSIL_8_patch05.png,0,884.8099975585938,805.72998046875,100,100,0.0035000001080334187
8694,LSIL_8_patch05.png,0,642.8800048828125,178.80999755859375,100,100,0.0035000001080334187
8695,LSIL_8_patch05.png,0,5.360000133514404,683.27001953125,100,100,0.0035000001080334187
8696,LSIL_8_patch05.png,0,384.6400146484375,704.6599731445312,100,100,0.0035000001080334187
8697,LSIL_8_patch05.png,0,579.77001953125,526.260009765625,100,100,0.0035000001080334187
8698,LSIL_8_patch05.png,0,86.76000213623047,387.42999267578125,100,100,0.0034000000450760126
8699,LSIL_8_patch05.png,0,453.3299865722656,491.20001220703125,100,100,0.0034000000450760126
8700,LSIL_8_patch05.png,0,591.8099975585938,92.01000213623047,100,100,0.0032999999821186066
8701,LSIL_8_patch05.png,0,804.3099975585938,797.1500244140625,100,100,0.0032999999821186066
8702,LSIL_8_patch05.png,0,262.8699951171875,391.4800109863281,100,100,0.003100000089034438
8703,LSIL_8_patch05.png,0,605.6500244140625,777.6300048828125,100,100,0.003000000026077032
8704,LSIL_8_patch05.png,0,503.1000061035156,99.44999694824219,100,100,0.002899999963119626
8705,LSIL_8_patch05.png,0,193.30999755859375,134.41000366210938,100,100,0.002899999963119626
8706,LSIL_8_patch05.png,0,834.9099731445312,349.1199951171875,100,100,0.00279999990016222
8707,LSIL_8_patch05.png,0,441.5299987792969,344.1199951171875,100,100,0.00279999990016222
8708,LSIL_8_patch05.png,0,878.239990234375,98.43000030517578,100,100,0.00279999990016222
8709,LSIL_8_patch05.png,0,772.2899780273438,901.47998046875,100,100,0.0026000000070780516
8710,LSIL_8_patch05.png,0,417.260009765625,899.6599731445312,100,100,0.0026000000070780516
8711,LSIL_8_patch05.png,0,378.8900146484375,179.61000061035156,100,100,0.0026000000070780516
8712,LSIL_8_patch05.png,0,884.030029296875,39.150001525878906,100,100,0.0024999999441206455
8713,LSIL_8_patch05.png,0,754.4000244140625,215.64999389648438,100,100,0.002400000113993883
8714,LSIL_8_patch05.png,0,162.0500030517578,354.5299987792969,100,100,0.002300000051036477
8715,LSIL_8_patch05.png,0,172.91000366210938,685.2899780273438,100,100,0.002199999988079071
8716,LSIL_8_patch05.png,0,795.8499755859375,157.17999267578125,100,100,0.002199999988079071
8717,LSIL_8_patch05.png,0,913.3300170898438,116.87999725341797,100,100,0.002099999925121665
8718,LSIL_8_patch05.png,0,611.5599975585938,973.9400024414062,100,100,0.002099999925121665
8719,LSIL_8_patch05.png,0,261.82000732421875,470.9200134277344,100,100,0.002099999925121665
8720,LSIL_8_patch05.png,0,731.8200073242188,58.599998474121094,100,100,0.0020000000949949026
8721,LSIL_8_patch05.png,0,140.44000244140625,292.3900146484375,100,100,0.0020000000949949026
8722,LSIL_8_patch05.png,0,888.5499877929688,153.27999877929688,100,100,0.0017999999690800905
8723,LSIL_8_patch05.png,0,836.02001953125,788.6900024414062,100,100,0.0017999999690800905
8724,LSIL_8_patch05.png,0,223.14999389648438,819.3099975585938,100,100,0.0017000000225380063
8725,LSIL_8_patch05.png,0,750.219970703125,82.69000244140625,100,100,0.0017000000225380063
8726,LSIL_8_patch05.png,0,366.32000732421875,710.4600219726562,100,100,0.0017000000225380063
8727,LSIL_8_patch05.png,0,845.9000244140625,440.30999755859375,100,100,0.0017000000225380063
8728,LSIL_8_patch05.png,0,889.6599731445312,65.25,100,100,0.0015999999595806003
8729,LSIL_8_patch05.png,0,393.0,905.97998046875,100,100,0.0015999999595806003
8730,LSIL_8_patch05.png,0,435.9100036621094,409.1600036621094,100,100,0.0015999999595806003
8731,LSIL_8_patch05.png,0,572.8300170898438,124.81999969482422,100,100,0.001500000013038516
8732,LSIL_8_patch05.png,0,795.2000122070312,174.22000122070312,100,100,0.001500000013038516
8733,LSIL_8_patch05.png,0,515.5,763.9000244140625,100,100,0.00139999995008111
8734,LSIL_8_patch05.png,0,164.99000549316406,129.8699951171875,100,100,0.0013000000035390258
8735,LSIL_8_patch05.png,0,216.88999938964844,641.22998046875,100,100,0.0012000000569969416
8736,LSIL_8_patch05.png,0,419.3699951171875,418.7699890136719,100,100,0.0010999999940395355
8737,LSIL_8_patch05.png,0,166.19000244140625,313.4200134277344,100,100,0.0010999999940395355
8738,LSIL_8_patch06.png,0,744.89,719.67,100,100,0.7551
8739,LSIL_8_patch06.png,0,680.49,886.48,100,100,0.7511
8740,LSIL_8_patch06.png,0,428.71,72.43,100,100,0.7107
8741,LSIL_8_patch06.png,0,92.53,544.38,100,100,0.7032
8742,LSIL_8_patch06.png,0,619.54,106.26,100,100,0.5081
8743,LSIL_8_patch06.png,0,1003.93,914.12,100,100,0.2581
8744,LSIL_8_patch06.png,0,623.29,1004.6,100,100,0.2532
8745,LSIL_8_patch06.png,0,601.36,62.33,100,100,0.1936
8746,LSIL_8_patch06.png,0,872.42,67.19,100,100,0.1863
8747,LSIL_8_patch06.png,0,656.64,969.51,100,100,0.1862
8748,LSIL_8_patch06.png,0,159.24000549316406,512.02001953125,100,100,0.1800999939441681
8749,LSIL_8_patch06.png,0,212.57000732421875,433.1199951171875,100,100,0.1348000019788742
8750,LSIL_8_patch06.png,0,230.4600067138672,466.2300109863281,100,100,0.12880000472068787
8751,LSIL_8_patch06.png,0,7.070000171661377,284.20001220703125,100,100,0.09459999948740005
8752,LSIL_8_patch06.png,0,634.0700073242188,285.8399963378906,100,100,0.0828000009059906
8753,LSIL_8_patch06.png,0,33.439998626708984,378.3500061035156,100,100,0.05490000173449516
8754,LSIL_8_patch06.png,0,764.6599731445312,1003.1599731445312,100,100,0.05180000141263008
8755,LSIL_8_patch06.png,0,600.0900268554688,183.07000732421875,100,100,0.04670000076293945
8756,LSIL_8_patch06.png,0,655.1400146484375,55.95000076293945,100,100,0.04610000178217888
8757,LSIL_8_patch06.png,0,245.50999450683594,823.22998046875,100,100,0.04450000077486038
8758,LSIL_8_patch06.png,0,898.0,337.7699890136719,100,100,0.041600000113248825
8759,LSIL_8_patch06.png,0,519.0700073242188,149.75999450683594,100,100,0.04039999842643738
8760,LSIL_8_patch06.png,0,255.99000549316406,870.8200073242188,100,100,0.040300000458955765
8761,LSIL_8_patch06.png,0,20.149999618530273,1013.4099731445312,100,100,0.039799999445676804
8762,LSIL_8_patch06.png,0,207.8699951171875,844.469970703125,100,100,0.039400000125169754
8763,LSIL_8_patch06.png,0,278.1600036621094,102.5999984741211,100,100,0.037700001150369644
8764,LSIL_8_patch06.png,0,953.8099975585938,1019.3499755859375,100,100,0.03530000150203705
8765,LSIL_8_patch06.png,0,114.91999816894531,425.4800109863281,100,100,0.03500000014901161
8766,LSIL_8_patch06.png,0,883.239990234375,694.3499755859375,100,100,0.03189999982714653
8767,LSIL_8_patch06.png,0,779.47998046875,852.1799926757812,100,100,0.031099999323487282
8768,LSIL_8_patch06.png,0,1003.8300170898438,985.989990234375,100,100,0.027499999850988388
8769,LSIL_8_patch06.png,0,1006.7999877929688,775.5700073242188,100,100,0.026799999177455902
8770,LSIL_8_patch06.png,0,138.02999877929688,998.530029296875,100,100,0.026599999517202377
8771,LSIL_8_patch06.png,0,153.6300048828125,1017.8400268554688,100,100,0.024900000542402267
8772,LSIL_8_patch06.png,0,1011.77001953125,581.02001953125,100,100,0.022600000724196434
8773,LSIL_8_patch06.png,0,27.809999465942383,893.3800048828125,100,100,0.02199999988079071
8774,LSIL_8_patch06.png,0,15.279999732971191,477.1400146484375,100,100,0.021700000390410423
8775,LSIL_8_patch06.png,0,752.1099853515625,802.8200073242188,100,100,0.018300000578165054
8776,LSIL_8_patch06.png,0,885.4500122070312,451.2099914550781,100,100,0.01730000041425228
8777,LSIL_8_patch06.png,0,184.07000732421875,436.0,100,100,0.016599999740719795
8778,LSIL_8_patch06.png,0,214.32000732421875,397.3500061035156,100,100,0.016200000420212746
8779,LSIL_8_patch06.png,0,696.3699951171875,321.510009765625,100,100,0.015599999576807022
8780,LSIL_8_patch06.png,0,63.630001068115234,398.3299865722656,100,100,0.01489999983459711
8781,LSIL_8_patch06.png,0,1007.6199951171875,96.4000015258789,100,100,0.014299999922513962
8782,LSIL_8_patch06.png,0,463.20001220703125,19.479999542236328,100,100,0.013899999670684338
8783,LSIL_8_patch06.png,0,923.2000122070312,576.6599731445312,100,100,0.013799999840557575
8784,LSIL_8_patch06.png,0,984.9600219726562,11.680000305175781,100,100,0.012799999676644802
8785,LSIL_8_patch06.png,0,542.7899780273438,845.8499755859375,100,100,0.012799999676644802
8786,LSIL_8_patch06.png,0,1000.77001953125,53.7400016784668,100,100,0.010300000198185444
8787,LSIL_8_patch06.png,0,487.17999267578125,863.3800048828125,100,100,0.010200000368058681
8788,LSIL_8_patch06.png,0,32.959999084472656,638.489990234375,100,100,0.010099999606609344
8789,LSIL_8_patch06.png,0,199.41000366210938,929.530029296875,100,100,0.00989999994635582
8790,LSIL_8_patch06.png,0,999.8099975585938,541.5800170898438,100,100,0.00989999994635582
8791,LSIL_8_patch06.png,0,143.24000549316406,588.0399780273438,100,100,0.009700000286102295
8792,LSIL_8_patch06.png,0,404.3999938964844,61.650001525878906,100,100,0.009700000286102295
8793,LSIL_8_patch06.png,0,880.7100219726562,922.97998046875,100,100,0.00930000003427267
8794,LSIL_8_patch06.png,0,918.239990234375,816.0900268554688,100,100,0.00860000029206276
8795,LSIL_8_patch06.png,0,944.0399780273438,986.3300170898438,100,100,0.008100000210106373
8796,LSIL_8_patch06.png,0,608.530029296875,1012.780029296875,100,100,0.007899999618530273
8797,LSIL_8_patch06.png,0,9.199999809265137,445.17999267578125,100,100,0.007799999788403511
8798,LSIL_8_patch06.png,0,7.579999923706055,927.5499877929688,100,100,0.007600000128149986
8799,LSIL_8_patch06.png,0,252.22999572753906,68.37999725341797,100,100,0.007499999832361937
8800,LSIL_8_patch06.png,0,967.75,757.780029296875,100,100,0.007199999876320362
8801,LSIL_8_patch06.png,0,1017.3300170898438,909.2000122070312,100,100,0.0071000000461936
8802,LSIL_8_patch06.png,0,903.260009765625,988.6599731445312,100,100,0.006599999964237213
8803,LSIL_8_patch06.png,0,436.94000244140625,61.189998626708984,100,100,0.006500000134110451
8804,LSIL_8_patch06.png,0,733.719970703125,711.47998046875,100,100,0.006500000134110451
8805,LSIL_8_patch06.png,0,495.4200134277344,208.33999633789062,100,100,0.006399999838322401
8806,LSIL_8_patch06.png,0,290.8800048828125,158.1699981689453,100,100,0.005499999970197678
8807,LSIL_8_patch06.png,0,471.010009765625,908.3900146484375,100,100,0.005200000014156103
8808,LSIL_8_patch06.png,0,794.3400268554688,629.7899780273438,100,100,0.005100000184029341
8809,LSIL_8_patch06.png,0,842.239990234375,14.609999656677246,100,100,0.004900000058114529
8810,LSIL_8_patch06.png,0,805.3200073242188,1018.6500244140625,100,100,0.004600000102072954
8811,LSIL_8_patch06.png,0,471.239990234375,165.22999572753906,100,100,0.004399999976158142
8812,LSIL_8_patch06.png,0,134.77000427246094,938.4600219726562,100,100,0.00430000014603138
8813,LSIL_8_patch06.png,0,669.6799926757812,877.5599975585938,100,100,0.0038999998942017555
8814,LSIL_8_patch06.png,0,629.2000122070312,98.3499984741211,100,100,0.003700000001117587
8815,LSIL_8_patch06.png,0,766.22998046875,911.510009765625,100,100,0.003700000001117587
8816,LSIL_8_patch06.png,0,658.0999755859375,41.56999969482422,100,100,0.003599999938160181
8817,LSIL_8_patch06.png,0,593.3499755859375,748.8800048828125,100,100,0.003599999938160181
8818,LSIL_8_patch06.png,0,662.5,957.4600219726562,100,100,0.003599999938160181
8819,LSIL_8_patch06.png,0,641.3499755859375,781.5,100,100,0.0035000001080334187
8820,LSIL_8_patch06.png,0,43.880001068115234,418.1400146484375,100,100,0.0035000001080334187
8821,LSIL_8_patch06.png,0,210.4499969482422,802.510009765625,100,100,0.0031999999191612005
8822,LSIL_8_patch06.png,0,557.8099975585938,294.2900085449219,100,100,0.0031999999191612005
8823,LSIL_8_patch06.png,0,84.04000091552734,534.4400024414062,100,100,0.002899999963119626
8824,LSIL_8_patch06.png,0,978.280029296875,680.030029296875,100,100,0.002899999963119626
8825,LSIL_8_patch06.png,0,757.0999755859375,709.9199829101562,100,100,0.00279999990016222
8826,LSIL_8_patch06.png,0,873.1500244140625,703.1799926757812,100,100,0.0027000000700354576
8827,LSIL_8_patch06.png,0,324.0400085449219,911.2899780273438,100,100,0.0027000000700354576
8828,LSIL_8_patch06.png,0,633.719970703125,1012.1699829101562,100,100,0.0026000000070780516
8829,LSIL_8_patch06.png,0,102.43000030517578,529.0599975585938,100,100,0.0024999999441206455
8830,LSIL_8_patch06.png,0,689.4500122070312,874.5399780273438,100,100,0.002400000113993883
8831,LSIL_8_patch06.png,0,854.219970703125,868.7999877929688,100,100,0.002300000051036477
8832,LSIL_8_patch06.png,0,542.530029296875,51.400001525878906,100,100,0.0019000000320374966
8833,LSIL_8_patch06.png,0,1011.4400024414062,716.5900268554688,100,100,0.00139999995008111
8834,LSIL_8_patch06.png,0,974.1099853515625,956.72998046875,100,100,0.00139999995008111
8835,LSIL_8_patch07.png,0,97.15,103.93,100,100,0.7461
8836,LSIL_8_patch07.png,0,976.04,273.94,100,100,0.7061
8837,LSIL_8_patch07.png,0,435.01,215.28,100,100,0.6485
8838,LSIL_8_patch07.png,0,867.46,164.21,100,100,0.6195
8839,LSIL_8_patch07.png,0,307.26,148.04,100,100,0.5947
8840,LSIL_8_patch07.png,0,622.23,336.18,100,100,0.5029
8841,LSIL_8_patch07.png,0,384.28,13.64,100,100,0.3969
8842,LSIL_8_patch07.png,0,519.61,246.67,100,100,0.3003
8843,LSIL_8_patch07.png,0,498.55999755859375,74.0,100,100,0.23090000450611115
8844,LSIL_8_patch07.png,0,1008.5499877929688,158.27000427246094,100,100,0.22499999403953552
8845,LSIL_8_patch07.png,0,727.6099853515625,373.260009765625,100,100,0.20250000059604645
8846,LSIL_8_patch07.png,0,408.4100036621094,33.2599983215332,100,100,0.19059999287128448
8847,LSIL_8_patch07.png,0,21.010000228881836,118.33999633789062,100,100,0.15690000355243683
8848,LSIL_8_patch07.png,0,1009.9600219726562,4.210000038146973,100,100,0.13779999315738678
8849,LSIL_8_patch07.png,0,455.5299987792969,6.980000019073486,100,100,0.12780000269412994
8850,LSIL_8_patch07.png,0,1018.3599853515625,164.41000366210938,100,100,0.12330000102519989
8851,LSIL_8_patch07.png,0,680.47998046875,177.91000366210938,100,100,0.10189999639987946
8852,LSIL_8_patch07.png,0,981.0999755859375,379.0799865722656,100,100,0.05889999866485596
8853,LSIL_8_patch07.png,0,796.8099975585938,482.1099853515625,100,100,0.057100001722574234
8854,LSIL_8_patch07.png,0,1001.3400268554688,99.98999786376953,100,100,0.045899998396635056
8855,LSIL_8_patch07.png,0,951.97998046875,658.8800048828125,100,100,0.04390000179409981
8856,LSIL_8_patch07.png,0,535.8900146484375,868.6599731445312,100,100,0.0421999990940094
8857,LSIL_8_patch07.png,0,49.279998779296875,64.97000122070312,100,100,0.03480000048875809
8858,LSIL_8_patch07.png,0,510.5,223.0399932861328,100,100,0.033799998462200165
8859,LSIL_8_patch07.png,0,30.239999771118164,4.579999923706055,100,100,0.026000000536441803
8860,LSIL_8_patch07.png,0,473.17999267578125,302.3800048828125,100,100,0.023399999365210533
8861,LSIL_8_patch07.png,0,1011.0,679.530029296875,100,100,0.020500000566244125
8862,LSIL_8_patch07.png,0,18.790000915527344,12.75,100,100,0.019999999552965164
8863,LSIL_8_patch07.png,0,797.8400268554688,516.97998046875,100,100,0.018799999728798866
8864,LSIL_8_patch07.png,0,981.1900024414062,563.9099731445312,100,100,0.01810000091791153
8865,LSIL_8_patch07.png,0,1014.52001953125,95.58000183105469,100,100,0.017000000923871994
8866,LSIL_8_patch07.png,0,916.1599731445312,673.8800048828125,100,100,0.015399999916553497
8867,LSIL_8_patch07.png,0,1019.0,39.36000061035156,100,100,0.015200000256299973
8868,LSIL_8_patch07.png,0,1016.3400268554688,148.97999572753906,100,100,0.01489999983459711
8869,LSIL_8_patch07.png,0,967.489990234375,353.6600036621094,100,100,0.012600000016391277
8870,LSIL_8_patch07.png,0,374.57000732421875,5.440000057220459,100,100,0.012500000186264515
8871,LSIL_8_patch07.png,0,7.989999771118164,206.1999969482422,100,100,0.01209999993443489
8872,LSIL_8_patch07.png,0,401.8599853515625,20.1200008392334,100,100,0.01119999960064888
8873,LSIL_8_patch07.png,0,877.2899780273438,660.4000244140625,100,100,0.01080000028014183
8874,LSIL_8_patch07.png,0,423.8999938964844,209.52000427246094,100,100,0.009399999864399433
8875,LSIL_8_patch07.png,0,478.4800109863281,198.39999389648438,100,100,0.008799999952316284
8876,LSIL_8_patch07.png,0,829.2899780273438,7.480000019073486,100,100,0.00860000029206276
8877,LSIL_8_patch07.png,0,674.9000244140625,146.39999389648438,100,100,0.00839999970048666
8878,LSIL_8_patch07.png,0,992.719970703125,420.489990234375,100,100,0.007300000172108412
8879,LSIL_8_patch07.png,0,665.260009765625,16.989999771118164,100,100,0.007300000172108412
8880,LSIL_8_patch07.png,0,994.9000244140625,502.25,100,100,0.007199999876320362
8881,LSIL_8_patch07.png,0,447.6099853515625,219.30999755859375,100,100,0.007000000216066837
8882,LSIL_8_patch07.png,0,1019.4500122070312,609.27001953125,100,100,0.007000000216066837
8883,LSIL_8_patch07.png,0,978.4199829101562,647.0599975585938,100,100,0.006500000134110451
8884,LSIL_8_patch07.png,0,765.6400146484375,509.5799865722656,100,100,0.006099999882280827
8885,LSIL_8_patch07.png,0,830.0999755859375,499.7799987792969,100,100,0.006000000052154064
8886,LSIL_8_patch07.png,0,750.02001953125,587.9500122070312,100,100,0.00570000009611249
8887,LSIL_8_patch07.png,0,371.92999267578125,69.95999908447266,100,100,0.00559999980032444
8888,LSIL_8_patch07.png,0,293.989990234375,143.8000030517578,100,100,0.005200000014156103
8889,LSIL_8_patch07.png,0,515.8800048828125,423.0400085449219,100,100,0.004999999888241291
8890,LSIL_8_patch07.png,0,312.3999938964844,352.0199890136719,100,100,0.004800000227987766
8891,LSIL_8_patch07.png,0,979.8900146484375,334.239990234375,100,100,0.004600000102072954
8892,LSIL_8_patch07.png,0,533.3800048828125,79.9000015258789,100,100,0.0044999998062849045
8893,LSIL_8_patch07.png,0,710.010009765625,589.72998046875,100,100,0.0044999998062849045
8894,LSIL_8_patch07.png,0,945.3800048828125,10.029999732971191,100,100,0.004399999976158142
8895,LSIL_8_patch07.png,0,768.9400024414062,25.1200008392334,100,100,0.00430000014603138
8896,LSIL_8_patch07.png,0,718.3699951171875,364.79998779296875,100,100,0.00430000014603138
8897,LSIL_8_patch07.png,0,943.6400146484375,162.05999755859375,100,100,0.00430000014603138
8898,LSIL_8_patch07.png,0,417.2200012207031,17.420000076293945,100,100,0.00419999985024333
8899,LSIL_8_patch07.png,0,395.29998779296875,5.550000190734863,100,100,0.004100000020116568
8900,LSIL_8_patch07.png,0,874.9199829101562,154.8699951171875,100,100,0.004000000189989805
8901,LSIL_8_patch07.png,0,931.5700073242188,567.2100219726562,100,100,0.0038999998942017555
8902,LSIL_8_patch07.png,0,984.5800170898438,264.9200134277344,100,100,0.0038999998942017555
8903,LSIL_8_patch07.png,0,315.5400085449219,135.52999877929688,100,100,0.0038999998942017555
8904,LSIL_8_patch07.png,0,633.489990234375,329.80999755859375,100,100,0.003800000064074993
8905,LSIL_8_patch07.png,0,661.6400146484375,150.4499969482422,100,100,0.003800000064074993
8906,LSIL_8_patch07.png,0,442.55999755859375,203.27999877929688,100,100,0.003599999938160181
8907,LSIL_8_patch07.png,0,779.280029296875,288.79998779296875,100,100,0.0031999999191612005
8908,LSIL_8_patch07.png,0,762.6599731445312,482.7300109863281,100,100,0.003100000089034438
8909,LSIL_8_patch07.png,0,723.1900024414062,540.8599853515625,100,100,0.003000000026077032
8910,LSIL_8_patch07.png,0,117.12999725341797,38.18000030517578,100,100,0.003000000026077032
8911,LSIL_8_patch07.png,0,619.72998046875,530.7899780273438,100,100,0.00279999990016222
8912,LSIL_8_patch07.png,0,737.0599975585938,363.79998779296875,100,100,0.00279999990016222
8913,LSIL_8_patch07.png,0,653.2899780273438,113.5,100,100,0.0027000000700354576
8914,LSIL_8_patch07.png,0,618.52001953125,228.36000061035156,100,100,0.0027000000700354576
8915,LSIL_8_patch07.png,0,857.3599853515625,156.75,100,100,0.0027000000700354576
8916,LSIL_8_patch07.png,0,627.3699951171875,196.25,100,100,0.0027000000700354576
8917,LSIL_8_patch07.png,0,527.239990234375,233.13999938964844,100,100,0.0026000000070780516
8918,LSIL_8_patch07.png,0,972.6099853515625,193.4600067138672,100,100,0.0024999999441206455
8919,LSIL_8_patch07.png,0,662.1199951171875,576.6699829101562,100,100,0.0024999999441206455
8920,LSIL_8_patch07.png,0,912.5999755859375,469.7900085449219,100,100,0.002300000051036477
8921,LSIL_8_patch07.png,0,635.8599853515625,505.1700134277344,100,100,0.002300000051036477
8922,LSIL_8_patch07.png,0,450.3599853515625,110.58999633789062,100,100,0.002300000051036477
8923,LSIL_8_patch07.png,0,839.77001953125,119.25,100,100,0.002199999988079071
8924,LSIL_8_patch07.png,0,925.5399780273438,402.7300109863281,100,100,0.0020000000949949026
8925,LSIL_8_patch07.png,0,693.030029296875,259.5799865722656,100,100,0.0020000000949949026
8926,LSIL_8_patch07.png,0,686.6900024414062,506.20001220703125,100,100,0.0019000000320374966
8927,LSIL_8_patch07.png,0,510.82000732421875,64.86000061035156,100,100,0.0019000000320374966
8928,LSIL_8_patch07.png,0,874.5499877929688,248.8000030517578,100,100,0.0017999999690800905
8929,LSIL_8_patch07.png,0,410.17999267578125,6.659999847412109,100,100,0.0017000000225380063
8930,LSIL_8_patch07.png,0,610.22998046875,343.9800109863281,100,100,0.0017000000225380063
8931,LSIL_8_patch07.png,0,970.489990234375,258.8900146484375,100,100,0.0015999999595806003
8932,LSIL_8_patch07.png,0,545.5499877929688,107.87000274658203,100,100,0.00139999995008111
8933,LSIL_8_patch07.png,0,91.02999877929688,90.93000030517578,100,100,0.0013000000035390258
8934,LSIL_8_patch08.png,0,232.94,208.97,100,100,0.698
8935,LSIL_8_patch08.png,0,624.3200073242188,562.2899780273438,100,100,0.1005999967455864
8936,LSIL_8_patch08.png,0,240.75,854.9000244140625,100,100,0.07590000331401825
8937,LSIL_8_patch08.png,0,105.70999908447266,890.3099975585938,100,100,0.01140000019222498
8938,LSIL_8_patch08.png,0,589.8499755859375,645.969970703125,100,100,0.009600000455975533
8939,LSIL_8_patch08.png,0,337.6000061035156,270.9100036621094,100,100,0.009200000204145908
8940,LSIL_8_patch08.png,0,10.1899995803833,932.7999877929688,100,100,0.008799999952316284
8941,LSIL_8_patch08.png,0,548.8499755859375,375.2900085449219,100,100,0.008500000461935997
8942,LSIL_8_patch08.png,0,236.1300048828125,196.30999755859375,100,100,0.008100000210106373
8943,LSIL_8_patch08.png,0,246.80999755859375,212.32000732421875,100,100,0.006599999964237213
8944,LSIL_8_patch08.png,0,266.7300109863281,880.9500122070312,100,100,0.005400000140070915
8945,LSIL_8_patch08.png,0,217.42999267578125,209.0500030517578,100,100,0.0035000001080334187
8946,LSIL_8_patch08.png,0,598.8699951171875,651.969970703125,100,100,0.00279999990016222
8947,LSIL_8_patch09.png,0,185.24,398.77,100,100,0.7415
8948,LSIL_8_patch09.png,0,567.79,389.76,100,100,0.5437
8949,LSIL_8_patch09.png,0,980.8,129.16,100,100,0.4352
8950,LSIL_8_patch09.png,0,683.74,21.2,100,100,0.4171
8951,LSIL_8_patch09.png,0,146.89999389648438,1006.989990234375,100,100,0.304500013589859
8952,LSIL_8_patch09.png,0,415.4700012207031,721.4500122070312,100,100,0.06210000067949295
8953,LSIL_8_patch09.png,0,245.1199951171875,455.05999755859375,100,100,0.051100000739097595
8954,LSIL_8_patch09.png,0,593.3800048828125,101.69999694824219,100,100,0.04670000076293945
8955,LSIL_8_patch09.png,0,151.1699981689453,453.04998779296875,100,100,0.030300000682473183
8956,LSIL_8_patch09.png,0,208.3699951171875,755.9099731445312,100,100,0.023900000378489494
8957,LSIL_8_patch09.png,0,80.81999969482422,955.22998046875,100,100,0.02160000056028366
8958,LSIL_8_patch09.png,0,848.75,314.3299865722656,100,100,0.02070000022649765
8959,LSIL_8_patch09.png,0,912.1300048828125,897.72998046875,100,100,0.020500000566244125
8960,LSIL_8_patch09.png,0,966.239990234375,120.9800033569336,100,100,0.019600000232458115
8961,LSIL_8_patch09.png,0,673.9500122070312,202.42999267578125,100,100,0.018200000748038292
8962,LSIL_8_patch09.png,0,12.369999885559082,962.969970703125,100,100,0.01810000091791153
8963,LSIL_8_patch09.png,0,338.54998779296875,827.6199951171875,100,100,0.017000000923871994
8964,LSIL_8_patch09.png,0,631.7999877929688,48.70000076293945,100,100,0.01590000092983246
8965,LSIL_8_patch09.png,0,995.5,132.0500030517578,100,100,0.01549999974668026
8966,LSIL_8_patch09.png,0,1014.6199951171875,341.4800109863281,100,100,0.015399999916553497
8967,LSIL_8_patch09.png,0,742.1799926757812,572.5399780273438,100,100,0.013500000350177288
8968,LSIL_8_patch09.png,0,1018.969970703125,137.1199951171875,100,100,0.013399999588727951
8969,LSIL_8_patch09.png,0,121.83999633789062,6.190000057220459,100,100,0.012500000186264515
8970,LSIL_8_patch09.png,0,724.22998046875,800.8900146484375,100,100,0.011300000362098217
8971,LSIL_8_patch09.png,0,486.4599914550781,1015.489990234375,100,100,0.011099999770522118
8972,LSIL_8_patch09.png,0,194.3800048828125,387.70001220703125,100,100,0.010499999858438969
8973,LSIL_8_patch09.png,0,551.739990234375,138.35000610351562,100,100,0.010300000198185444
8974,LSIL_8_patch09.png,0,944.22998046875,693.02001953125,100,100,0.010300000198185444
8975,LSIL_8_patch09.png,0,241.63999938964844,14.850000381469727,100,100,0.009600000455975533
8976,LSIL_8_patch09.png,0,1006.3099975585938,688.4099731445312,100,100,0.008799999952316284
8977,LSIL_8_patch09.png,0,207.97999572753906,7.340000152587891,100,100,0.008700000122189522
8978,LSIL_8_patch09.png,0,451.42999267578125,965.0999755859375,100,100,0.008200000040233135
8979,LSIL_8_patch09.png,0,419.42999267578125,437.4200134277344,100,100,0.008100000210106373
8980,LSIL_8_patch09.png,0,1016.1300048828125,627.77001953125,100,100,0.00800000037997961
8981,LSIL_8_patch09.png,0,990.5999755859375,116.66999816894531,100,100,0.007300000172108412
8982,LSIL_8_patch09.png,0,563.489990234375,8.130000114440918,100,100,0.0071000000461936
8983,LSIL_8_patch09.png,0,179.0800018310547,386.6600036621094,100,100,0.0071000000461936
8984,LSIL_8_patch09.png,0,360.2900085449219,80.23999786376953,100,100,0.006899999920278788
8985,LSIL_8_patch09.png,0,137.30999755859375,1013.4199829101562,100,100,0.0066999997943639755
8986,LSIL_8_patch09.png,0,680.9099731445312,5.71999979019165,100,100,0.006099999882280827
8987,LSIL_8_patch09.png,0,787.6599731445312,7.909999847412109,100,100,0.0052999998442828655
8988,LSIL_8_patch09.png,0,759.719970703125,493.3699951171875,100,100,0.004800000227987766
8989,LSIL_8_patch09.png,0,634.280029296875,535.1500244140625,100,100,0.004399999976158142
8990,LSIL_8_patch09.png,0,777.3400268554688,746.02001953125,100,100,0.004100000020116568
8991,LSIL_8_patch09.png,0,980.5900268554688,743.719970703125,100,100,0.004000000189989805
8992,LSIL_8_patch09.png,0,159.75999450683594,1017.3300170898438,100,100,0.0035000001080334187
8993,LSIL_8_patch09.png,0,557.6900024414062,382.010009765625,100,100,0.0034000000450760126
8994,LSIL_8_patch09.png,0,600.469970703125,368.5799865722656,100,100,0.0031999999191612005
8995,LSIL_8_patch09.png,0,101.69999694824219,16.3799991607666,100,100,0.0031999999191612005
8996,LSIL_8_patch09.png,0,764.5499877929688,245.2899932861328,100,100,0.0031999999191612005
8997,LSIL_8_patch09.png,0,457.4200134277344,756.3699951171875,100,100,0.002899999963119626
8998,LSIL_8_patch09.png,0,1017.989990234375,606.5700073242188,100,100,0.0024999999441206455
8999,LSIL_8_patch09.png,0,586.3699951171875,706.7999877929688,100,100,0.002400000113993883
9000,LSIL_8_patch09.png,0,976.4500122070312,676.6599731445312,100,100,0.002400000113993883
9001,LSIL_8_patch09.png,0,574.719970703125,378.3500061035156,100,100,0.002400000113993883
9002,LSIL_8_patch09.png,0,879.6500244140625,755.280029296875,100,100,0.002199999988079071
9003,LSIL_8_patch09.png,0,853.6799926757812,556.5,100,100,0.002099999925121665
9004,LSIL_8_patch09.png,0,534.5700073242188,506.57000732421875,100,100,0.00139999995008111
9005,LSIL_8_patch09.png,0,697.030029296875,12.010000228881836,100,100,0.0013000000035390258
9006,LSIL_8_patch09.png,0,909.7999877929688,214.08999633789062,100,100,0.0010999999940395355
9007,LSIL_8_patch10.png,0,571.57,938.89,100,100,0.7312
9008,LSIL_8_patch10.png,0,283.68,101.27,100,100,0.681
9009,LSIL_8_patch10.png,0,112.8,90.15,100,100,0.6445
9010,LSIL_8_patch10.png,0,442.93,652.23,100,100,0.4837
9011,LSIL_8_patch10.png,0,567.13,42.27,100,100,0.2351
9012,LSIL_8_patch10.png,0,857.27,250.6,100,100,0.2287
9013,LSIL_8_patch10.png,0,983.6699829101562,656.6900024414062,100,100,0.14259999990463257
9014,LSIL_8_patch10.png,0,139.49000549316406,28.639999389648438,100,100,0.1379999965429306
9015,LSIL_8_patch10.png,0,963.260009765625,83.18000030517578,100,100,0.1264999955892563
9016,LSIL_8_patch10.png,0,58.9900016784668,580.6400146484375,100,100,0.10949999839067459
9017,LSIL_8_patch10.png,0,770.719970703125,173.5500030517578,100,100,0.07429999858140945
9018,LSIL_8_patch10.png,0,6.889999866485596,205.6999969482422,100,100,0.05920000001788139
9019,LSIL_8_patch10.png,0,939.9199829101562,146.7100067138672,100,100,0.0568000003695488
9020,LSIL_8_patch10.png,0,469.7799987792969,208.66000366210938,100,100,0.05420000106096268
9021,LSIL_8_patch10.png,0,11.40999984741211,363.55999755859375,100,100,0.0502999983727932
9022,LSIL_8_patch10.png,0,4.28000020980835,569.6400146484375,100,100,0.04520000144839287
9023,LSIL_8_patch10.png,0,951.4199829101562,531.3400268554688,100,100,0.04179999977350235
9024,LSIL_8_patch10.png,0,444.3500061035156,4.590000152587891,100,100,0.040300000458955765
9025,LSIL_8_patch10.png,0,491.9800109863281,242.27000427246094,100,100,0.03530000150203705
9026,LSIL_8_patch10.png,0,83.86000061035156,546.6400146484375,100,100,0.02630000002682209
9027,LSIL_8_patch10.png,0,589.6500244140625,811.4299926757812,100,100,0.02419999986886978
9028,LSIL_8_patch10.png,0,17.93000030517578,8.220000267028809,100,100,0.023900000378489494
9029,LSIL_8_patch10.png,0,880.510009765625,391.82000732421875,100,100,0.021400000900030136
9030,LSIL_8_patch10.png,0,334.07000732421875,8.239999771118164,100,100,0.01979999989271164
9031,LSIL_8_patch10.png,0,83.4000015258789,632.8800048828125,100,100,0.019700000062584877
9032,LSIL_8_patch10.png,0,465.1000061035156,252.69000244140625,100,100,0.01899999938905239
9033,LSIL_8_patch10.png,0,28.540000915527344,770.260009765625,100,100,0.018200000748038292
9034,LSIL_8_patch10.png,0,757.6099853515625,536.469970703125,100,100,0.01720000058412552
9035,LSIL_8_patch10.png,0,970.8400268554688,599.6799926757812,100,100,0.016899999231100082
9036,LSIL_8_patch10.png,0,497.8999938964844,110.79000091552734,100,100,0.016499999910593033
9037,LSIL_8_patch10.png,0,776.6199951171875,502.5299987792969,100,100,0.0142000000923872
9038,LSIL_8_patch10.png,0,641.239990234375,840.9099731445312,100,100,0.013500000350177288
9039,LSIL_8_patch10.png,0,65.37999725341797,442.8999938964844,100,100,0.013000000268220901
9040,LSIL_8_patch10.png,0,757.4500122070312,133.86000061035156,100,100,0.012400000356137753
9041,LSIL_8_patch10.png,0,190.75999450683594,563.989990234375,100,100,0.011900000274181366
9042,LSIL_8_patch10.png,0,953.6199951171875,628.739990234375,100,100,0.011300000362098217
9043,LSIL_8_patch10.png,0,997.5499877929688,291.3500061035156,100,100,0.010599999688565731
9044,LSIL_8_patch10.png,0,518.0999755859375,278.4800109863281,100,100,0.008999999612569809
9045,LSIL_8_patch10.png,0,845.5399780273438,86.33999633789062,100,100,0.008700000122189522
9046,LSIL_8_patch10.png,0,1015.8200073242188,310.7300109863281,100,100,0.008700000122189522
9047,LSIL_8_patch10.png,0,677.0399780273438,36.59000015258789,100,100,0.008299999870359898
9048,LSIL_8_patch10.png,0,232.67999267578125,3.740000009536743,100,100,0.008200000040233135
9049,LSIL_8_patch10.png,0,155.9600067138672,11.680000305175781,100,100,0.007799999788403511
9050,LSIL_8_patch10.png,0,998.5399780273438,371.55999755859375,100,100,0.007799999788403511
9051,LSIL_8_patch10.png,0,670.7999877929688,117.77999877929688,100,100,0.007400000002235174
9052,LSIL_8_patch10.png,0,960.6300048828125,117.02999877929688,100,100,0.006800000090152025
9053,LSIL_8_patch10.png,0,721.6900024414062,974.3900146484375,100,100,0.006800000090152025
9054,LSIL_8_patch10.png,0,268.32000732421875,98.36000061035156,100,100,0.006300000008195639
9055,LSIL_8_patch10.png,0,293.05999755859375,92.80000305175781,100,100,0.006300000008195639
9056,LSIL_8_patch10.png,0,142.36000061035156,339.95001220703125,100,100,0.006200000178068876
9057,LSIL_8_patch10.png,0,3.190000057220459,924.72998046875,100,100,0.006200000178068876
9058,LSIL_8_patch10.png,0,54.349998474121094,57.099998474121094,100,100,0.006099999882280827
9059,LSIL_8_patch10.png,0,558.5900268554688,934.969970703125,100,100,0.005499999970197678
9060,LSIL_8_patch10.png,0,9.65999984741211,638.4400024414062,100,100,0.004999999888241291
9061,LSIL_8_patch10.png,0,665.6099853515625,69.44999694824219,100,100,0.004999999888241291
9062,LSIL_8_patch10.png,0,160.6300048828125,22.34000015258789,100,100,0.004900000058114529
9063,LSIL_8_patch10.png,0,577.6199951171875,926.1199951171875,100,100,0.004600000102072954
9064,LSIL_8_patch10.png,0,467.6499938964844,31.809999465942383,100,100,0.0044999998062849045
9065,LSIL_8_patch10.png,0,860.760009765625,326.0299987792969,100,100,0.0044999998062849045
9066,LSIL_8_patch10.png,0,561.27001953125,391.05999755859375,100,100,0.0044999998062849045
9067,LSIL_8_patch10.png,0,775.72998046875,474.79998779296875,100,100,0.004399999976158142
9068,LSIL_8_patch10.png,0,28.6299991607666,675.6400146484375,100,100,0.00430000014603138
9069,LSIL_8_patch10.png,0,592.2999877929688,351.2900085449219,100,100,0.00419999985024333
9070,LSIL_8_patch10.png,0,906.3099975585938,275.05999755859375,100,100,0.00419999985024333
9071,LSIL_8_patch10.png,0,419.75,82.70999908447266,100,100,0.004100000020116568
9072,LSIL_8_patch10.png,0,990.260009765625,133.19000244140625,100,100,0.004000000189989805
9073,LSIL_8_patch10.png,0,34.380001068115234,457.4599914550781,100,100,0.0038999998942017555
9074,LSIL_8_patch10.png,0,427.04998779296875,772.6900024414062,100,100,0.003800000064074993
9075,LSIL_8_patch10.png,0,586.6300048828125,936.3400268554688,100,100,0.003800000064074993
9076,LSIL_8_patch10.png,0,121.5199966430664,80.97000122070312,100,100,0.003700000001117587
9077,LSIL_8_patch10.png,0,375.1700134277344,556.72998046875,100,100,0.003599999938160181
9078,LSIL_8_patch10.png,0,456.7799987792969,794.3300170898438,100,100,0.0034000000450760126
9079,LSIL_8_patch10.png,0,543.4600219726562,39.31999969482422,100,100,0.0034000000450760126
9080,LSIL_8_patch10.png,0,467.6199951171875,477.989990234375,100,100,0.0034000000450760126
9081,LSIL_8_patch10.png,0,149.88999938964844,389.1600036621094,100,100,0.0032999999821186066
9082,LSIL_8_patch10.png,0,266.010009765625,529.6900024414062,100,100,0.0032999999821186066
9083,LSIL_8_patch10.png,0,187.9499969482422,847.9099731445312,100,100,0.0031999999191612005
9084,LSIL_8_patch10.png,0,3.559999942779541,439.54998779296875,100,100,0.003100000089034438
9085,LSIL_8_patch10.png,0,802.8499755859375,706.219970703125,100,100,0.00279999990016222
9086,LSIL_8_patch10.png,0,712.719970703125,272.5,100,100,0.00279999990016222
9087,LSIL_8_patch10.png,0,559.72998046875,653.1400146484375,100,100,0.0027000000700354576
9088,LSIL_8_patch10.png,0,944.010009765625,326.5199890136719,100,100,0.0027000000700354576
9089,LSIL_8_patch10.png,0,83.18000030517578,242.7899932861328,100,100,0.0026000000070780516
9090,LSIL_8_patch10.png,0,885.3800048828125,364.29998779296875,100,100,0.0024999999441206455
9091,LSIL_8_patch10.png,0,100.41999816894531,220.5500030517578,100,100,0.0024999999441206455
9092,LSIL_8_patch10.png,0,113.55000305175781,272.9700012207031,100,100,0.002400000113993883
9093,LSIL_8_patch10.png,0,409.20001220703125,728.030029296875,100,100,0.002400000113993883
9094,LSIL_8_patch10.png,0,8.130000114440918,182.38999938964844,100,100,0.002300000051036477
9095,LSIL_8_patch10.png,0,941.6699829101562,463.57000732421875,100,100,0.002199999988079071
9096,LSIL_8_patch10.png,0,150.27000427246094,296.80999755859375,100,100,0.002099999925121665
9097,LSIL_8_patch10.png,0,285.2699890136719,16.190000534057617,100,100,0.0020000000949949026
9098,LSIL_8_patch10.png,0,753.780029296875,732.3599853515625,100,100,0.0020000000949949026
9099,LSIL_8_patch10.png,0,508.1600036621094,856.1300048828125,100,100,0.0019000000320374966
9100,LSIL_8_patch10.png,0,452.9200134277344,645.3300170898438,100,100,0.0019000000320374966
9101,LSIL_8_patch10.png,0,972.989990234375,76.69000244140625,100,100,0.0017999999690800905
9102,LSIL_8_patch10.png,0,505.1600036621094,816.9099731445312,100,100,0.0017000000225380063
9103,LSIL_8_patch10.png,0,304.8800048828125,120.05000305175781,100,100,0.0017000000225380063
9104,LSIL_8_patch10.png,0,359.010009765625,172.44000244140625,100,100,0.0015999999595806003
9105,LSIL_8_patch10.png,0,825.5900268554688,323.4599914550781,100,100,0.0015999999595806003
9106,LSIL_8_patch10.png,0,300.92999267578125,106.44999694824219,100,100,0.001500000013038516
9107,LSIL_8_patch10.png,0,301.989990234375,302.04998779296875,100,100,0.001500000013038516
9108,LSIL_8_patch10.png,0,76.95999908447266,991.6799926757812,100,100,0.00139999995008111
9109,LSIL_8_patch10.png,0,154.0500030517578,480.75,100,100,0.00139999995008111
9110,LSIL_8_patch10.png,0,7.260000228881836,586.1199951171875,100,100,0.0013000000035390258
9111,LSIL_8_patch10.png,0,58.29999923706055,42.13999938964844,100,100,0.0012000000569969416
9112,LSIL_8_patch11.png,0,559.74,787.33,100,100,0.6005
9113,LSIL_8_patch11.png,0,150.39,306.74,100,100,0.4223
9114,LSIL_8_patch11.png,0,13.61,761.3,100,100,0.3153
9115,LSIL_8_patch11.png,0,259.71,621.11,100,100,0.2792
9116,LSIL_8_patch11.png,0,523.530029296875,702.6599731445312,100,100,0.27570000290870667
9117,LSIL_8_patch11.png,0,320.55,421.7,100,100,0.2693
9118,LSIL_8_patch11.png,0,73.47000122070312,323.1000061035156,100,100,0.2671000063419342
9119,LSIL_8_patch11.png,0,21.27,639.88,100,100,0.2212
9120,LSIL_8_patch11.png,0,26.74,531.11,100,100,0.1631
9121,LSIL_8_patch11.png,0,287.8999938964844,388.25,100,100,0.1371999979019165
9122,LSIL_8_patch11.png,0,20.22,682.48,100,100,0.107
9123,LSIL_8_patch11.png,0,368.55999755859375,796.3699951171875,100,100,0.09449999779462814
9124,LSIL_8_patch11.png,0,187.67999267578125,1014.52001953125,100,100,0.08609999716281891
9125,LSIL_8_patch11.png,0,142.10000610351562,801.4500122070312,100,100,0.07750000059604645
9126,LSIL_8_patch11.png,0,657.4500122070312,816.4600219726562,100,100,0.058800000697374344
9127,LSIL_8_patch11.png,0,175.8300018310547,878.8499755859375,100,100,0.05079999938607216
9128,LSIL_8_patch11.png,0,210.3300018310547,596.9400024414062,100,100,0.0414000004529953
9129,LSIL_8_patch11.png,0,273.07000732421875,773.5700073242188,100,100,0.038100000470876694
9130,LSIL_8_patch11.png,0,233.1699981689453,698.2999877929688,100,100,0.03500000014901161
9131,LSIL_8_patch11.png,0,322.94000244140625,838.030029296875,100,100,0.03500000014901161
9132,LSIL_8_patch11.png,0,187.69000244140625,924.8599853515625,100,100,0.031199999153614044
9133,LSIL_8_patch11.png,0,214.77999877929688,330.1700134277344,100,100,0.026799999177455902
9134,LSIL_8_patch11.png,0,158.14999389648438,980.1500244140625,100,100,0.02019999921321869
9135,LSIL_8_patch11.png,0,193.33999633789062,949.8200073242188,100,100,0.01590000092983246
9136,LSIL_8_patch11.png,0,129.1999969482422,943.6699829101562,100,100,0.01549999974668026
9137,LSIL_8_patch11.png,0,97.27999877929688,876.02001953125,100,100,0.015200000256299973
9138,LSIL_8_patch11.png,0,569.97998046875,843.8400268554688,100,100,0.013000000268220901
9139,LSIL_8_patch11.png,0,273.7699890136719,821.7000122070312,100,100,0.012400000356137753
9140,LSIL_8_patch11.png,0,213.8699951171875,368.7300109863281,100,100,0.012199999764561653
9141,LSIL_8_patch11.png,0,196.5500030517578,982.9400024414062,100,100,0.011900000274181366
9142,LSIL_8_patch11.png,0,192.80999755859375,785.0900268554688,100,100,0.01119999960064888
9143,LSIL_8_patch11.png,0,121.12999725341797,910.6400146484375,100,100,0.010999999940395355
9144,LSIL_8_patch11.png,0,37.040000915527344,509.739990234375,100,100,0.010700000450015068
9145,LSIL_8_patch11.png,0,271.30999755859375,617.530029296875,100,100,0.010599999688565731
9146,LSIL_8_patch11.png,0,82.22000122070312,417.92999267578125,100,100,0.010200000368058681
9147,LSIL_8_patch11.png,0,121.51000213623047,534.969970703125,100,100,0.010099999606609344
9148,LSIL_8_patch11.png,0,175.6699981689453,608.77001953125,100,100,0.009999999776482582
9149,LSIL_8_patch11.png,0,416.8599853515625,729.030029296875,100,100,0.00989999994635582
9150,LSIL_8_patch11.png,0,93.58000183105469,354.4599914550781,100,100,0.009600000455975533
9151,LSIL_8_patch11.png,0,647.8200073242188,920.6099853515625,100,100,0.009100000374019146
9152,LSIL_8_patch11.png,0,87.91000366210938,516.4600219726562,100,100,0.008700000122189522
9153,LSIL_8_patch11.png,0,543.0,623.9400024414062,100,100,0.00839999970048666
9154,LSIL_8_patch11.png,0,242.63999938964844,749.3699951171875,100,100,0.00800000037997961
9155,LSIL_8_patch11.png,0,345.8399963378906,771.4400024414062,100,100,0.007899999618530273
9156,LSIL_8_patch11.png,0,39.189998626708984,1014.3400268554688,100,100,0.007600000128149986
9157,LSIL_8_patch11.png,0,7.010000228881836,750.5700073242188,100,100,0.007300000172108412
9158,LSIL_8_patch11.png,0,746.030029296875,961.3599853515625,100,100,0.006899999920278788
9159,LSIL_8_patch11.png,0,427.07000732421875,919.239990234375,100,100,0.006599999964237213
9160,LSIL_8_patch11.png,0,6.050000190734863,799.969970703125,100,100,0.006599999964237213
9161,LSIL_8_patch11.png,0,354.04998779296875,556.9400024414062,100,100,0.006399999838322401
9162,LSIL_8_patch11.png,0,200.1199951171875,422.69000244140625,100,100,0.006300000008195639
9163,LSIL_8_patch11.png,0,303.70001220703125,398.1000061035156,100,100,0.006300000008195639
9164,LSIL_8_patch11.png,0,238.25999450683594,377.4200134277344,100,100,0.006099999882280827
9165,LSIL_8_patch11.png,0,455.20001220703125,905.530029296875,100,100,0.005900000222027302
9166,LSIL_8_patch11.png,0,6.090000152587891,328.92999267578125,100,100,0.005200000014156103
9167,LSIL_8_patch11.png,0,662.5599975585938,730.3400268554688,100,100,0.004800000227987766
9168,LSIL_8_patch11.png,0,242.86000061035156,610.0,100,100,0.004600000102072954
9169,LSIL_8_patch11.png,0,46.79999923706055,235.0500030517578,100,100,0.004399999976158142
9170,LSIL_8_patch11.png,0,301.760009765625,798.0,100,100,0.00419999985024333
9171,LSIL_8_patch11.png,0,5.309999942779541,454.5799865722656,100,100,0.004000000189989805
9172,LSIL_8_patch11.png,0,55.2400016784668,587.5499877929688,100,100,0.0038999998942017555
9173,LSIL_8_patch11.png,0,246.19000244140625,626.469970703125,100,100,0.003800000064074993
9174,LSIL_8_patch11.png,0,164.75999450683594,299.1300048828125,100,100,0.003700000001117587
9175,LSIL_8_patch11.png,0,131.77999877929688,276.1499938964844,100,100,0.003700000001117587
9176,LSIL_8_patch11.png,0,69.38999938964844,227.72000122070312,100,100,0.0035000001080334187
9177,LSIL_8_patch11.png,0,82.88999938964844,554.0499877929688,100,100,0.0034000000450760126
9178,LSIL_8_patch11.png,0,240.3300018310547,794.8599853515625,100,100,0.0034000000450760126
9179,LSIL_8_patch11.png,0,79.29000091552734,382.9700012207031,100,100,0.0032999999821186066
9180,LSIL_8_patch11.png,0,276.3999938964844,380.19000244140625,100,100,0.0031999999191612005
9181,LSIL_8_patch11.png,0,291.5400085449219,882.8800048828125,100,100,0.0031999999191612005
9182,LSIL_8_patch11.png,0,552.8099975585938,777.6300048828125,100,100,0.0031999999191612005
9183,LSIL_8_patch11.png,0,81.5,712.3900146484375,100,100,0.003100000089034438
9184,LSIL_8_patch11.png,0,393.70001220703125,605.3400268554688,100,100,0.003100000089034438
9185,LSIL_8_patch11.png,0,467.25,928.8499755859375,100,100,0.002899999963119626
9186,LSIL_8_patch11.png,0,18.399999618530273,331.2900085449219,100,100,0.002899999963119626
9187,LSIL_8_patch11.png,0,280.57000732421875,398.6499938964844,100,100,0.002899999963119626
9188,LSIL_8_patch11.png,0,263.94000244140625,603.030029296875,100,100,0.0027000000700354576
9189,LSIL_8_patch11.png,0,112.55999755859375,416.05999755859375,100,100,0.0026000000070780516
9190,LSIL_8_patch11.png,0,178.0800018310547,463.04998779296875,100,100,0.0024999999441206455
9191,LSIL_8_patch11.png,0,518.6500244140625,690.8699951171875,100,100,0.0024999999441206455
9192,LSIL_8_patch11.png,0,221.27999877929688,589.6199951171875,100,100,0.002400000113993883
9193,LSIL_8_patch11.png,0,174.88999938964844,824.9299926757812,100,100,0.002400000113993883
9194,LSIL_8_patch11.png,0,9.880000114440918,776.3400268554688,100,100,0.002300000051036477
9195,LSIL_8_patch11.png,0,208.49000549316406,685.3900146484375,100,100,0.002300000051036477
9196,LSIL_8_patch11.png,0,7.099999904632568,634.27001953125,100,100,0.002199999988079071
9197,LSIL_8_patch11.png,0,290.45001220703125,556.6500244140625,100,100,0.002199999988079071
9198,LSIL_8_patch11.png,0,214.32000732421875,553.5599975585938,100,100,0.002099999925121665
9199,LSIL_8_patch11.png,0,14.489999771118164,522.030029296875,100,100,0.0019000000320374966
9200,LSIL_8_patch11.png,0,25.239999771118164,1010.0599975585938,100,100,0.0019000000320374966
9201,LSIL_8_patch11.png,0,331.9700012207031,414.989990234375,100,100,0.0017000000225380063
9202,LSIL_8_patch11.png,0,620.8499755859375,716.2100219726562,100,100,0.0015999999595806003
9203,LSIL_8_patch12.png,0,903.11,353.82,100,100,0.7444
9204,LSIL_8_patch12.png,0,70.06,690.22,100,100,0.7064
9205,LSIL_8_patch12.png,0,460.29,520.12,100,100,0.6686
9206,LSIL_8_patch12.png,0,386.73,347.38,100,100,0.6666
9207,LSIL_8_patch12.png,0,630.71,788.87,100,100,0.6524
9208,LSIL_8_patch12.png,0,825.33,229.42,100,100,0.6418
9209,LSIL_8_patch12.png,0,976.9,654.88,100,100,0.6321
9210,LSIL_8_patch12.png,0,853.27,966.33,100,100,0.6125
9211,LSIL_8_patch12.png,0,287.9,469.8,100,100,0.5663
9212,LSIL_8_patch12.png,0,208.21,626.66,100,100,0.5517
9213,LSIL_8_patch12.png,0,84.68,554.45,100,100,0.5468
9214,LSIL_8_patch12.png,0,253.31,404.21,100,100,0.5305
9215,LSIL_8_patch12.png,0,424.87,435.6,100,100,0.5188
9216,LSIL_8_patch12.png,0,347.51,547.11,100,100,0.4931
9217,LSIL_8_patch12.png,0,83.93,24.3,100,100,0.4914
9218,LSIL_8_patch12.png,0,404.43,122.67,100,100,0.4902
9219,LSIL_8_patch12.png,0,847.59,473.06,100,100,0.4452
9220,LSIL_8_patch12.png,0,171.64,497.87,100,100,0.4376
9221,LSIL_8_patch12.png,0,594.13,197.61,100,100,0.4218
9222,LSIL_8_patch12.png,0,44.89,508.15,100,100,0.3695
9223,LSIL_8_patch12.png,0,15.15,325.96,100,100,0.3606
9224,LSIL_8_patch12.png,0,824.97,694.98,100,100,0.3559
9225,LSIL_8_patch12.png,0,57.35,435.57,100,100,0.2747
9226,LSIL_8_patch12.png,0,258.78,745.82,100,100,0.2584
9227,LSIL_8_patch12.png,0,38.33,228.4,100,100,0.2302
9228,LSIL_8_patch12.png,0,251.83,210.48,100,100,0.2301
9229,LSIL_8_patch12.png,0,153.15,614.18,100,100,0.2286
9230,LSIL_8_patch12.png,0,510.0,288.0,100,100,0.20676344633102417
9231,LSIL_8_patch12.png,0,324.0199890136719,443.17999267578125,100,100,0.15199999511241913
9232,LSIL_8_patch12.png,0,833.0700073242188,498.20001220703125,100,100,0.13830000162124634
9233,LSIL_8_patch12.png,0,381.3699951171875,441.6199951171875,100,100,0.13459999859333038
9234,LSIL_8_patch12.png,0,408.8299865722656,317.17999267578125,100,100,0.12080000340938568
9235,LSIL_8_patch12.png,0,169.24000549316406,382.25,100,100,0.11479999870061874
9236,LSIL_8_patch12.png,0,1017.97998046875,101.2699966430664,100,100,0.10209999978542328
9237,LSIL_8_patch12.png,0,107.27999877929688,401.6700134277344,100,100,0.09059999883174896
9238,LSIL_8_patch12.png,0,494.3699951171875,291.6700134277344,100,100,0.08209999650716782
9239,LSIL_8_patch12.png,0,466.80999755859375,90.81999969482422,100,100,0.07670000195503235
9240,LSIL_8_patch12.png,0,188.86000061035156,447.1000061035156,100,100,0.06920000165700912
9241,LSIL_8_patch12.png,0,430.5,110.08999633789062,100,100,0.06909999996423721
9242,LSIL_8_patch12.png,0,129.52999877929688,393.44000244140625,100,100,0.06769999861717224
9243,LSIL_8_patch12.png,0,60.47999954223633,568.5,100,100,0.06069999933242798
9244,LSIL_8_patch12.png,0,228.10000610351562,478.9599914550781,100,100,0.05609999969601631
9245,LSIL_8_patch12.png,0,201.5399932861328,486.9700012207031,100,100,0.055399999022483826
9246,LSIL_8_patch12.png,0,296.5400085449219,421.0799865722656,100,100,0.04179999977350235
9247,LSIL_8_patch12.png,0,518.5499877929688,276.9800109863281,100,100,0.04050000011920929
9248,LSIL_8_patch12.png,0,503.44000244140625,512.6500244140625,100,100,0.03620000183582306
9249,LSIL_8_patch12.png,0,4.659999847412109,302.95001220703125,100,100,0.03620000183582306
9250,LSIL_8_patch12.png,0,215.64999389648438,335.2799987792969,100,100,0.03610000014305115
9251,LSIL_8_patch12.png,0,521.219970703125,236.02999877929688,100,100,0.032600000500679016
9252,LSIL_8_patch12.png,0,17.670000076293945,177.8800048828125,100,100,0.03020000085234642
9253,LSIL_8_patch12.png,0,583.72998046875,19.899999618530273,100,100,0.02969999983906746
9254,LSIL_8_patch12.png,0,6.46999979019165,188.64999389648438,100,100,0.029600000008940697
9255,LSIL_8_patch12.png,0,484.57000732421875,429.69000244140625,100,100,0.029200000688433647
9256,LSIL_8_patch12.png,0,489.3800048828125,404.2099914550781,100,100,0.027000000700354576
9257,LSIL_8_patch12.png,0,903.5599975585938,536.7999877929688,100,100,0.026399999856948853
9258,LSIL_8_patch12.png,0,889.719970703125,872.1799926757812,100,100,0.02630000002682209
9259,LSIL_8_patch12.png,0,304.8800048828125,265.5400085449219,100,100,0.025499999523162842
9260,LSIL_8_patch12.png,0,92.62999725341797,335.8299865722656,100,100,0.023000000044703484
9261,LSIL_8_patch12.png,0,277.0299987792969,536.510009765625,100,100,0.02160000056028366
9262,LSIL_8_patch12.png,0,405.20001220703125,9.319999694824219,100,100,0.020800000056624413
9263,LSIL_8_patch12.png,0,863.8099975585938,455.239990234375,100,100,0.016499999910593033
9264,LSIL_8_patch12.png,0,29.829999923706055,749.47998046875,100,100,0.015799999237060547
9265,LSIL_8_patch12.png,0,489.7799987792969,373.69000244140625,100,100,0.014999999664723873
9266,LSIL_8_patch12.png,0,6.909999847412109,494.6199951171875,100,100,0.014700000174343586
9267,LSIL_8_patch12.png,0,7.380000114440918,991.030029296875,100,100,0.014700000174343586
9268,LSIL_8_patch12.png,0,883.6400146484375,482.3800048828125,100,100,0.014600000344216824
9269,LSIL_8_patch12.png,0,272.70001220703125,739.1699829101562,100,100,0.014499999582767487
9270,LSIL_8_patch12.png,0,838.3699951171875,486.1600036621094,100,100,0.014299999922513962
9271,LSIL_8_patch12.png,0,640.7999877929688,38.029998779296875,100,100,0.013000000268220901
9272,LSIL_8_patch12.png,0,423.8599853515625,288.25,100,100,0.011900000274181366
9273,LSIL_8_patch12.png,0,663.1300048828125,181.86000061035156,100,100,0.011500000022351742
9274,LSIL_8_patch12.png,0,672.3699951171875,580.6099853515625,100,100,0.01119999960064888
9275,LSIL_8_patch12.png,0,200.41000366210938,183.72000122070312,100,100,0.010900000110268593
9276,LSIL_8_patch12.png,0,29.860000610351562,384.69000244140625,100,100,0.010700000450015068
9277,LSIL_8_patch12.png,0,107.69999694824219,476.54998779296875,100,100,0.010300000198185444
9278,LSIL_8_patch12.png,0,181.00999450683594,437.489990234375,100,100,0.009800000116229057
9279,LSIL_8_patch12.png,0,194.91000366210938,429.05999755859375,100,100,0.009399999864399433
9280,LSIL_8_patch12.png,0,403.70001220703125,145.42999267578125,100,100,0.00930000003427267
9281,LSIL_8_patch12.png,0,27.170000076293945,586.5599975585938,100,100,0.009200000204145908
9282,LSIL_8_patch12.png,0,640.5,762.2000122070312,100,100,0.009100000374019146
9283,LSIL_8_patch12.png,0,251.3800048828125,336.9700012207031,100,100,0.008799999952316284
9284,LSIL_8_patch12.png,0,930.9199829101562,463.8999938964844,100,100,0.008200000040233135
9285,LSIL_8_patch12.png,0,502.25,259.8599853515625,100,100,0.008200000040233135
9286,LSIL_8_patch12.png,0,393.04998779296875,932.9299926757812,100,100,0.008200000040233135
9287,LSIL_8_patch12.png,0,290.2699890136719,565.77001953125,100,100,0.00800000037997961
9288,LSIL_8_patch12.png,0,861.1300048828125,955.9299926757812,100,100,0.007899999618530273
9289,LSIL_8_patch12.png,0,811.5599975585938,12.119999885559082,100,100,0.007499999832361937
9290,LSIL_8_patch12.png,0,155.74000549316406,412.05999755859375,100,100,0.007400000002235174
9291,LSIL_8_patch12.png,0,294.8500061035156,455.7799987792969,100,100,0.007199999876320362
9292,LSIL_8_patch12.png,0,841.8200073242188,957.7999877929688,100,100,0.0071000000461936
9293,LSIL_8_patch12.png,0,570.969970703125,748.3400268554688,100,100,0.006899999920278788
9294,LSIL_8_patch12.png,0,352.2200012207031,536.8800048828125,100,100,0.006899999920278788
9295,LSIL_8_patch12.png,0,152.85000610351562,392.2699890136719,100,100,0.006800000090152025
9296,LSIL_8_patch12.png,0,191.6999969482422,626.5399780273438,100,100,0.006800000090152025
9297,LSIL_8_patch12.png,0,741.2100219726562,9.600000381469727,100,100,0.0066999997943639755
9298,LSIL_8_patch12.png,0,305.2699890136719,46.27000045776367,100,100,0.006399999838322401
9299,LSIL_8_patch12.png,0,363.1600036621094,69.19999694824219,100,100,0.006300000008195639
9300,LSIL_8_patch12.png,0,236.16000366210938,400.6600036621094,100,100,0.006300000008195639
9301,LSIL_8_patch12.png,0,911.1900024414062,343.510009765625,100,100,0.006099999882280827
9302,LSIL_8_patch12.png,0,85.95999908447266,9.84000015258789,100,100,0.006000000052154064
9303,LSIL_8_patch12.png,0,460.260009765625,499.7200012207031,100,100,0.006000000052154064
9304,LSIL_8_patch12.png,0,90.37999725341797,497.42999267578125,100,100,0.005900000222027302
9305,LSIL_8_patch12.png,0,384.05999755859375,506.79998779296875,100,100,0.005799999926239252
9306,LSIL_8_patch12.png,0,48.720001220703125,425.5400085449219,100,100,0.00570000009611249
9307,LSIL_8_patch12.png,0,125.48999786376953,407.3599853515625,100,100,0.00559999980032444
9308,LSIL_8_patch12.png,0,275.2799987792969,463.3999938964844,100,100,0.005200000014156103
9309,LSIL_8_patch12.png,0,822.1400146484375,492.79998779296875,100,100,0.005200000014156103
9310,LSIL_8_patch12.png,0,970.8499755859375,694.6900024414062,100,100,0.005200000014156103
9311,LSIL_8_patch12.png,0,695.239990234375,179.25999450683594,100,100,0.004900000058114529
9312,LSIL_8_patch12.png,0,43.61000061035156,485.0799865722656,100,100,0.004800000227987766
9313,LSIL_8_patch12.png,0,258.3699951171875,327.0400085449219,100,100,0.004800000227987766
9314,LSIL_8_patch12.png,0,78.81999969482422,680.9500122070312,100,100,0.004399999976158142
9315,LSIL_8_patch12.png,0,216.25,613.7999877929688,100,100,0.004399999976158142
9316,LSIL_8_patch12.png,0,4.639999866485596,165.3000030517578,100,100,0.004399999976158142
9317,LSIL_8_patch12.png,0,332.1600036621094,540.72998046875,100,100,0.004399999976158142
9318,LSIL_8_patch12.png,0,169.22999572753906,625.1699829101562,100,100,0.00430000014603138
9319,LSIL_8_patch12.png,0,804.7899780273438,691.6699829101562,100,100,0.004100000020116568
9320,LSIL_8_patch12.png,0,63.0099983215332,129.0399932861328,100,100,0.0038999998942017555
9321,LSIL_8_patch12.png,0,835.2000122070312,221.80999755859375,100,100,0.0038999998942017555
9322,LSIL_8_patch12.png,0,319.2099914550781,432.1400146484375,100,100,0.0038999998942017555
9323,LSIL_8_patch12.png,0,33.959999084472656,13.90999984741211,100,100,0.003800000064074993
9324,LSIL_8_patch12.png,0,985.0599975585938,776.2100219726562,100,100,0.003800000064074993
9325,LSIL_8_patch12.png,0,417.32000732421875,426.69000244140625,100,100,0.003700000001117587
9326,LSIL_8_patch12.png,0,206.88999938964844,215.24000549316406,100,100,0.003599999938160181
9327,LSIL_8_patch12.png,0,570.9600219726562,7.0,100,100,0.0035000001080334187
9328,LSIL_8_patch12.png,0,244.36000061035156,749.760009765625,100,100,0.0034000000450760126
9329,LSIL_8_patch12.png,0,970.4199829101562,642.1799926757812,100,100,0.0034000000450760126
9330,LSIL_8_patch12.png,0,10.569999694824219,313.2300109863281,100,100,0.0034000000450760126
9331,LSIL_8_patch12.png,0,262.4200134277344,393.1300048828125,100,100,0.0031999999191612005
9332,LSIL_8_patch12.png,0,833.5900268554688,684.6400146484375,100,100,0.003100000089034438
9333,LSIL_8_patch12.png,0,755.6300048828125,869.52001953125,100,100,0.003100000089034438
9334,LSIL_8_patch12.png,0,877.3200073242188,818.1699829101562,100,100,0.003100000089034438
9335,LSIL_8_patch12.png,0,71.2300033569336,164.75,100,100,0.002899999963119626
9336,LSIL_8_patch12.png,0,648.760009765625,789.7899780273438,100,100,0.002899999963119626
9337,LSIL_8_patch12.png,0,59.83000183105469,683.8200073242188,100,100,0.0027000000700354576
9338,LSIL_8_patch12.png,0,947.8599853515625,7.809999942779541,100,100,0.0026000000070780516
9339,LSIL_8_patch12.png,0,482.2799987792969,9.369999885559082,100,100,0.0024999999441206455
9340,LSIL_8_patch12.png,0,407.6600036621094,568.6300048828125,100,100,0.0024999999441206455
9341,LSIL_8_patch12.png,0,38.630001068115234,777.989990234375,100,100,0.002400000113993883
9342,LSIL_8_patch12.png,0,1007.4099731445312,433.1099853515625,100,100,0.002400000113993883
9343,LSIL_8_patch12.png,0,397.489990234375,307.489990234375,100,100,0.002400000113993883
9344,LSIL_8_patch12.png,0,401.8999938964844,343.69000244140625,100,100,0.002400000113993883
9345,LSIL_8_patch12.png,0,437.20001220703125,425.6499938964844,100,100,0.002400000113993883
9346,LSIL_8_patch12.png,0,4.570000171661377,344.0400085449219,100,100,0.002400000113993883
9347,LSIL_8_patch12.png,0,95.55999755859375,397.6099853515625,100,100,0.002300000051036477
9348,LSIL_8_patch12.png,0,248.55999755859375,730.0499877929688,100,100,0.002300000051036477
9349,LSIL_8_patch12.png,0,35.790000915527344,211.9499969482422,100,100,0.002300000051036477
9350,LSIL_8_patch12.png,0,207.2100067138672,378.07000732421875,100,100,0.002199999988079071
9351,LSIL_8_patch12.png,0,896.1599731445312,341.2200012207031,100,100,0.002099999925121665
9352,LSIL_8_patch12.png,0,74.01000213623047,546.489990234375,100,100,0.002099999925121665
9353,LSIL_8_patch12.png,0,552.6900024414062,174.2899932861328,100,100,0.0020000000949949026
9354,LSIL_8_patch12.png,0,475.4700012207031,504.05999755859375,100,100,0.0020000000949949026
9355,LSIL_8_patch12.png,0,168.27999877929688,398.1000061035156,100,100,0.0020000000949949026
9356,LSIL_8_patch12.png,0,143.7899932861328,380.54998779296875,100,100,0.0019000000320374966
9357,LSIL_8_patch12.png,0,987.72998046875,641.1300048828125,100,100,0.0017999999690800905
9358,LSIL_8_patch12.png,0,443.3900146484375,528.0399780273438,100,100,0.0017999999690800905
9359,LSIL_8_patch12.png,0,184.6300048828125,385.6600036621094,100,100,0.0017999999690800905
9360,LSIL_8_patch12.png,0,201.2100067138672,612.7999877929688,100,100,0.0017000000225380063
9361,LSIL_8_patch12.png,0,393.2300109863281,431.6700134277344,100,100,0.0015999999595806003
9362,LSIL_8_patch12.png,0,68.93000030517578,281.05999755859375,100,100,0.0015999999595806003
9363,LSIL_8_patch12.png,0,211.00999450683594,469.6000061035156,100,100,0.001500000013038516
9364,LSIL_8_patch12.png,0,22.25,226.10000610351562,100,100,0.001500000013038516
9365,LSIL_8_patch12.png,0,833.47998046875,706.6599731445312,100,100,0.00139999995008111
9366,LSIL_8_patch12.png,0,360.79998779296875,552.25,100,100,0.0013000000035390258
9367,LSIL_8_patch12.png,0,841.1099853515625,459.20001220703125,100,100,0.0012000000569969416
9368,LSIL_8_patch12.png,0,7.25,384.0299987792969,100,100,0.0010999999940395355
9369,LSIL_8_patch13.png,0,141.93,727.98,100,100,0.7509
9370,LSIL_8_patch13.png,0,939.78,717.98,100,100,0.7343
9371,LSIL_8_patch13.png,0,347.99,221.81,100,100,0.7301
9372,LSIL_8_patch13.png,0,856.12,533.57,100,100,0.7279
9373,LSIL_8_patch13.png,0,312.82,687.52,100,100,0.7159
9374,LSIL_8_patch13.png,0,528.1,789.07,100,100,0.676
9375,LSIL_8_patch13.png,0,385.99,859.05,100,100,0.602
9376,LSIL_8_patch13.png,0,664.62,81.07,100,100,0.5986
9377,LSIL_8_patch13.png,0,367.38,933.23,100,100,0.5977
9378,LSIL_8_patch13.png,0,280.46,382.49,100,100,0.5354
9379,LSIL_8_patch13.png,0,70.38,874.59,100,100,0.507
9380,LSIL_8_patch13.png,0,712.44,60.97,100,100,0.4887
9381,LSIL_8_patch13.png,0,596.67,160.89,100,100,0.4014
9382,LSIL_8_patch13.png,0,172.44,645.68,100,100,0.385
9383,LSIL_8_patch13.png,0,1007.14,98.28,100,100,0.3356
9384,LSIL_8_patch13.png,0,954.18,118.9,100,100,0.2935
9385,LSIL_8_patch13.png,0,309.77,114.82,100,100,0.2806
9386,LSIL_8_patch13.png,0,101.15,204.19,100,100,0.2665
9387,LSIL_8_patch13.png,0,455.01,272.75,100,100,0.2625
9388,LSIL_8_patch13.png,0,50.44,657.73,100,100,0.2612
9389,LSIL_8_patch13.png,0,354.13,716.44,100,100,0.2265
9390,LSIL_8_patch13.png,0,453.25,184.99,100,100,0.2225
9391,LSIL_8_patch13.png,0,13.92,142.69,100,100,0.2153
9392,LSIL_8_patch13.png,0,26.19,568.69,100,100,0.2104
9393,LSIL_8_patch13.png,0,15.16,475.88,100,100,0.2101
9394,LSIL_8_patch13.png,0,460.43,8.01,100,100,0.2019
9395,LSIL_8_patch13.png,0,475.49,231.43,100,100,0.1972
9396,LSIL_8_patch13.png,0,219.22999572753906,800.1099853515625,100,100,0.17110000550746918
9397,LSIL_8_patch13.png,0,84.31,527.85,100,100,0.1595
9398,LSIL_8_patch13.png,0,66.22000122070312,211.3300018310547,100,100,0.12280000001192093
9399,LSIL_8_patch13.png,0,596.55,68.94,100,100,0.1124
9400,LSIL_8_patch13.png,0,759.0700073242188,56.52000045776367,100,100,0.10559999942779541
9401,LSIL_8_patch13.png,0,564.9199829101562,190.55999755859375,100,100,0.10189999639987946
9402,LSIL_8_patch13.png,0,19.790000915527344,1000.1699829101562,100,100,0.09809999912977219
9403,LSIL_8_patch13.png,0,554.02001953125,217.25999450683594,100,100,0.09109999984502792
9404,LSIL_8_patch13.png,0,392.510009765625,630.8300170898438,100,100,0.0877000018954277
9405,LSIL_8_patch13.png,0,114.6500015258789,803.22998046875,100,100,0.08259999752044678
9406,LSIL_8_patch13.png,0,700.0800170898438,41.150001525878906,100,100,0.08160000294446945
9407,LSIL_8_patch13.png,0,43.5099983215332,319.45001220703125,100,100,0.0794999971985817
9408,LSIL_8_patch13.png,0,186.7899932861328,344.82000732421875,100,100,0.07840000092983246
9409,LSIL_8_patch13.png,0,18.1200008392334,695.4199829101562,100,100,0.07339999824762344
9410,LSIL_8_patch13.png,0,357.17999267578125,94.33000183105469,100,100,0.07090000063180923
9411,LSIL_8_patch13.png,0,468.4599914550781,756.239990234375,100,100,0.06610000133514404
9412,LSIL_8_patch13.png,0,6.369999885559082,881.02001953125,100,100,0.06390000134706497
9413,LSIL_8_patch13.png,0,400.3500061035156,256.55999755859375,100,100,0.06270000338554382
9414,LSIL_8_patch13.png,0,1002.510009765625,720.7899780273438,100,100,0.05889999866485596
9415,LSIL_8_patch13.png,0,382.29998779296875,734.1400146484375,100,100,0.05620000138878822
9416,LSIL_8_patch13.png,0,430.6400146484375,169.94000244140625,100,100,0.0551999993622303
9417,LSIL_8_patch13.png,0,5.920000076293945,481.8599853515625,100,100,0.052000001072883606
9418,LSIL_8_patch13.png,0,929.7899780273438,97.18000030517578,100,100,0.046300001442432404
9419,LSIL_8_patch13.png,0,970.3599853515625,242.05999755859375,100,100,0.04529999941587448
9420,LSIL_8_patch13.png,0,945.3599853515625,197.36000061035156,100,100,0.04280000180006027
9421,LSIL_8_patch13.png,0,240.47999572753906,31.889999389648438,100,100,0.0414000004529953
9422,LSIL_8_patch13.png,0,347.55999755859375,405.2300109863281,100,100,0.03909999877214432
9423,LSIL_8_patch13.png,0,126.29000091552734,268.67999267578125,100,100,0.03759999945759773
9424,LSIL_8_patch13.png,0,433.2699890136719,749.75,100,100,0.03500000014901161
9425,LSIL_8_patch13.png,0,54.70000076293945,72.06999969482422,100,100,0.03500000014901161
9426,LSIL_8_patch13.png,0,513.3900146484375,171.67999267578125,100,100,0.03400000184774399
9427,LSIL_8_patch13.png,0,1008.1799926757812,169.91000366210938,100,100,0.03359999880194664
9428,LSIL_8_patch13.png,0,188.50999450683594,125.11000061035156,100,100,0.030899999663233757
9429,LSIL_8_patch13.png,0,314.70001220703125,336.7300109863281,100,100,0.02630000002682209
9430,LSIL_8_patch13.png,0,1018.0,162.1199951171875,100,100,0.023399999365210533
9431,LSIL_8_patch13.png,0,808.2000122070312,316.7699890136719,100,100,0.02329999953508377
9432,LSIL_8_patch13.png,0,117.93000030517578,558.3800048828125,100,100,0.021900000050663948
9433,LSIL_8_patch13.png,0,897.4600219726562,118.54000091552734,100,100,0.0203000009059906
9434,LSIL_8_patch13.png,0,934.97998046875,673.719970703125,100,100,0.02019999921321869
9435,LSIL_8_patch13.png,0,466.4100036621094,66.08999633789062,100,100,0.019999999552965164
9436,LSIL_8_patch13.png,0,54.880001068115234,421.25,100,100,0.019899999722838402
9437,LSIL_8_patch13.png,0,744.7999877929688,8.430000305175781,100,100,0.019600000232458115
9438,LSIL_8_patch13.png,0,12.880000114440918,543.030029296875,100,100,0.019200000911951065
9439,LSIL_8_patch13.png,0,70.37000274658203,899.0599975585938,100,100,0.019099999219179153
9440,LSIL_8_patch13.png,0,458.20001220703125,304.1600036621094,100,100,0.019099999219179153
9441,LSIL_8_patch13.png,0,1002.9099731445312,184.67999267578125,100,100,0.017999999225139618
9442,LSIL_8_patch13.png,0,312.7900085449219,8.350000381469727,100,100,0.01769999973475933
9443,LSIL_8_patch13.png,0,978.469970703125,230.85000610351562,100,100,0.016599999740719795
9444,LSIL_8_patch13.png,0,779.5999755859375,495.6099853515625,100,100,0.016499999910593033
9445,LSIL_8_patch13.png,0,650.47998046875,5.920000076293945,100,100,0.016499999910593033
9446,LSIL_8_patch13.png,0,388.2300109863281,399.45001220703125,100,100,0.015200000256299973
9447,LSIL_8_patch13.png,0,47.470001220703125,481.9599914550781,100,100,0.014499999582767487
9448,LSIL_8_patch13.png,0,900.2899780273438,159.00999450683594,100,100,0.014499999582767487
9449,LSIL_8_patch13.png,0,469.92999267578125,841.489990234375,100,100,0.014100000262260437
9450,LSIL_8_patch13.png,0,248.0,165.4499969482422,100,100,0.013500000350177288
9451,LSIL_8_patch13.png,0,4.75,779.1900024414062,100,100,0.013299999758601189
9452,LSIL_8_patch13.png,0,10.819999694824219,389.5899963378906,100,100,0.013000000268220901
9453,LSIL_8_patch13.png,0,416.3599853515625,874.4400024414062,100,100,0.012799999676644802
9454,LSIL_8_patch13.png,0,287.3800048828125,651.489990234375,100,100,0.012199999764561653
9455,LSIL_8_patch13.png,0,430.9599914550781,34.9900016784668,100,100,0.012000000104308128
9456,LSIL_8_patch13.png,0,234.60000610351562,648.6699829101562,100,100,0.012000000104308128
9457,LSIL_8_patch13.png,0,125.41000366210938,135.32000732421875,100,100,0.011900000274181366
9458,LSIL_8_patch13.png,0,11.680000305175781,991.469970703125,100,100,0.011900000274181366
9459,LSIL_8_patch13.png,0,387.45001220703125,818.8800048828125,100,100,0.011500000022351742
9460,LSIL_8_patch13.png,0,483.45001220703125,101.0199966430664,100,100,0.010900000110268593
9461,LSIL_8_patch13.png,0,700.489990234375,8.069999694824219,100,100,0.010700000450015068
9462,LSIL_8_patch13.png,0,609.97998046875,813.6300048828125,100,100,0.010400000028312206
9463,LSIL_8_patch13.png,0,355.1499938964844,373.4100036621094,100,100,0.010200000368058681
9464,LSIL_8_patch13.png,0,396.1600036621094,72.95999908447266,100,100,0.010099999606609344
9465,LSIL_8_patch13.png,0,252.49000549316406,123.73999786376953,100,100,0.009700000286102295
9466,LSIL_8_patch13.png,0,229.1300048828125,835.6599731445312,100,100,0.009100000374019146
9467,LSIL_8_patch13.png,0,465.54998779296875,179.2100067138672,100,100,0.008999999612569809
9468,LSIL_8_patch13.png,0,598.1099853515625,126.45999908447266,100,100,0.008899999782443047
9469,LSIL_8_patch13.png,0,511.4599914550781,55.5,100,100,0.00800000037997961
9470,LSIL_8_patch13.png,0,345.5799865722656,874.739990234375,100,100,0.007899999618530273
9471,LSIL_8_patch13.png,0,55.54999923706055,16.0,100,100,0.007799999788403511
9472,LSIL_8_patch13.png,0,260.7099914550781,458.739990234375,100,100,0.007400000002235174
9473,LSIL_8_patch13.png,0,352.69000244140625,42.72999954223633,100,100,0.007199999876320362
9474,LSIL_8_patch13.png,0,975.8599853515625,40.61000061035156,100,100,0.0071000000461936
9475,LSIL_8_patch13.png,0,129.00999450683594,412.6099853515625,100,100,0.006800000090152025
9476,LSIL_8_patch13.png,0,321.54998779296875,676.8400268554688,100,100,0.0066999997943639755
9477,LSIL_8_patch13.png,0,540.9000244140625,782.7999877929688,100,100,0.006000000052154064
9478,LSIL_8_patch13.png,0,921.6199951171875,778.0499877929688,100,100,0.005900000222027302
9479,LSIL_8_patch13.png,0,975.4199829101562,255.41000366210938,100,100,0.005900000222027302
9480,LSIL_8_patch13.png,0,10.0,465.6300048828125,100,100,0.005900000222027302
9481,LSIL_8_patch13.png,0,846.989990234375,524.3599853515625,100,100,0.005900000222027302
9482,LSIL_8_patch13.png,0,4.409999847412109,17.8700008392334,100,100,0.005900000222027302
9483,LSIL_8_patch13.png,0,180.69000244140625,178.75999450683594,100,100,0.005400000140070915
9484,LSIL_8_patch13.png,0,869.9099731445312,15.760000228881836,100,100,0.005100000184029341
9485,LSIL_8_patch13.png,0,444.6600036621094,538.3499755859375,100,100,0.004999999888241291
9486,LSIL_8_patch13.png,0,358.3699951171875,922.4199829101562,100,100,0.004699999932199717
9487,LSIL_8_patch13.png,0,81.47000122070312,864.4199829101562,100,100,0.004600000102072954
9488,LSIL_8_patch13.png,0,1008.530029296875,403.2699890136719,100,100,0.004600000102072954
9489,LSIL_8_patch13.png,0,724.0800170898438,51.040000915527344,100,100,0.0044999998062849045
9490,LSIL_8_patch13.png,0,441.3699951171875,180.60000610351562,100,100,0.00430000014603138
9491,LSIL_8_patch13.png,0,368.760009765625,722.6599731445312,100,100,0.00419999985024333
9492,LSIL_8_patch13.png,0,1015.6699829101562,182.00999450683594,100,100,0.004100000020116568
9493,LSIL_8_patch13.png,0,206.4600067138672,797.9199829101562,100,100,0.004000000189989805
9494,LSIL_8_patch13.png,0,302.67999267578125,678.1199951171875,100,100,0.004000000189989805
9495,LSIL_8_patch13.png,0,948.5599975585938,707.8300170898438,100,100,0.004000000189989805
9496,LSIL_8_patch13.png,0,30.969999313354492,686.969970703125,100,100,0.0038999998942017555
9497,LSIL_8_patch13.png,0,67.45999908447266,858.5599975585938,100,100,0.0038999998942017555
9498,LSIL_8_patch13.png,0,1014.4099731445312,85.66999816894531,100,100,0.003700000001117587
9499,LSIL_8_patch13.png,0,376.3500061035156,923.219970703125,100,100,0.003700000001117587
9500,LSIL_8_patch13.png,0,614.5,6.03000020980835,100,100,0.003700000001117587
9501,LSIL_8_patch13.png,0,841.3900146484375,18.690000534057617,100,100,0.003700000001117587
9502,LSIL_8_patch13.png,0,12.010000228881836,233.5399932861328,100,100,0.003700000001117587
9503,LSIL_8_patch13.png,0,658.5599975585938,751.52001953125,100,100,0.003700000001117587
9504,LSIL_8_patch13.png,0,6.230000019073486,128.30999755859375,100,100,0.003599999938160181
9505,LSIL_8_patch13.png,0,928.7000122070312,709.1699829101562,100,100,0.003599999938160181
9506,LSIL_8_patch13.png,0,378.1300048828125,849.0399780273438,100,100,0.003599999938160181
9507,LSIL_8_patch13.png,0,11.029999732971191,1006.7999877929688,100,100,0.003599999938160181
9508,LSIL_8_patch13.png,0,510.8699951171875,782.8200073242188,100,100,0.0035000001080334187
9509,LSIL_8_patch13.png,0,486.07000732421875,60.7400016784668,100,100,0.0032999999821186066
9510,LSIL_8_patch13.png,0,746.3900146484375,151.89999389648438,100,100,0.0032999999821186066
9511,LSIL_8_patch13.png,0,738.8800048828125,184.8699951171875,100,100,0.0032999999821186066
9512,LSIL_8_patch13.png,0,433.8999938964844,856.469970703125,100,100,0.0032999999821186066
9513,LSIL_8_patch13.png,0,128.4499969482422,723.9000244140625,100,100,0.0032999999821186066
9514,LSIL_8_patch13.png,0,35.93000030517578,558.280029296875,100,100,0.0032999999821186066
9515,LSIL_8_patch13.png,0,137.16000366210938,712.4299926757812,100,100,0.0031999999191612005
9516,LSIL_8_patch13.png,0,1015.4099731445312,18.790000915527344,100,100,0.0031999999191612005
9517,LSIL_8_patch13.png,0,867.8499755859375,527.1599731445312,100,100,0.003100000089034438
9518,LSIL_8_patch13.png,0,540.27001953125,797.4299926757812,100,100,0.003000000026077032
9519,LSIL_8_patch13.png,0,696.5399780273438,134.02000427246094,100,100,0.003000000026077032
9520,LSIL_8_patch13.png,0,151.30999755859375,716.2100219726562,100,100,0.002899999963119626
9521,LSIL_8_patch13.png,0,1018.3300170898438,571.8699951171875,100,100,0.00279999990016222
9522,LSIL_8_patch13.png,0,345.7699890136719,709.4299926757812,100,100,0.00279999990016222
9523,LSIL_8_patch13.png,0,589.4500122070312,146.9499969482422,100,100,0.00279999990016222
9524,LSIL_8_patch13.png,0,37.970001220703125,895.8499755859375,100,100,0.00279999990016222
9525,LSIL_8_patch13.png,0,635.4500122070312,11.069999694824219,100,100,0.0027000000700354576
9526,LSIL_8_patch13.png,0,40.540000915527344,648.4600219726562,100,100,0.0027000000700354576
9527,LSIL_8_patch13.png,0,57.7400016784668,869.969970703125,100,100,0.0027000000700354576
9528,LSIL_8_patch13.png,0,460.04998779296875,767.2000122070312,100,100,0.0026000000070780516
9529,LSIL_8_patch13.png,0,284.6400146484375,418.9200134277344,100,100,0.0026000000070780516
9530,LSIL_8_patch13.png,0,389.19000244140625,722.6900024414062,100,100,0.0026000000070780516
9531,LSIL_8_patch13.png,0,61.7400016784668,644.6500244140625,100,100,0.002400000113993883
9532,LSIL_8_patch13.png,0,265.6300048828125,377.94000244140625,100,100,0.002400000113993883
9533,LSIL_8_patch13.png,0,594.3099975585938,8.819999694824219,100,100,0.002300000051036477
9534,LSIL_8_patch13.png,0,984.5700073242188,245.49000549316406,100,100,0.002300000051036477
9535,LSIL_8_patch13.png,0,958.7100219726562,232.44000244140625,100,100,0.002199999988079071
9536,LSIL_8_patch13.png,0,341.3900146484375,208.3000030517578,100,100,0.002199999988079071
9537,LSIL_8_patch13.png,0,1012.989990234375,593.5999755859375,100,100,0.002199999988079071
9538,LSIL_8_patch13.png,0,893.4400024414062,507.6300048828125,100,100,0.002099999925121665
9539,LSIL_8_patch13.png,0,1017.9099731445312,674.030029296875,100,100,0.002099999925121665
9540,LSIL_8_patch13.png,0,473.4100036621094,86.9800033569336,100,100,0.002099999925121665
9541,LSIL_8_patch13.png,0,728.5399780273438,65.3499984741211,100,100,0.0020000000949949026
9542,LSIL_8_patch13.png,0,295.20001220703125,802.969970703125,100,100,0.0019000000320374966
9543,LSIL_8_patch13.png,0,967.6799926757812,108.9000015258789,100,100,0.0017999999690800905
9544,LSIL_8_patch13.png,0,356.94000244140625,209.22999572753906,100,100,0.0017999999690800905
9545,LSIL_8_patch13.png,0,8.039999961853027,708.8499755859375,100,100,0.0015999999595806003
9546,LSIL_8_patch13.png,0,364.2099914550781,774.3599853515625,100,100,0.0015999999595806003
9547,LSIL_8_patch13.png,0,179.82000732421875,654.8099975585938,100,100,0.001500000013038516
9548,LSIL_8_patch13.png,0,656.510009765625,69.08999633789062,100,100,0.001500000013038516
9549,LSIL_8_patch13.png,0,532.010009765625,773.5700073242188,100,100,0.00139999995008111
9550,LSIL_8_patch13.png,0,945.030029296875,87.13999938964844,100,100,0.00139999995008111
9551,LSIL_8_patch13.png,0,1018.8099975585938,412.0199890136719,100,100,0.00139999995008111
9552,LSIL_8_patch13.png,0,323.0199890136719,109.95999908447266,100,100,0.0013000000035390258
9553,LSIL_8_patch13.png,0,220.02000427246094,783.6500244140625,100,100,0.0012000000569969416
9554,LSIL_8_patch13.png,0,308.489990234375,100.3499984741211,100,100,0.0010999999940395355
9555,LSIL_8_patch14.png,0,407.79,553.8,100,100,0.7829
9556,LSIL_8_patch14.png,0,140.2,164.49,100,100,0.7473
9557,LSIL_8_patch14.png,0,348.35,805.51,100,100,0.7356
9558,LSIL_8_patch14.png,0,50.91,194.72,100,100,0.7102
9559,LSIL_8_patch14.png,0,861.51,849.69,100,100,0.7037
9560,LSIL_8_patch14.png,0,440.04,925.53,100,100,0.6978
9561,LSIL_8_patch14.png,0,928.49,934.82,100,100,0.6647
9562,LSIL_8_patch14.png,0,687.55,772.94,100,100,0.6159
9563,LSIL_8_patch14.png,0,956.05,794.05,100,100,0.5678
9564,LSIL_8_patch14.png,0,256.32,688.62,100,100,0.4552
9565,LSIL_8_patch14.png,0,834.12,739.49,100,100,0.434
9566,LSIL_8_patch14.png,0,64.8,788.55,100,100,0.378
9567,LSIL_8_patch14.png,0,654.97998046875,740.5399780273438,100,100,0.2549999952316284
9568,LSIL_8_patch14.png,0,864.6900024414062,820.6199951171875,100,100,0.18119999766349792
9569,LSIL_8_patch14.png,0,885.52,978.67,100,100,0.1686
9570,LSIL_8_patch14.png,0,637.1599731445312,216.8699951171875,100,100,0.1348000019788742
9571,LSIL_8_patch14.png,0,459.989990234375,1005.530029296875,100,100,0.024800000712275505
9572,LSIL_8_patch14.png,0,963.5499877929688,901.7000122070312,100,100,0.024299999698996544
9573,LSIL_8_patch14.png,0,409.2200012207031,582.3800048828125,100,100,0.021400000900030136
9574,LSIL_8_patch14.png,0,885.8499755859375,740.6300048828125,100,100,0.019200000911951065
9575,LSIL_8_patch14.png,0,252.9499969482422,1017.1199951171875,100,100,0.018799999728798866
9576,LSIL_8_patch14.png,0,128.22000122070312,1017.5,100,100,0.017799999564886093
9577,LSIL_8_patch14.png,0,757.7999877929688,854.3300170898438,100,100,0.015300000086426735
9578,LSIL_8_patch14.png,0,12.960000038146973,418.70001220703125,100,100,0.014999999664723873
9579,LSIL_8_patch14.png,0,1015.989990234375,996.1400146484375,100,100,0.014299999922513962
9580,LSIL_8_patch14.png,0,5.849999904632568,804.6799926757812,100,100,0.014100000262260437
9581,LSIL_8_patch14.png,0,718.1900024414062,755.510009765625,100,100,0.01269999984651804
9582,LSIL_8_patch14.png,0,393.739990234375,103.93000030517578,100,100,0.010499999858438969
9583,LSIL_8_patch14.png,0,43.79999923706055,184.13999938964844,100,100,0.009999999776482582
9584,LSIL_8_patch14.png,0,325.4100036621094,257.42999267578125,100,100,0.009700000286102295
9585,LSIL_8_patch14.png,0,761.6500244140625,892.489990234375,100,100,0.008299999870359898
9586,LSIL_8_patch14.png,0,850.1799926757812,842.969970703125,100,100,0.008299999870359898
9587,LSIL_8_patch14.png,0,946.760009765625,784.8300170898438,100,100,0.008200000040233135
9588,LSIL_8_patch14.png,0,4.829999923706055,874.9199829101562,100,100,0.008100000210106373
9589,LSIL_8_patch14.png,0,306.9200134277344,240.4600067138672,100,100,0.007199999876320362
9590,LSIL_8_patch14.png,0,967.6599731445312,785.1400146484375,100,100,0.007199999876320362
9591,LSIL_8_patch14.png,0,396.9200134277344,868.760009765625,100,100,0.007000000216066837
9592,LSIL_8_patch14.png,0,367.5899963378906,244.58999633789062,100,100,0.005799999926239252
9593,LSIL_8_patch14.png,0,920.7100219726562,919.8800048828125,100,100,0.004399999976158142
9594,LSIL_8_patch14.png,0,414.7799987792969,542.27001953125,100,100,0.004399999976158142
9595,LSIL_8_patch14.png,0,671.4000244140625,759.0,100,100,0.00419999985024333
9596,LSIL_8_patch14.png,0,461.25,509.5299987792969,100,100,0.00419999985024333
9597,LSIL_8_patch14.png,0,55.63999938964844,295.1000061035156,100,100,0.0038999998942017555
9598,LSIL_8_patch14.png,0,364.0400085449219,800.6099853515625,100,100,0.003599999938160181
9599,LSIL_8_patch14.png,0,131.6300048828125,155.52999877929688,100,100,0.003599999938160181
9600,LSIL_8_patch14.png,0,130.42999267578125,628.5599975585938,100,100,0.0035000001080334187
9601,LSIL_8_patch14.png,0,825.3800048828125,753.22998046875,100,100,0.0032999999821186066
9602,LSIL_8_patch14.png,0,342.04998779296875,794.0599975585938,100,100,0.0031999999191612005
9603,LSIL_8_patch14.png,0,939.1900024414062,921.1099853515625,100,100,0.0031999999191612005
9604,LSIL_8_patch14.png,0,76.2300033569336,1017.6199951171875,100,100,0.003100000089034438
9605,LSIL_8_patch14.png,0,844.4000244140625,728.3200073242188,100,100,0.003000000026077032
9606,LSIL_8_patch14.png,0,310.44000244140625,909.739990234375,100,100,0.00279999990016222
9607,LSIL_8_patch14.png,0,851.9500122070312,742.0499877929688,100,100,0.0027000000700354576
9608,LSIL_8_patch14.png,0,817.8800048828125,735.469970703125,100,100,0.0024999999441206455
9609,LSIL_8_patch14.png,0,816.0599975585938,53.029998779296875,100,100,0.0024999999441206455
9610,LSIL_8_patch14.png,0,431.6499938964844,914.2999877929688,100,100,0.002400000113993883
9611,LSIL_8_patch14.png,0,60.279998779296875,11.350000381469727,100,100,0.002400000113993883
9612,LSIL_8_patch14.png,0,396.95001220703125,544.4199829101562,100,100,0.002300000051036477
9613,LSIL_8_patch14.png,0,871.4400024414062,859.47998046875,100,100,0.002300000051036477
9614,LSIL_8_patch14.png,0,151.07000732421875,159.0800018310547,100,100,0.0020000000949949026
9615,LSIL_8_patch14.png,0,584.4099731445312,232.44000244140625,100,100,0.0019000000320374966
9616,LSIL_8_patch14.png,0,40.40999984741211,202.25999450683594,100,100,0.0015999999595806003
9617,LSIL_8_patch14.png,0,417.5799865722656,563.510009765625,100,100,0.001500000013038516
9618,LSIL_8_patch14.png,0,401.2300109863281,572.2000122070312,100,100,0.00139999995008111
9619,SCC_1_patch01.png,0,635.38,755.63,100,100,0.6369
9620,SCC_1_patch01.png,0,954.3,930.41,100,100,0.5909
9621,SCC_1_patch01.png,0,681.66,918.04,100,100,0.5775
9622,SCC_1_patch01.png,0,613.7,281.8,100,100,0.5045
9623,SCC_1_patch01.png,0,524.74,598.51,100,100,0.4916
9624,SCC_1_patch01.png,0,409.73,433.71,100,100,0.4728
9625,SCC_1_patch01.png,0,800.77,68.33,100,100,0.4618
9626,SCC_1_patch01.png,0,858.48,292.35,100,100,0.4571
9627,SCC_1_patch01.png,0,339.51,33.45,100,100,0.4208
9628,SCC_1_patch01.png,0,440.32,410.66,100,100,0.411
9629,SCC_1_patch01.png,0,940.39,404.98,100,100,0.3773
9630,SCC_1_patch01.png,0,751.07,365.12,100,100,0.3586
9631,SCC_1_patch01.png,0,272.74,11.2,100,100,0.3329
9632,SCC_1_patch01.png,0,867.46,488.18,100,100,0.3285
9633,SCC_1_patch01.png,0,685.98,254.36,100,100,0.2934
9634,SCC_1_patch01.png,0,526.1,1008.67,100,100,0.2924
9635,SCC_1_patch01.png,0,572.64,441.6,100,100,0.2492
9636,SCC_1_patch01.png,0,200.94,407.15,100,100,0.227
9637,SCC_1_patch01.png,0,789.03,301.0,100,100,0.2267
9638,SCC_1_patch01.png,0,505.14,807.89,100,100,0.2138
9639,SCC_1_patch01.png,0,349.75,640.5599975585938,100,100,0.17470000684261322
9640,SCC_1_patch01.png,0,349.49,429.73,100,100,0.1702
9641,SCC_1_patch01.png,0,464.36,113.49,100,100,0.153
9642,SCC_1_patch01.png,0,59.65,153.47,100,100,0.1439
9643,SCC_1_patch01.png,0,706.49,404.29,100,100,0.1382
9644,SCC_1_patch01.png,0,273.85,494.42,100,100,0.1284
9645,SCC_1_patch01.png,0,712.4600219726562,220.33999633789062,100,100,0.125
9646,SCC_1_patch01.png,0,501.09,838.86,100,100,0.1178
9647,SCC_1_patch01.png,0,888.1500244140625,94.80000305175781,100,100,0.0828000009059906
9648,SCC_1_patch01.png,0,897.2000122070312,343.5400085449219,100,100,0.053199999034404755
9649,SCC_1_patch01.png,0,42.58000183105469,1013.239990234375,100,100,0.05290000140666962
9650,SCC_1_patch01.png,0,711.5599975585938,359.19000244140625,100,100,0.052799999713897705
9651,SCC_1_patch01.png,0,962.1300048828125,332.3900146484375,100,100,0.04410000145435333
9652,SCC_1_patch01.png,0,252.07000732421875,762.6400146484375,100,100,0.03680000081658363
9653,SCC_1_patch01.png,0,485.6700134277344,88.80000305175781,100,100,0.0340999998152256
9654,SCC_1_patch01.png,0,785.22998046875,1008.760009765625,100,100,0.02500000037252903
9655,SCC_1_patch01.png,0,603.8400268554688,268.8800048828125,100,100,0.017899999395012856
9656,SCC_1_patch01.png,0,574.97998046875,11.680000305175781,100,100,0.016300000250339508
9657,SCC_1_patch01.png,0,420.0899963378906,422.989990234375,100,100,0.010900000110268593
9658,SCC_1_patch01.png,0,620.52001953125,457.2200012207031,100,100,0.01080000028014183
9659,SCC_1_patch01.png,0,445.55999755859375,317.5799865722656,100,100,0.010700000450015068
9660,SCC_1_patch01.png,0,929.469970703125,395.1400146484375,100,100,0.009700000286102295
9661,SCC_1_patch01.png,0,500.3800048828125,484.9599914550781,100,100,0.009200000204145908
9662,SCC_1_patch01.png,0,299.8500061035156,716.5999755859375,100,100,0.009200000204145908
9663,SCC_1_patch01.png,0,667.7999877929688,917.0999755859375,100,100,0.009100000374019146
9664,SCC_1_patch01.png,0,1017.1900024414062,115.41999816894531,100,100,0.008700000122189522
9665,SCC_1_patch01.png,0,625.739990234375,288.6199951171875,100,100,0.008700000122189522
9666,SCC_1_patch01.png,0,470.9800109863281,684.5700073242188,100,100,0.007699999958276749
9667,SCC_1_patch01.png,0,788.7899780273438,389.1199951171875,100,100,0.007600000128149986
9668,SCC_1_patch01.png,0,923.1799926757812,1017.6500244140625,100,100,0.007499999832361937
9669,SCC_1_patch01.png,0,861.5800170898438,972.1599731445312,100,100,0.007199999876320362
9670,SCC_1_patch01.png,0,936.7100219726562,777.8900146484375,100,100,0.007000000216066837
9671,SCC_1_patch01.png,0,844.6400146484375,281.989990234375,100,100,0.006399999838322401
9672,SCC_1_patch01.png,0,385.5299987792969,989.6799926757812,100,100,0.006200000178068876
9673,SCC_1_patch01.png,0,622.9099731445312,270.1400146484375,100,100,0.006099999882280827
9674,SCC_1_patch01.png,0,701.530029296875,913.3400268554688,100,100,0.006000000052154064
9675,SCC_1_patch01.png,0,625.030029296875,748.9600219726562,100,100,0.005900000222027302
9676,SCC_1_patch01.png,0,1013.7899780273438,500.42999267578125,100,100,0.00570000009611249
9677,SCC_1_patch01.png,0,645.22998046875,537.2899780273438,100,100,0.00570000009611249
9678,SCC_1_patch01.png,0,1019.8599853515625,792.52001953125,100,100,0.00570000009611249
9679,SCC_1_patch01.png,0,633.8900146484375,203.30999755859375,100,100,0.005499999970197678
9680,SCC_1_patch01.png,0,539.510009765625,249.44000244140625,100,100,0.0052999998442828655
9681,SCC_1_patch01.png,0,306.760009765625,261.75,100,100,0.004999999888241291
9682,SCC_1_patch01.png,0,874.6400146484375,285.6199951171875,100,100,0.004900000058114529
9683,SCC_1_patch01.png,0,110.38999938964844,808.1099853515625,100,100,0.004699999932199717
9684,SCC_1_patch01.png,0,331.5299987792969,20.020000457763672,100,100,0.004000000189989805
9685,SCC_1_patch01.png,0,693.0599975585938,923.9199829101562,100,100,0.003800000064074993
9686,SCC_1_patch01.png,0,1019.1400146484375,724.1099853515625,100,100,0.003599999938160181
9687,SCC_1_patch01.png,0,515.8699951171875,585.5599975585938,100,100,0.0035000001080334187
9688,SCC_1_patch01.png,0,399.1600036621094,425.32000732421875,100,100,0.0034000000450760126
9689,SCC_1_patch01.png,0,611.1699829101562,387.8800048828125,100,100,0.0032999999821186066
9690,SCC_1_patch01.png,0,616.8400268554688,199.50999450683594,100,100,0.0032999999821186066
9691,SCC_1_patch01.png,0,644.719970703125,745.6099853515625,100,100,0.0031999999191612005
9692,SCC_1_patch01.png,0,174.63999938964844,450.3500061035156,100,100,0.0031999999191612005
9693,SCC_1_patch01.png,0,178.99000549316406,755.489990234375,100,100,0.003100000089034438
9694,SCC_1_patch01.png,0,581.8800048828125,978.5,100,100,0.002899999963119626
9695,SCC_1_patch01.png,0,1016.4199829101562,265.2099914550781,100,100,0.002899999963119626
9696,SCC_1_patch01.png,0,594.3800048828125,878.22998046875,100,100,0.002899999963119626
9697,SCC_1_patch01.png,0,699.6400146484375,239.74000549316406,100,100,0.00279999990016222
9698,SCC_1_patch01.png,0,760.1699829101562,351.260009765625,100,100,0.00279999990016222
9699,SCC_1_patch01.png,0,533.4099731445312,931.0399780273438,100,100,0.0027000000700354576
9700,SCC_1_patch01.png,0,725.0999755859375,228.1999969482422,100,100,0.0027000000700354576
9701,SCC_1_patch01.png,0,29.6299991607666,255.72000122070312,100,100,0.0026000000070780516
9702,SCC_1_patch01.png,0,265.67999267578125,758.9500122070312,100,100,0.0024999999441206455
9703,SCC_1_patch01.png,0,564.7899780273438,562.469970703125,100,100,0.002400000113993883
9704,SCC_1_patch01.png,0,288.55999755859375,933.1500244140625,100,100,0.002400000113993883
9705,SCC_1_patch01.png,0,387.67999267578125,744.530029296875,100,100,0.002400000113993883
9706,SCC_1_patch01.png,0,722.02001953125,55.45000076293945,100,100,0.002300000051036477
9707,SCC_1_patch01.png,0,839.1699829101562,826.989990234375,100,100,0.002300000051036477
9708,SCC_1_patch01.png,0,422.989990234375,900.0700073242188,100,100,0.002199999988079071
9709,SCC_1_patch01.png,0,390.3500061035156,524.25,100,100,0.002099999925121665
9710,SCC_1_patch01.png,0,255.19000244140625,389.5199890136719,100,100,0.002099999925121665
9711,SCC_1_patch01.png,0,766.0999755859375,366.1499938964844,100,100,0.002099999925121665
9712,SCC_1_patch01.png,0,970.8300170898438,876.4000244140625,100,100,0.0020000000949949026
9713,SCC_1_patch01.png,0,434.7099914550781,396.010009765625,100,100,0.0020000000949949026
9714,SCC_1_patch01.png,0,346.0,16.149999618530273,100,100,0.0019000000320374966
9715,SCC_1_patch01.png,0,692.5700073242188,801.1199951171875,100,100,0.0019000000320374966
9716,SCC_1_patch01.png,0,846.9500122070312,300.8800048828125,100,100,0.0017999999690800905
9717,SCC_1_patch01.png,0,532.6099853515625,586.0599975585938,100,100,0.0017999999690800905
9718,SCC_1_patch01.png,0,679.4299926757812,127.58000183105469,100,100,0.0017000000225380063
9719,SCC_1_patch01.png,0,756.1599731445312,736.77001953125,100,100,0.0017000000225380063
9720,SCC_1_patch01.png,0,737.8099975585938,353.17999267578125,100,100,0.0017000000225380063
9721,SCC_1_patch01.png,0,348.07000732421875,249.4600067138672,100,100,0.0015999999595806003
9722,SCC_1_patch01.png,0,1003.5499877929688,287.80999755859375,100,100,0.00139999995008111
9723,SCC_1_patch01.png,0,825.5,858.4600219726562,100,100,0.00139999995008111
9724,SCC_1_patch01.png,0,876.1699829101562,771.5599975585938,100,100,0.0013000000035390258
9725,SCC_1_patch01.png,0,887.8400268554688,333.0799865722656,100,100,0.0013000000035390258
9726,SCC_1_patch02.png,0,948.81,707.07,100,100,0.6335
9727,SCC_1_patch02.png,0,960.54,493.75,100,100,0.615
9728,SCC_1_patch02.png,0,157.33,372.32,100,100,0.6066
9729,SCC_1_patch02.png,0,507.43,296.99,100,100,0.5699
9730,SCC_1_patch02.png,0,476.05,864.83,100,100,0.5167
9731,SCC_1_patch02.png,0,198.79,105.26,100,100,0.4573
9732,SCC_1_patch02.png,0,950.54,861.13,100,100,0.4451
9733,SCC_1_patch02.png,0,619.03,852.72,100,100,0.4358
9734,SCC_1_patch02.png,0,113.35,445.49,100,100,0.4134
9735,SCC_1_patch02.png,0,267.29,699.8,100,100,0.4034
9736,SCC_1_patch02.png,0,124.58,51.52,100,100,0.3926
9737,SCC_1_patch02.png,0,602.79,205.71,100,100,0.369
9738,SCC_1_patch02.png,0,819.17,374.74,100,100,0.369
9739,SCC_1_patch02.png,0,686.77,333.98,100,100,0.3604
9740,SCC_1_patch02.png,0,479.99,124.39,100,100,0.3257
9741,SCC_1_patch02.png,0,725.7,485.63,100,100,0.299
9742,SCC_1_patch02.png,0,91.44,400.11,100,100,0.2361
9743,SCC_1_patch02.png,0,514.81,629.13,100,100,0.202
9744,SCC_1_patch02.png,0,893.7000122070312,935.2100219726562,100,100,0.17560000717639923
9745,SCC_1_patch02.png,0,405.9,191.57,100,100,0.1728
9746,SCC_1_patch02.png,0,616.2000122070312,271.05999755859375,100,100,0.12860000133514404
9747,SCC_1_patch02.png,0,885.34,441.3,100,100,0.1213
9748,SCC_1_patch02.png,0,846.6500244140625,769.5399780273438,100,100,0.1177000030875206
9749,SCC_1_patch02.png,0,755.1900024414062,370.2200012207031,100,100,0.08980000019073486
9750,SCC_1_patch02.png,0,488.8699951171875,377.9800109863281,100,100,0.07999999821186066
9751,SCC_1_patch02.png,0,442.3599853515625,118.38999938964844,100,100,0.06270000338554382
9752,SCC_1_patch02.png,0,172.6699981689453,9.960000038146973,100,100,0.04170000180602074
9753,SCC_1_patch02.png,0,589.5599975585938,318.8299865722656,100,100,0.03929999843239784
9754,SCC_1_patch02.png,0,597.0800170898438,158.6300048828125,100,100,0.038600001484155655
9755,SCC_1_patch02.png,0,801.5599975585938,408.92999267578125,100,100,0.0357000008225441
9756,SCC_1_patch02.png,0,325.7300109863281,835.2100219726562,100,100,0.03400000184774399
9757,SCC_1_patch02.png,0,692.6199951171875,295.7200012207031,100,100,0.02979999966919422
9758,SCC_1_patch02.png,0,159.58999633789062,6.550000190734863,100,100,0.029600000008940697
9759,SCC_1_patch02.png,0,324.1000061035156,252.55999755859375,100,100,0.026000000536441803
9760,SCC_1_patch02.png,0,846.260009765625,506.2900085449219,100,100,0.025599999353289604
9761,SCC_1_patch02.png,0,284.4100036621094,961.0,100,100,0.024299999698996544
9762,SCC_1_patch02.png,0,874.5399780273438,187.7899932861328,100,100,0.024299999698996544
9763,SCC_1_patch02.png,0,474.510009765625,954.0599975585938,100,100,0.020099999383091927
9764,SCC_1_patch02.png,0,403.94000244140625,172.38999938964844,100,100,0.019899999722838402
9765,SCC_1_patch02.png,0,434.3900146484375,6.570000171661377,100,100,0.01979999989271164
9766,SCC_1_patch02.png,0,1003.8400268554688,199.17999267578125,100,100,0.017400000244379044
9767,SCC_1_patch02.png,0,8.270000457763672,509.3999938964844,100,100,0.01720000058412552
9768,SCC_1_patch02.png,0,391.2799987792969,1010.6799926757812,100,100,0.016100000590085983
9769,SCC_1_patch02.png,0,338.75,564.5599975585938,100,100,0.01590000092983246
9770,SCC_1_patch02.png,0,871.2899780273438,392.17999267578125,100,100,0.015200000256299973
9771,SCC_1_patch02.png,0,275.1600036621094,18.860000610351562,100,100,0.014700000174343586
9772,SCC_1_patch02.png,0,208.72999572753906,1016.3400268554688,100,100,0.014600000344216824
9773,SCC_1_patch02.png,0,197.1199951171875,31.479999542236328,100,100,0.014000000432133675
9774,SCC_1_patch02.png,0,910.5700073242188,1004.0599975585938,100,100,0.013100000098347664
9775,SCC_1_patch02.png,0,499.5400085449219,4.880000114440918,100,100,0.013000000268220901
9776,SCC_1_patch02.png,0,951.1400146484375,365.80999755859375,100,100,0.012199999764561653
9777,SCC_1_patch02.png,0,357.1000061035156,11.289999961853027,100,100,0.011900000274181366
9778,SCC_1_patch02.png,0,68.83000183105469,633.9500122070312,100,100,0.011599999852478504
9779,SCC_1_patch02.png,0,883.1500244140625,580.489990234375,100,100,0.010700000450015068
9780,SCC_1_patch02.png,0,170.02999877929688,376.3299865722656,100,100,0.010400000028312206
9781,SCC_1_patch02.png,0,252.25,4.489999771118164,100,100,0.010099999606609344
9782,SCC_1_patch02.png,0,203.9600067138672,20.68000030517578,100,100,0.00989999994635582
9783,SCC_1_patch02.png,0,4.179999828338623,183.24000549316406,100,100,0.009399999864399433
9784,SCC_1_patch02.png,0,362.6700134277344,95.04000091552734,100,100,0.008799999952316284
9785,SCC_1_patch02.png,0,362.79998779296875,176.52000427246094,100,100,0.007799999788403511
9786,SCC_1_patch02.png,0,391.9700012207031,180.99000549316406,100,100,0.0071000000461936
9787,SCC_1_patch02.png,0,255.1999969482422,693.72998046875,100,100,0.0066999997943639755
9788,SCC_1_patch02.png,0,421.05999755859375,92.0999984741211,100,100,0.006599999964237213
9789,SCC_1_patch02.png,0,911.780029296875,597.8800048828125,100,100,0.006500000134110451
9790,SCC_1_patch02.png,0,751.6099853515625,391.29998779296875,100,100,0.006300000008195639
9791,SCC_1_patch02.png,0,58.56999969482422,139.2899932861328,100,100,0.006200000178068876
9792,SCC_1_patch02.png,0,492.3699951171875,117.4800033569336,100,100,0.006099999882280827
9793,SCC_1_patch02.png,0,718.030029296875,475.57000732421875,100,100,0.006000000052154064
9794,SCC_1_patch02.png,0,461.1400146484375,118.55999755859375,100,100,0.005799999926239252
9795,SCC_1_patch02.png,0,114.97000122070312,43.06999969482422,100,100,0.00559999980032444
9796,SCC_1_patch02.png,0,735.8599853515625,200.9499969482422,100,100,0.005499999970197678
9797,SCC_1_patch02.png,0,624.6400146484375,204.8000030517578,100,100,0.005100000184029341
9798,SCC_1_patch02.png,0,492.2300109863281,300.8599853515625,100,100,0.004999999888241291
9799,SCC_1_patch02.png,0,115.13999938964844,62.150001525878906,100,100,0.004999999888241291
9800,SCC_1_patch02.png,0,337.0799865722656,940.2999877929688,100,100,0.004900000058114529
9801,SCC_1_patch02.png,0,181.8000030517578,60.08000183105469,100,100,0.00430000014603138
9802,SCC_1_patch02.png,0,517.3200073242188,284.6199951171875,100,100,0.00419999985024333
9803,SCC_1_patch02.png,0,545.5599975585938,658.7999877929688,100,100,0.00419999985024333
9804,SCC_1_patch02.png,0,798.6300048828125,791.4000244140625,100,100,0.003800000064074993
9805,SCC_1_patch02.png,0,917.260009765625,219.0,100,100,0.003700000001117587
9806,SCC_1_patch02.png,0,1017.5499877929688,724.02001953125,100,100,0.003700000001117587
9807,SCC_1_patch02.png,0,820.8400268554688,920.72998046875,100,100,0.003700000001117587
9808,SCC_1_patch02.png,0,304.3699951171875,701.3400268554688,100,100,0.0035000001080334187
9809,SCC_1_patch02.png,0,552.1900024414062,248.4199981689453,100,100,0.0035000001080334187
9810,SCC_1_patch02.png,0,1016.9500122070312,287.1300048828125,100,100,0.0034000000450760126
9811,SCC_1_patch02.png,0,552.9600219726562,456.3800048828125,100,100,0.0032999999821186066
9812,SCC_1_patch02.png,0,869.1699829101562,317.510009765625,100,100,0.003100000089034438
9813,SCC_1_patch02.png,0,330.5899963378906,165.66000366210938,100,100,0.003100000089034438
9814,SCC_1_patch02.png,0,788.9199829101562,514.6199951171875,100,100,0.00279999990016222
9815,SCC_1_patch02.png,0,769.969970703125,283.6300048828125,100,100,0.0026000000070780516
9816,SCC_1_patch02.png,0,497.5199890136719,285.17999267578125,100,100,0.0026000000070780516
9817,SCC_1_patch02.png,0,98.69999694824219,437.5199890136719,100,100,0.0026000000070780516
9818,SCC_1_patch02.png,0,131.92999267578125,35.95000076293945,100,100,0.0026000000070780516
9819,SCC_1_patch02.png,0,855.5399780273438,885.0499877929688,100,100,0.0026000000070780516
9820,SCC_1_patch02.png,0,205.92999267578125,7.78000020980835,100,100,0.002400000113993883
9821,SCC_1_patch02.png,0,167.47000122070312,357.6099853515625,100,100,0.002300000051036477
9822,SCC_1_patch02.png,0,995.6599731445312,576.6699829101562,100,100,0.002300000051036477
9823,SCC_1_patch02.png,0,428.7900085449219,916.22998046875,100,100,0.002300000051036477
9824,SCC_1_patch02.png,0,126.30000305175781,439.3800048828125,100,100,0.002199999988079071
9825,SCC_1_patch02.png,0,499.55999755859375,620.0700073242188,100,100,0.002199999988079071
9826,SCC_1_patch02.png,0,575.6599731445312,966.8099975585938,100,100,0.002099999925121665
9827,SCC_1_patch02.png,0,147.6300048828125,358.9599914550781,100,100,0.0020000000949949026
9828,SCC_1_patch02.png,0,471.3900146484375,137.25,100,100,0.0019000000320374966
9829,SCC_1_patch02.png,0,600.510009765625,951.2899780273438,100,100,0.0017999999690800905
9830,SCC_1_patch02.png,0,189.55999755859375,44.880001068115234,100,100,0.0017000000225380063
9831,SCC_1_patch02.png,0,488.3500061035156,357.69000244140625,100,100,0.0017000000225380063
9832,SCC_1_patch02.png,0,630.6400146484375,353.6199951171875,100,100,0.0015999999595806003
9833,SCC_1_patch02.png,0,233.97000122070312,213.11000061035156,100,100,0.001500000013038516
9834,SCC_1_patch02.png,0,830.5800170898438,363.5299987792969,100,100,0.001500000013038516
9835,SCC_1_patch02.png,0,758.3599853515625,1018.6599731445312,100,100,0.00139999995008111
9836,SCC_1_patch02.png,0,257.45001220703125,713.4500122070312,100,100,0.00139999995008111
9837,SCC_1_patch02.png,0,799.75,1017.52001953125,100,100,0.00139999995008111
9838,SCC_1_patch02.png,0,603.0499877929688,388.94000244140625,100,100,0.0013000000035390258
9839,SCC_1_patch02.png,0,107.83999633789062,456.2200012207031,100,100,0.0013000000035390258
9840,SCC_1_patch02.png,0,936.0499877929688,699.5,100,100,0.0013000000035390258
9841,SCC_1_patch03.png,0,488.09,935.82,100,100,0.6985
9842,SCC_1_patch03.png,0,729.35,387.1,100,100,0.5942
9843,SCC_1_patch03.png,0,97.6,303.88,100,100,0.5378
9844,SCC_1_patch03.png,0,173.89,177.0,100,100,0.5338
9845,SCC_1_patch03.png,0,918.73,916.21,100,100,0.53
9846,SCC_1_patch03.png,0,949.83,746.64,100,100,0.51
9847,SCC_1_patch03.png,0,424.12,826.37,100,100,0.4655
9848,SCC_1_patch03.png,0,569.17,88.07,100,100,0.4371
9849,SCC_1_patch03.png,0,682.47,187.5,100,100,0.4326
9850,SCC_1_patch03.png,0,948.13,459.29,100,100,0.3465
9851,SCC_1_patch03.png,0,699.11,568.09,100,100,0.3402
9852,SCC_1_patch03.png,0,331.5,145.74,100,100,0.2755
9853,SCC_1_patch03.png,0,547.0,794.0,100,100,0.2613687813282013
9854,SCC_1_patch03.png,0,853.010009765625,329.55999755859375,100,100,0.23489999771118164
9855,SCC_1_patch03.png,0,209.43,764.6,100,100,0.2206
9856,SCC_1_patch03.png,0,250.55,98.08,100,100,0.1815
9857,SCC_1_patch03.png,0,130.67999267578125,1017.6300048828125,100,100,0.13349999487400055
9858,SCC_1_patch03.png,0,988.9299926757812,551.260009765625,100,100,0.13289999961853027
9859,SCC_1_patch03.png,0,351.05,731.19,100,100,0.1307
9860,SCC_1_patch03.png,0,380.32,121.58,100,100,0.1206
9861,SCC_1_patch03.png,0,884.5800170898438,521.4500122070312,100,100,0.10639999806880951
9862,SCC_1_patch03.png,0,590.5499877929688,858.0499877929688,100,100,0.10540000349283218
9863,SCC_1_patch03.png,0,688.9199829101562,364.8599853515625,100,100,0.08869999647140503
9864,SCC_1_patch03.png,0,73.12000274658203,1008.989990234375,100,100,0.08590000122785568
9865,SCC_1_patch03.png,0,964.1699829101562,248.35000610351562,100,100,0.0738999992609024
9866,SCC_1_patch03.png,0,943.9199829101562,992.75,100,100,0.0674000009894371
9867,SCC_1_patch03.png,0,653.469970703125,270.42999267578125,100,100,0.06499999761581421
9868,SCC_1_patch03.png,0,636.5700073242188,526.77001953125,100,100,0.06350000202655792
9869,SCC_1_patch03.png,0,264.8299865722656,746.6799926757812,100,100,0.051899999380111694
9870,SCC_1_patch03.png,0,959.3400268554688,616.6599731445312,100,100,0.051500000059604645
9871,SCC_1_patch03.png,0,1015.22998046875,809.2899780273438,100,100,0.0502999983727932
9872,SCC_1_patch03.png,0,870.9400024414062,615.4500122070312,100,100,0.04500000178813934
9873,SCC_1_patch03.png,0,707.6900024414062,440.1000061035156,100,100,0.04439999908208847
9874,SCC_1_patch03.png,0,908.4600219726562,271.44000244140625,100,100,0.03539999946951866
9875,SCC_1_patch03.png,0,363.75,922.219970703125,100,100,0.0348999984562397
9876,SCC_1_patch03.png,0,546.3599853515625,259.8500061035156,100,100,0.03280000016093254
9877,SCC_1_patch03.png,0,661.6900024414062,635.530029296875,100,100,0.02810000069439411
9878,SCC_1_patch03.png,0,538.6699829101562,939.3200073242188,100,100,0.02800000086426735
9879,SCC_1_patch03.png,0,88.66000366210938,969.0,100,100,0.027899999171495438
9880,SCC_1_patch03.png,0,1018.6500244140625,635.9400024414062,100,100,0.027799999341368675
9881,SCC_1_patch03.png,0,956.030029296875,487.3299865722656,100,100,0.026900000870227814
9882,SCC_1_patch03.png,0,263.75,91.52999877929688,100,100,0.026900000870227814
9883,SCC_1_patch03.png,0,676.6500244140625,330.95001220703125,100,100,0.02410000003874302
9884,SCC_1_patch03.png,0,808.9600219726562,15.960000038146973,100,100,0.023399999365210533
9885,SCC_1_patch03.png,0,866.780029296875,480.4800109863281,100,100,0.023000000044703484
9886,SCC_1_patch03.png,0,20.860000610351562,1009.280029296875,100,100,0.022099999710917473
9887,SCC_1_patch03.png,0,931.3400268554688,544.9299926757812,100,100,0.02199999988079071
9888,SCC_1_patch03.png,0,816.3499755859375,825.3200073242188,100,100,0.019099999219179153
9889,SCC_1_patch03.png,0,774.7999877929688,352.54998779296875,100,100,0.01759999990463257
9890,SCC_1_patch03.png,0,1006.8499755859375,736.8200073242188,100,100,0.017000000923871994
9891,SCC_1_patch03.png,0,871.8200073242188,980.1599731445312,100,100,0.016699999570846558
9892,SCC_1_patch03.png,0,938.6599731445312,450.0,100,100,0.014600000344216824
9893,SCC_1_patch03.png,0,685.7899780273438,576.8200073242188,100,100,0.014100000262260437
9894,SCC_1_patch03.png,0,819.3800048828125,57.27000045776367,100,100,0.01360000018030405
9895,SCC_1_patch03.png,0,831.3900146484375,812.6199951171875,100,100,0.013399999588727951
9896,SCC_1_patch03.png,0,1014.8200073242188,126.41999816894531,100,100,0.012299999594688416
9897,SCC_1_patch03.png,0,59.790000915527344,189.55999755859375,100,100,0.012000000104308128
9898,SCC_1_patch03.png,0,508.6000061035156,693.719970703125,100,100,0.011800000444054604
9899,SCC_1_patch03.png,0,725.6799926757812,682.3599853515625,100,100,0.011500000022351742
9900,SCC_1_patch03.png,0,530.27001953125,151.16000366210938,100,100,0.01140000019222498
9901,SCC_1_patch03.png,0,1019.72998046875,719.02001953125,100,100,0.01080000028014183
9902,SCC_1_patch03.png,0,703.719970703125,330.75,100,100,0.010599999688565731
9903,SCC_1_patch03.png,0,784.8200073242188,238.77000427246094,100,100,0.010499999858438969
9904,SCC_1_patch03.png,0,870.47998046875,299.2200012207031,100,100,0.00860000029206276
9905,SCC_1_patch03.png,0,985.3400268554688,813.760009765625,100,100,0.00860000029206276
9906,SCC_1_patch03.png,0,957.0700073242188,450.2300109863281,100,100,0.008100000210106373
9907,SCC_1_patch03.png,0,724.8900146484375,513.4400024414062,100,100,0.007899999618530273
9908,SCC_1_patch03.png,0,85.0999984741211,293.1400146484375,100,100,0.007600000128149986
9909,SCC_1_patch03.png,0,101.7699966430664,286.95001220703125,100,100,0.007199999876320362
9910,SCC_1_patch03.png,0,929.3200073242188,13.170000076293945,100,100,0.006899999920278788
9911,SCC_1_patch03.png,0,32.939998626708984,976.6300048828125,100,100,0.0066999997943639755
9912,SCC_1_patch03.png,0,712.780029296875,563.6099853515625,100,100,0.0066999997943639755
9913,SCC_1_patch03.png,0,674.9199829101562,628.6400146484375,100,100,0.006500000134110451
9914,SCC_1_patch03.png,0,1014.8699951171875,520.6799926757812,100,100,0.006500000134110451
9915,SCC_1_patch03.png,0,920.5900268554688,6.150000095367432,100,100,0.005799999926239252
9916,SCC_1_patch03.png,0,1019.0700073242188,36.54999923706055,100,100,0.00559999980032444
9917,SCC_1_patch03.png,0,571.5,515.4199829101562,100,100,0.00559999980032444
9918,SCC_1_patch03.png,0,665.5399780273438,181.9199981689453,100,100,0.005400000140070915
9919,SCC_1_patch03.png,0,692.4400024414062,197.97999572753906,100,100,0.005100000184029341
9920,SCC_1_patch03.png,0,722.989990234375,319.07000732421875,100,100,0.004800000227987766
9921,SCC_1_patch03.png,0,183.8800048828125,166.08999633789062,100,100,0.004699999932199717
9922,SCC_1_patch03.png,0,115.72000122070312,618.8699951171875,100,100,0.0044999998062849045
9923,SCC_1_patch03.png,0,953.8200073242188,629.8499755859375,100,100,0.004399999976158142
9924,SCC_1_patch03.png,0,470.6600036621094,930.25,100,100,0.00430000014603138
9925,SCC_1_patch03.png,0,669.0900268554688,263.7099914550781,100,100,0.00419999985024333
9926,SCC_1_patch03.png,0,1009.4199829101562,8.729999542236328,100,100,0.004000000189989805
9927,SCC_1_patch03.png,0,529.3699951171875,194.5,100,100,0.004000000189989805
9928,SCC_1_patch03.png,0,646.0599975585938,256.5400085449219,100,100,0.004000000189989805
9929,SCC_1_patch03.png,0,982.6300048828125,704.280029296875,100,100,0.003800000064074993
9930,SCC_1_patch03.png,0,996.489990234375,565.760009765625,100,100,0.003800000064074993
9931,SCC_1_patch03.png,0,496.8999938964844,342.8500061035156,100,100,0.003800000064074993
9932,SCC_1_patch03.png,0,47.099998474121094,305.79998779296875,100,100,0.003599999938160181
9933,SCC_1_patch03.png,0,720.0599975585938,427.55999755859375,100,100,0.0035000001080334187
9934,SCC_1_patch03.png,0,326.010009765625,938.7100219726562,100,100,0.0035000001080334187
9935,SCC_1_patch03.png,0,967.1599731445312,179.6699981689453,100,100,0.0035000001080334187
9936,SCC_1_patch03.png,0,26.770000457763672,839.6300048828125,100,100,0.0032999999821186066
9937,SCC_1_patch03.png,0,415.1600036621094,810.5900268554688,100,100,0.0031999999191612005
9938,SCC_1_patch03.png,0,18.920000076293945,5.989999771118164,100,100,0.003100000089034438
9939,SCC_1_patch03.png,0,636.3800048828125,133.08999633789062,100,100,0.003100000089034438
9940,SCC_1_patch03.png,0,422.4800109863281,773.47998046875,100,100,0.003100000089034438
9941,SCC_1_patch03.png,0,58.439998626708984,1015.5999755859375,100,100,0.003000000026077032
9942,SCC_1_patch03.png,0,1018.010009765625,1007.1400146484375,100,100,0.002899999963119626
9943,SCC_1_patch03.png,0,81.29000091552734,1018.010009765625,100,100,0.002899999963119626
9944,SCC_1_patch03.png,0,7.190000057220459,265.07000732421875,100,100,0.002899999963119626
9945,SCC_1_patch03.png,0,800.8099975585938,816.5499877929688,100,100,0.00279999990016222
9946,SCC_1_patch03.png,0,860.8200073242188,104.7300033569336,100,100,0.00279999990016222
9947,SCC_1_patch03.png,0,703.5800170898438,973.530029296875,100,100,0.0027000000700354576
9948,SCC_1_patch03.png,0,1015.0700073242188,362.2900085449219,100,100,0.0027000000700354576
9949,SCC_1_patch03.png,0,974.3699951171875,616.7000122070312,100,100,0.0024999999441206455
9950,SCC_1_patch03.png,0,800.3200073242188,537.9299926757812,100,100,0.002099999925121665
9951,SCC_1_patch03.png,0,1018.6300048828125,147.85000610351562,100,100,0.0020000000949949026
9952,SCC_1_patch03.png,0,409.489990234375,907.97998046875,100,100,0.0020000000949949026
9953,SCC_1_patch03.png,0,859.72998046875,606.9299926757812,100,100,0.0019000000320374966
9954,SCC_1_patch03.png,0,295.7099914550781,759.7899780273438,100,100,0.0017999999690800905
9955,SCC_1_patch03.png,0,957.3900146484375,730.8900146484375,100,100,0.0017000000225380063
9956,SCC_1_patch03.png,0,893.0800170898438,208.77999877929688,100,100,0.0017000000225380063
9957,SCC_1_patch03.png,0,792.6500244140625,900.8699951171875,100,100,0.0017000000225380063
9958,SCC_1_patch03.png,0,695.030029296875,172.6699981689453,100,100,0.0015999999595806003
9959,SCC_1_patch03.png,0,929.8699951171875,901.5800170898438,100,100,0.0015999999595806003
9960,SCC_1_patch03.png,0,604.25,851.6699829101562,100,100,0.0015999999595806003
9961,SCC_1_patch03.png,0,697.0399780273438,554.4299926757812,100,100,0.0015999999595806003
9962,SCC_1_patch03.png,0,977.8200073242188,537.7100219726562,100,100,0.001500000013038516
9963,SCC_1_patch03.png,0,931.0800170898438,986.2999877929688,100,100,0.00139999995008111
9964,SCC_1_patch03.png,0,534.5900268554688,249.41000366210938,100,100,0.0013000000035390258
9965,SCC_1_patch03.png,0,881.5599975585938,606.489990234375,100,100,0.0012000000569969416
9966,SCC_1_patch03.png,0,518.1500244140625,180.0500030517578,100,100,0.0012000000569969416
9967,SCC_1_patch04.png,0,692.11,698.26,100,100,0.5481
9968,SCC_1_patch04.png,0,627.7,677.05,100,100,0.5349
9969,SCC_1_patch04.png,0,679.45,785.58,100,100,0.5186
9970,SCC_1_patch04.png,0,570.86,693.03,100,100,0.5148
9971,SCC_1_patch04.png,0,972.45,991.16,100,100,0.5118
9972,SCC_1_patch04.png,0,643.82,604.83,100,100,0.5063
9973,SCC_1_patch04.png,0,696.92,500.2,100,100,0.5043
9974,SCC_1_patch04.png,0,398.23,919.06,100,100,0.4915
9975,SCC_1_patch04.png,0,486.45,650.32,100,100,0.4668
9976,SCC_1_patch04.png,0,947.02,464.51,100,100,0.4487
9977,SCC_1_patch04.png,0,585.7,817.94,100,100,0.4281
9978,SCC_1_patch04.png,0,420.02,773.65,100,100,0.4256
9979,SCC_1_patch04.png,0,448.0,693.24,100,100,0.4234
9980,SCC_1_patch04.png,0,509.97,794.33,100,100,0.4194
9981,SCC_1_patch04.png,0,848.01,966.11,100,100,0.4069
9982,SCC_1_patch04.png,0,641.76,743.09,100,100,0.4031
9983,SCC_1_patch04.png,0,836.61,414.85,100,100,0.3185
9984,SCC_1_patch04.png,0,804.07,990.36,100,100,0.3177
9985,SCC_1_patch04.png,0,306.73,979.87,100,100,0.3006
9986,SCC_1_patch04.png,0,855.27,439.78,100,100,0.2818
9987,SCC_1_patch04.png,0,921.21,885.64,100,100,0.2706
9988,SCC_1_patch04.png,0,993.43,895.33,100,100,0.2388
9989,SCC_1_patch04.png,0,792.74,961.77,100,100,0.2297
9990,SCC_1_patch04.png,0,658.14,1001.41,100,100,0.2187
9991,SCC_1_patch04.png,0,887.8699951171875,983.1300048828125,100,100,0.18330000340938568
9992,SCC_1_patch04.png,0,849.39,1021.08,100,100,0.1337
9993,SCC_1_patch04.png,0,823.25,364.3399963378906,100,100,0.13099999725818634
9994,SCC_1_patch04.png,0,337.68,609.77,100,100,0.1238
9995,SCC_1_patch04.png,0,902.6900024414062,450.2699890136719,100,100,0.11940000206232071
9996,SCC_1_patch04.png,0,941.0900268554688,703.5599975585938,100,100,0.11349999904632568
9997,SCC_1_patch04.png,0,833.5,580.5499877929688,100,100,0.11150000244379044
9998,SCC_1_patch04.png,0,787.4099731445312,843.25,100,100,0.10279999673366547
9999,SCC_1_patch04.png,0,559.25,683.0999755859375,100,100,0.08160000294446945
10000,SCC_1_patch04.png,0,840.25,896.5399780273438,100,100,0.06539999693632126
10001,SCC_1_patch04.png,0,574.3699951171875,725.8300170898438,100,100,0.05810000002384186
10002,SCC_1_patch04.png,0,570.9199829101562,824.52001953125,100,100,0.05310000106692314
10003,SCC_1_patch04.png,0,855.22998046875,1011.1699829101562,100,100,0.05299999937415123
10004,SCC_1_patch04.png,0,988.719970703125,771.72998046875,100,100,0.052299998700618744
10005,SCC_1_patch04.png,0,937.6799926757812,512.5900268554688,100,100,0.051500000059604645
10006,SCC_1_patch04.png,0,595.9500122070312,808.5,100,100,0.048700001090765
10007,SCC_1_patch04.png,0,826.219970703125,850.2999877929688,100,100,0.04800000041723251
10008,SCC_1_patch04.png,0,872.9000244140625,887.8300170898438,100,100,0.04659999907016754
10009,SCC_1_patch04.png,0,795.530029296875,831.4000244140625,100,100,0.043699998408555984
10010,SCC_1_patch04.png,0,575.5800170898438,592.2100219726562,100,100,0.042899999767541885
10011,SCC_1_patch04.png,0,979.3900146484375,1015.6400146484375,100,100,0.0414000004529953
10012,SCC_1_patch04.png,0,612.1099853515625,875.0900268554688,100,100,0.02160000056028366
10013,SCC_1_patch04.png,0,1013.0900268554688,792.2899780273438,100,100,0.0215000007301569
10014,SCC_1_patch04.png,0,739.5800170898438,572.9500122070312,100,100,0.0210999995470047
10015,SCC_1_patch04.png,0,616.0999755859375,665.77001953125,100,100,0.02070000022649765
10016,SCC_1_patch04.png,0,780.2000122070312,863.5,100,100,0.02070000022649765
10017,SCC_1_patch04.png,0,693.3900146484375,682.219970703125,100,100,0.020400000736117363
10018,SCC_1_patch04.png,0,778.75,827.4500122070312,100,100,0.018799999728798866
10019,SCC_1_patch04.png,0,643.030029296875,714.7999877929688,100,100,0.018200000748038292
10020,SCC_1_patch04.png,0,855.239990234375,927.7100219726562,100,100,0.018200000748038292
10021,SCC_1_patch04.png,0,960.3400268554688,772.6400146484375,100,100,0.01730000041425228
10022,SCC_1_patch04.png,0,638.510009765625,684.5900268554688,100,100,0.016100000590085983
10023,SCC_1_patch04.png,0,145.97999572753906,6.190000057220459,100,100,0.015599999576807022
10024,SCC_1_patch04.png,0,798.9299926757812,469.6199951171875,100,100,0.01360000018030405
10025,SCC_1_patch04.png,0,984.739990234375,338.17999267578125,100,100,0.013399999588727951
10026,SCC_1_patch04.png,0,421.04998779296875,790.530029296875,100,100,0.013299999758601189
10027,SCC_1_patch04.png,0,407.5799865722656,762.260009765625,100,100,0.012900000438094139
10028,SCC_1_patch04.png,0,615.989990234375,860.5999755859375,100,100,0.01269999984651804
10029,SCC_1_patch04.png,0,659.3699951171875,737.239990234375,100,100,0.012600000016391277
10030,SCC_1_patch04.png,0,967.8099975585938,1019.47998046875,100,100,0.012400000356137753
10031,SCC_1_patch04.png,0,769.9099731445312,768.1900024414062,100,100,0.011599999852478504
10032,SCC_1_patch04.png,0,972.22998046875,497.44000244140625,100,100,0.011500000022351742
10033,SCC_1_patch04.png,0,495.5400085449219,785.010009765625,100,100,0.01119999960064888
10034,SCC_1_patch04.png,0,524.9299926757812,781.6400146484375,100,100,0.010900000110268593
10035,SCC_1_patch04.png,0,543.969970703125,1017.8800048828125,100,100,0.010300000198185444
10036,SCC_1_patch04.png,0,882.1099853515625,996.0800170898438,100,100,0.00989999994635582
10037,SCC_1_patch04.png,0,724.4299926757812,803.4299926757812,100,100,0.009800000116229057
10038,SCC_1_patch04.png,0,584.3800048828125,710.1500244140625,100,100,0.00930000003427267
10039,SCC_1_patch04.png,0,474.5,639.6400146484375,100,100,0.00930000003427267
10040,SCC_1_patch04.png,0,696.6300048828125,877.2999877929688,100,100,0.00930000003427267
10041,SCC_1_patch04.png,0,406.29998779296875,779.2000122070312,100,100,0.009100000374019146
10042,SCC_1_patch04.png,0,523.219970703125,797.8300170898438,100,100,0.009100000374019146
10043,SCC_1_patch04.png,0,382.8500061035156,909.5999755859375,100,100,0.008799999952316284
10044,SCC_1_patch04.png,0,845.77001953125,428.1499938964844,100,100,0.008500000461935997
10045,SCC_1_patch04.png,0,413.5199890136719,912.3400268554688,100,100,0.00839999970048666
10046,SCC_1_patch04.png,0,631.010009765625,726.219970703125,100,100,0.008299999870359898
10047,SCC_1_patch04.png,0,499.0799865722656,805.2999877929688,100,100,0.007600000128149986
10048,SCC_1_patch04.png,0,556.3900146484375,830.1400146484375,100,100,0.007499999832361937
10049,SCC_1_patch04.png,0,1010.47998046875,11.600000381469727,100,100,0.007499999832361937
10050,SCC_1_patch04.png,0,575.97998046875,804.1400146484375,100,100,0.007300000172108412
10051,SCC_1_patch04.png,0,831.6900024414062,670.1099853515625,100,100,0.007199999876320362
10052,SCC_1_patch04.png,0,409.9599914550781,927.3300170898438,100,100,0.0071000000461936
10053,SCC_1_patch04.png,0,936.3599853515625,451.57000732421875,100,100,0.0071000000461936
10054,SCC_1_patch04.png,0,690.1900024414062,773.1699829101562,100,100,0.006899999920278788
10055,SCC_1_patch04.png,0,448.1300048828125,516.0800170898438,100,100,0.006800000090152025
10056,SCC_1_patch04.png,0,988.1400146484375,881.7100219726562,100,100,0.006500000134110451
10057,SCC_1_patch04.png,0,632.25,591.3800048828125,100,100,0.006200000178068876
10058,SCC_1_patch04.png,0,184.35000610351562,16.389999389648438,100,100,0.005799999926239252
10059,SCC_1_patch04.png,0,439.70001220703125,679.6500244140625,100,100,0.0052999998442828655
10060,SCC_1_patch04.png,0,348.07000732421875,845.760009765625,100,100,0.005200000014156103
10061,SCC_1_patch04.png,0,932.1900024414062,892.3499755859375,100,100,0.005200000014156103
10062,SCC_1_patch04.png,0,1018.6799926757812,719.6799926757812,100,100,0.005100000184029341
10063,SCC_1_patch04.png,0,629.030029296875,427.30999755859375,100,100,0.005100000184029341
10064,SCC_1_patch04.png,0,398.75,902.8200073242188,100,100,0.004999999888241291
10065,SCC_1_patch04.png,0,791.719970703125,259.7799987792969,100,100,0.004800000227987766
10066,SCC_1_patch04.png,0,633.4500122070312,614.0599975585938,100,100,0.004699999932199717
10067,SCC_1_patch04.png,0,978.1799926757812,893.469970703125,100,100,0.004600000102072954
10068,SCC_1_patch04.png,0,433.04998779296875,757.8099975585938,100,100,0.0044999998062849045
10069,SCC_1_patch04.png,0,870.4299926757812,1004.5700073242188,100,100,0.0044999998062849045
10070,SCC_1_patch04.png,0,584.989990234375,684.6599731445312,100,100,0.00430000014603138
10071,SCC_1_patch04.png,0,527.4400024414062,732.2000122070312,100,100,0.00419999985024333
10072,SCC_1_patch04.png,0,475.8900146484375,660.9299926757812,100,100,0.00419999985024333
10073,SCC_1_patch04.png,0,864.0800170898438,1017.75,100,100,0.00419999985024333
10074,SCC_1_patch04.png,0,653.280029296875,589.8900146484375,100,100,0.00419999985024333
10075,SCC_1_patch04.png,0,582.6099853515625,834.5999755859375,100,100,0.004000000189989805
10076,SCC_1_patch04.png,0,967.3800048828125,477.04998779296875,100,100,0.0038999998942017555
10077,SCC_1_patch04.png,0,634.3699951171875,659.8200073242188,100,100,0.0038999998942017555
10078,SCC_1_patch04.png,0,710.0800170898438,492.54998779296875,100,100,0.003800000064074993
10079,SCC_1_patch04.png,0,856.0700073242188,890.52001953125,100,100,0.003800000064074993
10080,SCC_1_patch04.png,0,858.010009765625,589.9099731445312,100,100,0.003700000001117587
10081,SCC_1_patch04.png,0,883.5499877929688,830.6699829101562,100,100,0.003700000001117587
10082,SCC_1_patch04.png,0,667.8900146484375,789.239990234375,100,100,0.003599999938160181
10083,SCC_1_patch04.png,0,872.72998046875,983.22998046875,100,100,0.003599999938160181
10084,SCC_1_patch04.png,0,839.1799926757812,564.260009765625,100,100,0.0031999999191612005
10085,SCC_1_patch04.png,0,987.9500122070312,990.489990234375,100,100,0.003100000089034438
10086,SCC_1_patch04.png,0,666.9099731445312,767.52001953125,100,100,0.003100000089034438
10087,SCC_1_patch04.png,0,165.0399932861328,51.41999816894531,100,100,0.003000000026077032
10088,SCC_1_patch04.png,0,805.4400024414062,370.4200134277344,100,100,0.003000000026077032
10089,SCC_1_patch04.png,0,895.9000244140625,971.47998046875,100,100,0.002899999963119626
10090,SCC_1_patch04.png,0,908.1199951171875,876.8200073242188,100,100,0.002899999963119626
10091,SCC_1_patch04.png,0,808.52001953125,825.6400146484375,100,100,0.00279999990016222
10092,SCC_1_patch04.png,0,945.9099731445312,887.3400268554688,100,100,0.0026000000070780516
10093,SCC_1_patch04.png,0,491.9599914550781,665.1599731445312,100,100,0.0026000000070780516
10094,SCC_1_patch04.png,0,1008.6799926757812,892.1799926757812,100,100,0.0026000000070780516
10095,SCC_1_patch04.png,0,682.969970703125,494.260009765625,100,100,0.0024999999441206455
10096,SCC_1_patch04.png,0,798.3599853515625,445.0799865722656,100,100,0.0024999999441206455
10097,SCC_1_patch04.png,0,851.0399780273438,947.1799926757812,100,100,0.0024999999441206455
10098,SCC_1_patch04.png,0,495.7200012207031,636.2899780273438,100,100,0.002400000113993883
10099,SCC_1_patch04.png,0,507.260009765625,773.9299926757812,100,100,0.002400000113993883
10100,SCC_1_patch04.png,0,758.9000244140625,527.4000244140625,100,100,0.002199999988079071
10101,SCC_1_patch04.png,0,888.2999877929688,224.9600067138672,100,100,0.002099999925121665
10102,SCC_1_patch04.png,0,706.6699829101562,694.5900268554688,100,100,0.0020000000949949026
10103,SCC_1_patch04.png,0,418.010009765625,750.0599975585938,100,100,0.0020000000949949026
10104,SCC_1_patch04.png,0,621.6900024414062,713.6099853515625,100,100,0.0020000000949949026
10105,SCC_1_patch04.png,0,485.7799987792969,970.0399780273438,100,100,0.0019000000320374966
10106,SCC_1_patch04.png,0,649.4299926757812,620.8400268554688,100,100,0.0019000000320374966
10107,SCC_1_patch04.png,0,575.5499877929688,671.3800048828125,100,100,0.0017999999690800905
10108,SCC_1_patch04.png,0,556.9199829101562,727.760009765625,100,100,0.0017999999690800905
10109,SCC_1_patch04.png,0,933.780029296875,873.4000244140625,100,100,0.0017000000225380063
10110,SCC_1_patch04.png,0,628.9199829101562,872.3200073242188,100,100,0.0017000000225380063
10111,SCC_1_patch04.png,0,835.2100219726562,949.5999755859375,100,100,0.0015999999595806003
10112,SCC_1_patch04.png,0,871.4600219726562,437.57000732421875,100,100,0.001500000013038516
10113,SCC_1_patch04.png,0,504.3599853515625,919.2999877929688,100,100,0.001500000013038516
10114,SCC_1_patch04.png,0,977.4400024414062,976.2000122070312,100,100,0.001500000013038516
10115,SCC_1_patch04.png,0,920.8499755859375,376.70001220703125,100,100,0.00139999995008111
10116,SCC_1_patch04.png,0,646.1900024414062,853.780029296875,100,100,0.00139999995008111
10117,SCC_1_patch04.png,0,958.77001953125,443.7300109863281,100,100,0.0013000000035390258
10118,SCC_1_patch04.png,0,930.3300170898438,472.5799865722656,100,100,0.0012000000569969416
10119,SCC_1_patch04.png,0,746.0399780273438,605.1300048828125,100,100,0.0010999999940395355
10120,SCC_1_patch05.png,0,249.92,218.9,100,100,0.5322
10121,SCC_1_patch05.png,0,947.7,438.1,100,100,0.5221
10122,SCC_1_patch05.png,0,290.6,443.26,100,100,0.5149
10123,SCC_1_patch05.png,0,758.93,285.66,100,100,0.4787
10124,SCC_1_patch05.png,0,283.87,19.61,100,100,0.4358
10125,SCC_1_patch05.png,0,625.05,456.72,100,100,0.4132
10126,SCC_1_patch05.png,0,77.62,28.23,100,100,0.3436
10127,SCC_1_patch05.png,0,424.7099914550781,114.12999725341797,100,100,0.18960000574588776
10128,SCC_1_patch05.png,0,208.8300018310547,38.529998779296875,100,100,0.17010000348091125
10129,SCC_1_patch05.png,0,990.02,392.82,100,100,0.1566
10130,SCC_1_patch05.png,0,535.83,62.2,100,100,0.1544
10131,SCC_1_patch05.png,0,969.6,565.11,100,100,0.1311
10132,SCC_1_patch05.png,0,329.66,37.95,100,100,0.1245
10133,SCC_1_patch05.png,0,311.89,401.86,100,100,0.1189
10134,SCC_1_patch05.png,0,344.6400146484375,133.19000244140625,100,100,0.07680000364780426
10135,SCC_1_patch05.png,0,203.0,14.09000015258789,100,100,0.062199998646974564
10136,SCC_1_patch05.png,0,512.030029296875,105.45999908447266,100,100,0.05900000035762787
10137,SCC_1_patch05.png,0,1001.760009765625,588.9000244140625,100,100,0.05050000175833702
10138,SCC_1_patch05.png,0,875.239990234375,1005.9299926757812,100,100,0.04259999841451645
10139,SCC_1_patch05.png,0,152.24000549316406,16.09000015258789,100,100,0.04019999876618385
10140,SCC_1_patch05.png,0,39.77000045776367,193.3699951171875,100,100,0.03830000013113022
10141,SCC_1_patch05.png,0,893.6699829101562,522.6799926757812,100,100,0.02879999950528145
10142,SCC_1_patch05.png,0,533.760009765625,177.39999389648438,100,100,0.0272000003606081
10143,SCC_1_patch05.png,0,26.399999618530273,983.489990234375,100,100,0.026000000536441803
10144,SCC_1_patch05.png,0,208.22999572753906,152.55999755859375,100,100,0.02329999953508377
10145,SCC_1_patch05.png,0,904.8200073242188,90.61000061035156,100,100,0.01889999955892563
10146,SCC_1_patch05.png,0,277.0899963378906,356.3900146484375,100,100,0.01759999990463257
10147,SCC_1_patch05.png,0,362.3900146484375,60.400001525878906,100,100,0.016899999231100082
10148,SCC_1_patch05.png,0,293.8999938964844,195.1199951171875,100,100,0.01600000075995922
10149,SCC_1_patch05.png,0,592.77001953125,66.01000213623047,100,100,0.011300000362098217
10150,SCC_1_patch05.png,0,710.1900024414062,102.01000213623047,100,100,0.010499999858438969
10151,SCC_1_patch05.png,0,1010.6400146484375,675.0499877929688,100,100,0.010400000028312206
10152,SCC_1_patch05.png,0,127.19999694824219,163.6699981689453,100,100,0.009499999694526196
10153,SCC_1_patch05.png,0,435.1300048828125,103.81999969482422,100,100,0.007000000216066837
10154,SCC_1_patch05.png,0,578.4099731445312,165.85000610351562,100,100,0.006800000090152025
10155,SCC_1_patch05.png,0,232.77999877929688,149.02999877929688,100,100,0.006399999838322401
10156,SCC_1_patch05.png,0,87.69000244140625,13.359999656677246,100,100,0.005900000222027302
10157,SCC_1_patch05.png,0,218.7899932861328,28.280000686645508,100,100,0.00559999980032444
10158,SCC_1_patch05.png,0,768.77001953125,273.3299865722656,100,100,0.005100000184029341
10159,SCC_1_patch05.png,0,8.880000114440918,809.9199829101562,100,100,0.005100000184029341
10160,SCC_1_patch05.png,0,419.989990234375,99.94999694824219,100,100,0.004999999888241291
10161,SCC_1_patch05.png,0,9.5600004196167,360.07000732421875,100,100,0.004900000058114529
10162,SCC_1_patch05.png,0,271.3699951171875,14.670000076293945,100,100,0.004600000102072954
10163,SCC_1_patch05.png,0,33.59000015258789,170.10000610351562,100,100,0.004399999976158142
10164,SCC_1_patch05.png,0,68.75,16.760000228881836,100,100,0.004399999976158142
10165,SCC_1_patch05.png,0,977.780029296875,785.8200073242188,100,100,0.00419999985024333
10166,SCC_1_patch05.png,0,1018.8400268554688,596.0999755859375,100,100,0.00419999985024333
10167,SCC_1_patch05.png,0,20.34000015258789,208.60000610351562,100,100,0.00419999985024333
10168,SCC_1_patch05.png,0,714.5900268554688,272.6000061035156,100,100,0.003800000064074993
10169,SCC_1_patch05.png,0,66.19999694824219,390.7900085449219,100,100,0.0035000001080334187
10170,SCC_1_patch05.png,0,1006.9500122070312,1017.530029296875,100,100,0.0034000000450760126
10171,SCC_1_patch05.png,0,216.58999633789062,7.650000095367432,100,100,0.0032999999821186066
10172,SCC_1_patch05.png,0,996.739990234375,304.760009765625,100,100,0.003100000089034438
10173,SCC_1_patch05.png,0,610.530029296875,78.43000030517578,100,100,0.0024999999441206455
10174,SCC_1_patch05.png,0,951.219970703125,420.489990234375,100,100,0.0024999999441206455
10175,SCC_1_patch05.png,0,294.7300109863281,10.770000457763672,100,100,0.002199999988079071
10176,SCC_1_patch05.png,0,421.19000244140625,130.5,100,100,0.0020000000949949026
10177,SCC_1_patch05.png,0,149.89999389648438,267.32000732421875,100,100,0.0020000000949949026
10178,SCC_1_patch05.png,0,973.6799926757812,89.30000305175781,100,100,0.0020000000949949026
10179,SCC_1_patch05.png,0,51.369998931884766,260.79998779296875,100,100,0.0017999999690800905
10180,SCC_1_patch05.png,0,952.0499877929688,450.010009765625,100,100,0.0015999999595806003
10181,SCC_1_patch05.png,0,622.9500122070312,41.720001220703125,100,100,0.001500000013038516
10182,SCC_1_patch06.png,0,971.04,471.99,100,100,0.591
10183,SCC_1_patch06.png,0,872.4,308.04,100,100,0.5564
10184,SCC_1_patch06.png,0,825.12,696.8,100,100,0.55
10185,SCC_1_patch06.png,0,578.05,668.32,100,100,0.4902
10186,SCC_1_patch06.png,0,51.18,132.46,100,100,0.4879
10187,SCC_1_patch06.png,0,802.92,446.77,100,100,0.3875
10188,SCC_1_patch06.png,0,520.84,355.91,100,100,0.3842
10189,SCC_1_patch06.png,0,681.0,463.76,100,100,0.3156
10190,SCC_1_patch06.png,0,934.0,552.0,100,100,0.2461775541305542
10191,SCC_1_patch06.png,0,955.8,581.61,100,100,0.2405
10192,SCC_1_patch06.png,0,958.3400268554688,709.8200073242188,100,100,0.17440000176429749
10193,SCC_1_patch06.png,0,886.88,684.19,100,100,0.1675
10194,SCC_1_patch06.png,0,845.4099731445312,735.0999755859375,100,100,0.14300000667572021
10195,SCC_1_patch06.png,0,432.760009765625,92.41999816894531,100,100,0.05420000106096268
10196,SCC_1_patch06.png,0,186.63999938964844,446.5199890136719,100,100,0.029100000858306885
10197,SCC_1_patch06.png,0,204.3300018310547,800.2100219726562,100,100,0.026900000870227814
10198,SCC_1_patch06.png,0,716.2999877929688,151.75999450683594,100,100,0.02419999986886978
10199,SCC_1_patch06.png,0,645.3400268554688,8.25,100,100,0.015300000086426735
10200,SCC_1_patch06.png,0,692.8200073242188,478.3599853515625,100,100,0.01489999983459711
10201,SCC_1_patch06.png,0,960.75,462.2699890136719,100,100,0.013100000098347664
10202,SCC_1_patch06.png,0,697.6099853515625,451.6700134277344,100,100,0.012199999764561653
10203,SCC_1_patch06.png,0,593.1300048828125,12.739999771118164,100,100,0.010300000198185444
10204,SCC_1_patch06.png,0,668.02001953125,472.3500061035156,100,100,0.009399999864399433
10205,SCC_1_patch06.png,0,896.0900268554688,699.6799926757812,100,100,0.008999999612569809
10206,SCC_1_patch06.png,0,823.0900268554688,20.690000534057617,100,100,0.008700000122189522
10207,SCC_1_patch06.png,0,451.4200134277344,37.560001373291016,100,100,0.007300000172108412
10208,SCC_1_patch06.png,0,857.5900268554688,727.8900146484375,100,100,0.007199999876320362
10209,SCC_1_patch06.png,0,490.760009765625,28.260000228881836,100,100,0.0071000000461936
10210,SCC_1_patch06.png,0,835.6099853515625,744.8800048828125,100,100,0.0071000000461936
10211,SCC_1_patch06.png,0,586.7999877929688,655.9000244140625,100,100,0.006500000134110451
10212,SCC_1_patch06.png,0,643.739990234375,562.3699951171875,100,100,0.006000000052154064
10213,SCC_1_patch06.png,0,61.4900016784668,119.9800033569336,100,100,0.005900000222027302
10214,SCC_1_patch06.png,0,668.8200073242188,447.989990234375,100,100,0.005400000140070915
10215,SCC_1_patch06.png,0,977.5900268554688,456.8299865722656,100,100,0.0052999998442828655
10216,SCC_1_patch06.png,0,528.1099853515625,341.239990234375,100,100,0.005100000184029341
10217,SCC_1_patch06.png,0,35.400001525878906,130.57000732421875,100,100,0.00430000014603138
10218,SCC_1_patch06.png,0,267.1499938964844,811.4299926757812,100,100,0.003800000064074993
10219,SCC_1_patch06.png,0,854.7899780273438,300.7200012207031,100,100,0.003700000001117587
10220,SCC_1_patch06.png,0,852.1300048828125,810.1099853515625,100,100,0.003700000001117587
10221,SCC_1_patch06.png,0,567.5599975585938,659.5999755859375,100,100,0.003599999938160181
10222,SCC_1_patch06.png,0,141.61000061035156,153.3000030517578,100,100,0.0034000000450760126
10223,SCC_1_patch06.png,0,406.57000732421875,425.29998779296875,100,100,0.0032999999821186066
10224,SCC_1_patch06.png,0,830.0399780273438,729.260009765625,100,100,0.0032999999821186066
10225,SCC_1_patch06.png,0,677.9400024414062,483.0,100,100,0.003100000089034438
10226,SCC_1_patch06.png,0,837.6900024414062,686.2100219726562,100,100,0.002899999963119626
10227,SCC_1_patch06.png,0,1019.5399780273438,362.9700012207031,100,100,0.00279999990016222
10228,SCC_1_patch06.png,0,972.2100219726562,715.3599853515625,100,100,0.0024999999441206455
10229,SCC_1_patch06.png,0,586.469970703125,416.5199890136719,100,100,0.0020000000949949026
10230,SCC_1_patch06.png,0,866.5900268554688,651.0700073242188,100,100,0.0019000000320374966
10231,SCC_1_patch06.png,0,783.8900146484375,33.470001220703125,100,100,0.0019000000320374966
10232,SCC_1_patch06.png,0,1019.489990234375,392.57000732421875,100,100,0.0019000000320374966
10233,SCC_1_patch06.png,0,43.630001068115234,116.16999816894531,100,100,0.0017000000225380063
10234,SCC_1_patch06.png,0,665.6900024414062,375.6000061035156,100,100,0.0017000000225380063
10235,SCC_1_patch06.png,0,259.0899963378906,852.0999755859375,100,100,0.0015999999595806003
10236,SCC_1_patch06.png,0,759.469970703125,464.2900085449219,100,100,0.001500000013038516
10237,SCC_1_patch06.png,0,870.6699829101562,323.6199951171875,100,100,0.0013000000035390258
10238,SCC_1_patch07.png,0,202.47,71.42,100,100,0.7313
10239,SCC_1_patch07.png,0,825.29,164.33,100,100,0.682
10240,SCC_1_patch07.png,0,136.1,344.0,100,100,0.6769
10241,SCC_1_patch07.png,0,178.41,666.0,100,100,0.6246
10242,SCC_1_patch07.png,0,982.25,84.21,100,100,0.6023
10243,SCC_1_patch07.png,0,33.94,738.17,100,100,0.5392
10244,SCC_1_patch07.png,0,930.01,401.3,100,100,0.521
10245,SCC_1_patch07.png,0,577.48,953.63,100,100,0.4158
10246,SCC_1_patch07.png,0,1002.62,236.55,100,100,0.3693
10247,SCC_1_patch07.png,0,462.88,284.58,100,100,0.3623
10248,SCC_1_patch07.png,0,529.77,918.26,100,100,0.3382
10249,SCC_1_patch07.png,0,475.45,325.05,100,100,0.3184
10250,SCC_1_patch07.png,0,526.29,574.33,100,100,0.303
10251,SCC_1_patch07.png,0,781.32,883.98,100,100,0.302
10252,SCC_1_patch07.png,0,207.76,962.39,100,100,0.2987
10253,SCC_1_patch07.png,0,673.6,655.79,100,100,0.2874
10254,SCC_1_patch07.png,0,869.15,10.63,100,100,0.2672
10255,SCC_1_patch07.png,0,956.24,811.96,100,100,0.2404
10256,SCC_1_patch07.png,0,373.37,862.45,100,100,0.1696
10257,SCC_1_patch07.png,0,645.23,596.24,100,100,0.1646
10258,SCC_1_patch07.png,0,705.65,848.55,100,100,0.1566
10259,SCC_1_patch07.png,0,205.14999389648438,921.5900268554688,100,100,0.15530000627040863
10260,SCC_1_patch07.png,0,725.23,873.68,100,100,0.1505
10261,SCC_1_patch07.png,0,764.3900146484375,893.3200073242188,100,100,0.10209999978542328
10262,SCC_1_patch07.png,0,409.6600036621094,600.8800048828125,100,100,0.09700000286102295
10263,SCC_1_patch07.png,0,804.52001953125,284.9100036621094,100,100,0.07720000296831131
10264,SCC_1_patch07.png,0,386.8299865722656,15.84000015258789,100,100,0.0681999996304512
10265,SCC_1_patch07.png,0,748.8699951171875,356.5299987792969,100,100,0.03840000182390213
10266,SCC_1_patch07.png,0,149.10000610351562,631.25,100,100,0.03240000084042549
10267,SCC_1_patch07.png,0,741.1099853515625,912.8400268554688,100,100,0.0203000009059906
10268,SCC_1_patch07.png,0,47.220001220703125,734.9000244140625,100,100,0.016499999910593033
10269,SCC_1_patch07.png,0,313.7300109863281,8.779999732971191,100,100,0.015699999406933784
10270,SCC_1_patch07.png,0,973.6500244140625,64.55000305175781,100,100,0.015599999576807022
10271,SCC_1_patch07.png,0,884.5599975585938,282.1499938964844,100,100,0.015300000086426735
10272,SCC_1_patch07.png,0,635.77001953125,414.9100036621094,100,100,0.014999999664723873
10273,SCC_1_patch07.png,0,836.489990234375,874.6599731445312,100,100,0.013199999928474426
10274,SCC_1_patch07.png,0,667.1799926757812,729.5399780273438,100,100,0.010599999688565731
10275,SCC_1_patch07.png,0,1019.5399780273438,505.6600036621094,100,100,0.010599999688565731
10276,SCC_1_patch07.png,0,115.05000305175781,325.9599914550781,100,100,0.008899999782443047
10277,SCC_1_patch07.png,0,645.2999877929688,13.069999694824219,100,100,0.008700000122189522
10278,SCC_1_patch07.png,0,544.4000244140625,876.25,100,100,0.008700000122189522
10279,SCC_1_patch07.png,0,839.72998046875,470.6199951171875,100,100,0.00839999970048666
10280,SCC_1_patch07.png,0,867.5900268554688,934.9600219726562,100,100,0.00839999970048666
10281,SCC_1_patch07.png,0,584.6799926757812,70.69000244140625,100,100,0.00839999970048666
10282,SCC_1_patch07.png,0,635.1199951171875,848.6199951171875,100,100,0.00839999970048666
10283,SCC_1_patch07.png,0,70.8499984741211,88.41000366210938,100,100,0.00800000037997961
10284,SCC_1_patch07.png,0,166.97999572753906,659.1300048828125,100,100,0.007899999618530273
10285,SCC_1_patch07.png,0,147.0800018310547,284.6499938964844,100,100,0.007600000128149986
10286,SCC_1_patch07.png,0,809.6699829101562,537.739990234375,100,100,0.007199999876320362
10287,SCC_1_patch07.png,0,992.8900146484375,72.54000091552734,100,100,0.007199999876320362
10288,SCC_1_patch07.png,0,552.7899780273438,1001.1900024414062,100,100,0.007000000216066837
10289,SCC_1_patch07.png,0,482.3900146484375,131.52000427246094,100,100,0.006800000090152025
10290,SCC_1_patch07.png,0,689.0900268554688,1016.22998046875,100,100,0.006200000178068876
10291,SCC_1_patch07.png,0,634.97998046875,1016.5900268554688,100,100,0.006200000178068876
10292,SCC_1_patch07.png,0,110.75,991.5399780273438,100,100,0.006200000178068876
10293,SCC_1_patch07.png,0,1015.0399780273438,218.72999572753906,100,100,0.005499999970197678
10294,SCC_1_patch07.png,0,4.650000095367432,989.2100219726562,100,100,0.005499999970197678
10295,SCC_1_patch07.png,0,994.5700073242188,93.87000274658203,100,100,0.0052999998442828655
10296,SCC_1_patch07.png,0,189.9499969482422,68.11000061035156,100,100,0.004999999888241291
10297,SCC_1_patch07.png,0,217.74000549316406,969.3499755859375,100,100,0.004800000227987766
10298,SCC_1_patch07.png,0,114.30000305175781,553.2899780273438,100,100,0.004699999932199717
10299,SCC_1_patch07.png,0,815.2000122070312,152.92999267578125,100,100,0.0044999998062849045
10300,SCC_1_patch07.png,0,27.06999969482422,722.5900268554688,100,100,0.004399999976158142
10301,SCC_1_patch07.png,0,519.9099731445312,900.780029296875,100,100,0.004000000189989805
10302,SCC_1_patch07.png,0,374.20001220703125,7.239999771118164,100,100,0.003700000001117587
10303,SCC_1_patch07.png,0,256.1099853515625,34.95000076293945,100,100,0.003599999938160181
10304,SCC_1_patch07.png,0,924.1199951171875,27.1299991607666,100,100,0.003599999938160181
10305,SCC_1_patch07.png,0,937.969970703125,307.8999938964844,100,100,0.003100000089034438
10306,SCC_1_patch07.png,0,881.6699829101562,4.789999961853027,100,100,0.003100000089034438
10307,SCC_1_patch07.png,0,998.9299926757812,213.72999572753906,100,100,0.003100000089034438
10308,SCC_1_patch07.png,0,469.55999755859375,294.9700012207031,100,100,0.00279999990016222
10309,SCC_1_patch07.png,0,660.2899780273438,29.84000015258789,100,100,0.002300000051036477
10310,SCC_1_patch07.png,0,591.75,945.1500244140625,100,100,0.002199999988079071
10311,SCC_1_patch07.png,0,831.5700073242188,588.530029296875,100,100,0.002099999925121665
10312,SCC_1_patch07.png,0,244.6300048828125,287.5899963378906,100,100,0.0020000000949949026
10313,SCC_1_patch07.png,0,839.97998046875,156.8000030517578,100,100,0.0019000000320374966
10314,SCC_1_patch07.png,0,680.8499755859375,665.8300170898438,100,100,0.0017999999690800905
10315,SCC_1_patch07.png,0,114.0199966430664,157.92999267578125,100,100,0.0017999999690800905
10316,SCC_1_patch07.png,0,398.19000244140625,335.6499938964844,100,100,0.0017999999690800905
10317,SCC_1_patch07.png,0,594.0599975585938,128.38999938964844,100,100,0.0017000000225380063
10318,SCC_1_patch07.png,0,126.47000122070312,354.5799865722656,100,100,0.0017000000225380063
10319,SCC_1_patch07.png,0,790.0900268554688,866.72998046875,100,100,0.001500000013038516
10320,SCC_1_patch07.png,0,660.6199951171875,716.6300048828125,100,100,0.0013000000035390258
10321,SCC_1_patch07.png,0,527.8900146484375,555.6699829101562,100,100,0.0013000000035390258
10322,SCC_1_patch07.png,0,867.2100219726562,524.6900024414062,100,100,0.0012000000569969416
10323,SCC_1_patch07.png,0,354.8900146484375,113.44999694824219,100,100,0.0012000000569969416
10324,SCC_1_patch07.png,0,144.0,358.44000244140625,100,100,0.0012000000569969416
10325,SCC_1_patch07.png,0,384.0400085449219,692.1599731445312,100,100,0.0010999999940395355
10326,SCC_1_patch07.png,0,484.5400085449219,209.22000122070312,100,100,0.0010999999940395355
10327,SCC_1_patch08.png,0,870.31,74.07,100,100,0.6295
10328,SCC_1_patch08.png,0,931.32,544.1,100,100,0.6208
10329,SCC_1_patch08.png,0,280.65,576.43,100,100,0.5798
10330,SCC_1_patch08.png,0,95.12,908.49,100,100,0.5618
10331,SCC_1_patch08.png,0,993.29,225.3,100,100,0.5589
10332,SCC_1_patch08.png,0,195.24,773.49,100,100,0.4368
10333,SCC_1_patch08.png,0,514.27,794.65,100,100,0.3492
10334,SCC_1_patch08.png,0,997.37,170.34,100,100,0.3422
10335,SCC_1_patch08.png,0,394.74,649.42,100,100,0.3284
10336,SCC_1_patch08.png,0,209.38,389.74,100,100,0.3045
10337,SCC_1_patch08.png,0,136.14,686.83,100,100,0.3036
10338,SCC_1_patch08.png,0,923.95,1010.81,100,100,0.3023
10339,SCC_1_patch08.png,0,781.11,522.64,100,100,0.2974
10340,SCC_1_patch08.png,0,346.55,38.56,100,100,0.2706
10341,SCC_1_patch08.png,0,766.56,190.83,100,100,0.2495
10342,SCC_1_patch08.png,0,678.010009765625,675.0399780273438,100,100,0.22190000116825104
10343,SCC_1_patch08.png,0,275.55,398.17,100,100,0.2142
10344,SCC_1_patch08.png,0,223.91000366210938,335.7699890136719,100,100,0.19920000433921814
10345,SCC_1_patch08.png,0,461.15,163.96,100,100,0.1988
10346,SCC_1_patch08.png,0,268.45001220703125,343.4800109863281,100,100,0.17560000717639923
10347,SCC_1_patch08.png,0,205.91000366210938,583.3200073242188,100,100,0.1737000048160553
10348,SCC_1_patch08.png,0,858.06,706.11,100,100,0.1582
10349,SCC_1_patch08.png,0,958.969970703125,921.010009765625,100,100,0.1526000052690506
10350,SCC_1_patch08.png,0,189.57000732421875,359.4599914550781,100,100,0.12860000133514404
10351,SCC_1_patch08.png,0,630.1300048828125,240.66000366210938,100,100,0.11580000072717667
10352,SCC_1_patch08.png,0,802.7,971.3,100,100,0.1143
10353,SCC_1_patch08.png,0,997.9000244140625,87.95999908447266,100,100,0.10239999741315842
10354,SCC_1_patch08.png,0,6.960000038146973,183.0500030517578,100,100,0.0949999988079071
10355,SCC_1_patch08.png,0,552.8099975585938,222.33999633789062,100,100,0.08950000256299973
10356,SCC_1_patch08.png,0,583.5800170898438,660.010009765625,100,100,0.07660000026226044
10357,SCC_1_patch08.png,0,730.4000244140625,41.11000061035156,100,100,0.06960000097751617
10358,SCC_1_patch08.png,0,308.1000061035156,316.8800048828125,100,100,0.06830000132322311
10359,SCC_1_patch08.png,0,81.23999786376953,136.5500030517578,100,100,0.06239999830722809
10360,SCC_1_patch08.png,0,348.9700012207031,242.6300048828125,100,100,0.061900001019239426
10361,SCC_1_patch08.png,0,86.93000030517578,379.80999755859375,100,100,0.05770000070333481
10362,SCC_1_patch08.png,0,627.3699951171875,66.63999938964844,100,100,0.05730000138282776
10363,SCC_1_patch08.png,0,515.7000122070312,200.41000366210938,100,100,0.05490000173449516
10364,SCC_1_patch08.png,0,401.29998779296875,196.19000244140625,100,100,0.041600000113248825
10365,SCC_1_patch08.png,0,689.4600219726562,764.280029296875,100,100,0.04050000011920929
10366,SCC_1_patch08.png,0,152.49000549316406,94.47000122070312,100,100,0.036400001496076584
10367,SCC_1_patch08.png,0,321.80999755859375,220.22999572753906,100,100,0.03590000048279762
10368,SCC_1_patch08.png,0,298.32000732421875,171.89999389648438,100,100,0.03550000116229057
10369,SCC_1_patch08.png,0,113.37999725341797,100.0999984741211,100,100,0.03449999913573265
10370,SCC_1_patch08.png,0,303.239990234375,397.8500061035156,100,100,0.03370000049471855
10371,SCC_1_patch08.png,0,280.7300109863281,210.61000061035156,100,100,0.03350000083446503
10372,SCC_1_patch08.png,0,527.22998046875,9.960000038146973,100,100,0.03229999914765358
10373,SCC_1_patch08.png,0,932.5999755859375,110.1500015258789,100,100,0.030899999663233757
10374,SCC_1_patch08.png,0,857.3599853515625,786.3400268554688,100,100,0.02810000069439411
10375,SCC_1_patch08.png,0,735.219970703125,102.2699966430664,100,100,0.027300000190734863
10376,SCC_1_patch08.png,0,887.6900024414062,318.44000244140625,100,100,0.0272000003606081
10377,SCC_1_patch08.png,0,501.54998779296875,956.7999877929688,100,100,0.025499999523162842
10378,SCC_1_patch08.png,0,182.77000427246094,83.79000091552734,100,100,0.023600000888109207
10379,SCC_1_patch08.png,0,116.56999969482422,44.83000183105469,100,100,0.022700000554323196
10380,SCC_1_patch08.png,0,617.0700073242188,167.47000122070312,100,100,0.02199999988079071
10381,SCC_1_patch08.png,0,560.25,20.780000686645508,100,100,0.02160000056028366
10382,SCC_1_patch08.png,0,497.2799987792969,102.83999633789062,100,100,0.021400000900030136
10383,SCC_1_patch08.png,0,672.1300048828125,707.010009765625,100,100,0.02070000022649765
10384,SCC_1_patch08.png,0,351.69000244140625,181.1300048828125,100,100,0.019300000742077827
10385,SCC_1_patch08.png,0,198.3699951171875,569.510009765625,100,100,0.019200000911951065
10386,SCC_1_patch08.png,0,479.7300109863281,109.4000015258789,100,100,0.016699999570846558
10387,SCC_1_patch08.png,0,1011.0,160.2899932861328,100,100,0.016300000250339508
10388,SCC_1_patch08.png,0,498.8800048828125,892.510009765625,100,100,0.016200000420212746
10389,SCC_1_patch08.png,0,679.3200073242188,209.17999267578125,100,100,0.016200000420212746
10390,SCC_1_patch08.png,0,453.8500061035156,768.030029296875,100,100,0.015699999406933784
10391,SCC_1_patch08.png,0,733.5900268554688,6.880000114440918,100,100,0.015200000256299973
10392,SCC_1_patch08.png,0,416.69000244140625,992.97998046875,100,100,0.014800000004470348
10393,SCC_1_patch08.png,0,28.110000610351562,407.6400146484375,100,100,0.013799999840557575
10394,SCC_1_patch08.png,0,286.3299865722656,636.489990234375,100,100,0.013700000010430813
10395,SCC_1_patch08.png,0,599.239990234375,159.5,100,100,0.01360000018030405
10396,SCC_1_patch08.png,0,909.2999877929688,708.2899780273438,100,100,0.012600000016391277
10397,SCC_1_patch08.png,0,785.1300048828125,537.3499755859375,100,100,0.012600000016391277
10398,SCC_1_patch08.png,0,1004.5900268554688,132.8000030517578,100,100,0.012500000186264515
10399,SCC_1_patch08.png,0,163.02999877929688,969.4299926757812,100,100,0.012000000104308128
10400,SCC_1_patch08.png,0,1014.719970703125,264.7900085449219,100,100,0.012000000104308128
10401,SCC_1_patch08.png,0,7.639999866485596,805.22998046875,100,100,0.011599999852478504
10402,SCC_1_patch08.png,0,264.8500061035156,881.0900268554688,100,100,0.01140000019222498
10403,SCC_1_patch08.png,0,899.989990234375,667.47998046875,100,100,0.010400000028312206
10404,SCC_1_patch08.png,0,823.0499877929688,757.8499755859375,100,100,0.010200000368058681
10405,SCC_1_patch08.png,0,290.760009765625,563.510009765625,100,100,0.00989999994635582
10406,SCC_1_patch08.png,0,980.1199951171875,231.2100067138672,100,100,0.008999999612569809
10407,SCC_1_patch08.png,0,1010.719970703125,855.7100219726562,100,100,0.008500000461935997
10408,SCC_1_patch08.png,0,780.77001953125,719.9400024414062,100,100,0.008299999870359898
10409,SCC_1_patch08.png,0,164.6300048828125,52.29999923706055,100,100,0.007899999618530273
10410,SCC_1_patch08.png,0,413.6199951171875,8.239999771118164,100,100,0.007699999958276749
10411,SCC_1_patch08.png,0,671.4000244140625,662.9199829101562,100,100,0.007499999832361937
10412,SCC_1_patch08.png,0,918.4500122070312,534.1599731445312,100,100,0.007400000002235174
10413,SCC_1_patch08.png,0,83.41999816894531,894.8800048828125,100,100,0.007000000216066837
10414,SCC_1_patch08.png,0,794.8099975585938,502.2799987792969,100,100,0.007000000216066837
10415,SCC_1_patch08.png,0,170.99000549316406,7.269999980926514,100,100,0.006899999920278788
10416,SCC_1_patch08.png,0,955.4600219726562,880.0700073242188,100,100,0.006899999920278788
10417,SCC_1_patch08.png,0,153.08999633789062,203.55999755859375,100,100,0.006899999920278788
10418,SCC_1_patch08.png,0,133.4199981689453,152.63999938964844,100,100,0.006800000090152025
10419,SCC_1_patch08.png,0,993.9199829101562,4.679999828338623,100,100,0.0066999997943639755
10420,SCC_1_patch08.png,0,313.0,438.8599853515625,100,100,0.006599999964237213
10421,SCC_1_patch08.png,0,1018.489990234375,349.4599914550781,100,100,0.006599999964237213
10422,SCC_1_patch08.png,0,943.0599975585938,535.52001953125,100,100,0.006599999964237213
10423,SCC_1_patch08.png,0,859.760009765625,63.650001525878906,100,100,0.006300000008195639
10424,SCC_1_patch08.png,0,522.2000122070312,149.24000549316406,100,100,0.006200000178068876
10425,SCC_1_patch08.png,0,5.519999980926514,687.6799926757812,100,100,0.006200000178068876
10426,SCC_1_patch08.png,0,1009.760009765625,364.760009765625,100,100,0.006099999882280827
10427,SCC_1_patch08.png,0,214.9199981689453,323.260009765625,100,100,0.005799999926239252
10428,SCC_1_patch08.png,0,986.9400024414062,208.1999969482422,100,100,0.00570000009611249
10429,SCC_1_patch08.png,0,561.7999877929688,66.44999694824219,100,100,0.00570000009611249
10430,SCC_1_patch08.png,0,908.72998046875,1017.3499755859375,100,100,0.005400000140070915
10431,SCC_1_patch08.png,0,824.3300170898438,691.1300048828125,100,100,0.005200000014156103
10432,SCC_1_patch08.png,0,446.1199951171875,815.1500244140625,100,100,0.005200000014156103
10433,SCC_1_patch08.png,0,782.5599975585938,373.75,100,100,0.004999999888241291
10434,SCC_1_patch08.png,0,107.19999694824219,894.22998046875,100,100,0.004800000227987766
10435,SCC_1_patch08.png,0,761.8200073242188,176.9199981689453,100,100,0.004600000102072954
10436,SCC_1_patch08.png,0,275.1400146484375,355.2099914550781,100,100,0.004399999976158142
10437,SCC_1_patch08.png,0,1018.7899780273438,147.8800048828125,100,100,0.004399999976158142
10438,SCC_1_patch08.png,0,109.18000030517578,773.25,100,100,0.00430000014603138
10439,SCC_1_patch08.png,0,887.7100219726562,763.469970703125,100,100,0.00419999985024333
10440,SCC_1_patch08.png,0,999.6099853515625,242.64999389648438,100,100,0.00419999985024333
10441,SCC_1_patch08.png,0,505.760009765625,622.8099975585938,100,100,0.00419999985024333
10442,SCC_1_patch08.png,0,630.5700073242188,914.3400268554688,100,100,0.00419999985024333
10443,SCC_1_patch08.png,0,883.1699829101562,62.630001068115234,100,100,0.004100000020116568
10444,SCC_1_patch08.png,0,215.60000610351562,569.5399780273438,100,100,0.0038999998942017555
10445,SCC_1_patch08.png,0,883.5800170898438,81.80999755859375,100,100,0.0038999998942017555
10446,SCC_1_patch08.png,0,290.6099853515625,6.190000057220459,100,100,0.0038999998942017555
10447,SCC_1_patch08.png,0,986.760009765625,942.1400146484375,100,100,0.003800000064074993
10448,SCC_1_patch08.png,0,294.7099914550781,383.75,100,100,0.003800000064074993
10449,SCC_1_patch08.png,0,797.9199829101562,266.1499938964844,100,100,0.003700000001117587
10450,SCC_1_patch08.png,0,11.649999618530273,3.5399999618530273,100,100,0.003599999938160181
10451,SCC_1_patch08.png,0,1008.739990234375,227.39999389648438,100,100,0.0035000001080334187
10452,SCC_1_patch08.png,0,272.1099853515625,382.739990234375,100,100,0.0034000000450760126
10453,SCC_1_patch08.png,0,201.4199981689453,350.0299987792969,100,100,0.0032999999821186066
10454,SCC_1_patch08.png,0,995.5499877929688,690.8900146484375,100,100,0.0031999999191612005
10455,SCC_1_patch08.png,0,571.260009765625,924.8300170898438,100,100,0.003100000089034438
10456,SCC_1_patch08.png,0,475.5400085449219,253.13999938964844,100,100,0.003000000026077032
10457,SCC_1_patch08.png,0,208.19000244140625,763.719970703125,100,100,0.002899999963119626
10458,SCC_1_patch08.png,0,160.38999938964844,950.489990234375,100,100,0.002899999963119626
10459,SCC_1_patch08.png,0,7.710000038146973,515.22998046875,100,100,0.00279999990016222
10460,SCC_1_patch08.png,0,727.27001953125,775.8400268554688,100,100,0.0024999999441206455
10461,SCC_1_patch08.png,0,256.6499938964844,987.489990234375,100,100,0.002400000113993883
10462,SCC_1_patch08.png,0,17.3700008392334,524.6900024414062,100,100,0.002400000113993883
10463,SCC_1_patch08.png,0,355.260009765625,27.979999542236328,100,100,0.002300000051036477
10464,SCC_1_patch08.png,0,1015.5999755859375,126.83999633789062,100,100,0.002199999988079071
10465,SCC_1_patch08.png,0,48.2599983215332,620.4600219726562,100,100,0.002199999988079071
10466,SCC_1_patch08.png,0,525.3300170898438,191.5500030517578,100,100,0.002099999925121665
10467,SCC_1_patch08.png,0,551.1599731445312,10.210000038146973,100,100,0.002099999925121665
10468,SCC_1_patch08.png,0,497.2799987792969,1014.239990234375,100,100,0.002099999925121665
10469,SCC_1_patch08.png,0,279.7099914550781,335.30999755859375,100,100,0.002099999925121665
10470,SCC_1_patch08.png,0,285.5400085449219,524.4099731445312,100,100,0.0020000000949949026
10471,SCC_1_patch08.png,0,219.10000610351562,591.6099853515625,100,100,0.0020000000949949026
10472,SCC_1_patch08.png,0,664.27001953125,181.5500030517578,100,100,0.0017999999690800905
10473,SCC_1_patch08.png,0,262.0899963378906,567.7999877929688,100,100,0.0017999999690800905
10474,SCC_1_patch08.png,0,577.8400268554688,1011.780029296875,100,100,0.0017000000225380063
10475,SCC_1_patch08.png,0,1018.3800048828125,899.9600219726562,100,100,0.0017000000225380063
10476,SCC_1_patch08.png,0,321.4800109863281,324.9700012207031,100,100,0.001500000013038516
10477,SCC_1_patch08.png,0,918.25,665.3300170898438,100,100,0.001500000013038516
10478,SCC_1_patch08.png,0,449.0199890136719,723.72998046875,100,100,0.0013000000035390258
10479,SCC_1_patch08.png,0,296.2300109863281,417.2900085449219,100,100,0.0012000000569969416
10480,SCC_1_patch08.png,0,1018.3800048828125,212.6300048828125,100,100,0.0012000000569969416
10481,SCC_1_patch08.png,0,6.28000020980835,890.8400268554688,100,100,0.0012000000569969416
10482,SCC_1_patch08.png,0,28.959999084472656,545.5599975585938,100,100,0.0012000000569969416
10483,SCC_1_patch08.png,0,116.72000122070312,1017.969970703125,100,100,0.0012000000569969416
10484,SCC_1_patch08.png,0,142.74000549316406,183.55999755859375,100,100,0.0012000000569969416
10485,SCC_1_patch09.png,0,494.99,963.05,100,100,0.6675
10486,SCC_1_patch09.png,0,177.97,928.33,100,100,0.5639
10487,SCC_1_patch09.png,0,471.27,496.43,100,100,0.5443
10488,SCC_1_patch09.png,0,697.15,822.36,100,100,0.5398
10489,SCC_1_patch09.png,0,702.43,52.94,100,100,0.5385
10490,SCC_1_patch09.png,0,609.55,448.79,100,100,0.5176
10491,SCC_1_patch09.png,0,510.65,832.65,100,100,0.4349
10492,SCC_1_patch09.png,0,774.29,187.07,100,100,0.4023
10493,SCC_1_patch09.png,0,297.0,140.0,100,100,0.30409619212150574
10494,SCC_1_patch09.png,0,1012.0900268554688,749.47998046875,100,100,0.290800005197525
10495,SCC_1_patch09.png,0,320.13,524.68,100,100,0.2648
10496,SCC_1_patch09.png,0,461.0,1023.0,100,100,0.2647038698196411
10497,SCC_1_patch09.png,0,408.0,83.0,100,100,0.24316245317459106
10498,SCC_1_patch09.png,0,303.0,20.0,100,100,0.23826973140239716
10499,SCC_1_patch09.png,0,618.55,692.23,100,100,0.2355
10500,SCC_1_patch09.png,0,852.780029296875,652.030029296875,100,100,0.2248000055551529
10501,SCC_1_patch09.png,0,368.0,226.0,100,100,0.20017755031585693
10502,SCC_1_patch09.png,0,341.5,203.52,100,100,0.1667
10503,SCC_1_patch09.png,0,309.12,178.71,100,100,0.165
10504,SCC_1_patch09.png,0,654.65,699.29,100,100,0.1576
10505,SCC_1_patch09.png,0,462.4599914550781,1006.4199829101562,100,100,0.15449999272823334
10506,SCC_1_patch09.png,0,623.27,907.8,100,100,0.1479
10507,SCC_1_patch09.png,0,34.529998779296875,73.58999633789062,100,100,0.03840000182390213
10508,SCC_1_patch09.png,0,1019.1199951171875,821.6599731445312,100,100,0.035999998450279236
10509,SCC_1_patch09.png,0,321.0199890136719,497.45001220703125,100,100,0.02810000069439411
10510,SCC_1_patch09.png,0,1014.0,503.70001220703125,100,100,0.027799999341368675
10511,SCC_1_patch09.png,0,592.2899780273438,1001.8400268554688,100,100,0.01810000091791153
10512,SCC_1_patch09.png,0,1017.4500122070312,738.1500244140625,100,100,0.01759999990463257
10513,SCC_1_patch09.png,0,688.219970703125,45.75,100,100,0.01600000075995922
10514,SCC_1_patch09.png,0,507.8299865722656,909.75,100,100,0.013199999928474426
10515,SCC_1_patch09.png,0,512.22998046875,964.4600219726562,100,100,0.01269999984651804
10516,SCC_1_patch09.png,0,838.5399780273438,739.8599853515625,100,100,0.012500000186264515
10517,SCC_1_patch09.png,0,483.57000732421875,955.510009765625,100,100,0.011800000444054604
10518,SCC_1_patch09.png,0,162.77000427246094,911.3300170898438,100,100,0.011800000444054604
10519,SCC_1_patch09.png,0,930.969970703125,997.010009765625,100,100,0.01080000028014183
10520,SCC_1_patch09.png,0,756.2100219726562,128.60000610351562,100,100,0.010599999688565731
10521,SCC_1_patch09.png,0,393.6499938964844,660.2000122070312,100,100,0.010400000028312206
10522,SCC_1_patch09.png,0,587.9199829101562,585.8699951171875,100,100,0.009800000116229057
10523,SCC_1_patch09.png,0,456.6700134277344,496.6400146484375,100,100,0.009700000286102295
10524,SCC_1_patch09.png,0,681.760009765625,891.9299926757812,100,100,0.007199999876320362
10525,SCC_1_patch09.png,0,484.5,490.5400085449219,100,100,0.0071000000461936
10526,SCC_1_patch09.png,0,359.5199890136719,45.86000061035156,100,100,0.006899999920278788
10527,SCC_1_patch09.png,0,980.5,505.42999267578125,100,100,0.006899999920278788
10528,SCC_1_patch09.png,0,1017.6500244140625,763.3200073242188,100,100,0.006099999882280827
10529,SCC_1_patch09.png,0,920.3200073242188,421.4800109863281,100,100,0.00559999980032444
10530,SCC_1_patch09.png,0,629.6500244140625,605.260009765625,100,100,0.005499999970197678
10531,SCC_1_patch09.png,0,723.7999877929688,824.72998046875,100,100,0.0052999998442828655
10532,SCC_1_patch09.png,0,619.6699829101562,13.4399995803833,100,100,0.005100000184029341
10533,SCC_1_patch09.png,0,186.3000030517578,911.0999755859375,100,100,0.004999999888241291
10534,SCC_1_patch09.png,0,138.4199981689453,556.3200073242188,100,100,0.004800000227987766
10535,SCC_1_patch09.png,0,594.7999877929688,1016.8300170898438,100,100,0.004699999932199717
10536,SCC_1_patch09.png,0,120.77999877929688,239.80999755859375,100,100,0.004600000102072954
10537,SCC_1_patch09.png,0,642.1900024414062,536.6300048828125,100,100,0.0038999998942017555
10538,SCC_1_patch09.png,0,762.0399780273438,193.72000122070312,100,100,0.003800000064074993
10539,SCC_1_patch09.png,0,471.8800048828125,1016.489990234375,100,100,0.003700000001117587
10540,SCC_1_patch09.png,0,683.6900024414062,813.9299926757812,100,100,0.003700000001117587
10541,SCC_1_patch09.png,0,218.2899932861328,673.5900268554688,100,100,0.0031999999191612005
10542,SCC_1_patch09.png,0,844.8599853515625,639.3400268554688,100,100,0.003100000089034438
10543,SCC_1_patch09.png,0,962.0,654.1400146484375,100,100,0.002899999963119626
10544,SCC_1_patch09.png,0,281.69000244140625,1003.6300048828125,100,100,0.0027000000700354576
10545,SCC_1_patch09.png,0,716.1300048828125,38.2400016784668,100,100,0.0026000000070780516
10546,SCC_1_patch09.png,0,444.07000732421875,1013.9299926757812,100,100,0.002199999988079071
10547,SCC_1_patch09.png,0,507.3800048828125,943.9600219726562,100,100,0.0020000000949949026
10548,SCC_1_patch09.png,0,234.02999877929688,853.0800170898438,100,100,0.0019000000320374966
10549,SCC_1_patch09.png,0,1007.1599731445312,1014.1300048828125,100,100,0.0017999999690800905
10550,SCC_1_patch09.png,0,705.0499877929688,804.6799926757812,100,100,0.001500000013038516
10551,SCC_1_patch10.png,0,657.11,564.27,100,100,0.7527
10552,SCC_1_patch10.png,0,660.56,792.55,100,100,0.5845
10553,SCC_1_patch10.png,0,320.09,256.22,100,100,0.568
10554,SCC_1_patch10.png,0,850.3,88.67,100,100,0.541
10555,SCC_1_patch10.png,0,443.57,729.89,100,100,0.5311
10556,SCC_1_patch10.png,0,438.09,613.67,100,100,0.4881
10557,SCC_1_patch10.png,0,904.75,72.79,100,100,0.4512
10558,SCC_1_patch10.png,0,266.59,154.17,100,100,0.4454
10559,SCC_1_patch10.png,0,179.26,31.09,100,100,0.4
10560,SCC_1_patch10.png,0,837.59,586.34,100,100,0.3754
10561,SCC_1_patch10.png,0,255.48,32.84,100,100,0.3678
10562,SCC_1_patch10.png,0,668.11,344.79,100,100,0.3604
10563,SCC_1_patch10.png,0,721.95,663.78,100,100,0.3544
10564,SCC_1_patch10.png,0,522.9,405.44,100,100,0.3303
10565,SCC_1_patch10.png,0,510.65,329.62,100,100,0.3279
10566,SCC_1_patch10.png,0,511.16,193.68,100,100,0.2945
10567,SCC_1_patch10.png,0,973.71,461.14,100,100,0.286
10568,SCC_1_patch10.png,0,995.86,918.18,100,100,0.262
10569,SCC_1_patch10.png,0,592.04,962.92,100,100,0.2239
10570,SCC_1_patch10.png,0,265.93,926.14,100,100,0.2195
10571,SCC_1_patch10.png,0,150.12,155.7,100,100,0.2133
10572,SCC_1_patch10.png,0,877.96,585.46,100,100,0.1916
10573,SCC_1_patch10.png,0,979.71,996.14,100,100,0.1906
10574,SCC_1_patch10.png,0,913.48,339.93,100,100,0.1891
10575,SCC_1_patch10.png,0,956.32,588.09,100,100,0.1776
10576,SCC_1_patch10.png,0,376.72,254.72,100,100,0.1763
10577,SCC_1_patch10.png,0,866.3,286.47,100,100,0.1601
10578,SCC_1_patch10.png,0,602.4,715.83,100,100,0.1522
10579,SCC_1_patch10.png,0,553.43,892.68,100,100,0.1478
10580,SCC_1_patch10.png,0,670.3800048828125,383.8999938964844,100,100,0.08969999849796295
10581,SCC_1_patch10.png,0,10.729999542236328,55.880001068115234,100,100,0.07159999758005142
10582,SCC_1_patch10.png,0,491.3599853515625,326.95001220703125,100,100,0.06199999898672104
10583,SCC_1_patch10.png,0,628.9400024414062,348.0199890136719,100,100,0.039400000125169754
10584,SCC_1_patch10.png,0,1014.739990234375,847.0,100,100,0.030700000002980232
10585,SCC_1_patch10.png,0,685.1599731445312,664.0800170898438,100,100,0.02590000070631504
10586,SCC_1_patch10.png,0,626.6099853515625,793.2100219726562,100,100,0.020899999886751175
10587,SCC_1_patch10.png,0,452.6000061035156,622.219970703125,100,100,0.020500000566244125
10588,SCC_1_patch10.png,0,167.02000427246094,775.3699951171875,100,100,0.019600000232458115
10589,SCC_1_patch10.png,0,811.7000122070312,693.280029296875,100,100,0.014000000432133675
10590,SCC_1_patch10.png,0,20.040000915527344,6.610000133514404,100,100,0.013899999670684338
10591,SCC_1_patch10.png,0,955.9000244140625,769.8099975585938,100,100,0.012199999764561653
10592,SCC_1_patch10.png,0,419.7200012207031,605.1099853515625,100,100,0.01080000028014183
10593,SCC_1_patch10.png,0,768.3300170898438,204.7899932861328,100,100,0.010599999688565731
10594,SCC_1_patch10.png,0,76.91999816894531,576.6799926757812,100,100,0.010599999688565731
10595,SCC_1_patch10.png,0,180.0399932861328,393.25,100,100,0.010400000028312206
10596,SCC_1_patch10.png,0,616.77001953125,321.05999755859375,100,100,0.010200000368058681
10597,SCC_1_patch10.png,0,277.69000244140625,207.6999969482422,100,100,0.010200000368058681
10598,SCC_1_patch10.png,0,174.00999450683594,13.680000305175781,100,100,0.00930000003427267
10599,SCC_1_patch10.png,0,535.8599853515625,617.780029296875,100,100,0.008299999870359898
10600,SCC_1_patch10.png,0,432.75,715.5499877929688,100,100,0.008100000210106373
10601,SCC_1_patch10.png,0,469.17999267578125,775.8900146484375,100,100,0.007799999788403511
10602,SCC_1_patch10.png,0,533.5900268554688,100.5999984741211,100,100,0.007600000128149986
10603,SCC_1_patch10.png,0,369.2799987792969,232.63999938964844,100,100,0.007199999876320362
10604,SCC_1_patch10.png,0,898.9299926757812,1018.02001953125,100,100,0.006399999838322401
10605,SCC_1_patch10.png,0,450.739990234375,713.1099853515625,100,100,0.006200000178068876
10606,SCC_1_patch10.png,0,669.6500244140625,555.47998046875,100,100,0.006099999882280827
10607,SCC_1_patch10.png,0,331.4599914550781,262.5799865722656,100,100,0.006000000052154064
10608,SCC_1_patch10.png,0,242.27000427246094,27.459999084472656,100,100,0.005799999926239252
10609,SCC_1_patch10.png,0,189.49000549316406,17.8700008392334,100,100,0.00570000009611249
10610,SCC_1_patch10.png,0,280.3900146484375,149.3800048828125,100,100,0.005499999970197678
10611,SCC_1_patch10.png,0,706.02001953125,665.260009765625,100,100,0.005400000140070915
10612,SCC_1_patch10.png,0,225.97999572753906,528.4500122070312,100,100,0.005400000140070915
10613,SCC_1_patch10.png,0,698.8499755859375,143.57000732421875,100,100,0.004999999888241291
10614,SCC_1_patch10.png,0,104.83999633789062,530.6099853515625,100,100,0.004900000058114529
10615,SCC_1_patch10.png,0,1014.7000122070312,243.8699951171875,100,100,0.004800000227987766
10616,SCC_1_patch10.png,0,839.27001953125,97.88999938964844,100,100,0.004699999932199717
10617,SCC_1_patch10.png,0,242.6999969482422,244.69000244140625,100,100,0.0044999998062849045
10618,SCC_1_patch10.png,0,463.239990234375,612.5,100,100,0.0044999998062849045
10619,SCC_1_patch10.png,0,941.719970703125,665.1500244140625,100,100,0.004399999976158142
10620,SCC_1_patch10.png,0,860.469970703125,76.70999908447266,100,100,0.00430000014603138
10621,SCC_1_patch10.png,0,192.47999572753906,34.59000015258789,100,100,0.00419999985024333
10622,SCC_1_patch10.png,0,271.1600036621094,28.290000915527344,100,100,0.00419999985024333
10623,SCC_1_patch10.png,0,326.7799987792969,838.8400268554688,100,100,0.00419999985024333
10624,SCC_1_patch10.png,0,387.5299987792969,551.0599975585938,100,100,0.00419999985024333
10625,SCC_1_patch10.png,0,518.1699829101562,341.5400085449219,100,100,0.004000000189989805
10626,SCC_1_patch10.png,0,648.8699951171875,18.5,100,100,0.004000000189989805
10627,SCC_1_patch10.png,0,518.1799926757812,889.5,100,100,0.0038999998942017555
10628,SCC_1_patch10.png,0,262.3900146484375,140.13999938964844,100,100,0.0038999998942017555
10629,SCC_1_patch10.png,0,924.510009765625,801.719970703125,100,100,0.0034000000450760126
10630,SCC_1_patch10.png,0,333.4700012207031,242.6199951171875,100,100,0.0034000000450760126
10631,SCC_1_patch10.png,0,452.4599914550781,738.219970703125,100,100,0.0031999999191612005
10632,SCC_1_patch10.png,0,818.6500244140625,631.2899780273438,100,100,0.003000000026077032
10633,SCC_1_patch10.png,0,164.3699951171875,24.479999542236328,100,100,0.003000000026077032
10634,SCC_1_patch10.png,0,304.42999267578125,241.74000549316406,100,100,0.00279999990016222
10635,SCC_1_patch10.png,0,653.3499755859375,546.5900268554688,100,100,0.0027000000700354576
10636,SCC_1_patch10.png,0,82.80999755859375,7.579999923706055,100,100,0.0027000000700354576
10637,SCC_1_patch10.png,0,173.22000122070312,40.459999084472656,100,100,0.0027000000700354576
10638,SCC_1_patch10.png,0,961.3900146484375,452.260009765625,100,100,0.0024999999441206455
10639,SCC_1_patch10.png,0,261.010009765625,8.899999618530273,100,100,0.002400000113993883
10640,SCC_1_patch10.png,0,452.6700134277344,602.2899780273438,100,100,0.002400000113993883
10641,SCC_1_patch10.png,0,982.260009765625,11.489999771118164,100,100,0.002400000113993883
10642,SCC_1_patch10.png,0,899.4400024414062,224.63999938964844,100,100,0.002400000113993883
10643,SCC_1_patch10.png,0,93.5199966430664,560.75,100,100,0.002300000051036477
10644,SCC_1_patch10.png,0,879.9199829101562,465.57000732421875,100,100,0.002300000051036477
10645,SCC_1_patch10.png,0,1014.8200073242188,466.32000732421875,100,100,0.002199999988079071
10646,SCC_1_patch10.png,0,1011.6300048828125,671.8499755859375,100,100,0.002199999988079071
10647,SCC_1_patch10.png,0,675.8900146484375,55.27000045776367,100,100,0.0020000000949949026
10648,SCC_1_patch10.png,0,193.52000427246094,5.21999979019165,100,100,0.0020000000949949026
10649,SCC_1_patch10.png,0,428.5799865722656,565.6900024414062,100,100,0.0019000000320374966
10650,SCC_1_patch10.png,0,443.79998779296875,262.260009765625,100,100,0.0019000000320374966
10651,SCC_1_patch10.png,0,901.5800170898438,850.4600219726562,100,100,0.0019000000320374966
10652,SCC_1_patch10.png,0,998.780029296875,13.34000015258789,100,100,0.0017999999690800905
10653,SCC_1_patch10.png,0,225.49000549316406,101.27999877929688,100,100,0.0017999999690800905
10654,SCC_1_patch10.png,0,515.8800048828125,506.04998779296875,100,100,0.0017000000225380063
10655,SCC_1_patch10.png,0,433.30999755859375,252.3800048828125,100,100,0.0015999999595806003
10656,SCC_1_patch10.png,0,621.5,139.25,100,100,0.0015999999595806003
10657,SCC_1_patch10.png,0,452.95001220703125,641.0999755859375,100,100,0.0015999999595806003
10658,SCC_1_patch10.png,0,916.02001953125,60.11000061035156,100,100,0.0015999999595806003
10659,SCC_1_patch10.png,0,386.5799865722656,481.9100036621094,100,100,0.001500000013038516
10660,SCC_1_patch10.png,0,599.3200073242188,952.0,100,100,0.001500000013038516
10661,SCC_1_patch10.png,0,140.52000427246094,146.14999389648438,100,100,0.001500000013038516
10662,SCC_1_patch10.png,0,829.9099731445312,573.1300048828125,100,100,0.001500000013038516
10663,SCC_1_patch10.png,0,681.2100219726562,374.4700012207031,100,100,0.001500000013038516
10664,SCC_1_patch10.png,0,347.739990234375,793.1799926757812,100,100,0.0012000000569969416
10665,SCC_1_patch11.png,0,540.18,615.45,100,100,0.6331
10666,SCC_1_patch11.png,0,308.05,453.65,100,100,0.6218
10667,SCC_1_patch11.png,0,731.39,399.68,100,100,0.6021
10668,SCC_1_patch11.png,0,556.42,224.07,100,100,0.5692
10669,SCC_1_patch11.png,0,591.17,464.49,100,100,0.5576
10670,SCC_1_patch11.png,0,575.68,176.77,100,100,0.5492
10671,SCC_1_patch11.png,0,851.28,41.51,100,100,0.4916
10672,SCC_1_patch11.png,0,656.74,473.38,100,100,0.4886
10673,SCC_1_patch11.png,0,150.88,259.77,100,100,0.4791
10674,SCC_1_patch11.png,0,513.0,176.71,100,100,0.4404
10675,SCC_1_patch11.png,0,999.59,294.29,100,100,0.3562
10676,SCC_1_patch11.png,0,665.8,386.65,100,100,0.3314
10677,SCC_1_patch11.png,0,1007.17,353.76,100,100,0.3162
10678,SCC_1_patch11.png,0,929.11,129.0,100,100,0.3153
10679,SCC_1_patch11.png,0,185.64,445.38,100,100,0.2944
10680,SCC_1_patch11.png,0,246.69,84.54,100,100,0.2336
10681,SCC_1_patch11.png,0,102.15,177.31,100,100,0.2201
10682,SCC_1_patch11.png,0,440.7099914550781,86.48999786376953,100,100,0.16830000281333923
10683,SCC_1_patch11.png,0,293.38,498.18,100,100,0.159
10684,SCC_1_patch11.png,0,652.6599731445312,1014.5599975585938,100,100,0.12460000067949295
10685,SCC_1_patch11.png,0,166.31,852.49,100,100,0.1155
10686,SCC_1_patch11.png,0,8.229999542236328,445.25,100,100,0.05290000140666962
10687,SCC_1_patch11.png,0,86.70999908447266,242.4600067138672,100,100,0.042500000447034836
10688,SCC_1_patch11.png,0,28.520000457763672,904.239990234375,100,100,0.031599998474121094
10689,SCC_1_patch11.png,0,407.3500061035156,15.880000114440918,100,100,0.027400000020861626
10690,SCC_1_patch11.png,0,67.02999877929688,196.14999389648438,100,100,0.023399999365210533
10691,SCC_1_patch11.png,0,132.44000244140625,197.08999633789062,100,100,0.021400000900030136
10692,SCC_1_patch11.png,0,1000.97998046875,460.1499938964844,100,100,0.019099999219179153
10693,SCC_1_patch11.png,0,543.9000244140625,213.33999633789062,100,100,0.013199999928474426
10694,SCC_1_patch11.png,0,160.72000122070312,251.64999389648438,100,100,0.01080000028014183
10695,SCC_1_patch11.png,0,698.0999755859375,575.0900268554688,100,100,0.010700000450015068
10696,SCC_1_patch11.png,0,121.6500015258789,55.97999954223633,100,100,0.010400000028312206
10697,SCC_1_patch11.png,0,598.9600219726562,20.68000030517578,100,100,0.00930000003427267
10698,SCC_1_patch11.png,0,453.260009765625,76.4800033569336,100,100,0.00860000029206276
10699,SCC_1_patch11.png,0,149.19000244140625,804.239990234375,100,100,0.008200000040233135
10700,SCC_1_patch11.png,0,839.8599853515625,29.790000915527344,100,100,0.008100000210106373
10701,SCC_1_patch11.png,0,525.5599975585938,610.280029296875,100,100,0.007699999958276749
10702,SCC_1_patch11.png,0,864.3900146484375,31.739999771118164,100,100,0.007600000128149986
10703,SCC_1_patch11.png,0,739.75,387.4700012207031,100,100,0.0071000000461936
10704,SCC_1_patch11.png,0,519.0999755859375,42.869998931884766,100,100,0.006899999920278788
10705,SCC_1_patch11.png,0,642.8599853515625,465.1400146484375,100,100,0.00570000009611249
10706,SCC_1_patch11.png,0,461.42999267578125,170.86000061035156,100,100,0.00570000009611249
10707,SCC_1_patch11.png,0,28.780000686645508,327.8800048828125,100,100,0.005499999970197678
10708,SCC_1_patch11.png,0,1016.7899780273438,198.50999450683594,100,100,0.005100000184029341
10709,SCC_1_patch11.png,0,861.2999877929688,52.4900016784668,100,100,0.004900000058114529
10710,SCC_1_patch11.png,0,187.22999572753906,882.780029296875,100,100,0.004699999932199717
10711,SCC_1_patch11.png,0,666.5,484.5,100,100,0.00430000014603138
10712,SCC_1_patch11.png,0,582.9000244140625,489.3599853515625,100,100,0.004000000189989805
10713,SCC_1_patch11.png,0,195.97999572753906,737.3599853515625,100,100,0.003700000001117587
10714,SCC_1_patch11.png,0,112.43000030517578,797.1699829101562,100,100,0.003599999938160181
10715,SCC_1_patch11.png,0,63.0099983215332,607.6599731445312,100,100,0.0035000001080334187
10716,SCC_1_patch11.png,0,554.9299926757812,622.5999755859375,100,100,0.0031999999191612005
10717,SCC_1_patch11.png,0,178.97999572753906,32.380001068115234,100,100,0.0031999999191612005
10718,SCC_1_patch11.png,0,289.2200012207031,411.6099853515625,100,100,0.0031999999191612005
10719,SCC_1_patch11.png,0,89.5,183.1999969482422,100,100,0.0031999999191612005
10720,SCC_1_patch11.png,0,141.99000549316406,246.6300048828125,100,100,0.003000000026077032
10721,SCC_1_patch11.png,0,589.8900146484375,169.39999389648438,100,100,0.003000000026077032
10722,SCC_1_patch11.png,0,717.8699951171875,386.3800048828125,100,100,0.00279999990016222
10723,SCC_1_patch11.png,0,313.94000244140625,437.6000061035156,100,100,0.0027000000700354576
10724,SCC_1_patch11.png,0,718.02001953125,405.739990234375,100,100,0.0026000000070780516
10725,SCC_1_patch11.png,0,963.3699951171875,378.1000061035156,100,100,0.0024999999441206455
10726,SCC_1_patch11.png,0,574.4099731445312,219.30999755859375,100,100,0.0024999999441206455
10727,SCC_1_patch11.png,0,378.3299865722656,660.2000122070312,100,100,0.002400000113993883
10728,SCC_1_patch11.png,0,1017.1099853515625,329.5899963378906,100,100,0.002400000113993883
10729,SCC_1_patch11.png,0,647.6599731445312,486.8800048828125,100,100,0.002300000051036477
10730,SCC_1_patch11.png,0,662.7899780273438,457.4100036621094,100,100,0.002199999988079071
10731,SCC_1_patch11.png,0,548.5900268554688,601.4299926757812,100,100,0.0020000000949949026
10732,SCC_1_patch11.png,0,1017.0399780273438,366.260009765625,100,100,0.0020000000949949026
10733,SCC_1_patch11.png,0,852.8699951171875,669.9000244140625,100,100,0.0017999999690800905
10734,SCC_1_patch11.png,0,1015.1500244140625,309.0299987792969,100,100,0.00139999995008111
10735,SCC_1_patch12.png,0,857.67,842.48,100,100,0.5098
10736,SCC_1_patch12.png,0,513.32,341.99,100,100,0.3344
10737,SCC_1_patch12.png,0,524.42,862.92,100,100,0.3333
10738,SCC_1_patch12.png,0,886.39,396.12,100,100,0.3072
10739,SCC_1_patch12.png,0,28.94,913.1,100,100,0.305
10740,SCC_1_patch12.png,0,65.28,100.39,100,100,0.2972
10741,SCC_1_patch12.png,0,66.29,921.58,100,100,0.2036
10742,SCC_1_patch12.png,0,575.02,833.74,100,100,0.2009
10743,SCC_1_patch12.png,0,868.37,528.81,100,100,0.1203
10744,SCC_1_patch12.png,0,678.4000244140625,262.4599914550781,100,100,0.05009999871253967
10745,SCC_1_patch12.png,0,329.010009765625,632.3800048828125,100,100,0.019700000062584877
10746,SCC_1_patch12.png,0,392.6300048828125,934.5,100,100,0.009600000455975533
10747,SCC_1_patch12.png,0,846.4000244140625,830.75,100,100,0.00419999985024333
10748,SCC_1_patch12.png,0,872.9500122070312,833.77001953125,100,100,0.002899999963119626
10749,SCC_1_patch12.png,0,525.8200073242188,329.5299987792969,100,100,0.0026000000070780516
10750,SCC_1_patch12.png,0,870.97998046875,849.2999877929688,100,100,0.002300000051036477
10751,SCC_1_patch12.png,0,517.8900146484375,848.8300170898438,100,100,0.002300000051036477
10752,SCC_1_patch12.png,0,470.1199951171875,978.3300170898438,100,100,0.002099999925121665
10753,SCC_1_patch12.png,0,721.7999877929688,1008.6199951171875,100,100,0.0015999999595806003
10754,SCC_1_patch12.png,0,539.6599731445312,848.5,100,100,0.0015999999595806003
10755,SCC_1_patch12.png,0,224.08999633789062,12.90999984741211,100,100,0.0012000000569969416
