id,image_filename,class,x,y,width,height,conf
1,ASCUS_1_patch01.png,0,18.26,86.22,100,100,0.6385
2,ASCUS_1_patch01.png,0,13.16,230.82,100,100,0.6156
3,ASCUS_1_patch01.png,0,163.39,22.89,100,100,0.5782
4,ASCUS_1_patch01.png,0,39.66,122.41,100,100,0.5667
5,ASCUS_1_patch01.png,0,36.92,31.1,100,100,0.5429
6,ASCUS_1_patch01.png,0,114.76,82.29,100,100,0.5391
7,ASCUS_1_patch01.png,0,131.85,126.35,100,100,0.5311
8,ASCUS_1_patch01.png,0,208.44,145.11,100,100,0.4315
9,ASCUS_1_patch01.png,0,214.71,254.08,100,100,0.4193
10,ASCUS_1_patch01.png,0,204.0,0.0,100,100,0.3209652006626129
11,ASCUS_1_patch01.png,0,207.65,15.83,100,100,0.2808
12,ASCUS_1_patch01.png,0,189.0399932861328,164.25999450683594,100,100,0.1921000033617019
13,ASCUS_1_patch01.png,0,77.51000213623047,5.53000020980835,100,100,0.1084000021219253
14,ASCUS_1_patch01.png,0,150.26,411.52,100,100,0.5589
15,ASCUS_1_patch01.png,0,125.08,465.99,100,100,0.5505
16,ASCUS_1_patch01.png,0,49.06,467.35,100,100,0.5162
17,ASCUS_1_patch01.png,0,152.39,264.35,100,100,0.5068
18,ASCUS_1_patch01.png,0,212.06,427.88,100,100,0.4754
19,ASCUS_1_patch01.png,0,245.33,500.71,100,100,0.36
20,ASCUS_1_patch01.png,0,251.8300018310547,312.010009765625,100,100,0.1881999969482422
21,ASCUS_1_patch01.png,0,65.83,680.89,100,100,0.6262
22,ASCUS_1_patch01.png,0,71.4,517.86,100,100,0.585
23,ASCUS_1_patch01.png,0,123.94,598.95,100,100,0.5847
24,ASCUS_1_patch01.png,0,224.43,588.77,100,100,0.5788
25,ASCUS_1_patch01.png,0,240.96,558.48,100,100,0.5591
26,ASCUS_1_patch01.png,0,97.38,635.9,100,100,0.553
27,ASCUS_1_patch01.png,0,146.79,727.83,100,100,0.5308
28,ASCUS_1_patch01.png,0,174.25,716.8,100,100,0.4813
29,ASCUS_1_patch01.png,0,29.33,765.11,100,100,0.4284
30,ASCUS_1_patch01.png,0,139.37,645.13,100,100,0.3804
31,ASCUS_1_patch01.png,0,157.89999389648438,527.47998046875,100,100,0.0463000014424324
32,ASCUS_1_patch01.png,0,158.41000366210938,717.969970703125,100,100,0.0277999993413686
33,ASCUS_1_patch01.png,0,234.9499969482422,576.1500244140625,100,100,0.0109000001102685
34,ASCUS_1_patch01.png,0,109.85,943.8,100,100,0.7447
35,ASCUS_1_patch01.png,0,102.34,837.03,100,100,0.7005
36,ASCUS_1_patch01.png,0,219.26,873.02,100,100,0.5878
37,ASCUS_1_patch01.png,0,195.35,1010.74,100,100,0.4405
38,ASCUS_1_patch01.png,0,228.49,986.76,100,100,0.412
39,ASCUS_1_patch01.png,0,229.35,798.05,100,100,0.4037
40,ASCUS_1_patch01.png,0,248.49,954.56,100,100,0.3437
41,ASCUS_1_patch01.png,0,45.88,945.73,100,100,0.3102
42,ASCUS_1_patch01.png,0,408.48,40.18,100,100,0.7431
43,ASCUS_1_patch01.png,0,511.74,185.93,100,100,0.5997
44,ASCUS_1_patch01.png,0,415.13,173.43,100,100,0.5305
45,ASCUS_1_patch01.png,0,345.43,151.96,100,100,0.5238
46,ASCUS_1_patch01.png,0,266.66,25.69,100,100,0.5013
47,ASCUS_1_patch01.png,0,262.74,194.46,100,100,0.4878
48,ASCUS_1_patch01.png,0,277.87,105.67,100,100,0.4801
49,ASCUS_1_patch01.png,0,385.86,216.04,100,100,0.4212
50,ASCUS_1_patch01.png,0,319.16,52.43,100,100,0.4021
51,ASCUS_1_patch01.png,0,440.12,77.38,100,100,0.3738
52,ASCUS_1_patch01.png,0,446.75,203.1000061035156,100,100,0.0428999997675418
53,ASCUS_1_patch01.png,0,361.7099914550781,140.7899932861328,100,100,0.0115000000223517
54,ASCUS_1_patch01.png,0,371.74,408.74,100,100,0.7076
55,ASCUS_1_patch01.png,0,368.97,302.41,100,100,0.5816
56,ASCUS_1_patch01.png,0,475.35,397.7,100,100,0.51
57,ASCUS_1_patch01.png,0,304.79,330.26,100,100,0.458
58,ASCUS_1_patch01.png,0,448.99,475.01,100,100,0.3826
59,ASCUS_1_patch01.png,0,379.26,355.43,100,100,0.3537
60,ASCUS_1_patch01.png,0,273.62,378.59,100,100,0.3196
61,ASCUS_1_patch01.png,0,501.8,338.68,100,100,0.292
62,ASCUS_1_patch01.png,0,428.71,378.4,100,100,0.282
63,ASCUS_1_patch01.png,0,489.38,718.49,100,100,0.694
64,ASCUS_1_patch01.png,0,280.05,759.02,100,100,0.6933
65,ASCUS_1_patch01.png,0,414.15,548.65,100,100,0.6363
66,ASCUS_1_patch01.png,0,322.58,721.7,100,100,0.6194
67,ASCUS_1_patch01.png,0,297.65,649.48,100,100,0.5741
68,ASCUS_1_patch01.png,0,274.56,594.73,100,100,0.5351
69,ASCUS_1_patch01.png,0,424.24,685.6,100,100,0.4939
70,ASCUS_1_patch01.png,0,482.01,637.48,100,100,0.4178
71,ASCUS_1_patch01.png,0,378.12,718.78,100,100,0.378
72,ASCUS_1_patch01.png,0,337.1,577.07,100,100,0.3652
73,ASCUS_1_patch01.png,0,415.12,749.67,100,100,0.2906
74,ASCUS_1_patch01.png,0,314.71,545.6,100,100,0.2336
75,ASCUS_1_patch01.png,0,487.97,543.27,100,100,0.1401
76,ASCUS_1_patch01.png,0,385.9299926757813,522.1500244140625,100,100,0.1209999993443489
77,ASCUS_1_patch01.png,0,477.82,963.17,100,100,0.6542
78,ASCUS_1_patch01.png,0,401.88,899.52,100,100,0.6529
79,ASCUS_1_patch01.png,0,312.16,873.68,100,100,0.6219
80,ASCUS_1_patch01.png,0,372.64,834.23,100,100,0.6136
81,ASCUS_1_patch01.png,0,272.69,847.39,100,100,0.603
82,ASCUS_1_patch01.png,0,388.07,987.26,100,100,0.5922
83,ASCUS_1_patch01.png,0,351.96,800.8,100,100,0.5918
84,ASCUS_1_patch01.png,0,504.21,787.17,100,100,0.5828
85,ASCUS_1_patch01.png,0,355.88,944.8,100,100,0.5512
86,ASCUS_1_patch01.png,0,451.24,845.44,100,100,0.5055
87,ASCUS_1_patch01.png,0,359.27,901.47,100,100,0.341
88,ASCUS_1_patch01.png,0,767.88,156.77,100,100,0.6933
89,ASCUS_1_patch01.png,0,525.21,84.47,100,100,0.6581
90,ASCUS_1_patch01.png,0,599.27,248.65,100,100,0.6172
91,ASCUS_1_patch01.png,0,686.73,221.39,100,100,0.5818
92,ASCUS_1_patch01.png,0,665.55,157.57,100,100,0.5746
93,ASCUS_1_patch01.png,0,696.19,26.36,100,100,0.533
94,ASCUS_1_patch01.png,0,559.18,69.54,100,100,0.52
95,ASCUS_1_patch01.png,0,593.79,190.18,100,100,0.4571
96,ASCUS_1_patch01.png,0,664.89,79.78,100,100,0.4261
97,ASCUS_1_patch01.png,0,758.65,49.18,100,100,0.3448
98,ASCUS_1_patch01.png,0,613.37,15.75,100,100,0.2231
99,ASCUS_1_patch01.png,0,752.1099853515625,241.3999938964844,100,100,0.1103999987244606
100,ASCUS_1_patch01.png,0,534.63,286.76,100,100,0.6876
101,ASCUS_1_patch01.png,0,721.96,419.7,100,100,0.6335
102,ASCUS_1_patch01.png,0,659.59,258.67,100,100,0.602
103,ASCUS_1_patch01.png,0,633.22,386.54,100,100,0.5561
104,ASCUS_1_patch01.png,0,720.7,303.38,100,100,0.4813
105,ASCUS_1_patch01.png,0,559.23,441.09,100,100,0.4083
106,ASCUS_1_patch01.png,0,746.34,266.48,100,100,0.3831
107,ASCUS_1_patch01.png,0,526.62,493.74,100,100,0.2478
108,ASCUS_1_patch01.png,0,649.6599731445312,419.010009765625,100,100,0.2415000051259994
109,ASCUS_1_patch01.png,0,628.97998046875,287.20001220703125,100,100,0.2074999958276748
110,ASCUS_1_patch01.png,0,622.39,342.64,100,100,0.2058
111,ASCUS_1_patch01.png,0,531.7999877929688,479.1400146484375,100,100,0.1044000014662742
112,ASCUS_1_patch01.png,0,664.29,663.23,100,100,0.7855
113,ASCUS_1_patch01.png,0,532.98,720.48,100,100,0.7009
114,ASCUS_1_patch01.png,0,750.67,589.57,100,100,0.6809
115,ASCUS_1_patch01.png,0,745.0,520.47,100,100,0.5534
116,ASCUS_1_patch01.png,0,614.39,548.78,100,100,0.4652
117,ASCUS_1_patch01.png,0,623.27,569.76,100,100,0.4371
118,ASCUS_1_patch01.png,0,673.7100219726562,734.7999877929688,100,100,0.1937000006437301
119,ASCUS_1_patch01.png,0,526.94,603.02,100,100,0.1758
120,ASCUS_1_patch01.png,0,637.0800170898438,516.0499877929688,100,100,0.0603000000119209
121,ASCUS_1_patch01.png,0,584.9099731445312,519.8099975585938,100,100,0.0305000003427267
122,ASCUS_1_patch01.png,0,750.98,782.11,100,100,0.7564
123,ASCUS_1_patch01.png,0,590.58,945.32,100,100,0.7298
124,ASCUS_1_patch01.png,0,542.5,797.05,100,100,0.5471
125,ASCUS_1_patch01.png,0,719.41,869.6,100,100,0.5444
126,ASCUS_1_patch01.png,0,587.9,769.36,100,100,0.5025
127,ASCUS_1_patch01.png,0,757.09,1007.57,100,100,0.4471
128,ASCUS_1_patch01.png,0,526.95,990.15,100,100,0.4296
129,ASCUS_1_patch01.png,0,590.97998046875,795.0,100,100,0.1724999994039535
130,ASCUS_1_patch01.png,0,654.9099731445312,1016.4000244140624,100,100,0.0894000008702278
131,ASCUS_1_patch01.png,0,651.8599853515625,826.5800170898438,100,100,0.0549999997019767
132,ASCUS_1_patch01.png,0,630.3900146484375,829.030029296875,100,100,0.0465000011026859
133,ASCUS_1_patch01.png,0,564.6199951171875,828.9000244140625,100,100,0.0375000014901161
134,ASCUS_1_patch01.png,0,673.4199829101562,776.22998046875,100,100,0.0209999997168779
135,ASCUS_1_patch01.png,0,602.75,941.02001953125,100,100,0.0172000005841255
136,ASCUS_1_patch01.png,0,912.01,62.43,100,100,0.6902
137,ASCUS_1_patch01.png,0,994.24,25.98,100,100,0.6743
138,ASCUS_1_patch01.png,0,930.05,142.27,100,100,0.6307
139,ASCUS_1_patch01.png,0,854.75,109.0,100,100,0.6196
140,ASCUS_1_patch01.png,0,916.06,254.53,100,100,0.5233
141,ASCUS_1_patch01.png,0,820.48,10.22,100,100,0.4692
142,ASCUS_1_patch01.png,0,845.55,198.02,100,100,0.4418
143,ASCUS_1_patch01.png,0,796.89,235.36,100,100,0.3391
144,ASCUS_1_patch01.png,0,1011.530029296875,198.3600006103516,100,100,0.1535000056028366
145,ASCUS_1_patch01.png,0,924.280029296875,219.7899932861328,100,100,0.1497000008821487
146,ASCUS_1_patch01.png,0,803.26,434.16,100,100,0.6469
147,ASCUS_1_patch01.png,0,866.86,365.44,100,100,0.5894
148,ASCUS_1_patch01.png,0,839.02,256.26,100,100,0.5548
149,ASCUS_1_patch01.png,0,810.17,351.35,100,100,0.5266
150,ASCUS_1_patch01.png,0,986.44,301.09,100,100,0.3713
151,ASCUS_1_patch01.png,0,853.37,477.24,100,100,0.3636
152,ASCUS_1_patch01.png,0,877.39,441.83,100,100,0.326
153,ASCUS_1_patch01.png,0,1005.6,339.02,100,100,0.3053
154,ASCUS_1_patch01.png,0,968.52001953125,435.5499877929688,100,100,0.2696000039577484
155,ASCUS_1_patch01.png,0,965.14,419.02,100,100,0.2658
156,ASCUS_1_patch01.png,0,937.77001953125,280.4100036621094,100,100,0.1793999969959259
157,ASCUS_1_patch01.png,0,906.53,581.58,100,100,0.7769
158,ASCUS_1_patch01.png,0,926.92,753.4,100,100,0.7206
159,ASCUS_1_patch01.png,0,868.86,733.54,100,100,0.7148
160,ASCUS_1_patch01.png,0,801.2,702.61,100,100,0.6461
161,ASCUS_1_patch01.png,0,1011.83,649.89,100,100,0.5808
162,ASCUS_1_patch01.png,0,829.06,647.97,100,100,0.4908
163,ASCUS_1_patch01.png,0,1009.65,526.35,100,100,0.3736
164,ASCUS_1_patch01.png,0,851.3599853515625,618.77001953125,100,100,0.0559000000357627
165,ASCUS_1_patch01.png,0,1017.6300048828124,638.030029296875,100,100,0.018300000578165
166,ASCUS_1_patch01.png,0,1013.75,761.8599853515625,100,100,0.0114000001922249
167,ASCUS_1_patch01.png,0,791.67,842.72,100,100,0.7343
168,ASCUS_1_patch01.png,0,938.08,837.5,100,100,0.7058
169,ASCUS_1_patch01.png,0,854.87,835.83,100,100,0.6493
170,ASCUS_1_patch01.png,0,999.76,769.85,100,100,0.6385
171,ASCUS_1_patch01.png,0,944.5999755859376,1016.4299926757812,100,100,0.0395999997854232
172,ASCUS_1_patch01.png,0,951.1500244140624,839.239990234375,100,100,0.025399999693036
173,ASCUS_1_patch01.png,0,809.2100219726562,999.489990234375,100,100,0.0127999996766448
174,ASCUS_1_patch01.png,0,9.149999618530272,732.7899780273438,100,100,0.0082000000402331
175,ASCUS_1_patch01.png,0,60.08000183105469,692.6099853515625,100,100,0.0074000000022351
176,ASCUS_1_patch01.png,0,90.7699966430664,624.1799926757812,100,100,0.0070000002160668
177,ASCUS_1_patch01.png,0,236.2899932861328,544.969970703125,100,100,0.0043999999761581
178,ASCUS_1_patch01.png,0,78.02999877929688,674.9500122070312,100,100,0.0043000001460313
179,ASCUS_1_patch01.png,0,236.83999633789065,592.969970703125,100,100,0.0038000000640749
180,ASCUS_1_patch01.png,0,131.36000061035156,588.3499755859375,100,100,0.0031000000890344
181,ASCUS_1_patch01.png,0,121.80999755859376,634.9400024414062,100,100,0.0028999999631196
182,ASCUS_1_patch01.png,0,212.4199981689453,584.8099975585938,100,100,0.0028999999631196
183,ASCUS_1_patch01.png,0,84.54000091552734,522.8699951171875,100,100,0.0027999999001622
184,ASCUS_1_patch01.png,0,153.83999633789062,739.22998046875,100,100,0.0023000000510364
185,ASCUS_1_patch01.png,0,252.5500030517578,548.4099731445312,100,100,0.0019000000320374
186,ASCUS_1_patch01.png,0,134.8699951171875,716.4400024414062,100,100,0.00179999996908
187,ASCUS_1_patch01.png,0,113.6500015258789,589.27001953125,100,100,0.00179999996908
188,ASCUS_1_patch01.png,0,21.350000381469727,753.0999755859375,100,100,0.001700000022538
189,ASCUS_1_patch01.png,0,190.88999938964844,709.0999755859375,100,100,0.0015999999595806
190,ASCUS_1_patch01.png,0,251.2700042724609,532.27001953125,100,100,0.001300000003539
191,ASCUS_1_patch01.png,0,335.2300109863281,140.1999969482422,100,100,0.0093000000342726
192,ASCUS_1_patch01.png,0,266.94000244140625,180.55999755859372,100,100,0.0041999998502433
193,ASCUS_1_patch01.png,0,428.9800109863281,170.69000244140625,100,100,0.003400000045076
194,ASCUS_1_patch01.png,0,416.8999938964844,28.26000022888184,100,100,0.0032999999821186
195,ASCUS_1_patch01.png,0,333.45001220703125,158.72000122070312,100,100,0.0031999999191612
196,ASCUS_1_patch01.png,0,452.9100036621094,80.5999984741211,100,100,0.0031000000890344
197,ASCUS_1_patch01.png,0,382.9299926757813,41.290000915527344,100,100,0.003000000026077
198,ASCUS_1_patch01.png,0,501.2300109863281,180.4199981689453,100,100,0.003000000026077
199,ASCUS_1_patch01.png,0,379.1099853515625,5.78000020980835,100,100,0.0027000000700354
200,ASCUS_1_patch01.png,0,401.8399963378906,169.32000732421875,100,100,0.002199999988079
201,ASCUS_1_patch01.png,0,421.4500122070313,58.97999954223633,100,100,0.0013999999500811
202,ASCUS_1_patch01.png,0,737.7899780273438,585.0499877929688,100,100,0.0082999998703598
203,ASCUS_1_patch01.png,0,648.3099975585938,534.8200073242188,100,100,0.0071999998763203
204,ASCUS_1_patch01.png,0,575.6400146484375,760.739990234375,100,100,0.0066999997943639
205,ASCUS_1_patch01.png,0,766.5399780273438,591.3300170898438,100,100,0.0057000000961124
206,ASCUS_1_patch01.png,0,675.5499877929688,650.0700073242188,100,100,0.0046000001020729
207,ASCUS_1_patch01.png,0,599.780029296875,536.8599853515625,100,100,0.0040000001899898
208,ASCUS_1_patch01.png,0,512.5800170898438,591.489990234375,100,100,0.0035999999381601
209,ASCUS_1_patch01.png,0,558.739990234375,744.780029296875,100,100,0.0035999999381601
210,ASCUS_1_patch01.png,0,760.1599731445312,579.72998046875,100,100,0.003400000045076
211,ASCUS_1_patch01.png,0,759.97998046875,514.2999877929688,100,100,0.003400000045076
212,ASCUS_1_patch01.png,0,607.2999877929688,565.5499877929688,100,100,0.0031999999191612
213,ASCUS_1_patch01.png,0,652.3800048828125,656.6099853515625,100,100,0.0031000000890344
214,ASCUS_1_patch01.png,0,732.1400146484375,526.219970703125,100,100,0.0028999999631196
215,ASCUS_1_patch01.png,0,637.0499877929688,550.0900268554688,100,100,0.0027999999001622
216,ASCUS_1_patch01.png,0,520.4000244140625,706.25,100,100,0.0024000001139938
217,ASCUS_1_patch01.png,0,546.1199951171875,716.0399780273438,100,100,0.0023000000510364
218,ASCUS_1_patch01.png,0,596.719970703125,760.27001953125,100,100,0.0023000000510364
219,ASCUS_1_patch01.png,0,636.0700073242188,576.4199829101562,100,100,0.002199999988079
220,ASCUS_1_patch01.png,0,609.239990234375,519.1300048828125,100,100,0.00179999996908
221,ASCUS_1_patch01.png,0,548.2000122070312,734.4199829101562,100,100,0.0015999999595806
222,ASCUS_1_patch01.png,0,552.9000244140625,784.4099731445312,100,100,0.0054999999701976
223,ASCUS_1_patch01.png,0,706.4199829101562,866.739990234375,100,100,0.0054999999701976
224,ASCUS_1_patch01.png,0,534.1900024414062,979.2100219726562,100,100,0.0054000001400709
225,ASCUS_1_patch01.png,0,761.3499755859375,777.4199829101562,100,100,0.0041000000201165
226,ASCUS_1_patch01.png,0,534.0,787.3200073242188,100,100,0.0038999998942017
227,ASCUS_1_patch01.png,0,600.8900146484375,774.27001953125,100,100,0.0038999998942017
228,ASCUS_1_patch01.png,0,579.739990234375,932.3400268554688,100,100,0.0035999999381601
229,ASCUS_1_patch01.png,0,527.75,801.9199829101562,100,100,0.0027000000700354
230,ASCUS_1_patch01.png,0,731.9400024414062,876.969970703125,100,100,0.0012000000569969
231,ASCUS_1_patch01.png,0,839.25,636.4600219726562,100,100,0.0083999997004866
232,ASCUS_1_patch01.png,0,915.239990234375,571.530029296875,100,100,0.0071999998763203
233,ASCUS_1_patch01.png,0,778.3699951171875,625.8800048828125,100,100,0.0054999999701976
234,ASCUS_1_patch01.png,0,1017.5700073242188,512.3300170898438,100,100,0.0046000001020729
235,ASCUS_1_patch01.png,0,815.27001953125,701.1699829101562,100,100,0.0043999999761581
236,ASCUS_1_patch01.png,0,987.4600219726562,760.7100219726562,100,100,0.0043000001460313
237,ASCUS_1_patch01.png,0,895.4099731445312,573.1199951171875,100,100,0.0038999998942017
238,ASCUS_1_patch01.png,0,857.8599853515625,739.72998046875,100,100,0.0037000000011175
239,ASCUS_1_patch01.png,0,861.4600219726562,722.3499755859375,100,100,0.0031999999191612
240,ASCUS_1_patch01.png,0,805.510009765625,689.1799926757812,100,100,0.0028999999631196
241,ASCUS_1_patch01.png,0,815.030029296875,644.77001953125,100,100,0.0027999999001622
242,ASCUS_1_patch01.png,0,876.9000244140625,718.8300170898438,100,100,0.0024999999441206
243,ASCUS_1_patch01.png,0,939.72998046875,757.3599853515625,100,100,0.0024999999441206
244,ASCUS_1_patch01.png,0,841.6900024414062,651.5700073242188,100,100,0.0024000001139938
245,ASCUS_1_patch01.png,0,916.9500122070312,742.9600219726562,100,100,0.002199999988079
246,ASCUS_1_patch01.png,0,933.5999755859376,740.1199951171875,100,100,0.0020999999251216
247,ASCUS_1_patch01.png,0,819.0399780273438,660.3200073242188,100,100,0.001300000003539
248,ASCUS_1_patch01.png,0,1000.5999755859376,831.530029296875,100,100,0.008899999782443
249,ASCUS_1_patch01.png,0,846.72998046875,815.7000122070312,100,100,0.0080000003799796
250,ASCUS_1_patch01.png,0,775.719970703125,1016.4500122070312,100,100,0.006800000090152
251,ASCUS_1_patch01.png,0,923.280029296875,833.9500122070312,100,100,0.0054000001400709
252,ASCUS_1_patch01.png,0,1019.5800170898438,790.3099975585938,100,100,0.0043000001460313
253,ASCUS_1_patch01.png,0,803.239990234375,847.8099975585938,100,100,0.0020000000949949
254,ASCUS_1_patch01.png,0,1012.5499877929688,782.47998046875,100,100,0.0019000000320374
255,ASCUS_1_patch01.png,0,781.989990234375,831.77001953125,100,100,0.0019000000320374
256,ASCUS_1_patch01.png,0,988.0599975585938,778.0499877929688,100,100,0.0015999999595806
257,ASCUS_1_patch01.png,0,867.3400268554688,827.7000122070312,100,100,0.0015999999595806
258,ASCUS_1_patch01.png,0,782.510009765625,875.9600219726562,100,100,0.0015000000130385
259,ASCUS_1_patch01.png,0,798.5900268554688,818.1199951171875,100,100,0.0010999999940395
260,ASCUS_1_patch02.png,0,82.41,495.91,100,100,0.7261
261,ASCUS_1_patch02.png,0,203.77,693.07,100,100,0.7131
262,ASCUS_1_patch02.png,0,129.51,602.12,100,100,0.6573
263,ASCUS_1_patch02.png,0,58.48,685.55,100,100,0.6334
264,ASCUS_1_patch02.png,0,116.88999938964844,594.47998046875,100,100,0.012699999846518
265,ASCUS_1_patch02.png,0,192.41000366210935,685.469970703125,100,100,0.0113000003620982
266,ASCUS_1_patch02.png,0,460.45,290.82,100,100,0.72
267,ASCUS_1_patch02.png,0,691.77,241.21,100,100,0.7282
268,ASCUS_1_patch02.png,0,691.54,110.97,100,100,0.6695
269,ASCUS_1_patch02.png,0,740.6699829101562,4.190000057220459,100,100,0.0445999987423419
270,ASCUS_1_patch02.png,0,698.69,388.02,100,100,0.7685
271,ASCUS_1_patch02.png,0,614.95,307.18,100,100,0.6753
272,ASCUS_1_patch02.png,0,660.4,362.68,100,100,0.3177
273,ASCUS_1_patch02.png,0,714.35,700.95,100,100,0.7122
274,ASCUS_1_patch02.png,0,967.29,232.54,100,100,0.7261
275,ASCUS_1_patch02.png,0,937.32,101.29,100,100,0.707
276,ASCUS_1_patch02.png,0,813.61,108.28,100,100,0.6809
277,ASCUS_1_patch02.png,0,911.12,212.32,100,100,0.634
278,ASCUS_1_patch02.png,0,949.45,19.61,100,100,0.547
279,ASCUS_1_patch02.png,0,802.8400268554688,116.87999725341795,100,100,0.0103000001981854
280,ASCUS_1_patch02.png,0,840.04,282.16,100,100,0.6913
281,ASCUS_1_patch02.png,0,1018.760009765625,501.8500061035156,100,100,0.0913000032305717
282,ASCUS_1_patch02.png,0,964.7100219726562,412.4500122070313,100,100,0.0274999998509883
283,ASCUS_1_patch02.png,0,858.8300170898438,283.2300109863281,100,100,0.0113000003620982
284,ASCUS_1_patch02.png,0,866.38,512.62,100,100,0.7324
285,ASCUS_1_patch02.png,0,955.69,557.42,100,100,0.6854
286,ASCUS_1_patch02.png,0,821.52,720.92,100,100,0.5734
287,ASCUS_1_patch02.png,0,956.98,992.35,100,100,0.7085
288,ASCUS_1_patch02.png,0,94.20999908447266,486.4599914550781,100,100,0.0035999999381601
289,ASCUS_1_patch02.png,0,72.7699966430664,506.6400146484375,100,100,0.0027999999001622
290,ASCUS_1_patch02.png,0,219.1499938964844,687.0499877929688,100,100,0.0097000002861022
291,ASCUS_1_patch02.png,0,49.36000061035156,671.3499755859375,100,100,0.003400000045076
292,ASCUS_1_patch02.png,0,189.1199951171875,699.8200073242188,100,100,0.003000000026077
293,ASCUS_1_patch02.png,0,68.51000213623047,671.3099975585938,100,100,0.0027999999001622
294,ASCUS_1_patch02.png,0,99.11000061035156,592.9500122070312,100,100,0.0023000000510364
295,ASCUS_1_patch02.png,0,45.11000061035156,686.6500244140625,100,100,0.0020999999251216
296,ASCUS_1_patch02.png,0,204.22999572753903,673.3800048828125,100,100,0.0020999999251216
297,ASCUS_1_patch02.png,0,136.64999389648438,590.0,100,100,0.0020000000949949
298,ASCUS_1_patch02.png,0,135.5800018310547,615.6400146484375,100,100,0.0015000000130385
299,ASCUS_1_patch02.png,0,447.6900024414063,283.3599853515625,100,100,0.0043999999761581
300,ASCUS_1_patch02.png,0,450.5899963378906,300.1000061035156,100,100,0.0035999999381601
301,ASCUS_1_patch02.png,0,474.8500061035156,287.489990234375,100,100,0.0032999999821186
302,ASCUS_1_patch02.png,0,676.4099731445312,236.25999450683597,100,100,0.0044999998062849
303,ASCUS_1_patch02.png,0,708.1199951171875,236.1499938964844,100,100,0.0044999998062849
304,ASCUS_1_patch02.png,0,680.6199951171875,251.6499938964844,100,100,0.0041000000201165
305,ASCUS_1_patch02.png,0,685.3699951171875,97.7300033569336,100,100,0.0038999998942017
306,ASCUS_1_patch02.png,0,697.6199951171875,226.0200042724609,100,100,0.003400000045076
307,ASCUS_1_patch02.png,0,702.260009765625,95.12999725341795,100,100,0.002199999988079
308,ASCUS_1_patch02.png,0,687.239990234375,122.0999984741211,100,100,0.0010000000474974
309,ASCUS_1_patch02.png,0,626.9400024414062,297.94000244140625,100,100,0.0076000001281499
310,ASCUS_1_patch02.png,0,600.760009765625,304.6499938964844,100,100,0.0071000000461936
311,ASCUS_1_patch02.png,0,607.719970703125,293.70001220703125,100,100,0.0048000002279877
312,ASCUS_1_patch02.png,0,681.7999877929688,375.7099914550781,100,100,0.0043000001460313
313,ASCUS_1_patch02.png,0,710.5700073242188,382.1199951171875,100,100,0.0037000000011175
314,ASCUS_1_patch02.png,0,725.1699829101562,691.0800170898438,100,100,0.0087999999523162
315,ASCUS_1_patch02.png,0,704.3400268554688,688.9600219726562,100,100,0.0055999998003244
316,ASCUS_1_patch02.png,0,700.5499877929688,706.7999877929688,100,100,0.0043999999761581
317,ASCUS_1_patch02.png,0,922.7899780273438,92.47000122070312,100,100,0.0076999999582767
318,ASCUS_1_patch02.png,0,823.4199829101562,91.04000091552734,100,100,0.0070000002160668
319,ASCUS_1_patch02.png,0,796.27001953125,103.38999938964844,100,100,0.0057000000961124
320,ASCUS_1_patch02.png,0,946.9500122070312,87.43000030517578,100,100,0.0046999999321997
321,ASCUS_1_patch02.png,0,807.7000122070312,88.69000244140625,100,100,0.0046000001020729
322,ASCUS_1_patch02.png,0,905.8499755859376,199.2700042724609,100,100,0.0038000000640749
323,ASCUS_1_patch02.png,0,823.1699829101562,119.54000091552734,100,100,0.0037000000011175
324,ASCUS_1_patch02.png,0,978.8499755859376,221.75,100,100,0.003400000045076
325,ASCUS_1_patch02.png,0,926.3300170898438,108.08000183105467,100,100,0.0032999999821186
326,ASCUS_1_patch02.png,0,828.8099975585938,105.05999755859376,100,100,0.0031000000890344
327,ASCUS_1_patch02.png,0,959.7000122070312,103.05999755859376,100,100,0.0023000000510364
328,ASCUS_1_patch02.png,0,954.2899780273438,242.41000366210935,100,100,0.0020999999251216
329,ASCUS_1_patch02.png,0,957.8499755859376,219.72000122070312,100,100,0.0019000000320374
330,ASCUS_1_patch02.png,0,923.9199829101562,204.3999938964844,100,100,0.0015999999595806
331,ASCUS_1_patch02.png,0,963.0999755859376,18.26000022888184,100,100,0.001300000003539
332,ASCUS_1_patch02.png,0,851.9000244140625,271.7699890136719,100,100,0.0073000001721084
333,ASCUS_1_patch02.png,0,854.6099853515625,503.7000122070313,100,100,0.0071999998763203
334,ASCUS_1_patch02.png,0,821.9099731445312,277.3599853515625,100,100,0.006800000090152
335,ASCUS_1_patch02.png,0,874.010009765625,499.8999938964844,100,100,0.0054000001400709
336,ASCUS_1_patch02.png,0,849.1199951171875,301.0799865722656,100,100,0.0013999999500811
337,ASCUS_1_patch02.png,0,949.8400268554688,541.9600219726562,100,100,0.0051000001840293
338,ASCUS_1_patch02.png,0,881.02001953125,515.6199951171875,100,100,0.0041000000201165
339,ASCUS_1_patch02.png,0,808.1500244140625,711.9000244140625,100,100,0.0038999998942017
340,ASCUS_1_patch02.png,0,837.2000122070312,715.8599853515625,100,100,0.0032999999821186
341,ASCUS_1_patch02.png,0,970.219970703125,542.5900268554688,100,100,0.0019000000320374
342,ASCUS_1_patch02.png,0,849.9600219726562,520.719970703125,100,100,0.00179999996908
343,ASCUS_1_patch02.png,0,943.9500122070312,987.1900024414062,100,100,0.0070000002160668
344,ASCUS_1_patch02.png,0,968.6699829101562,983.3099975585938,100,100,0.0028999999631196
345,ASCUS_1_patch02.png,0,971.0599975585938,997.7100219726562,100,100,0.0027000000700354
346,ASCUS_1_patch02.png,0,967.1099853515624,1012.1099853515624,100,100,0.0010000000474974
347,ASCUS_1_patch03.png,0,201.86,93.97,100,100,0.6867
348,ASCUS_1_patch03.png,0,19.62,254.38,100,100,0.668
349,ASCUS_1_patch03.png,0,209.99,225.35,100,100,0.6268
350,ASCUS_1_patch03.png,0,137.11,109.49,100,100,0.6239
351,ASCUS_1_patch03.png,0,216.43,187.99,100,100,0.601
352,ASCUS_1_patch03.png,0,89.74,74.79,100,100,0.5619
353,ASCUS_1_patch03.png,0,221.3,48.0,100,100,0.399
354,ASCUS_1_patch03.png,0,0.0,0.0,100,100,0.2332486659288406
355,ASCUS_1_patch03.png,0,13.39,15.76,100,100,0.2281
356,ASCUS_1_patch03.png,0,221.80999755859372,20.399999618530277,100,100,0.0260000005364418
357,ASCUS_1_patch03.png,0,114.87999725341795,41.27000045776367,100,100,0.024100000038743
358,ASCUS_1_patch03.png,0,217.77999877929688,202.82000732421875,100,100,0.0211999993771314
359,ASCUS_1_patch03.png,0,133.82000732421875,239.6499938964844,100,100,0.0182000007480382
360,ASCUS_1_patch03.png,0,19.100000381469727,130.22000122070312,100,100,0.017799999564886
361,ASCUS_1_patch03.png,0,195.63999938964844,215.9199981689453,100,100,0.0104000000283122
362,ASCUS_1_patch03.png,0,141.67,481.12,100,100,0.6896
363,ASCUS_1_patch03.png,0,170.33,286.11,100,100,0.6495
364,ASCUS_1_patch03.png,0,39.02,412.15,100,100,0.5847
365,ASCUS_1_patch03.png,0,101.11,273.35,100,100,0.5785
366,ASCUS_1_patch03.png,0,10.39,495.72,100,100,0.4249
367,ASCUS_1_patch03.png,0,465.41,88.96,100,100,0.7321
368,ASCUS_1_patch03.png,0,307.42,107.6,100,100,0.713
369,ASCUS_1_patch03.png,0,284.08,23.12,100,100,0.6269
370,ASCUS_1_patch03.png,0,392.79,231.11,100,100,0.5957
371,ASCUS_1_patch03.png,0,425.7900085449219,8.380000114440918,100,100,0.2056999951601028
372,ASCUS_1_patch03.png,0,332.4200134277344,221.50999450683597,100,100,0.1324999928474426
373,ASCUS_1_patch03.png,0,369.0499877929688,131.0,100,100,0.093699999153614
374,ASCUS_1_patch03.png,0,298.3900146484375,15.649999618530272,100,100,0.0109000001102685
375,ASCUS_1_patch03.png,0,492.13,379.4,100,100,0.6946
376,ASCUS_1_patch03.png,0,359.62,329.53,100,100,0.6926
377,ASCUS_1_patch03.png,0,287.99,352.29,100,100,0.2807
378,ASCUS_1_patch03.png,0,280.4599914550781,367.6499938964844,100,100,0.0219999998807907
379,ASCUS_1_patch03.png,0,610.24,144.14,100,100,0.7066
380,ASCUS_1_patch03.png,0,697.31,147.29,100,100,0.6864
381,ASCUS_1_patch03.png,0,515.3,226.56,100,100,0.679
382,ASCUS_1_patch03.png,0,671.1,93.24,100,100,0.6578
383,ASCUS_1_patch03.png,0,628.61,34.02,100,100,0.6468
384,ASCUS_1_patch03.png,0,739.18,39.55,100,100,0.2996
385,ASCUS_1_patch03.png,0,549.75,5.25,100,100,0.2528
386,ASCUS_1_patch03.png,0,528.489990234375,127.04000091552734,100,100,0.1085999980568885
387,ASCUS_1_patch03.png,0,690.9199829101562,12.949999809265137,100,100,0.0502000004053115
388,ASCUS_1_patch03.png,0,570.2000122070312,165.38999938964844,100,100,0.0401000007987022
389,ASCUS_1_patch03.png,0,768.85,254.67,100,100,0.7705
390,ASCUS_1_patch03.png,0,954.0,224.64,100,100,0.7212
391,ASCUS_1_patch03.png,0,863.04,131.84,100,100,0.6833
392,ASCUS_1_patch03.png,0,796.3,92.04,100,100,0.662
393,ASCUS_1_patch03.png,0,959.61,86.99,100,100,0.6353
394,ASCUS_1_patch03.png,0,878.7,10.17,100,100,0.4329
395,ASCUS_1_patch03.png,0,1014.19,52.57,100,100,0.3456
396,ASCUS_1_patch03.png,0,889.4500122070312,5.829999923706055,100,100,0.0303000006824731
397,ASCUS_1_patch03.png,0,869.4299926757812,122.6500015258789,100,100,0.0143999997526407
398,ASCUS_1_patch03.png,0,784.8099975585938,96.01000213623048,100,100,0.0120999999344348
399,ASCUS_1_patch03.png,0,912.72,351.38,100,100,0.7177
400,ASCUS_1_patch03.png,0,1017.9400024414062,386.010009765625,100,100,0.1121999993920326
401,ASCUS_1_patch03.png,0,1000.6199951171876,355.5599975585937,100,100,0.0186000000685453
402,ASCUS_1_patch03.png,0,843.28,965.67,100,100,0.6884
403,ASCUS_1_patch03.png,0,1011.13,946.76,100,100,0.6586
404,ASCUS_1_patch03.png,0,1017.510009765625,935.7000122070312,100,100,0.0116999996826052
405,ASCUS_1_patch03.png,0,30.01000022888184,245.72999572753903,100,100,0.0087999999523162
406,ASCUS_1_patch03.png,0,99.69000244140624,64.05999755859375,100,100,0.0049000000581145
407,ASCUS_1_patch03.png,0,226.83999633789065,225.8300018310547,100,100,0.0041999998502433
408,ASCUS_1_patch03.png,0,12.949999809265137,242.6699981689453,100,100,0.003400000045076
409,ASCUS_1_patch03.png,0,126.06999969482422,96.68000030517578,100,100,0.003000000026077
410,ASCUS_1_patch03.png,0,197.1199951171875,78.44000244140625,100,100,0.0027999999001622
411,ASCUS_1_patch03.png,0,81.81999969482422,61.81999969482422,100,100,0.0027000000700354
412,ASCUS_1_patch03.png,0,147.32000732421875,100.86000061035156,100,100,0.002600000007078
413,ASCUS_1_patch03.png,0,224.8699951171875,174.72000122070312,100,100,0.0023000000510364
414,ASCUS_1_patch03.png,0,98.20999908447266,86.54000091552734,100,100,0.0019000000320374
415,ASCUS_1_patch03.png,0,124.16999816894533,480.6300048828125,100,100,0.0094999996945261
416,ASCUS_1_patch03.png,0,154.83999633789062,471.5,100,100,0.0087000001221895
417,ASCUS_1_patch03.png,0,183.1699981689453,277.9200134277344,100,100,0.0070000002160668
418,ASCUS_1_patch03.png,0,50.93999862670898,402.7699890136719,100,100,0.0065000001341104
419,ASCUS_1_patch03.png,0,131.83999633789062,468.1400146484375,100,100,0.0049999998882412
420,ASCUS_1_patch03.png,0,4.949999809265137,268.6300048828125,100,100,0.0037000000011175
421,ASCUS_1_patch03.png,0,31.09000015258789,398.9599914550781,100,100,0.0031000000890344
422,ASCUS_1_patch03.png,0,160.30999755859375,271.0,100,100,0.0023000000510364
423,ASCUS_1_patch03.png,0,157.0500030517578,291.6600036621094,100,100,0.0023000000510364
424,ASCUS_1_patch03.png,0,186.05999755859372,291.5599975585937,100,100,0.001700000022538
425,ASCUS_1_patch03.png,0,297.6400146484375,32.34000015258789,100,100,0.0089999996125698
426,ASCUS_1_patch03.png,0,478.3200073242188,86.06999969482422,100,100,0.0044999998062849
427,ASCUS_1_patch03.png,0,504.3599853515625,221.67999267578125,100,100,0.0040000001899898
428,ASCUS_1_patch03.png,0,402.3800048828125,219.16000366210935,100,100,0.0035000001080334
429,ASCUS_1_patch03.png,0,322.4800109863281,101.18000030517578,100,100,0.003400000045076
430,ASCUS_1_patch03.png,0,269.0,25.040000915527344,100,100,0.0020999999251216
431,ASCUS_1_patch03.png,0,483.8699951171875,365.6300048828125,100,100,0.0070000002160668
432,ASCUS_1_patch03.png,0,365.5400085449219,316.2099914550781,100,100,0.0059000002220273
433,ASCUS_1_patch03.png,0,501.4599914550781,367.3599853515625,100,100,0.0046999999321997
434,ASCUS_1_patch03.png,0,347.42999267578125,317.4700012207031,100,100,0.0024999999441206
435,ASCUS_1_patch03.png,0,503.9100036621094,388.75,100,100,0.0020000000949949
436,ASCUS_1_patch03.png,0,616.02001953125,28.040000915527344,100,100,0.009800000116229
437,ASCUS_1_patch03.png,0,661.97998046875,84.80000305175781,100,100,0.0097000002861022
438,ASCUS_1_patch03.png,0,761.0999755859375,241.27999877929688,100,100,0.0071999998763203
439,ASCUS_1_patch03.png,0,685.0999755859375,86.8499984741211,100,100,0.0065999999642372
440,ASCUS_1_patch03.png,0,522.9299926757812,237.91000366210935,100,100,0.0044999998062849
441,ASCUS_1_patch03.png,0,596.8900146484375,139.89999389648438,100,100,0.0041999998502433
442,ASCUS_1_patch03.png,0,523.7000122070312,215.92999267578125,100,100,0.0028999999631196
443,ASCUS_1_patch03.png,0,686.1500244140625,140.25,100,100,0.0024000001139938
444,ASCUS_1_patch03.png,0,566.280029296875,8.760000228881836,100,100,0.0019000000320374
445,ASCUS_1_patch03.png,0,584.72998046875,167.77999877929688,100,100,0.001700000022538
446,ASCUS_1_patch03.png,0,605.1300048828125,127.30999755859376,100,100,0.001700000022538
447,ASCUS_1_patch03.png,0,596.0499877929688,154.3800048828125,100,100,0.0012000000569969
448,ASCUS_1_patch03.png,0,751.3099975585938,257.0899963378906,100,100,0.0043000001460313
449,ASCUS_1_patch03.png,0,944.6799926757812,82.94999694824219,100,100,0.0097000002861022
450,ASCUS_1_patch03.png,0,809.3200073242188,85.20999908447266,100,100,0.0086000002920627
451,ASCUS_1_patch03.png,0,965.6300048828124,97.5,100,100,0.0068999999202787
452,ASCUS_1_patch03.png,0,1017.9500122070312,63.75,100,100,0.0063000000081956
453,ASCUS_1_patch03.png,0,968.5999755859376,78.06999969482422,100,100,0.0060999998822808
454,ASCUS_1_patch03.png,0,960.6400146484376,212.58999633789065,100,100,0.0054000001400709
455,ASCUS_1_patch03.png,0,850.6199951171875,125.80999755859376,100,100,0.0052000000141561
456,ASCUS_1_patch03.png,0,942.5499877929688,216.88999938964844,100,100,0.0040000001899898
457,ASCUS_1_patch03.png,0,968.77001953125,231.3500061035156,100,100,0.0024000001139938
458,ASCUS_1_patch03.png,0,807.4299926757812,106.56999969482422,100,100,0.001700000022538
459,ASCUS_1_patch03.png,0,947.72998046875,99.37000274658205,100,100,0.0010999999940395
460,ASCUS_1_patch03.png,0,897.2100219726562,348.7799987792969,100,100,0.0086000002920627
461,ASCUS_1_patch03.png,0,854.2899780273438,957.22998046875,100,100,0.0071000000461936
462,ASCUS_1_patch03.png,0,839.0,949.989990234375,100,100,0.0027999999001622
463,ASCUS_1_patch03.png,0,1003.4500122070312,931.47998046875,100,100,0.0024000001139938
464,ASCUS_1_patch03.png,0,851.010009765625,978.719970703125,100,100,0.0024000001139938
465,ASCUS_1_patch03.png,0,831.280029296875,975.0900268554688,100,100,0.0023000000510364
466,ASCUS_1_patch04.png,0,196.41,79.47,100,100,0.7044
467,ASCUS_1_patch04.png,0,13.47,120.26,100,100,0.6615
468,ASCUS_1_patch04.png,0,248.07,162.57,100,100,0.656
469,ASCUS_1_patch04.png,0,79.69,222.36,100,100,0.5888
470,ASCUS_1_patch04.png,0,18.540000915527344,219.67999267578125,100,100,0.1747999936342239
471,ASCUS_1_patch04.png,0,168.27,146.99,100,100,0.1189
472,ASCUS_1_patch04.png,0,204.1199951171875,9.489999771118164,100,100,0.048700001090765
473,ASCUS_1_patch04.png,0,120.12000274658205,226.82000732421875,100,100,0.0414999984204769
474,ASCUS_1_patch04.png,0,105.8499984741211,226.4199981689453,100,100,0.0181000009179115
475,ASCUS_1_patch04.png,0,109.74,340.65,100,100,0.7113
476,ASCUS_1_patch04.png,0,200.78,346.6,100,100,0.7112
477,ASCUS_1_patch04.png,0,212.42,462.66,100,100,0.6971
478,ASCUS_1_patch04.png,0,100.74,425.62,100,100,0.4969
479,ASCUS_1_patch04.png,0,60.93,504.51,100,100,0.4648
480,ASCUS_1_patch04.png,0,15.41,271.63,100,100,0.184
481,ASCUS_1_patch04.png,0,3.19,267.13,100,100,0.125
482,ASCUS_1_patch04.png,0,61.15999984741211,281.2300109863281,100,100,0.0518999993801116
483,ASCUS_1_patch04.png,0,6.949999809265137,334.0400085449219,100,100,0.0406999997794628
484,ASCUS_1_patch04.png,0,106.38,672.91,100,100,0.746
485,ASCUS_1_patch04.png,0,127.7,528.31,100,100,0.7035
486,ASCUS_1_patch04.png,0,162.1,740.67,100,100,0.6917
487,ASCUS_1_patch04.png,0,230.21,699.3,100,100,0.6288
488,ASCUS_1_patch04.png,0,182.65,588.14,100,100,0.4417
489,ASCUS_1_patch04.png,0,16.23,542.03,100,100,0.2171
490,ASCUS_1_patch04.png,0,41.9,769.57,100,100,0.7269
491,ASCUS_1_patch04.png,0,143.94,851.46,100,100,0.6888
492,ASCUS_1_patch04.png,0,94.12,944.66,100,100,0.6764
493,ASCUS_1_patch04.png,0,120.49,894.98,100,100,0.592
494,ASCUS_1_patch04.png,0,37.3,902.55,100,100,0.5654
495,ASCUS_1_patch04.png,0,83.29,1007.88,100,100,0.3831
496,ASCUS_1_patch04.png,0,10.329999923706056,966.8300170898438,100,100,0.1345999985933303
497,ASCUS_1_patch04.png,0,136.5500030517578,839.5399780273438,100,100,0.0153999999165534
498,ASCUS_1_patch04.png,0,80.72000122070312,951.3800048828124,100,100,0.0103000001981854
499,ASCUS_1_patch04.png,0,319.62,226.29,100,100,0.622
500,ASCUS_1_patch04.png,0,303.13,82.78,100,100,0.5847
501,ASCUS_1_patch04.png,0,329.6,45.25,100,100,0.3561
502,ASCUS_1_patch04.png,0,364.5299987792969,12.729999542236328,100,100,0.0203000009059906
503,ASCUS_1_patch04.png,0,277.05,418.7,100,100,0.2893
504,ASCUS_1_patch04.png,0,320.57,714.56,100,100,0.7065
505,ASCUS_1_patch04.png,0,295.88,554.21,100,100,0.703
506,ASCUS_1_patch04.png,0,287.35,844.15,100,100,0.6909
507,ASCUS_1_patch04.png,0,512.08,60.62,100,100,0.6777
508,ASCUS_1_patch04.png,0,598.72998046875,8.380000114440918,100,100,0.033900000154972
509,ASCUS_1_patch04.png,0,525.2000122070312,52.63999938964844,100,100,0.0103000001981854
510,ASCUS_1_patch04.png,0,720.85,901.12,100,100,0.7145
511,ASCUS_1_patch04.png,0,572.86,825.33,100,100,0.7038
512,ASCUS_1_patch04.png,0,557.469970703125,787.6699829101562,100,100,0.0568999983370304
513,ASCUS_1_patch04.png,0,850.65,918.77,100,100,0.7235
514,ASCUS_1_patch04.png,0,847.76,809.58,100,100,0.6554
515,ASCUS_1_patch04.png,0,782.99,1019.9,100,100,0.1437
516,ASCUS_1_patch04.png,0,777.3900146484375,1009.6900024414062,100,100,0.1191999986767768
517,ASCUS_1_patch04.png,0,211.58999633789065,77.37999725341797,100,100,0.0055999998003244
518,ASCUS_1_patch04.png,0,6.0,108.04000091552734,100,100,0.0049000000581145
519,ASCUS_1_patch04.png,0,3.5,131.91000366210938,100,100,0.0023000000510364
520,ASCUS_1_patch04.png,0,234.38999938964844,153.3800048828125,100,100,0.0020999999251216
521,ASCUS_1_patch04.png,0,7.170000076293945,94.2699966430664,100,100,0.0020999999251216
522,ASCUS_1_patch04.png,0,18.290000915527344,130.58999633789062,100,100,0.001700000022538
523,ASCUS_1_patch04.png,0,95.12999725341795,337.8500061035156,100,100,0.0052999998442828
524,ASCUS_1_patch04.png,0,122.97000122070312,346.1499938964844,100,100,0.0046999999321997
525,ASCUS_1_patch04.png,0,201.72000122070312,453.7999877929688,100,100,0.0044999998062849
526,ASCUS_1_patch04.png,0,48.970001220703125,498.5499877929688,100,100,0.0023000000510364
527,ASCUS_1_patch04.png,0,61.29999923706055,481.0400085449219,100,100,0.0020999999251216
528,ASCUS_1_patch04.png,0,117.13999938964844,514.8300170898438,100,100,0.0074000000022351
529,ASCUS_1_patch04.png,0,39.09000015258789,755.25,100,100,0.0062000001780688
530,ASCUS_1_patch04.png,0,92.2699966430664,667.3099975585938,100,100,0.0052999998442828
531,ASCUS_1_patch04.png,0,147.2100067138672,741.5,100,100,0.0046000001020729
532,ASCUS_1_patch04.png,0,235.97999572753903,685.4099731445312,100,100,0.0044999998062849
533,ASCUS_1_patch04.png,0,115.22000122070312,660.0900268554688,100,100,0.0037000000011175
534,ASCUS_1_patch04.png,0,110.54000091552734,530.75,100,100,0.0037000000011175
535,ASCUS_1_patch04.png,0,220.6100006103516,687.9199829101562,100,100,0.003400000045076
536,ASCUS_1_patch04.png,0,51.84000015258789,759.02001953125,100,100,0.0032999999821186
537,ASCUS_1_patch04.png,0,8.949999809265137,549.719970703125,100,100,0.0027000000700354
538,ASCUS_1_patch04.png,0,241.7100067138672,708.6400146484375,100,100,0.0013999999500811
539,ASCUS_1_patch04.png,0,190.77999877929688,573.7999877929688,100,100,0.0010999999940395
540,ASCUS_1_patch04.png,0,113.91999816894533,937.5700073242188,100,100,0.0099999997764825
541,ASCUS_1_patch04.png,0,25.450000762939453,896.0499877929688,100,100,0.0073000001721084
542,ASCUS_1_patch04.png,0,100.8000030517578,927.739990234375,100,100,0.0066999997943639
543,ASCUS_1_patch04.png,0,47.59000015258789,894.1300048828125,100,100,0.0049999998882412
544,ASCUS_1_patch04.png,0,159.3000030517578,841.1699829101562,100,100,0.0043000001460313
545,ASCUS_1_patch04.png,0,130.41000366210938,854.3900146484375,100,100,0.003400000045076
546,ASCUS_1_patch04.png,0,139.69000244140625,865.3699951171875,100,100,0.0031000000890344
547,ASCUS_1_patch04.png,0,128.5500030517578,884.4400024414062,100,100,0.003000000026077
548,ASCUS_1_patch04.png,0,83.19000244140625,934.260009765625,100,100,0.0028999999631196
549,ASCUS_1_patch04.png,0,156.4499969482422,863.760009765625,100,100,0.0019000000320374
550,ASCUS_1_patch04.png,0,322.20001220703125,70.41999816894531,100,100,0.0087999999523162
551,ASCUS_1_patch04.png,0,499.0899963378906,70.19000244140625,100,100,0.0082000000402331
552,ASCUS_1_patch04.png,0,297.5400085449219,69.44999694824219,100,100,0.0028999999631196
553,ASCUS_1_patch04.png,0,497.6300048828125,52.13999938964844,100,100,0.002600000007078
554,ASCUS_1_patch04.png,0,332.7300109863281,232.1000061035156,100,100,0.0023000000510364
555,ASCUS_1_patch04.png,0,312.67999267578125,555.969970703125,100,100,0.0087999999523162
556,ASCUS_1_patch04.png,0,279.7099914550781,545.8400268554688,100,100,0.0068999999202787
557,ASCUS_1_patch04.png,0,307.7300109863281,712.5900268554688,100,100,0.0063000000081956
558,ASCUS_1_patch04.png,0,305.5,542.9600219726562,100,100,0.0054999999701976
559,ASCUS_1_patch04.png,0,334.8399963378906,711.27001953125,100,100,0.0032999999821186
560,ASCUS_1_patch04.png,0,280.6700134277344,568.52001953125,100,100,0.0012000000569969
561,ASCUS_1_patch04.png,0,274.8699951171875,835.6400146484375,100,100,0.0059000002220273
562,ASCUS_1_patch04.png,0,299.6199951171875,851.3200073242188,100,100,0.0043999999761581
563,ASCUS_1_patch04.png,0,303.8999938964844,836.3300170898438,100,100,0.0038000000640749
564,ASCUS_1_patch04.png,0,273.1600036621094,851.4099731445312,100,100,0.0020000000949949
565,ASCUS_1_patch04.png,0,524.77001953125,70.30000305175781,100,100,0.0035999999381601
566,ASCUS_1_patch04.png,0,731.8699951171875,889.8599853515625,100,100,0.0065000001341104
567,ASCUS_1_patch04.png,0,557.7000122070312,819.9099731445312,100,100,0.0043000001460313
568,ASCUS_1_patch04.png,0,705.9099731445312,900.6900024414062,100,100,0.0041999998502433
569,ASCUS_1_patch04.png,0,575.5999755859375,808.1400146484375,100,100,0.0038999998942017
570,ASCUS_1_patch04.png,0,591.5599975585938,817.030029296875,100,100,0.0032999999821186
571,ASCUS_1_patch04.png,0,710.25,884.8800048828125,100,100,0.0031000000890344
572,ASCUS_1_patch04.png,0,832.510009765625,811.739990234375,100,100,0.0087999999523162
573,ASCUS_1_patch04.png,0,836.530029296875,913.3400268554688,100,100,0.0063999998383224
574,ASCUS_1_patch04.png,0,864.1799926757812,909.9199829101562,100,100,0.0063999998383224
575,ASCUS_1_patch04.png,0,864.4600219726562,804.260009765625,100,100,0.0043000001460313
576,ASCUS_1_patch04.png,0,842.02001953125,794.8699951171875,100,100,0.0035000001080334
577,ASCUS_1_patch04.png,0,866.6199951171875,926.3800048828124,100,100,0.003000000026077
578,ASCUS_1_patch05.png,0,144.78,231.31,100,100,0.6325
579,ASCUS_1_patch05.png,0,93.32,167.17,100,100,0.6007
580,ASCUS_1_patch05.png,0,40.08,96.22,100,100,0.5928
581,ASCUS_1_patch05.png,0,94.33,248.58,100,100,0.559
582,ASCUS_1_patch05.png,0,231.14,45.84,100,100,0.5323
583,ASCUS_1_patch05.png,0,138.36,108.01,100,100,0.3976
584,ASCUS_1_patch05.png,0,255.86,222.07,100,100,0.3909
585,ASCUS_1_patch05.png,0,138.39,177.5,100,100,0.3122
586,ASCUS_1_patch05.png,0,105.9000015258789,191.5399932861328,100,100,0.2809999883174896
587,ASCUS_1_patch05.png,0,160.61,381.41,100,100,0.6545
588,ASCUS_1_patch05.png,0,199.25,271.93,100,100,0.5812
589,ASCUS_1_patch05.png,0,133.58,297.53,100,100,0.5279
590,ASCUS_1_patch05.png,0,111.23,481.45,100,100,0.3302
591,ASCUS_1_patch05.png,0,93.94,320.7,100,100,0.2302
592,ASCUS_1_patch05.png,0,213.0,734.66,100,100,0.6415
593,ASCUS_1_patch05.png,0,79.22,711.15,100,100,0.5865
594,ASCUS_1_patch05.png,0,112.01,713.05,100,100,0.5794
595,ASCUS_1_patch05.png,0,193.32,567.53,100,100,0.5574
596,ASCUS_1_patch05.png,0,130.87,568.07,100,100,0.5089
597,ASCUS_1_patch05.png,0,24.87,591.96,100,100,0.4254
598,ASCUS_1_patch05.png,0,72.46,610.89,100,100,0.263
599,ASCUS_1_patch05.png,0,61.14,640.55,100,100,0.2429
600,ASCUS_1_patch05.png,0,10.07,679.88,100,100,0.1742
601,ASCUS_1_patch05.png,0,203.33,922.14,100,100,0.5826
602,ASCUS_1_patch05.png,0,245.43,883.86,100,100,0.4583
603,ASCUS_1_patch05.png,0,84.53,773.4,100,100,0.4085
604,ASCUS_1_patch05.png,0,134.8,932.92,100,100,0.4073
605,ASCUS_1_patch05.png,0,134.48,821.83,100,100,0.3581
606,ASCUS_1_patch05.png,0,140.92,787.2,100,100,0.3061
607,ASCUS_1_patch05.png,0,102.0,1023.0,100,100,0.2446224093437194
608,ASCUS_1_patch05.png,0,76.0,1023.0,100,100,0.2333207130432129
609,ASCUS_1_patch05.png,0,200.39,974.85,100,100,0.2077
610,ASCUS_1_patch05.png,0,66.95999908447266,833.22998046875,100,100,0.1168000027537345
611,ASCUS_1_patch05.png,0,370.65,170.2,100,100,0.6907
612,ASCUS_1_patch05.png,0,369.66,58.53,100,100,0.6757
613,ASCUS_1_patch05.png,0,305.44,82.16,100,100,0.6075
614,ASCUS_1_patch05.png,0,487.82,422.52,100,100,0.7112
615,ASCUS_1_patch05.png,0,326.51,417.37,100,100,0.7003
616,ASCUS_1_patch05.png,0,256.82,428.01,100,100,0.652
617,ASCUS_1_patch05.png,0,406.35,320.59,100,100,0.4725
618,ASCUS_1_patch05.png,0,497.66,289.49,100,100,0.4594
619,ASCUS_1_patch05.png,0,440.84,343.35,100,100,0.2532
620,ASCUS_1_patch05.png,0,347.19,502.77,100,100,0.1262
621,ASCUS_1_patch05.png,0,270.94000244140625,429.5400085449219,100,100,0.010700000450015
622,ASCUS_1_patch05.png,0,490.98,642.11,100,100,0.5872
623,ASCUS_1_patch05.png,0,433.95,521.92,100,100,0.4799
624,ASCUS_1_patch05.png,0,506.23,710.4,100,100,0.4605
625,ASCUS_1_patch05.png,0,356.49,673.19,100,100,0.3973
626,ASCUS_1_patch05.png,0,354.2200012207031,518.1599731445312,100,100,0.0417000018060207
627,ASCUS_1_patch05.png,0,399.9400024414063,515.8099975585938,100,100,0.0131999999284744
628,ASCUS_1_patch05.png,0,368.16,833.81,100,100,0.6876
629,ASCUS_1_patch05.png,0,323.46,931.67,100,100,0.5447
630,ASCUS_1_patch05.png,0,360.2900085449219,1015.9199829101562,100,100,0.0520000010728836
631,ASCUS_1_patch05.png,0,315.7900085449219,942.219970703125,100,100,0.0206000003963708
632,ASCUS_1_patch05.png,0,333.6300048828125,922.5399780273438,100,100,0.0184000004082918
633,ASCUS_1_patch05.png,0,457.8200073242188,908.8400268554688,100,100,0.0135000003501772
634,ASCUS_1_patch05.png,0,358.8699951171875,902.4199829101562,100,100,0.0109999999403953
635,ASCUS_1_patch05.png,0,606.45,400.28,100,100,0.574
636,ASCUS_1_patch05.png,0,762.61,330.68,100,100,0.563
637,ASCUS_1_patch05.png,0,616.8400268554688,384.3500061035156,100,100,0.0126000000163912
638,ASCUS_1_patch05.png,0,748.18,645.23,100,100,0.605
639,ASCUS_1_patch05.png,0,651.38,699.17,100,100,0.5168
640,ASCUS_1_patch05.png,0,541.5,626.07,100,100,0.2111
641,ASCUS_1_patch05.png,0,512.3200073242188,632.52001953125,100,100,0.0854000002145767
642,ASCUS_1_patch05.png,0,577.9600219726562,732.1300048828125,100,100,0.0838000029325485
643,ASCUS_1_patch05.png,0,512.5,754.739990234375,100,100,0.0663999989628791
644,ASCUS_1_patch05.png,0,730.22998046875,709.2100219726562,100,100,0.0153999999165534
645,ASCUS_1_patch05.png,0,693.4199829101562,734.75,100,100,0.0137999998405575
646,ASCUS_1_patch05.png,0,727.72,893.3,100,100,0.6424
647,ASCUS_1_patch05.png,0,684.08,991.27,100,100,0.4088
648,ASCUS_1_patch05.png,0,556.39,906.93,100,100,0.3403
649,ASCUS_1_patch05.png,0,623.9600219726562,919.7999877929688,100,100,0.0344999991357326
650,ASCUS_1_patch05.png,0,637.6400146484375,905.1099853515624,100,100,0.0307999998331069
651,ASCUS_1_patch05.png,0,718.1900024414062,865.489990234375,100,100,0.0303000006824731
652,ASCUS_1_patch05.png,0,594.0999755859375,817.6199951171875,100,100,0.0266999993473291
653,ASCUS_1_patch05.png,0,720.739990234375,884.0599975585938,100,100,0.0135000003501772
654,ASCUS_1_patch05.png,0,818.16,509.05,100,100,0.6766
655,ASCUS_1_patch05.png,0,868.56,287.12,100,100,0.6677
656,ASCUS_1_patch05.png,0,894.48,411.55,100,100,0.5408
657,ASCUS_1_patch05.png,0,905.72,439.13,100,100,0.4265
658,ASCUS_1_patch05.png,0,791.4500122070312,333.25,100,100,0.2768999934196472
659,ASCUS_1_patch05.png,0,898.9000244140625,424.2699890136719,100,100,0.0199999995529651
660,ASCUS_1_patch05.png,0,895.97998046875,396.3299865722656,100,100,0.0122999995946884
661,ASCUS_1_patch05.png,0,922.1,565.64,100,100,0.7051
662,ASCUS_1_patch05.png,0,818.42,647.76,100,100,0.5792
663,ASCUS_1_patch05.png,0,802.72,763.65,100,100,0.2856
664,ASCUS_1_patch05.png,0,817.8499755859375,761.219970703125,100,100,0.2179999947547912
665,ASCUS_1_patch05.png,0,838.5999755859375,684.75,100,100,0.0943000018596649
666,ASCUS_1_patch05.png,0,1019.1599731445312,760.280029296875,100,100,0.0608999989926815
667,ASCUS_1_patch05.png,0,805.75,746.5700073242188,100,100,0.0366000011563301
668,ASCUS_1_patch05.png,0,831.3900146484375,755.1599731445312,100,100,0.0114000001922249
669,ASCUS_1_patch05.png,0,871.07,953.88,100,100,0.6309
670,ASCUS_1_patch05.png,0,1005.5,963.19,100,100,0.531
671,ASCUS_1_patch05.png,0,1017.7000122070312,989.739990234375,100,100,0.0582999996840953
672,ASCUS_1_patch05.png,0,1016.8400268554688,819.739990234375,100,100,0.026300000026822
673,ASCUS_1_patch05.png,0,772.719970703125,938.5900268554688,100,100,0.0258000008761882
674,ASCUS_1_patch05.png,0,927.1199951171876,1018.0599975585938,100,100,0.0142999999225139
675,ASCUS_1_patch05.png,0,808.2899780273438,774.75,100,100,0.0121999997645616
676,ASCUS_1_patch05.png,0,355.8599853515625,176.8699951171875,100,100,0.0066999997943639
677,ASCUS_1_patch05.png,0,362.6900024414063,159.39999389648438,100,100,0.006000000052154
678,ASCUS_1_patch05.png,0,381.5199890136719,160.63999938964844,100,100,0.0054000001400709
679,ASCUS_1_patch05.png,0,384.8900146484375,177.16000366210938,100,100,0.0041000000201165
680,ASCUS_1_patch05.png,0,382.9299926757813,52.79999923706055,100,100,0.0040000001899898
681,ASCUS_1_patch05.png,0,294.07000732421875,75.44000244140625,100,100,0.0027000000700354
682,ASCUS_1_patch05.png,0,359.0799865722656,49.060001373291016,100,100,0.0024999999441206
683,ASCUS_1_patch05.png,0,300.07000732421875,95.04000091552734,100,100,0.0015000000130385
684,ASCUS_1_patch05.png,0,318.67999267578125,406.1199951171875,100,100,0.0082000000402331
685,ASCUS_1_patch05.png,0,498.6900024414063,303.3999938964844,100,100,0.0071000000461936
686,ASCUS_1_patch05.png,0,336.7699890136719,405.1900024414063,100,100,0.0052000000141561
687,ASCUS_1_patch05.png,0,497.6600036621094,411.1199951171875,100,100,0.0051000001840293
688,ASCUS_1_patch05.png,0,474.3399963378906,412.489990234375,100,100,0.0049999998882412
689,ASCUS_1_patch05.png,0,339.8299865722656,425.8399963378906,100,100,0.0032999999821186
690,ASCUS_1_patch05.png,0,424.260009765625,328.1000061035156,100,100,0.003000000026077
691,ASCUS_1_patch05.png,0,507.7799987792969,422.8500061035156,100,100,0.0024999999441206
692,ASCUS_1_patch05.png,0,399.6000061035156,305.0599975585937,100,100,0.0024999999441206
693,ASCUS_1_patch05.png,0,345.67999267578125,660.52001953125,100,100,0.0082999998703598
694,ASCUS_1_patch05.png,0,511.7099914550781,697.239990234375,100,100,0.0070000002160668
695,ASCUS_1_patch05.png,0,494.3900146484375,703.9299926757812,100,100,0.0038999998942017
696,ASCUS_1_patch05.png,0,487.6799926757813,627.1500244140625,100,100,0.0031999999191612
697,ASCUS_1_patch05.png,0,413.3800048828125,524.7999877929688,100,100,0.0028999999631196
698,ASCUS_1_patch05.png,0,476.9100036621094,649.47998046875,100,100,0.0015000000130385
699,ASCUS_1_patch05.png,0,256.94000244140625,880.4099731445312,100,100,0.0041000000201165
700,ASCUS_1_patch05.png,0,306.6600036621094,927.6599731445312,100,100,0.0024000001139938
701,ASCUS_1_patch05.png,0,378.4700012207031,823.3099975585938,100,100,0.002199999988079
702,ASCUS_1_patch05.png,0,352.1499938964844,832.72998046875,100,100,0.001700000022538
703,ASCUS_1_patch05.png,0,646.530029296875,713.9400024414062,100,100,0.0094999996945261
704,ASCUS_1_patch05.png,0,648.5700073242188,684.1099853515625,100,100,0.0083999997004866
705,ASCUS_1_patch05.png,0,583.1900024414062,749.010009765625,100,100,0.006800000090152
706,ASCUS_1_patch05.png,0,662.9099731445312,691.969970703125,100,100,0.0066999997943639
707,ASCUS_1_patch05.png,0,763.6599731445312,671.9000244140625,100,100,0.006000000052154
708,ASCUS_1_patch05.png,0,669.7100219726562,626.4500122070312,100,100,0.0044999998062849
709,ASCUS_1_patch05.png,0,740.2899780273438,630.530029296875,100,100,0.0040000001899898
710,ASCUS_1_patch05.png,0,518.239990234375,734.739990234375,100,100,0.0019000000320374
711,ASCUS_1_patch05.png,0,638.4600219726562,695.0499877929688,100,100,0.00179999996908
712,ASCUS_1_patch05.png,0,735.3900146484375,877.6799926757812,100,100,0.0087000001221895
713,ASCUS_1_patch05.png,0,630.2100219726562,831.8499755859375,100,100,0.0043999999761581
714,ASCUS_1_patch05.png,0,809.9199829101562,497.0199890136719,100,100,0.0086000002920627
715,ASCUS_1_patch05.png,0,827.969970703125,501.2900085449219,100,100,0.0086000002920627
716,ASCUS_1_patch05.png,0,880.469970703125,281.7699890136719,100,100,0.0031999999191612
717,ASCUS_1_patch05.png,0,878.530029296875,409.0,100,100,0.0024000001139938
718,ASCUS_1_patch05.png,0,772.8800048828125,318.9800109863281,100,100,0.00179999996908
719,ASCUS_1_patch05.png,0,938.969970703125,565.27001953125,100,100,0.0062000001780688
720,ASCUS_1_patch05.png,0,907.1099853515624,570.3699951171875,100,100,0.0059000002220273
721,ASCUS_1_patch05.png,0,909.8400268554688,554.6799926757812,100,100,0.0044999998062849
722,ASCUS_1_patch05.png,0,930.25,551.6799926757812,100,100,0.0040000001899898
723,ASCUS_1_patch05.png,0,789.8499755859375,773.760009765625,100,100,0.0098999999463558
724,ASCUS_1_patch05.png,0,858.5399780273438,947.0399780273438,100,100,0.0081000002101063
725,ASCUS_1_patch05.png,0,884.1300048828125,950.4099731445312,100,100,0.0052999998442828
726,ASCUS_1_patch05.png,0,1013.4099731445312,952.4099731445312,100,100,0.002600000007078
727,ASCUS_1_patch06.png,0,112.96,201.71,100,100,0.7415
728,ASCUS_1_patch06.png,0,151.86,119.86,100,100,0.6998
729,ASCUS_1_patch06.png,0,150.15,31.43,100,100,0.6264
730,ASCUS_1_patch06.png,0,208.48,25.89,100,100,0.5603
731,ASCUS_1_patch06.png,0,222.9,121.83,100,100,0.5493
732,ASCUS_1_patch06.png,0,185.88,237.04,100,100,0.5279
733,ASCUS_1_patch06.png,0,250.21,181.89,100,100,0.513
734,ASCUS_1_patch06.png,0,18.52,121.23,100,100,0.5061
735,ASCUS_1_patch06.png,0,22.8,199.24,100,100,0.3147
736,ASCUS_1_patch06.png,0,248.5500030517578,209.72999572753903,100,100,0.1393000036478042
737,ASCUS_1_patch06.png,0,53.88999938964844,77.08000183105469,100,100,0.1234999969601631
738,ASCUS_1_patch06.png,0,24.15999984741211,17.549999237060547,100,100,0.1070000007748603
739,ASCUS_1_patch06.png,0,139.3,440.65,100,100,0.7514
740,ASCUS_1_patch06.png,0,79.15,498.57,100,100,0.6417
741,ASCUS_1_patch06.png,0,29.77,385.05,100,100,0.3416
742,ASCUS_1_patch06.png,0,254.87,433.65,100,100,0.3195
743,ASCUS_1_patch06.png,0,9.15,310.07,100,100,0.2298
744,ASCUS_1_patch06.png,0,93.81,258.37,100,100,0.177
745,ASCUS_1_patch06.png,0,7.380000114440918,473.5700073242188,100,100,0.0223999992012977
746,ASCUS_1_patch06.png,0,21.8700008392334,395.4100036621094,100,100,0.0188999995589256
747,ASCUS_1_patch06.png,0,83.98999786376953,368.6099853515625,100,100,0.0140000004321336
748,ASCUS_1_patch06.png,0,3.660000085830689,327.4100036621094,100,100,0.0115999998524785
749,ASCUS_1_patch06.png,0,67.05000305175781,494.989990234375,100,100,0.0115000000223517
750,ASCUS_1_patch06.png,0,231.4900054931641,436.1600036621094,100,100,0.0104000000283122
751,ASCUS_1_patch06.png,0,202.81,542.39,100,100,0.7079
752,ASCUS_1_patch06.png,0,100.83,662.46,100,100,0.6903
753,ASCUS_1_patch06.png,0,232.42,685.58,100,100,0.6786
754,ASCUS_1_patch06.png,0,77.56,592.89,100,100,0.622
755,ASCUS_1_patch06.png,0,22.6,565.96,100,100,0.4497
756,ASCUS_1_patch06.png,0,64.19999694824219,730.9000244140625,100,100,0.0226000007241964
757,ASCUS_1_patch06.png,0,238.65,853.68,100,100,0.6863
758,ASCUS_1_patch06.png,0,225.21,922.28,100,100,0.6394
759,ASCUS_1_patch06.png,0,86.77,869.91,100,100,0.6043
760,ASCUS_1_patch06.png,0,120.51,888.92,100,100,0.4235
761,ASCUS_1_patch06.png,0,108.9,991.45,100,100,0.1865
762,ASCUS_1_patch06.png,0,11.289999961853027,983.0,100,100,0.1826999932527542
763,ASCUS_1_patch06.png,0,78.72000122070312,845.02001953125,100,100,0.0494999997317791
764,ASCUS_1_patch06.png,0,78.54000091552734,860.3900146484375,100,100,0.0172000005841255
765,ASCUS_1_patch06.png,0,41.810001373291016,983.0700073242188,100,100,0.0166999995708465
766,ASCUS_1_patch06.png,0,505.72,97.78,100,100,0.5585
767,ASCUS_1_patch06.png,0,327.61,65.78,100,100,0.5528
768,ASCUS_1_patch06.png,0,274.18,55.72,100,100,0.547
769,ASCUS_1_patch06.png,0,505.81,21.52,100,100,0.5464
770,ASCUS_1_patch06.png,0,438.73,155.36,100,100,0.5098
771,ASCUS_1_patch06.png,0,314.64,117.38,100,100,0.4919
772,ASCUS_1_patch06.png,0,275.7,108.02,100,100,0.4777
773,ASCUS_1_patch06.png,0,393.9,15.94,100,100,0.3927
774,ASCUS_1_patch06.png,0,474.87,213.89,100,100,0.2847
775,ASCUS_1_patch06.png,0,344.3699951171875,5.519999980926514,100,100,0.2078000009059906
776,ASCUS_1_patch06.png,0,379.4400024414063,116.87000274658205,100,100,0.1781000047922134
777,ASCUS_1_patch06.png,0,455.86,76.43,100,100,0.1551
778,ASCUS_1_patch06.png,0,364.62,260.18,100,100,0.7285
779,ASCUS_1_patch06.png,0,437.63,413.59,100,100,0.6962
780,ASCUS_1_patch06.png,0,472.92,488.16,100,100,0.6806
781,ASCUS_1_patch06.png,0,300.59,362.66,100,100,0.6806
782,ASCUS_1_patch06.png,0,402.84,298.91,100,100,0.6723
783,ASCUS_1_patch06.png,0,342.74,431.8,100,100,0.6603
784,ASCUS_1_patch06.png,0,462.13,291.8,100,100,0.6284
785,ASCUS_1_patch06.png,0,369.57,483.9,100,100,0.4735
786,ASCUS_1_patch06.png,0,321.95,717.15,100,100,0.7117
787,ASCUS_1_patch06.png,0,287.67,513.44,100,100,0.6458
788,ASCUS_1_patch06.png,0,492.71,727.65,100,100,0.6023
789,ASCUS_1_patch06.png,0,266.77,609.48,100,100,0.5546
790,ASCUS_1_patch06.png,0,260.15,656.78,100,100,0.5114
791,ASCUS_1_patch06.png,0,357.99,553.99,100,100,0.505
792,ASCUS_1_patch06.png,0,421.73,747.04,100,100,0.4881
793,ASCUS_1_patch06.png,0,474.22,664.77,100,100,0.4177
794,ASCUS_1_patch06.png,0,409.72,648.92,100,100,0.3329
795,ASCUS_1_patch06.png,0,441.8200073242188,714.6099853515625,100,100,0.2081000059843063
796,ASCUS_1_patch06.png,0,441.62,986.3,100,100,0.6882
797,ASCUS_1_patch06.png,0,325.53,860.51,100,100,0.6857
798,ASCUS_1_patch06.png,0,482.79,797.98,100,100,0.6681
799,ASCUS_1_patch06.png,0,360.87,770.7,100,100,0.5944
800,ASCUS_1_patch06.png,0,496.83,980.77,100,100,0.4476
801,ASCUS_1_patch06.png,0,505.15,897.99,100,100,0.3493
802,ASCUS_1_patch06.png,0,366.82,868.41,100,100,0.2431
803,ASCUS_1_patch06.png,0,273.26,1002.38,100,100,0.1679
804,ASCUS_1_patch06.png,0,383.8999938964844,1015.0499877929688,100,100,0.1280999928712844
805,ASCUS_1_patch06.png,0,361.65,821.34,100,100,0.1223
806,ASCUS_1_patch06.png,0,272.38,1020.07,100,100,0.1194
807,ASCUS_1_patch06.png,0,669.77,177.21,100,100,0.5959
808,ASCUS_1_patch06.png,0,743.25,117.94,100,100,0.5692
809,ASCUS_1_patch06.png,0,643.09,69.94,100,100,0.4748
810,ASCUS_1_patch06.png,0,678.86,15.16,100,100,0.4129
811,ASCUS_1_patch06.png,0,546.18,226.07,100,100,0.3996
812,ASCUS_1_patch06.png,0,575.52,191.43,100,100,0.3277
813,ASCUS_1_patch06.png,0,583.510009765625,13.460000038146973,100,100,0.295199990272522
814,ASCUS_1_patch06.png,0,632.6900024414062,125.12000274658205,100,100,0.2249000072479248
815,ASCUS_1_patch06.png,0,660.84,128.86,100,100,0.1444
816,ASCUS_1_patch06.png,0,642.11,410.1,100,100,0.6979
817,ASCUS_1_patch06.png,0,640.12,308.29,100,100,0.6321
818,ASCUS_1_patch06.png,0,699.18,435.02,100,100,0.5214
819,ASCUS_1_patch06.png,0,515.02,309.65,100,100,0.4681
820,ASCUS_1_patch06.png,0,534.95,434.26,100,100,0.4533
821,ASCUS_1_patch06.png,0,625.37,262.03,100,100,0.3052
822,ASCUS_1_patch06.png,0,755.58,364.65,100,100,0.173
823,ASCUS_1_patch06.png,0,591.83,462.97,100,100,0.161
824,ASCUS_1_patch06.png,0,706.29,373.29,100,100,0.157
825,ASCUS_1_patch06.png,0,700.52001953125,305.82000732421875,100,100,0.1377999931573867
826,ASCUS_1_patch06.png,0,513.19,570.68,100,100,0.7138
827,ASCUS_1_patch06.png,0,729.47,550.95,100,100,0.6494
828,ASCUS_1_patch06.png,0,587.76,660.26,100,100,0.6188
829,ASCUS_1_patch06.png,0,694.17,688.99,100,100,0.6134
830,ASCUS_1_patch06.png,0,727.52,701.27,100,100,0.5899
831,ASCUS_1_patch06.png,0,650.74,521.04,100,100,0.5461
832,ASCUS_1_patch06.png,0,580.81,537.02,100,100,0.3434
833,ASCUS_1_patch06.png,0,577.79,623.94,100,100,0.312
834,ASCUS_1_patch06.png,0,512.1900024414062,703.4000244140625,100,100,0.1407999992370605
835,ASCUS_1_patch06.png,0,582.0800170898438,553.72998046875,100,100,0.1335999965667724
836,ASCUS_1_patch06.png,0,716.14,930.36,100,100,0.6412
837,ASCUS_1_patch06.png,0,732.82,842.89,100,100,0.6323
838,ASCUS_1_patch06.png,0,649.29,808.39,100,100,0.6047
839,ASCUS_1_patch06.png,0,551.35,834.42,100,100,0.5949
840,ASCUS_1_patch06.png,0,730.45,778.48,100,100,0.5311
841,ASCUS_1_patch06.png,0,751.65,875.84,100,100,0.4382
842,ASCUS_1_patch06.png,0,642.76,875.87,100,100,0.3533
843,ASCUS_1_patch06.png,0,588.0,905.0,100,100,0.3205830752849579
844,ASCUS_1_patch06.png,0,530.260009765625,960.3099975585938,100,100,0.0328000001609325
845,ASCUS_1_patch06.png,0,623.0599975585938,897.510009765625,100,100,0.0194000005722045
846,ASCUS_1_patch06.png,0,521.4199829101562,950.5999755859376,100,100,0.0153999999165534
847,ASCUS_1_patch06.png,0,793.14,33.33,100,100,0.6638
848,ASCUS_1_patch06.png,0,892.67,216.67,100,100,0.627
849,ASCUS_1_patch06.png,0,954.43,42.07,100,100,0.6055
850,ASCUS_1_patch06.png,0,810.2,240.5,100,100,0.469
851,ASCUS_1_patch06.png,0,879.42,33.62,100,100,0.4444
852,ASCUS_1_patch06.png,0,783.41,113.66,100,100,0.4101
853,ASCUS_1_patch06.png,0,1013.3,140.59,100,100,0.3442
854,ASCUS_1_patch06.png,0,814.8200073242188,124.3000030517578,100,100,0.2020999938249588
855,ASCUS_1_patch06.png,0,1008.8599853515624,224.69000244140625,100,100,0.1571000069379806
856,ASCUS_1_patch06.png,0,969.02001953125,12.460000038146973,100,100,0.0939000025391578
857,ASCUS_1_patch06.png,0,804.0599975585938,148.75,100,100,0.0756999999284744
858,ASCUS_1_patch06.png,0,801.1400146484375,96.2300033569336,100,100,0.0720999985933303
859,ASCUS_1_patch06.png,0,930.7999877929688,118.06999969482422,100,100,0.0564000010490417
860,ASCUS_1_patch06.png,0,924.1199951171876,41.43000030517578,100,100,0.0251000002026557
861,ASCUS_1_patch06.png,0,1018.1799926757812,214.6699981689453,100,100,0.0176999997347593
862,ASCUS_1_patch06.png,0,803.739990234375,195.19000244140625,100,100,0.0135000003501772
863,ASCUS_1_patch06.png,0,1017.719970703125,128.5800018310547,100,100,0.0104999998584389
864,ASCUS_1_patch06.png,0,907.8499755859376,141.8800048828125,100,100,0.0100999996066093
865,ASCUS_1_patch06.png,0,829.89,467.87,100,100,0.6982
866,ASCUS_1_patch06.png,0,829.82,308.87,100,100,0.5914
867,ASCUS_1_patch06.png,0,943.08,271.09,100,100,0.5826
868,ASCUS_1_patch06.png,0,922.05,394.87,100,100,0.4033
869,ASCUS_1_patch06.png,0,947.83,350.27,100,100,0.3445
870,ASCUS_1_patch06.png,0,773.08,418.41,100,100,0.3048
871,ASCUS_1_patch06.png,0,800.6799926757812,304.1400146484375,100,100,0.1642999947071075
872,ASCUS_1_patch06.png,0,904.46,343.28,100,100,0.1456
873,ASCUS_1_patch06.png,0,1017.0700073242188,346.67999267578125,100,100,0.0337000004947185
874,ASCUS_1_patch06.png,0,827.7100219726562,269.2900085449219,100,100,0.0211999993771314
875,ASCUS_1_patch06.png,0,1013.780029296875,293.0799865722656,100,100,0.0168999992311
876,ASCUS_1_patch06.png,0,998.3800048828124,386.0899963378906,100,100,0.0104000000283122
877,ASCUS_1_patch06.png,0,962.11,575.25,100,100,0.6441
878,ASCUS_1_patch06.png,0,860.52,579.73,100,100,0.6208
879,ASCUS_1_patch06.png,0,771.67,543.32,100,100,0.6073
880,ASCUS_1_patch06.png,0,858.36,767.83,100,100,0.5371
881,ASCUS_1_patch06.png,0,937.68,669.25,100,100,0.4879
882,ASCUS_1_patch06.png,0,809.9,679.26,100,100,0.4011
883,ASCUS_1_patch06.png,0,965.26,640.59,100,100,0.2937
884,ASCUS_1_patch06.png,0,1004.1900024414062,550.510009765625,100,100,0.1127000004053115
885,ASCUS_1_patch06.png,0,834.74,946.0,100,100,0.6674
886,ASCUS_1_patch06.png,0,797.41,799.52,100,100,0.6246
887,ASCUS_1_patch06.png,0,1005.88,792.4,100,100,0.5945
888,ASCUS_1_patch06.png,0,818.13,986.35,100,100,0.5935
889,ASCUS_1_patch06.png,0,955.85,858.36,100,100,0.5631
890,ASCUS_1_patch06.png,0,813.34,865.86,100,100,0.5101
891,ASCUS_1_patch06.png,0,914.72,886.61,100,100,0.3632
892,ASCUS_1_patch06.png,0,862.8699951171875,971.6699829101562,100,100,0.2382999956607818
893,ASCUS_1_patch06.png,0,1004.9400024414062,904.5399780273438,100,100,0.2143000066280365
894,ASCUS_1_patch06.png,0,1001.3499755859376,861.9299926757812,100,100,0.1728000044822693
895,ASCUS_1_patch06.png,0,1007.6300048828124,996.780029296875,100,100,0.1018000021576881
896,ASCUS_1_patch06.png,0,72.94000244140625,508.7900085449219,100,100,0.0098999999463558
897,ASCUS_1_patch06.png,0,147.33999633789062,431.4800109863281,100,100,0.0063999998383224
898,ASCUS_1_patch06.png,0,94.73999786376952,502.8200073242188,100,100,0.0046999999321997
899,ASCUS_1_patch06.png,0,90.4499969482422,487.0,100,100,0.0038000000640749
900,ASCUS_1_patch06.png,0,44.7400016784668,389.0199890136719,100,100,0.0031999999191612
901,ASCUS_1_patch06.png,0,125.58999633789062,434.6400146484375,100,100,0.0028999999631196
902,ASCUS_1_patch06.png,0,111.44000244140624,271.5799865722656,100,100,0.001700000022538
903,ASCUS_1_patch06.png,0,247.8800048828125,422.260009765625,100,100,0.0013999999500811
904,ASCUS_1_patch06.png,0,67.73999786376953,692.8699951171875,100,100,0.0099999997764825
905,ASCUS_1_patch06.png,0,212.42999267578125,531.4500122070312,100,100,0.0087000001221895
906,ASCUS_1_patch06.png,0,89.44999694824219,584.0700073242188,100,100,0.006800000090152
907,ASCUS_1_patch06.png,0,199.0399932861328,528.0399780273438,100,100,0.0063999998383224
908,ASCUS_1_patch06.png,0,246.7700042724609,664.97998046875,100,100,0.0059000002220273
909,ASCUS_1_patch06.png,0,95.83000183105467,649.1799926757812,100,100,0.0049999998882412
910,ASCUS_1_patch06.png,0,61.97999954223633,598.1199951171875,100,100,0.0040000001899898
911,ASCUS_1_patch06.png,0,225.8999938964844,675.1699829101562,100,100,0.0038999998942017
912,ASCUS_1_patch06.png,0,67.47000122070312,581.6199951171875,100,100,0.0031999999191612
913,ASCUS_1_patch06.png,0,114.5500030517578,656.3599853515625,100,100,0.003000000026077
914,ASCUS_1_patch06.png,0,252.77999877929688,640.5,100,100,0.0027000000700354
915,ASCUS_1_patch06.png,0,114.97000122070312,614.5800170898438,100,100,0.0019000000320374
916,ASCUS_1_patch06.png,0,90.25,852.7999877929688,100,100,0.0092000002041459
917,ASCUS_1_patch06.png,0,231.4600067138672,844.030029296875,100,100,0.0057000000961124
918,ASCUS_1_patch06.png,0,131.27999877929688,896.8200073242188,100,100,0.0044999998062849
919,ASCUS_1_patch06.png,0,62.209999084472656,870.5399780273438,100,100,0.0037000000011175
920,ASCUS_1_patch06.png,0,132.89999389648438,881.1799926757812,100,100,0.0037000000011175
921,ASCUS_1_patch06.png,0,61.61000061035156,850.9400024414062,100,100,0.0035999999381601
922,ASCUS_1_patch06.png,0,237.8999938964844,911.739990234375,100,100,0.0031999999191612
923,ASCUS_1_patch06.png,0,216.82000732421875,932.3599853515624,100,100,0.0028999999631196
924,ASCUS_1_patch06.png,0,107.76000213623048,879.4199829101562,100,100,0.0024999999441206
925,ASCUS_1_patch06.png,0,117.72000122070312,979.7000122070312,100,100,0.002199999988079
926,ASCUS_1_patch06.png,0,248.4600067138672,961.6599731445312,100,100,0.002199999988079
927,ASCUS_1_patch06.png,0,123.25,1000.0700073242188,100,100,0.0020999999251216
928,ASCUS_1_patch06.png,0,249.1100006103516,841.8200073242188,100,100,0.0019000000320374
929,ASCUS_1_patch06.png,0,95.11000061035156,837.7899780273438,100,100,0.0015999999595806
930,ASCUS_1_patch06.png,0,637.7999877929688,814.72998046875,100,100,0.0076000001281499
931,ASCUS_1_patch06.png,0,563.4299926757812,824.030029296875,100,100,0.0057999999262392
932,ASCUS_1_patch06.png,0,729.9099731445312,924.52001953125,100,100,0.0049000000581145
933,ASCUS_1_patch06.png,0,641.6300048828125,797.489990234375,100,100,0.0043000001460313
934,ASCUS_1_patch06.png,0,745.4400024414062,862.52001953125,100,100,0.0041999998502433
935,ASCUS_1_patch06.png,0,702.77001953125,921.8099975585938,100,100,0.0041999998502433
936,ASCUS_1_patch06.png,0,747.5,839.4400024414062,100,100,0.0040000001899898
937,ASCUS_1_patch06.png,0,666.3300170898438,882.7000122070312,100,100,0.0038000000640749
938,ASCUS_1_patch06.png,0,539.510009765625,824.9299926757812,100,100,0.003400000045076
939,ASCUS_1_patch06.png,0,722.6199951171875,830.8900146484375,100,100,0.0031999999191612
940,ASCUS_1_patch06.png,0,764.5,859.280029296875,100,100,0.0027999999001622
941,ASCUS_1_patch06.png,0,725.1500244140625,938.4500122070312,100,100,0.002600000007078
942,ASCUS_1_patch06.png,0,519.780029296875,895.97998046875,100,100,0.0020000000949949
943,ASCUS_1_patch06.png,0,658.9500122070312,798.02001953125,100,100,0.00179999996908
944,ASCUS_1_patch06.png,0,703.47998046875,905.77001953125,100,100,0.001300000003539
945,ASCUS_1_patch06.png,0,904.8800048828124,209.6100006103516,100,100,0.0087999999523162
946,ASCUS_1_patch06.png,0,784.989990234375,144.1699981689453,100,100,0.0068999999202787
947,ASCUS_1_patch06.png,0,1003.8300170898438,22.899999618530277,100,100,0.0040000001899898
948,ASCUS_1_patch06.png,0,882.4600219726562,204.9499969482422,100,100,0.0038000000640749
949,ASCUS_1_patch06.png,0,863.5900268554688,33.599998474121094,100,100,0.003400000045076
950,ASCUS_1_patch06.png,0,871.3699951171875,62.54999923706055,100,100,0.0031999999191612
951,ASCUS_1_patch06.png,0,784.8800048828125,86.72000122070312,100,100,0.002199999988079
952,ASCUS_1_patch06.png,0,881.5,225.00999450683597,100,100,0.0020999999251216
953,ASCUS_1_patch06.png,0,794.0999755859375,290.70001220703125,100,100,0.0081000002101063
954,ASCUS_1_patch06.png,0,783.72998046875,446.3200073242188,100,100,0.0071999998763203
955,ASCUS_1_patch06.png,0,844.9400024414062,305.75,100,100,0.0070000002160668
956,ASCUS_1_patch06.png,0,770.77001953125,367.3399963378906,100,100,0.0035000001080334
957,ASCUS_1_patch06.png,0,793.3599853515625,315.92999267578125,100,100,0.002600000007078
958,ASCUS_1_patch06.png,0,822.6199951171875,295.989990234375,100,100,0.0024000001139938
959,ASCUS_1_patch06.png,0,820.6300048828125,324.9100036621094,100,100,0.002199999988079
960,ASCUS_1_patch06.png,0,844.7100219726562,456.8699951171875,100,100,0.002199999988079
961,ASCUS_1_patch06.png,0,928.4099731445312,265.1300048828125,100,100,0.0020999999251216
962,ASCUS_1_patch06.png,0,816.5800170898438,461.1799926757813,100,100,0.0020000000949949
963,ASCUS_1_patch06.png,0,935.8499755859376,371.7999877929688,100,100,0.0020000000949949
964,ASCUS_1_patch06.png,0,959.8099975585938,338.25,100,100,0.001700000022538
965,ASCUS_1_patch06.png,0,940.0499877929688,339.7799987792969,100,100,0.0013999999500811
966,ASCUS_1_patch07.png,0,73.65,325.79,100,100,0.724
967,ASCUS_1_patch07.png,0,39.05,766.26,100,100,0.5138
968,ASCUS_1_patch07.png,0,192.41000366210935,733.77001953125,100,100,0.0808999985456466
969,ASCUS_1_patch07.png,0,168.06,876.02,100,100,0.6872
970,ASCUS_1_patch07.png,0,85.98,997.09,100,100,0.1896
971,ASCUS_1_patch07.png,0,40.970001220703125,1016.6699829101562,100,100,0.0636999979615211
972,ASCUS_1_patch07.png,0,19.600000381469727,777.510009765625,100,100,0.0582999996840953
973,ASCUS_1_patch07.png,0,227.0200042724609,1018.97998046875,100,100,0.0120999999344348
974,ASCUS_1_patch07.png,0,241.1100006103516,1018.5599975585938,100,100,0.0109999999403953
975,ASCUS_1_patch07.png,0,49.41999816894531,1005.3499755859376,100,100,0.0105999996885657
976,ASCUS_1_patch07.png,0,466.98,693.58,100,100,0.71
977,ASCUS_1_patch07.png,0,306.01,670.38,100,100,0.6943
978,ASCUS_1_patch07.png,0,384.59,752.73,100,100,0.3164
979,ASCUS_1_patch07.png,0,260.7300109863281,759.1199951171875,100,100,0.0373000018298625
980,ASCUS_1_patch07.png,0,288.9200134277344,729.969970703125,100,100,0.0142000000923872
981,ASCUS_1_patch07.png,0,271.9,886.83,100,100,0.6646
982,ASCUS_1_patch07.png,0,392.19,961.85,100,100,0.6151
983,ASCUS_1_patch07.png,0,346.6,993.79,100,100,0.6063
984,ASCUS_1_patch07.png,0,319.21,807.99,100,100,0.5409
985,ASCUS_1_patch07.png,0,286.19,1006.19,100,100,0.427
986,ASCUS_1_patch07.png,0,468.98,958.2,100,100,0.3909
987,ASCUS_1_patch07.png,0,473.99,1004.57,100,100,0.1645
988,ASCUS_1_patch07.png,0,277.1099853515625,792.8599853515625,100,100,0.0421999990940094
989,ASCUS_1_patch07.png,0,444.1700134277344,889.6099853515625,100,100,0.0261000003665685
990,ASCUS_1_patch07.png,0,393.7699890136719,1010.1199951171876,100,100,0.0237000007182359
991,ASCUS_1_patch07.png,0,290.82000732421875,800.6300048828125,100,100,0.0120999999344348
992,ASCUS_1_patch07.png,0,578.1,492.42,100,100,0.8223
993,ASCUS_1_patch07.png,0,711.96,628.65,100,100,0.7323
994,ASCUS_1_patch07.png,0,586.16,656.95,100,100,0.7171
995,ASCUS_1_patch07.png,0,651.71,802.74,100,100,0.6983
996,ASCUS_1_patch07.png,0,602.92,1001.95,100,100,0.5961
997,ASCUS_1_patch07.png,0,708.3499755859375,933.969970703125,100,100,0.2001000046730041
998,ASCUS_1_patch07.png,0,579.8800048828125,783.5999755859375,100,100,0.0746999979019165
999,ASCUS_1_patch07.png,0,763.780029296875,1017.280029296875,100,100,0.0649999976158142
1000,ASCUS_1_patch07.png,0,717.4400024414062,945.5599975585938,100,100,0.0103000001981854
1001,ASCUS_1_patch07.png,0,889.38,672.2,100,100,0.6424
1002,ASCUS_1_patch07.png,0,1009.64,632.31,100,100,0.5137
1003,ASCUS_1_patch07.png,0,845.219970703125,636.9000244140625,100,100,0.1298000067472458
1004,ASCUS_1_patch07.png,0,915.4099731445312,663.760009765625,100,100,0.0318999998271465
1005,ASCUS_1_patch07.png,0,964.02,930.16,100,100,0.7363
1006,ASCUS_1_patch07.png,0,1019.3800048828124,967.239990234375,100,100,0.0233999993652105
1007,ASCUS_1_patch07.png,0,893.6099853515625,1013.6900024414062,100,100,0.0227000005543231
1008,ASCUS_1_patch07.png,0,66.75,312.8399963378906,100,100,0.006000000052154
1009,ASCUS_1_patch07.png,0,50.630001068115234,760.1300048828125,100,100,0.0040000001899898
1010,ASCUS_1_patch07.png,0,154.35000610351562,873.8499755859375,100,100,0.0046000001020729
1011,ASCUS_1_patch07.png,0,479.7699890136719,678.6400146484375,100,100,0.0044999998062849
1012,ASCUS_1_patch07.png,0,298.1199951171875,656.4099731445312,100,100,0.0035000001080334
1013,ASCUS_1_patch07.png,0,457.0400085449219,675.8499755859375,100,100,0.0027000000700354
1014,ASCUS_1_patch07.png,0,457.239990234375,704.2999877929688,100,100,0.0015999999595806
1015,ASCUS_1_patch07.png,0,391.8599853515625,741.0,100,100,0.001300000003539
1016,ASCUS_1_patch07.png,0,261.04998779296875,876.72998046875,100,100,0.009800000116229
1017,ASCUS_1_patch07.png,0,379.05999755859375,955.739990234375,100,100,0.0074999998323619
1018,ASCUS_1_patch07.png,0,287.20001220703125,887.9299926757812,100,100,0.006000000052154
1019,ASCUS_1_patch07.png,0,335.94000244140625,986.9299926757812,100,100,0.0054000001400709
1020,ASCUS_1_patch07.png,0,280.4800109863281,900.3800048828125,100,100,0.0049000000581145
1021,ASCUS_1_patch07.png,0,490.7699890136719,918.0700073242188,100,100,0.0040000001899898
1022,ASCUS_1_patch07.png,0,331.6499938964844,812.8300170898438,100,100,0.0035000001080334
1023,ASCUS_1_patch07.png,0,361.3699951171875,981.5800170898438,100,100,0.0032999999821186
1024,ASCUS_1_patch07.png,0,306.8399963378906,810.3099975585938,100,100,0.0027000000700354
1025,ASCUS_1_patch07.png,0,279.8299865722656,869.6400146484375,100,100,0.0027000000700354
1026,ASCUS_1_patch07.png,0,402.5899963378906,951.0499877929688,100,100,0.0023000000510364
1027,ASCUS_1_patch07.png,0,335.5299987792969,1001.989990234375,100,100,0.001700000022538
1028,ASCUS_1_patch07.png,0,479.7999877929688,942.6500244140624,100,100,0.001700000022538
1029,ASCUS_1_patch07.png,0,261.9599914550781,798.6199951171875,100,100,0.001700000022538
1030,ASCUS_1_patch07.png,0,403.9299926757813,972.510009765625,100,100,0.0015999999595806
1031,ASCUS_1_patch07.png,0,458.010009765625,947.4400024414062,100,100,0.001300000003539
1032,ASCUS_1_patch07.png,0,589.4600219726562,479.2699890136719,100,100,0.0027000000700354
1033,ASCUS_1_patch07.png,0,567.5700073242188,481.0700073242188,100,100,0.0020999999251216
1034,ASCUS_1_patch07.png,0,593.280029296875,497.5499877929688,100,100,0.0013999999500811
1035,ASCUS_1_patch07.png,0,599.6099853515625,651.280029296875,100,100,0.0071000000461936
1036,ASCUS_1_patch07.png,0,699.260009765625,622.8200073242188,100,100,0.0063000000081956
1037,ASCUS_1_patch07.png,0,729.6400146484375,618.6099853515625,100,100,0.0048000002279877
1038,ASCUS_1_patch07.png,0,581.72998046875,643.7899780273438,100,100,0.0040000001899898
1039,ASCUS_1_patch07.png,0,619.739990234375,644.8900146484375,100,100,0.0027999999001622
1040,ASCUS_1_patch07.png,0,602.8800048828125,666.260009765625,100,100,0.0013999999500811
1041,ASCUS_1_patch07.png,0,614.5499877929688,1009.5800170898438,100,100,0.0074999998323619
1042,ASCUS_1_patch07.png,0,581.72998046875,1010.3599853515624,100,100,0.0060999998822808
1043,ASCUS_1_patch07.png,0,638.75,799.9299926757812,100,100,0.006000000052154
1044,ASCUS_1_patch07.png,0,611.0499877929688,992.2899780273438,100,100,0.0051000001840293
1045,ASCUS_1_patch07.png,0,690.5,853.6500244140625,100,100,0.0048000002279877
1046,ASCUS_1_patch07.png,0,664.8400268554688,796.1400146484375,100,100,0.0046999999321997
1047,ASCUS_1_patch07.png,0,664.010009765625,809.969970703125,100,100,0.0044999998062849
1048,ASCUS_1_patch07.png,0,597.1699829101562,1012.3099975585938,100,100,0.0043999999761581
1049,ASCUS_1_patch07.png,0,1019.25,643.530029296875,100,100,0.0049999998882412
1050,ASCUS_1_patch07.png,0,882.25,659.27001953125,100,100,0.003400000045076
1051,ASCUS_1_patch07.png,0,898.0800170898438,655.489990234375,100,100,0.0019000000320374
1052,ASCUS_1_patch07.png,0,906.030029296875,681.4000244140625,100,100,0.00179999996908
1053,ASCUS_1_patch07.png,0,977.1699829101562,924.4199829101562,100,100,0.0035999999381601
1054,ASCUS_1_patch07.png,0,955.3200073242188,918.47998046875,100,100,0.003000000026077
1055,ASCUS_1_patch08.png,0,144.2,33.82,100,100,0.6606
1056,ASCUS_1_patch08.png,0,24.19,81.54,100,100,0.3054
1057,ASCUS_1_patch08.png,0,120.70999908447266,492.7699890136719,100,100,0.0227000005543231
1058,ASCUS_1_patch08.png,0,143.58,525.27,100,100,0.6907
1059,ASCUS_1_patch08.png,0,125.86,692.21,100,100,0.6287
1060,ASCUS_1_patch08.png,0,18.1,668.01,100,100,0.3719
1061,ASCUS_1_patch08.png,0,62.48,759.68,100,100,0.2584
1062,ASCUS_1_patch08.png,0,20.06,615.8,100,100,0.1708
1063,ASCUS_1_patch08.png,0,202.97999572753903,639.5800170898438,100,100,0.065700002014637
1064,ASCUS_1_patch08.png,0,31.770000457763672,605.2100219726562,100,100,0.0222999993711709
1065,ASCUS_1_patch08.png,0,135.27000427246094,566.6799926757812,100,100,0.0216000005602836
1066,ASCUS_1_patch08.png,0,14.0600004196167,656.5700073242188,100,100,0.015599999576807
1067,ASCUS_1_patch08.png,0,173.66000366210938,689.1599731445312,100,100,0.0137000000104308
1068,ASCUS_1_patch08.png,0,169.52000427246094,746.9400024414062,100,100,0.0105999996885657
1069,ASCUS_1_patch08.png,0,125.48,915.39,100,100,0.6742
1070,ASCUS_1_patch08.png,0,150.96,790.92,100,100,0.6514
1071,ASCUS_1_patch08.png,0,48.49,957.51,100,100,0.6267
1072,ASCUS_1_patch08.png,0,218.33,806.4,100,100,0.5698
1073,ASCUS_1_patch08.png,0,36.98,902.42,100,100,0.5611
1074,ASCUS_1_patch08.png,0,90.49,986.96,100,100,0.539
1075,ASCUS_1_patch08.png,0,82.06,832.05,100,100,0.4823
1076,ASCUS_1_patch08.png,0,231.71,914.07,100,100,0.4221
1077,ASCUS_1_patch08.png,0,85.4,930.36,100,100,0.3224
1078,ASCUS_1_patch08.png,0,193.4600067138672,1017.9000244140624,100,100,0.1142999976873397
1079,ASCUS_1_patch08.png,0,262.24,105.77,100,100,0.678
1080,ASCUS_1_patch08.png,0,511.14,14.84,100,100,0.2478
1081,ASCUS_1_patch08.png,0,296.260009765625,29.46999931335449,100,100,0.0109999999403953
1082,ASCUS_1_patch08.png,0,307.54,435.76,100,100,0.7023
1083,ASCUS_1_patch08.png,0,438.79,417.16,100,100,0.6382
1084,ASCUS_1_patch08.png,0,430.8399963378906,433.5299987792969,100,100,0.0452999994158744
1085,ASCUS_1_patch08.png,0,324.1000061035156,267.5400085449219,100,100,0.0131999999284744
1086,ASCUS_1_patch08.png,0,371.16,642.52,100,100,0.7121
1087,ASCUS_1_patch08.png,0,457.63,582.57,100,100,0.6705
1088,ASCUS_1_patch08.png,0,484.76,659.77,100,100,0.3002
1089,ASCUS_1_patch08.png,0,441.21,721.77,100,100,0.2174
1090,ASCUS_1_patch08.png,0,340.4200134277344,612.8900146484375,100,100,0.1737000048160553
1091,ASCUS_1_patch08.png,0,504.4599914550781,644.0599975585938,100,100,0.0408999994397163
1092,ASCUS_1_patch08.png,0,328.8399963378906,603.010009765625,100,100,0.0116999996826052
1093,ASCUS_1_patch08.png,0,327.93,969.02,100,100,0.6484
1094,ASCUS_1_patch08.png,0,325.35,786.87,100,100,0.5019
1095,ASCUS_1_patch08.png,0,458.23,852.61,100,100,0.3436
1096,ASCUS_1_patch08.png,0,355.0,1023.0,100,100,0.2177051752805709
1097,ASCUS_1_patch08.png,0,350.04998779296875,1010.3699951171876,100,100,0.0802000015974044
1098,ASCUS_1_patch08.png,0,478.4800109863281,828.5900268554688,100,100,0.0489999987185001
1099,ASCUS_1_patch08.png,0,364.25,787.4099731445312,100,100,0.035300001502037
1100,ASCUS_1_patch08.png,0,365.8900146484375,1007.5499877929688,100,100,0.0280000008642673
1101,ASCUS_1_patch08.png,0,449.4599914550781,953.52001953125,100,100,0.0265999995172023
1102,ASCUS_1_patch08.png,0,339.2900085449219,914.0399780273438,100,100,0.02449999935925
1103,ASCUS_1_patch08.png,0,420.6400146484375,836.989990234375,100,100,0.0186999998986721
1104,ASCUS_1_patch08.png,0,384.5400085449219,1001.239990234375,100,100,0.0137999998405575
1105,ASCUS_1_patch08.png,0,393.5700073242188,941.97998046875,100,100,0.0111999996006488
1106,ASCUS_1_patch08.png,0,694.32,399.7,100,100,0.7045
1107,ASCUS_1_patch08.png,0,534.8699951171875,337.75,100,100,0.0538999997079372
1108,ASCUS_1_patch08.png,0,700.219970703125,382.2200012207031,100,100,0.0157999992370605
1109,ASCUS_1_patch08.png,0,753.030029296875,708.530029296875,100,100,0.1367000043392181
1110,ASCUS_1_patch08.png,0,665.22998046875,622.4099731445312,100,100,0.1081999987363815
1111,ASCUS_1_patch08.png,0,749.47998046875,739.469970703125,100,100,0.0450999997556209
1112,ASCUS_1_patch08.png,0,702.0900268554688,663.77001953125,100,100,0.0186000000685453
1113,ASCUS_1_patch08.png,0,627.59,851.32,100,100,0.7193
1114,ASCUS_1_patch08.png,0,512.76,782.15,100,100,0.5016
1115,ASCUS_1_patch08.png,0,570.02,978.66,100,100,0.4833
1116,ASCUS_1_patch08.png,0,734.2,833.74,100,100,0.1795
1117,ASCUS_1_patch08.png,0,759.010009765625,773.77001953125,100,100,0.0531000010669231
1118,ASCUS_1_patch08.png,0,898.8599853515625,189.2700042724609,100,100,0.2421000003814697
1119,ASCUS_1_patch08.png,0,839.51,382.21,100,100,0.6693
1120,ASCUS_1_patch08.png,0,795.9,441.66,100,100,0.6418
1121,ASCUS_1_patch08.png,0,956.8,308.12,100,100,0.4838
1122,ASCUS_1_patch08.png,0,792.37,346.67,100,100,0.453
1123,ASCUS_1_patch08.png,0,827.29,315.86,100,100,0.3348
1124,ASCUS_1_patch08.png,0,1015.0399780273438,302.5400085449219,100,100,0.0829999968409538
1125,ASCUS_1_patch08.png,0,1016.9299926757812,359.9700012207031,100,100,0.0566999986767768
1126,ASCUS_1_patch08.png,0,1016.6799926757812,432.3800048828125,100,100,0.0524000003933906
1127,ASCUS_1_patch08.png,0,967.8699951171876,375.9800109863281,100,100,0.0419999994337558
1128,ASCUS_1_patch08.png,0,941.22998046875,298.8500061035156,100,100,0.0157999992370605
1129,ASCUS_1_patch08.png,0,983.530029296875,277.1300048828125,100,100,0.0147000001743435
1130,ASCUS_1_patch08.png,0,790.74,727.42,100,100,0.5335
1131,ASCUS_1_patch08.png,0,977.1400146484376,631.5,100,100,0.3319999873638153
1132,ASCUS_1_patch08.png,0,994.8,659.36,100,100,0.3131
1133,ASCUS_1_patch08.png,0,986.8200073242188,550.0900268554688,100,100,0.2358999997377395
1134,ASCUS_1_patch08.png,0,908.3200073242188,626.7899780273438,100,100,0.1750999987125396
1135,ASCUS_1_patch08.png,0,1005.5999755859376,760.219970703125,100,100,0.1509000062942505
1136,ASCUS_1_patch08.png,0,924.47998046875,522.780029296875,100,100,0.1102000027894973
1137,ASCUS_1_patch08.png,0,812.7899780273438,725.010009765625,100,100,0.1098000034689903
1138,ASCUS_1_patch08.png,0,921.219970703125,597.0800170898438,100,100,0.0573999993503093
1139,ASCUS_1_patch08.png,0,830.0700073242188,581.3599853515625,100,100,0.0331999994814395
1140,ASCUS_1_patch08.png,0,1017.989990234375,520.8599853515625,100,100,0.0285999998450279
1141,ASCUS_1_patch08.png,0,826.2100219726562,628.530029296875,100,100,0.0179999992251396
1142,ASCUS_1_patch08.png,0,1018.6599731445312,620.510009765625,100,100,0.0172000005841255
1143,ASCUS_1_patch08.png,0,986.75,647.6099853515625,100,100,0.0142999999225139
1144,ASCUS_1_patch08.png,0,1008.1099853515624,512.8099975585938,100,100,0.0129000004380941
1145,ASCUS_1_patch08.png,0,1014.6400146484376,663.5800170898438,100,100,0.0119000002741813
1146,ASCUS_1_patch08.png,0,782.219970703125,560.4099731445312,100,100,0.0108000002801418
1147,ASCUS_1_patch08.png,0,931.2,881.4,100,100,0.6344
1148,ASCUS_1_patch08.png,0,841.04,919.07,100,100,0.606
1149,ASCUS_1_patch08.png,0,995.46,905.92,100,100,0.5438
1150,ASCUS_1_patch08.png,0,797.79,1005.87,100,100,0.5419
1151,ASCUS_1_patch08.png,0,870.06,782.27,100,100,0.5117
1152,ASCUS_1_patch08.png,0,978.7100219726562,808.510009765625,100,100,0.1733999997377395
1153,ASCUS_1_patch08.png,0,967.8599853515624,797.760009765625,100,100,0.0256999991834163
1154,ASCUS_1_patch08.png,0,155.19000244140625,23.200000762939453,100,100,0.0076000001281499
1155,ASCUS_1_patch08.png,0,134.9199981689453,40.91999816894531,100,100,0.0046999999321997
1156,ASCUS_1_patch08.png,0,133.7899932861328,20.170000076293945,100,100,0.0038999998942017
1157,ASCUS_1_patch08.png,0,156.77000427246094,41.77999877929688,100,100,0.0035000001080334
1158,ASCUS_1_patch08.png,0,35.33000183105469,77.95999908447266,100,100,0.002600000007078
1159,ASCUS_1_patch08.png,0,169.75,556.1099853515625,100,100,0.0041000000201165
1160,ASCUS_1_patch08.png,0,132.77000427246094,547.97998046875,100,100,0.0035999999381601
1161,ASCUS_1_patch08.png,0,119.08000183105467,526.8300170898438,100,100,0.0027000000700354
1162,ASCUS_1_patch08.png,0,142.72999572753906,683.2100219726562,100,100,0.0024999999441206
1163,ASCUS_1_patch08.png,0,157.19000244140625,517.5499877929688,100,100,0.001700000022538
1164,ASCUS_1_patch08.png,0,452.5400085449219,409.260009765625,100,100,0.0082000000402331
1165,ASCUS_1_patch08.png,0,298.2699890136719,422.7799987792969,100,100,0.0043000001460313
1166,ASCUS_1_patch08.png,0,318.4100036621094,423.25,100,100,0.0024000001139938
1167,ASCUS_1_patch08.png,0,416.6799926757813,438.2000122070313,100,100,0.0020000000949949
1168,ASCUS_1_patch08.png,0,291.1700134277344,434.8399963378906,100,100,0.0019000000320374
1169,ASCUS_1_patch08.png,0,451.9800109863281,711.760009765625,100,100,0.0066999997943639
1170,ASCUS_1_patch08.png,0,356.79998779296875,613.75,100,100,0.0063000000081956
1171,ASCUS_1_patch08.png,0,376.5299987792969,626.4400024414062,100,100,0.0040000001899898
1172,ASCUS_1_patch08.png,0,468.8200073242188,572.25,100,100,0.002199999988079
1173,ASCUS_1_patch08.png,0,476.2000122070313,584.9600219726562,100,100,0.00179999996908
1174,ASCUS_1_patch08.png,0,334.2300109863281,627.9299926757812,100,100,0.0013999999500811
1175,ASCUS_1_patch08.png,0,444.5400085449219,586.969970703125,100,100,0.001300000003539
1176,ASCUS_1_patch08.png,0,308.8099975585937,785.6799926757812,100,100,0.0059000002220273
1177,ASCUS_1_patch08.png,0,334.8999938964844,774.0700073242188,100,100,0.0031000000890344
1178,ASCUS_1_patch08.png,0,683.5999755859375,406.6900024414063,100,100,0.0024000001139938
1179,ASCUS_1_patch08.png,0,676.8099975585938,393.0199890136719,100,100,0.0020999999251216
1180,ASCUS_1_patch08.png,0,600.3200073242188,483.8500061035156,100,100,0.0015000000130385
1181,ASCUS_1_patch08.png,0,653.760009765625,631.6400146484375,100,100,0.0032999999821186
1182,ASCUS_1_patch08.png,0,658.6300048828125,610.719970703125,100,100,0.0031000000890344
1183,ASCUS_1_patch08.png,0,754.4199829101562,624.6599731445312,100,100,0.0027999999001622
1184,ASCUS_1_patch08.png,0,683.2999877929688,638.6599731445312,100,100,0.0027999999001622
1185,ASCUS_1_patch08.png,0,760.3099975585938,753.030029296875,100,100,0.0023000000510364
1186,ASCUS_1_patch08.png,0,747.010009765625,762.780029296875,100,100,0.0015000000130385
1187,ASCUS_1_patch08.png,0,767.5599975585938,713.739990234375,100,100,0.0012000000569969
1188,ASCUS_1_patch08.png,0,612.260009765625,846.3200073242188,100,100,0.0060999998822808
1189,ASCUS_1_patch08.png,0,642.530029296875,853.260009765625,100,100,0.003000000026077
1190,ASCUS_1_patch08.png,0,517.8900146484375,769.6699829101562,100,100,0.002600000007078
1191,ASCUS_1_patch08.png,0,638.0599975585938,836.5,100,100,0.0023000000510364
1192,ASCUS_1_patch08.png,0,849.3099975585938,373.80999755859375,100,100,0.0080000003799796
1193,ASCUS_1_patch08.png,0,1017.8099975585938,493.4400024414063,100,100,0.0054999999701976
1194,ASCUS_1_patch08.png,0,817.2100219726562,326.1499938964844,100,100,0.0052999998442828
1195,ASCUS_1_patch08.png,0,820.8699951171875,373.55999755859375,100,100,0.0043999999761581
1196,ASCUS_1_patch08.png,0,945.25,446.489990234375,100,100,0.0043999999761581
1197,ASCUS_1_patch08.png,0,839.8200073242188,310.3500061035156,100,100,0.0043000001460313
1198,ASCUS_1_patch08.png,0,970.6900024414062,302.1099853515625,100,100,0.0015000000130385
1199,ASCUS_1_patch08.png,0,786.489990234375,545.2999877929688,100,100,0.0071999998763203
1200,ASCUS_1_patch08.png,0,787.760009765625,611.27001953125,100,100,0.0062000001780688
1201,ASCUS_1_patch08.png,0,818.47998046875,567.6799926757812,100,100,0.0040000001899898
1202,ASCUS_1_patch08.png,0,986.469970703125,622.0700073242188,100,100,0.0040000001899898
1203,ASCUS_1_patch08.png,0,977.3300170898438,540.5900268554688,100,100,0.0020999999251216
1204,ASCUS_1_patch08.png,0,1011.47998046875,629.8400268554688,100,100,0.0020000000949949
1205,ASCUS_1_patch08.png,0,800.239990234375,557.3200073242188,100,100,0.001700000022538
1206,ASCUS_1_patch08.png,0,982.27001953125,901.1099853515624,100,100,0.0054000001400709
1207,ASCUS_1_patch08.png,0,999.8400268554688,891.8499755859375,100,100,0.0049000000581145
1208,ASCUS_1_patch08.png,0,785.8099975585938,1002.1599731445312,100,100,0.0046000001020729
1209,ASCUS_1_patch08.png,0,1010.0700073242188,902.010009765625,100,100,0.0044999998062849
1210,ASCUS_1_patch08.png,0,879.280029296875,772.280029296875,100,100,0.0040000001899898
1211,ASCUS_1_patch08.png,0,809.8400268554688,1011.989990234375,100,100,0.0038000000640749
1212,ASCUS_1_patch08.png,0,882.1099853515625,787.8499755859375,100,100,0.0038000000640749
1213,ASCUS_1_patch08.png,0,827.260009765625,915.6099853515624,100,100,0.0031999999191612
1214,ASCUS_1_patch08.png,0,852.5399780273438,908.5,100,100,0.0031000000890344
1215,ASCUS_1_patch08.png,0,1013.9400024414062,927.3900146484376,100,100,0.0027999999001622
1216,ASCUS_1_patch08.png,0,937.3800048828124,869.6900024414062,100,100,0.0027000000700354
1217,ASCUS_1_patch08.png,0,944.489990234375,885.6900024414062,100,100,0.0023000000510364
1218,ASCUS_1_patch08.png,0,1016.7999877929688,893.7100219726562,100,100,0.0023000000510364
1219,ASCUS_1_patch08.png,0,916.1500244140624,883.0999755859375,100,100,0.0015999999595806
1220,ASCUS_1_patch09.png,0,51.22,167.51,100,100,0.7204
1221,ASCUS_1_patch09.png,0,250.92,65.44,100,100,0.7175
1222,ASCUS_1_patch09.png,0,217.64,237.01,100,100,0.6698
1223,ASCUS_1_patch09.png,0,178.85,91.69,100,100,0.5109
1224,ASCUS_1_patch09.png,0,210.94,11.84,100,100,0.3928
1225,ASCUS_1_patch09.png,0,53.06999969482422,8.890000343322754,100,100,0.0737999975681305
1226,ASCUS_1_patch09.png,0,11.050000190734863,18.809999465942383,100,100,0.0615000016987323
1227,ASCUS_1_patch09.png,0,142.5,9.979999542236328,100,100,0.0410000011324882
1228,ASCUS_1_patch09.png,0,24.71999931335449,50.369998931884766,100,100,0.0390999987721443
1229,ASCUS_1_patch09.png,0,89.5199966430664,51.08000183105469,100,100,0.0322999991476535
1230,ASCUS_1_patch09.png,0,119.08000183105467,4.579999923706055,100,100,0.031599998474121
1231,ASCUS_1_patch09.png,0,112.45999908447266,47.880001068115234,100,100,0.0140000004321336
1232,ASCUS_1_patch09.png,0,119.49,378.26,100,100,0.7243
1233,ASCUS_1_patch09.png,0,31.98,302.5,100,100,0.6981
1234,ASCUS_1_patch09.png,0,242.86,446.24,100,100,0.6921
1235,ASCUS_1_patch09.png,0,242.63,333.77,100,100,0.6735
1236,ASCUS_1_patch09.png,0,123.8,256.26,100,100,0.6505
1237,ASCUS_1_patch09.png,0,9.84,444.46,100,100,0.3552
1238,ASCUS_1_patch09.png,0,158.95,430.82,100,100,0.32
1239,ASCUS_1_patch09.png,0,13.31999969482422,457.1600036621094,100,100,0.0930000022053718
1240,ASCUS_1_patch09.png,0,86.08999633789062,425.3200073242188,100,100,0.062399998307228
1241,ASCUS_1_patch09.png,0,224.97000122070312,333.25,100,100,0.0207000002264976
1242,ASCUS_1_patch09.png,0,93.84,569.4,100,100,0.6611
1243,ASCUS_1_patch09.png,0,162.38,709.46,100,100,0.6464
1244,ASCUS_1_patch09.png,0,242.81,667.13,100,100,0.5925
1245,ASCUS_1_patch09.png,0,28.53,617.17,100,100,0.5439
1246,ASCUS_1_patch09.png,0,124.33,658.82,100,100,0.5402
1247,ASCUS_1_patch09.png,0,209.6,608.52,100,100,0.5347
1248,ASCUS_1_patch09.png,0,180.3999938964844,611.510009765625,100,100,0.0957999974489212
1249,ASCUS_1_patch09.png,0,6.340000152587891,620.9000244140625,100,100,0.0724999979138374
1250,ASCUS_1_patch09.png,0,33.88999938964844,533.3900146484375,100,100,0.0548000000417232
1251,ASCUS_1_patch09.png,0,81.97000122070312,561.239990234375,100,100,0.015599999576807
1252,ASCUS_1_patch09.png,0,215.89,812.81,100,100,0.6664
1253,ASCUS_1_patch09.png,0,161.67,894.01,100,100,0.5333
1254,ASCUS_1_patch09.png,0,42.39,866.26,100,100,0.4777
1255,ASCUS_1_patch09.png,0,39.9,916.08,100,100,0.2954
1256,ASCUS_1_patch09.png,0,208.2700042724609,800.77001953125,100,100,0.0144999995827674
1257,ASCUS_1_patch09.png,0,220.8000030517578,956.9099731445312,100,100,0.0114000001922249
1258,ASCUS_1_patch09.png,0,55.06999969482422,930.9099731445312,100,100,0.0104000000283122
1259,ASCUS_1_patch09.png,0,398.92,59.3,100,100,0.7132
1260,ASCUS_1_patch09.png,0,314.06,58.52,100,100,0.6422
1261,ASCUS_1_patch09.png,0,462.8500061035156,9.149999618530272,100,100,0.1776999980211258
1262,ASCUS_1_patch09.png,0,345.9800109863281,4.760000228881836,100,100,0.0157999992370605
1263,ASCUS_1_patch09.png,0,374.6400146484375,7.650000095367432,100,100,0.0116999996826052
1264,ASCUS_1_patch09.png,0,375.42,300.28,100,100,0.6886
1265,ASCUS_1_patch09.png,0,468.47,271.63,100,100,0.6848
1266,ASCUS_1_patch09.png,0,479.87,486.69,100,100,0.6719
1267,ASCUS_1_patch09.png,0,464.49,401.63,100,100,0.6571
1268,ASCUS_1_patch09.png,0,357.82,408.77,100,100,0.5951
1269,ASCUS_1_patch09.png,0,404.13,486.04,100,100,0.3286
1270,ASCUS_1_patch09.png,0,338.76,345.79,100,100,0.1454
1271,ASCUS_1_patch09.png,0,373.8299865722656,468.0400085449219,100,100,0.1150999963283538
1272,ASCUS_1_patch09.png,0,293.0599975585937,271.7900085449219,100,100,0.0724000036716461
1273,ASCUS_1_patch09.png,0,451.2099914550781,397.1000061035156,100,100,0.0187999997287988
1274,ASCUS_1_patch09.png,0,469.5299987792969,476.6300048828125,100,100,0.0115000000223517
1275,ASCUS_1_patch09.png,0,387.6900024414063,477.3800048828125,100,100,0.0108000002801418
1276,ASCUS_1_patch09.png,0,353.81,709.05,100,100,0.7728
1277,ASCUS_1_patch09.png,0,367.99,554.42,100,100,0.6704
1278,ASCUS_1_patch09.png,0,259.32,521.8,100,100,0.6688
1279,ASCUS_1_patch09.png,0,326.85,581.82,100,100,0.6457
1280,ASCUS_1_patch09.png,0,485.68,720.47,100,100,0.6106
1281,ASCUS_1_patch09.png,0,511.17,605.6,100,100,0.5149
1282,ASCUS_1_patch09.png,0,429.9,618.64,100,100,0.463
1283,ASCUS_1_patch09.png,0,348.65,924.72,100,100,0.7321
1284,ASCUS_1_patch09.png,0,499.54,927.83,100,100,0.6811
1285,ASCUS_1_patch09.png,0,446.46,809.57,100,100,0.6465
1286,ASCUS_1_patch09.png,0,570.76,137.97,100,100,0.7619
1287,ASCUS_1_patch09.png,0,670.15,199.46,100,100,0.7294
1288,ASCUS_1_patch09.png,0,545.05,16.2,100,100,0.4189
1289,ASCUS_1_patch09.png,0,692.15,55.95,100,100,0.3089
1290,ASCUS_1_patch09.png,0,587.39,15.43,100,100,0.2421
1291,ASCUS_1_patch09.png,0,590.0,0.0,100,100,0.2229097634553909
1292,ASCUS_1_patch09.png,0,693.9500122070312,9.09000015258789,100,100,0.0791999995708465
1293,ASCUS_1_patch09.png,0,540.8,362.62,100,100,0.7373
1294,ASCUS_1_patch09.png,0,665.86,420.21,100,100,0.7293
1295,ASCUS_1_patch09.png,0,743.46,309.32,100,100,0.7211
1296,ASCUS_1_patch09.png,0,741.54,480.43,100,100,0.7056
1297,ASCUS_1_patch09.png,0,665.83,327.02,100,100,0.6888
1298,ASCUS_1_patch09.png,0,553.34,487.26,100,100,0.6636
1299,ASCUS_1_patch09.png,0,661.12,502.26,100,100,0.6154
1300,ASCUS_1_patch09.png,0,513.9099731445312,292.4200134277344,100,100,0.0720999985933303
1301,ASCUS_1_patch09.png,0,647.469970703125,497.1300048828125,100,100,0.0307000000029802
1302,ASCUS_1_patch09.png,0,752.8300170898438,395.239990234375,100,100,0.0140000004321336
1303,ASCUS_1_patch09.png,0,680.2999877929688,422.8599853515625,100,100,0.0105999996885657
1304,ASCUS_1_patch09.png,0,569.13,560.71,100,100,0.7239
1305,ASCUS_1_patch09.png,0,726.59,606.29,100,100,0.689
1306,ASCUS_1_patch09.png,0,626.95,691.05,100,100,0.6643
1307,ASCUS_1_patch09.png,0,738.05,660.9,100,100,0.6598
1308,ASCUS_1_patch09.png,0,734.38,713.23,100,100,0.6468
1309,ASCUS_1_patch09.png,0,616.65,547.73,100,100,0.4763
1310,ASCUS_1_patch09.png,0,683.1099853515625,733.6900024414062,100,100,0.0710000023245811
1311,ASCUS_1_patch09.png,0,547.33,861.17,100,100,0.7253
1312,ASCUS_1_patch09.png,0,671.2,892.53,100,100,0.6673
1313,ASCUS_1_patch09.png,0,621.32,926.77,100,100,0.6302
1314,ASCUS_1_patch09.png,0,570.05,791.86,100,100,0.547
1315,ASCUS_1_patch09.png,0,560.39,1005.12,100,100,0.3206
1316,ASCUS_1_patch09.png,0,573.4400024414062,1016.3099975585938,100,100,0.0130000002682209
1317,ASCUS_1_patch09.png,0,606.4199829101562,929.1400146484376,100,100,0.0125000001862645
1318,ASCUS_1_patch09.png,0,661.8099975585938,880.260009765625,100,100,0.010700000450015
1319,ASCUS_1_patch09.png,0,790.3,66.22,100,100,0.8001
1320,ASCUS_1_patch09.png,0,969.11,109.26,100,100,0.7416
1321,ASCUS_1_patch09.png,0,934.65,195.15,100,100,0.6213
1322,ASCUS_1_patch09.png,0,878.29,391.33,100,100,0.7565
1323,ASCUS_1_patch09.png,0,890.22,301.94,100,100,0.6152
1324,ASCUS_1_patch09.png,0,991.89,294.77,100,100,0.5993
1325,ASCUS_1_patch09.png,0,974.05,395.9,100,100,0.1938
1326,ASCUS_1_patch09.png,0,814.8900146484375,301.989990234375,100,100,0.1362999975681305
1327,ASCUS_1_patch09.png,0,968.2100219726562,295.94000244140625,100,100,0.0388999991118907
1328,ASCUS_1_patch09.png,0,887.010009765625,467.6199951171875,100,100,0.0249000005424022
1329,ASCUS_1_patch09.png,0,1019.2100219726562,467.2699890136719,100,100,0.0226000007241964
1330,ASCUS_1_patch09.png,0,989.8499755859376,325.4599914550781,100,100,0.0121999997645616
1331,ASCUS_1_patch09.png,0,922.58,566.95,100,100,0.7068
1332,ASCUS_1_patch09.png,0,1002.11,766.03,100,100,0.7011
1333,ASCUS_1_patch09.png,0,894.38,767.71,100,100,0.6709
1334,ASCUS_1_patch09.png,0,805.95,762.57,100,100,0.6639
1335,ASCUS_1_patch09.png,0,986.93,554.16,100,100,0.6165
1336,ASCUS_1_patch09.png,0,844.46,618.02,100,100,0.6118
1337,ASCUS_1_patch09.png,0,897.08,677.59,100,100,0.542
1338,ASCUS_1_patch09.png,0,801.05,546.45,100,100,0.5069
1339,ASCUS_1_patch09.png,0,1000.45,630.08,100,100,0.2902
1340,ASCUS_1_patch09.png,0,1014.6199951171876,661.1599731445312,100,100,0.1427000015974044
1341,ASCUS_1_patch09.png,0,805.280029296875,533.1500244140625,100,100,0.0153000000864267
1342,ASCUS_1_patch09.png,0,1003.8499755859376,644.6799926757812,100,100,0.013600000180304
1343,ASCUS_1_patch09.png,0,995.6900024414062,544.22998046875,100,100,0.0116999996826052
1344,ASCUS_1_patch09.png,0,904.13,854.26,100,100,0.7303
1345,ASCUS_1_patch09.png,0,813.63,928.97,100,100,0.6948
1346,ASCUS_1_patch09.png,0,804.08,795.17,100,100,0.6458
1347,ASCUS_1_patch09.png,0,119.36000061035156,244.0399932861328,100,100,0.0085000004619359
1348,ASCUS_1_patch09.png,0,64.37999725341797,177.2100067138672,100,100,0.0054999999701976
1349,ASCUS_1_patch09.png,0,38.7400016784668,163.0500030517578,100,100,0.0054000001400709
1350,ASCUS_1_patch09.png,0,233.50999450683597,236.1699981689453,100,100,0.0049000000581145
1351,ASCUS_1_patch09.png,0,169.38999938964844,82.56999969482422,100,100,0.0044999998062849
1352,ASCUS_1_patch09.png,0,63.72999954223633,159.0399932861328,100,100,0.0038000000640749
1353,ASCUS_1_patch09.png,0,134.50999450683594,243.4600067138672,100,100,0.0024000001139938
1354,ASCUS_1_patch09.png,0,183.92999267578125,102.97000122070312,100,100,0.0023000000510364
1355,ASCUS_1_patch09.png,0,224.80999755859372,218.41000366210935,100,100,0.0013999999500811
1356,ASCUS_1_patch09.png,0,223.32000732421875,252.2100067138672,100,100,0.0012000000569969
1357,ASCUS_1_patch09.png,0,4.840000152587891,429.8599853515625,100,100,0.0077999997884035
1358,ASCUS_1_patch09.png,0,127.6999969482422,281.57000732421875,100,100,0.0068999999202787
1359,ASCUS_1_patch09.png,0,254.66000366210935,437.5799865722656,100,100,0.0035000001080334
1360,ASCUS_1_patch09.png,0,236.9499969482422,320.79998779296875,100,100,0.0035000001080334
1361,ASCUS_1_patch09.png,0,254.5800018310547,327.3900146484375,100,100,0.003000000026077
1362,ASCUS_1_patch09.png,0,235.6199951171875,434.6400146484375,100,100,0.003000000026077
1363,ASCUS_1_patch09.png,0,138.61000061035156,262.75,100,100,0.0028999999631196
1364,ASCUS_1_patch09.png,0,125.30999755859376,365.3599853515625,100,100,0.002600000007078
1365,ASCUS_1_patch09.png,0,20.1299991607666,287.4200134277344,100,100,0.0024999999441206
1366,ASCUS_1_patch09.png,0,238.1000061035156,347.1700134277344,100,100,0.0024000001139938
1367,ASCUS_1_patch09.png,0,229.0,448.3500061035156,100,100,0.0023000000510364
1368,ASCUS_1_patch09.png,0,75.77999877929688,417.489990234375,100,100,0.0015999999595806
1369,ASCUS_1_patch09.png,0,189.02999877929688,577.4099731445312,100,100,0.0097000002861022
1370,ASCUS_1_patch09.png,0,153.97000122070312,698.1699829101562,100,100,0.0076000001281499
1371,ASCUS_1_patch09.png,0,109.8000030517578,571.5599975585938,100,100,0.0059000002220273
1372,ASCUS_1_patch09.png,0,252.25,657.030029296875,100,100,0.0059000002220273
1373,ASCUS_1_patch09.png,0,113.58000183105467,651.3900146484375,100,100,0.0052000000141561
1374,ASCUS_1_patch09.png,0,86.72000122070312,548.030029296875,100,100,0.0049999998882412
1375,ASCUS_1_patch09.png,0,135.55999755859375,653.2999877929688,100,100,0.0049000000581145
1376,ASCUS_1_patch09.png,0,178.10000610351562,710.3400268554688,100,100,0.0038999998942017
1377,ASCUS_1_patch09.png,0,244.47000122070312,520.1699829101562,100,100,0.0032999999821186
1378,ASCUS_1_patch09.png,0,103.5500030517578,555.0800170898438,100,100,0.0032999999821186
1379,ASCUS_1_patch09.png,0,253.41000366210935,547.4400024414062,100,100,0.0031999999191612
1380,ASCUS_1_patch09.png,0,68.16999816894531,669.9099731445312,100,100,0.002600000007078
1381,ASCUS_1_patch09.png,0,219.4199981689453,599.5999755859375,100,100,0.0020999999251216
1382,ASCUS_1_patch09.png,0,217.1199951171875,711.6400146484375,100,100,0.0020000000949949
1383,ASCUS_1_patch09.png,0,147.97999572753906,713.47998046875,100,100,0.0012000000569969
1384,ASCUS_1_patch09.png,0,140.10000610351562,678.1699829101562,100,100,0.0010999999940395
1385,ASCUS_1_patch09.png,0,226.69000244140625,802.489990234375,100,100,0.0057000000961124
1386,ASCUS_1_patch09.png,0,36.06999969482422,852.8400268554688,100,100,0.0057000000961124
1387,ASCUS_1_patch09.png,0,226.2700042724609,818.969970703125,100,100,0.0052000000141561
1388,ASCUS_1_patch09.png,0,171.33999633789062,887.1199951171875,100,100,0.0044999998062849
1389,ASCUS_1_patch09.png,0,205.83999633789065,819.2000122070312,100,100,0.0037000000011175
1390,ASCUS_1_patch09.png,0,15.31999969482422,878.8800048828125,100,100,0.0031000000890344
1391,ASCUS_1_patch09.png,0,55.209999084472656,861.97998046875,100,100,0.0027999999001622
1392,ASCUS_1_patch09.png,0,51.93999862670898,877.75,100,100,0.0027000000700354
1393,ASCUS_1_patch09.png,0,153.0,882.8300170898438,100,100,0.0015999999595806
1394,ASCUS_1_patch09.png,0,168.8000030517578,903.719970703125,100,100,0.0013999999500811
1395,ASCUS_1_patch09.png,0,382.3200073242188,58.7599983215332,100,100,0.0063999998383224
1396,ASCUS_1_patch09.png,0,407.989990234375,68.83999633789062,100,100,0.0049999998882412
1397,ASCUS_1_patch09.png,0,306.07000732421875,41.38999938964844,100,100,0.0041000000201165
1398,ASCUS_1_patch09.png,0,269.5799865722656,220.9499969482422,100,100,0.0031000000890344
1399,ASCUS_1_patch09.png,0,464.8800048828125,255.2700042724609,100,100,0.002199999988079
1400,ASCUS_1_patch09.png,0,410.7900085449219,48.59000015258789,100,100,0.0019000000320374
1401,ASCUS_1_patch09.png,0,321.1700134277344,44.66999816894531,100,100,0.0015999999595806
1402,ASCUS_1_patch09.png,0,266.0199890136719,71.4800033569336,100,100,0.0015000000130385
1403,ASCUS_1_patch09.png,0,485.4800109863281,266.44000244140625,100,100,0.0087000001221895
1404,ASCUS_1_patch09.png,0,387.4700012207031,295.1300048828125,100,100,0.0073000001721084
1405,ASCUS_1_patch09.png,0,452.8999938964844,266.07000732421875,100,100,0.0063999998383224
1406,ASCUS_1_patch09.png,0,273.8500061035156,492.9200134277344,100,100,0.0063000000081956
1407,ASCUS_1_patch09.png,0,477.0199890136719,393.8500061035156,100,100,0.006000000052154
1408,ASCUS_1_patch09.png,0,489.5400085449219,494.9800109863281,100,100,0.0054000001400709
1409,ASCUS_1_patch09.png,0,488.2699890136719,475.5799865722656,100,100,0.0052000000141561
1410,ASCUS_1_patch09.png,0,478.6099853515625,409.1300048828125,100,100,0.0046999999321997
1411,ASCUS_1_patch09.png,0,364.510009765625,290.3299865722656,100,100,0.0041999998502433
1412,ASCUS_1_patch09.png,0,370.4800109863281,415.6900024414063,100,100,0.003400000045076
1413,ASCUS_1_patch09.png,0,467.1799926757813,494.0700073242188,100,100,0.003000000026077
1414,ASCUS_1_patch09.png,0,364.3599853515625,397.25,100,100,0.0027999999001622
1415,ASCUS_1_patch09.png,0,460.5499877929688,386.2900085449219,100,100,0.0020999999251216
1416,ASCUS_1_patch09.png,0,377.4800109863281,543.739990234375,100,100,0.0078999996185302
1417,ASCUS_1_patch09.png,0,382.2900085449219,563.6599731445312,100,100,0.0068999999202787
1418,ASCUS_1_patch09.png,0,439.25,611.0399780273438,100,100,0.0068999999202787
1419,ASCUS_1_patch09.png,0,491.6000061035156,707.8900146484375,100,100,0.0066999997943639
1420,ASCUS_1_patch09.png,0,475.1300048828125,712.9099731445312,100,100,0.0065999999642372
1421,ASCUS_1_patch09.png,0,356.3699951171875,545.6199951171875,100,100,0.0065000001341104
1422,ASCUS_1_patch09.png,0,273.3599853515625,516.1500244140625,100,100,0.0063999998383224
1423,ASCUS_1_patch09.png,0,346.44000244140625,563.4199829101562,100,100,0.0046999999321997
1424,ASCUS_1_patch09.png,0,496.0,608.52001953125,100,100,0.0046000001020729
1425,ASCUS_1_patch09.png,0,345.1000061035156,698.6799926757812,100,100,0.0038999998942017
1426,ASCUS_1_patch09.png,0,418.9400024414063,610.3300170898438,100,100,0.003000000026077
1427,ASCUS_1_patch09.png,0,309.1499938964844,582.989990234375,100,100,0.0024000001139938
1428,ASCUS_1_patch09.png,0,476.1300048828125,731.6400146484375,100,100,0.0023000000510364
1429,ASCUS_1_patch09.png,0,502.2200012207031,593.780029296875,100,100,0.0019000000320374
1430,ASCUS_1_patch09.png,0,361.0700073242188,693.47998046875,100,100,0.00179999996908
1431,ASCUS_1_patch09.png,0,495.9100036621094,730.6400146484375,100,100,0.0012000000569969
1432,ASCUS_1_patch09.png,0,343.989990234375,911.7899780273438,100,100,0.0073000001721084
1433,ASCUS_1_patch09.png,0,510.8299865722656,919.6599731445312,100,100,0.0066999997943639
1434,ASCUS_1_patch09.png,0,362.3599853515625,926.9500122070312,100,100,0.0044999998062849
1435,ASCUS_1_patch09.png,0,432.2900085449219,806.1599731445312,100,100,0.0041999998502433
1436,ASCUS_1_patch09.png,0,458.5499877929688,802.9099731445312,100,100,0.0038000000640749
1437,ASCUS_1_patch09.png,0,332.5799865722656,924.2100219726562,100,100,0.0024000001139938
1438,ASCUS_1_patch09.png,0,448.010009765625,793.719970703125,100,100,0.0020000000949949
1439,ASCUS_1_patch09.png,0,483.9599914550781,931.2999877929688,100,100,0.00179999996908
1440,ASCUS_1_patch09.png,0,427.989990234375,830.0499877929688,100,100,0.0015999999595806
1441,ASCUS_1_patch09.png,0,659.5800170898438,190.8600006103516,100,100,0.0089999996125698
1442,ASCUS_1_patch09.png,0,580.1400146484375,128.97999572753906,100,100,0.0068999999202787
1443,ASCUS_1_patch09.png,0,556.1500244140625,7.519999980926514,100,100,0.0057000000961124
1444,ASCUS_1_patch09.png,0,598.0,9.140000343322754,100,100,0.0054999999701976
1445,ASCUS_1_patch09.png,0,701.219970703125,46.40999984741211,100,100,0.0044999998062849
1446,ASCUS_1_patch09.png,0,677.5,187.72000122070312,100,100,0.0040000001899898
1447,ASCUS_1_patch09.png,0,557.3699951171875,133.86000061035156,100,100,0.002600000007078
1448,ASCUS_1_patch09.png,0,589.510009765625,281.2099914550781,100,100,0.0098999999463558
1449,ASCUS_1_patch09.png,0,731.0999755859375,302.5899963378906,100,100,0.006800000090152
1450,ASCUS_1_patch09.png,0,655.4099731445312,412.489990234375,100,100,0.0065000001341104
1451,ASCUS_1_patch09.png,0,673.9099731445312,499.1499938964844,100,100,0.0060999998822808
1452,ASCUS_1_patch09.png,0,752.1400146484375,323.2200012207031,100,100,0.006000000052154
1453,ASCUS_1_patch09.png,0,657.510009765625,310.3599853515625,100,100,0.0043000001460313
1454,ASCUS_1_patch09.png,0,543.6500244140625,476.7699890136719,100,100,0.0041999998502433
1455,ASCUS_1_patch09.png,0,671.989990234375,407.239990234375,100,100,0.0038999998942017
1456,ASCUS_1_patch09.png,0,567.6199951171875,489.8200073242188,100,100,0.003400000045076
1457,ASCUS_1_patch09.png,0,673.4199829101562,315.94000244140625,100,100,0.0031999999191612
1458,ASCUS_1_patch09.png,0,554.739990234375,358.29998779296875,100,100,0.0031000000890344
1459,ASCUS_1_patch09.png,0,570.1799926757812,458.7300109863281,100,100,0.002600000007078
1460,ASCUS_1_patch09.png,0,755.8300170898438,483.1900024414063,100,100,0.002600000007078
1461,ASCUS_1_patch09.png,0,750.0900268554688,294.8900146484375,100,100,0.0024999999441206
1462,ASCUS_1_patch09.png,0,529.219970703125,353.07000732421875,100,100,0.0024999999441206
1463,ASCUS_1_patch09.png,0,538.9000244140625,494.1099853515625,100,100,0.0020000000949949
1464,ASCUS_1_patch09.png,0,654.780029296875,335.3800048828125,100,100,0.0015999999595806
1465,ASCUS_1_patch09.png,0,733.3400268554688,468.8699951171875,100,100,0.0015000000130385
1466,ASCUS_1_patch09.png,0,735.5399780273438,322.1499938964844,100,100,0.0013999999500811
1467,ASCUS_1_patch09.png,0,632.1799926757812,680.0599975585938,100,100,0.0068999999202787
1468,ASCUS_1_patch09.png,0,629.3099975585938,720.0999755859375,100,100,0.0051000001840293
1469,ASCUS_1_patch09.png,0,747.3800048828125,708.239990234375,100,100,0.0038999998942017
1470,ASCUS_1_patch09.png,0,716.0399780273438,597.1599731445312,100,100,0.0038000000640749
1471,ASCUS_1_patch09.png,0,736.9400024414062,596.5599975585938,100,100,0.0037000000011175
1472,ASCUS_1_patch09.png,0,560.8900146484375,549.2999877929688,100,100,0.0035000001080334
1473,ASCUS_1_patch09.png,0,614.260009765625,688.3900146484375,100,100,0.0035000001080334
1474,ASCUS_1_patch09.png,0,629.8599853515625,551.6500244140625,100,100,0.003400000045076
1475,ASCUS_1_patch09.png,0,724.3499755859375,655.02001953125,100,100,0.0032999999821186
1476,ASCUS_1_patch09.png,0,649.9400024414062,515.02001953125,100,100,0.0031000000890344
1477,ASCUS_1_patch09.png,0,629.6900024414062,532.8900146484375,100,100,0.0028999999631196
1478,ASCUS_1_patch09.png,0,730.1199951171875,699.02001953125,100,100,0.002600000007078
1479,ASCUS_1_patch09.png,0,748.52001953125,651.3599853515625,100,100,0.002199999988079
1480,ASCUS_1_patch09.png,0,583.1900024414062,552.6699829101562,100,100,0.0020999999251216
1481,ASCUS_1_patch09.png,0,633.8200073242188,922.52001953125,100,100,0.0087999999523162
1482,ASCUS_1_patch09.png,0,682.8400268554688,882.6500244140625,100,100,0.0065000001341104
1483,ASCUS_1_patch09.png,0,557.4299926757812,850.739990234375,100,100,0.0062000001780688
1484,ASCUS_1_patch09.png,0,539.1300048828125,850.6599731445312,100,100,0.0054000001400709
1485,ASCUS_1_patch09.png,0,559.0900268554688,783.8099975585938,100,100,0.0038999998942017
1486,ASCUS_1_patch09.png,0,655.0999755859375,893.22998046875,100,100,0.0038000000640749
1487,ASCUS_1_patch09.png,0,615.3200073242188,912.989990234375,100,100,0.0032999999821186
1488,ASCUS_1_patch09.png,0,584.9199829101562,786.6099853515625,100,100,0.0032999999821186
1489,ASCUS_1_patch09.png,0,684.9500122070312,900.3499755859375,100,100,0.0032999999821186
1490,ASCUS_1_patch09.png,0,569.1099853515625,842.4299926757812,100,100,0.0028999999631196
1491,ASCUS_1_patch09.png,0,561.6799926757812,868.3499755859375,100,100,0.0023000000510364
1492,ASCUS_1_patch09.png,0,632.47998046875,906.8499755859376,100,100,0.0015000000130385
1493,ASCUS_1_patch09.png,0,955.5900268554688,104.48999786376952,100,100,0.0062000001780688
1494,ASCUS_1_patch09.png,0,980.2000122070312,101.9800033569336,100,100,0.0059000002220273
1495,ASCUS_1_patch09.png,0,780.4500122070312,56.54999923706055,100,100,0.0032999999821186
1496,ASCUS_1_patch09.png,0,803.0,73.61000061035156,100,100,0.0019000000320374
1497,ASCUS_1_patch09.png,0,803.97998046875,59.459999084472656,100,100,0.0015999999595806
1498,ASCUS_1_patch09.png,0,892.1799926757812,283.94000244140625,100,100,0.0081000002101063
1499,ASCUS_1_patch09.png,0,902.4199829101562,292.57000732421875,100,100,0.0080000003799796
1500,ASCUS_1_patch09.png,0,1010.8400268554688,293.1400146484375,100,100,0.0065999999642372
1501,ASCUS_1_patch09.png,0,886.3499755859375,379.2300109863281,100,100,0.0063999998383224
1502,ASCUS_1_patch09.png,0,880.6400146484375,292.510009765625,100,100,0.0063000000081956
1503,ASCUS_1_patch09.png,0,1002.75,302.70001220703125,100,100,0.0043000001460313
1504,ASCUS_1_patch09.png,0,1000.8900146484376,281.1499938964844,100,100,0.0038000000640749
1505,ASCUS_1_patch09.png,0,976.280029296875,282.8500061035156,100,100,0.0027999999001622
1506,ASCUS_1_patch09.png,0,864.1500244140625,380.8900146484375,100,100,0.0020999999251216
1507,ASCUS_1_patch09.png,0,900.1799926757812,309.8599853515625,100,100,0.0020999999251216
1508,ASCUS_1_patch09.png,0,904.0,760.489990234375,100,100,0.0086000002920627
1509,ASCUS_1_patch09.png,0,804.27001953125,558.3099975585938,100,100,0.0080000003799796
1510,ASCUS_1_patch09.png,0,1014.510009765625,623.969970703125,100,100,0.0057999999262392
1511,ASCUS_1_patch09.png,0,1013.5999755859376,756.760009765625,100,100,0.0051000001840293
1512,ASCUS_1_patch09.png,0,932.8699951171876,555.4400024414062,100,100,0.0049999998882412
1513,ASCUS_1_patch09.png,0,996.4000244140624,564.3400268554688,100,100,0.0048000002279877
1514,ASCUS_1_patch09.png,0,913.239990234375,556.3699951171875,100,100,0.003400000045076
1515,ASCUS_1_patch09.png,0,834.5499877929688,609.219970703125,100,100,0.0031000000890344
1516,ASCUS_1_patch09.png,0,799.1599731445312,750.3200073242188,100,100,0.0027000000700354
1517,ASCUS_1_patch09.png,0,852.4099731445312,604.3400268554688,100,100,0.002600000007078
1518,ASCUS_1_patch09.png,0,788.02001953125,551.72998046875,100,100,0.0024999999441206
1519,ASCUS_1_patch09.png,0,971.5,543.6599731445312,100,100,0.0024000001139938
1520,ASCUS_1_patch09.png,0,892.8499755859375,754.0,100,100,0.0020999999251216
1521,ASCUS_1_patch09.png,0,998.02001953125,753.9600219726562,100,100,0.0020999999251216
1522,ASCUS_1_patch09.png,0,878.4299926757812,759.6400146484375,100,100,0.00179999996908
1523,ASCUS_1_patch09.png,0,825.5800170898438,921.4099731445312,100,100,0.0068999999202787
1524,ASCUS_1_patch09.png,0,889.5900268554688,856.6300048828125,100,100,0.0057999999262392
1525,ASCUS_1_patch09.png,0,819.760009765625,797.6199951171875,100,100,0.0057000000961124
1526,ASCUS_1_patch09.png,0,910.8200073242188,843.52001953125,100,100,0.0049000000581145
1527,ASCUS_1_patch09.png,0,798.77001953125,933.0499877929688,100,100,0.0048000002279877
1528,ASCUS_1_patch09.png,0,789.9000244140625,798.260009765625,100,100,0.0040000001899898
1529,ASCUS_1_patch09.png,0,990.239990234375,771.5599975585938,100,100,0.0024999999441206
1530,ASCUS_1_patch09.png,0,918.97998046875,858.3599853515625,100,100,0.0023000000510364
1531,ASCUS_1_patch09.png,0,825.6099853515625,937.010009765625,100,100,0.0020999999251216
1532,ASCUS_1_patch09.png,0,817.6500244140625,769.530029296875,100,100,0.0019000000320374
1533,ASCUS_1_patch09.png,0,1010.5,778.5800170898438,100,100,0.00179999996908
1534,ASCUS_1_patch09.png,0,807.4000244140625,916.530029296875,100,100,0.001300000003539
1535,ASCUS_1_patch09.png,0,896.27001953125,840.02001953125,100,100,0.001300000003539
1536,ASCUS_1_patch10.png,0,128.01,229.69,100,100,0.7459
1537,ASCUS_1_patch10.png,0,206.74,73.9,100,100,0.7369
1538,ASCUS_1_patch10.png,0,73.87,94.78,100,100,0.7253
1539,ASCUS_1_patch10.png,0,234.35,211.47,100,100,0.5289
1540,ASCUS_1_patch10.png,0,6.309999942779541,118.69000244140624,100,100,0.2404000014066696
1541,ASCUS_1_patch10.png,0,72.73999786376953,33.06999969482422,100,100,0.1706999987363815
1542,ASCUS_1_patch10.png,0,251.8999938964844,140.3699951171875,100,100,0.0381999984383583
1543,ASCUS_1_patch10.png,0,43.97999954223633,192.6699981689453,100,100,0.0313000008463859
1544,ASCUS_1_patch10.png,0,180.94,353.2,100,100,0.7048
1545,ASCUS_1_patch10.png,0,106.74,387.49,100,100,0.7038
1546,ASCUS_1_patch10.png,0,39.65,493.18,100,100,0.6456
1547,ASCUS_1_patch10.png,0,17.64,380.93,100,100,0.5221
1548,ASCUS_1_patch10.png,0,50.93000030517578,483.6000061035156,100,100,0.0125000001862645
1549,ASCUS_1_patch10.png,0,199.30999755859372,376.8800048828125,100,100,0.0115999998524785
1550,ASCUS_1_patch10.png,0,181.76,528.7,100,100,0.5351
1551,ASCUS_1_patch10.png,0,99.76,759.66,100,100,0.5177
1552,ASCUS_1_patch10.png,0,214.48,591.33,100,100,0.5072
1553,ASCUS_1_patch10.png,0,126.26,738.4,100,100,0.4297
1554,ASCUS_1_patch10.png,0,13.24,599.98,100,100,0.4166
1555,ASCUS_1_patch10.png,0,119.38,627.36,100,100,0.3611
1556,ASCUS_1_patch10.png,0,55.7599983215332,610.8099975585938,100,100,0.2975000143051147
1557,ASCUS_1_patch10.png,0,228.23,778.91,100,100,0.6849
1558,ASCUS_1_patch10.png,0,116.69,893.08,100,100,0.5632
1559,ASCUS_1_patch10.png,0,62.17,871.58,100,100,0.5632
1560,ASCUS_1_patch10.png,0,211.0,966.23,100,100,0.2681
1561,ASCUS_1_patch10.png,0,63.900001525878906,802.2100219726562,100,100,0.1335999965667724
1562,ASCUS_1_patch10.png,0,47.380001068115234,940.75,100,100,0.0885000005364418
1563,ASCUS_1_patch10.png,0,118.91000366210938,843.5800170898438,100,100,0.049100000411272
1564,ASCUS_1_patch10.png,0,48.16999816894531,870.9199829101562,100,100,0.0131999999284744
1565,ASCUS_1_patch10.png,0,125.23999786376952,830.72998046875,100,100,0.0118000004440546
1566,ASCUS_1_patch10.png,0,126.72000122070312,884.2100219726562,100,100,0.0104000000283122
1567,ASCUS_1_patch10.png,0,453.09,94.44,100,100,0.7507
1568,ASCUS_1_patch10.png,0,498.010009765625,8.0,100,100,0.2757999897003174
1569,ASCUS_1_patch10.png,0,265.1199951171875,109.31999969482422,100,100,0.1348000019788742
1570,ASCUS_1_patch10.png,0,345.95,260.4,100,100,0.7518
1571,ASCUS_1_patch10.png,0,504.83,497.45,100,100,0.7388
1572,ASCUS_1_patch10.png,0,258.63,442.75,100,100,0.7102
1573,ASCUS_1_patch10.png,0,502.12,373.68,100,100,0.707
1574,ASCUS_1_patch10.png,0,379.04,427.01,100,100,0.6646
1575,ASCUS_1_patch10.png,0,268.0,302.0,100,100,0.2425580471754074
1576,ASCUS_1_patch10.png,0,373.2799987792969,417.0400085449219,100,100,0.0498999990522861
1577,ASCUS_1_patch10.png,0,261.35,658.8,100,100,0.6261
1578,ASCUS_1_patch10.png,0,433.7,581.09,100,100,0.619
1579,ASCUS_1_patch10.png,0,353.82,582.5,100,100,0.6121
1580,ASCUS_1_patch10.png,0,450.21,759.65,100,100,0.5862
1581,ASCUS_1_patch10.png,0,472.33,641.3,100,100,0.4525
1582,ASCUS_1_patch10.png,0,283.96,710.05,100,100,0.3576
1583,ASCUS_1_patch10.png,0,487.4,541.28,100,100,0.3077
1584,ASCUS_1_patch10.png,0,415.16,679.61,100,100,0.1783
1585,ASCUS_1_patch10.png,0,459.489990234375,751.4500122070312,100,100,0.0296000000089406
1586,ASCUS_1_patch10.png,0,343.67999267578125,574.8300170898438,100,100,0.0291000008583068
1587,ASCUS_1_patch10.png,0,360.7699890136719,593.6699829101562,100,100,0.0130000002682209
1588,ASCUS_1_patch10.png,0,393.5799865722656,572.3099975585938,100,100,0.0109999999403953
1589,ASCUS_1_patch10.png,0,404.79,846.35,100,100,0.7072
1590,ASCUS_1_patch10.png,0,281.99,798.08,100,100,0.6038
1591,ASCUS_1_patch10.png,0,344.96,1008.51,100,100,0.5868
1592,ASCUS_1_patch10.png,0,481.29,851.96,100,100,0.5429
1593,ASCUS_1_patch10.png,0,450.8,968.92,100,100,0.2981
1594,ASCUS_1_patch10.png,0,397.2900085449219,1016.5499877929688,100,100,0.2360000014305114
1595,ASCUS_1_patch10.png,0,506.15,1006.02,100,100,0.1762
1596,ASCUS_1_patch10.png,0,304.94000244140625,832.72998046875,100,100,0.0187999997287988
1597,ASCUS_1_patch10.png,0,502.4700012207031,907.02001953125,100,100,0.0110999997705221
1598,ASCUS_1_patch10.png,0,668.08,96.88,100,100,0.7338
1599,ASCUS_1_patch10.png,0,540.42,193.36,100,100,0.7004
1600,ASCUS_1_patch10.png,0,585.5,65.55,100,100,0.6881
1601,ASCUS_1_patch10.png,0,673.08,305.34,100,100,0.6754
1602,ASCUS_1_patch10.png,0,671.74,448.41,100,100,0.6597
1603,ASCUS_1_patch10.png,0,702.62,477.88,100,100,0.3484
1604,ASCUS_1_patch10.png,0,714.3800048828125,388.3800048828125,100,100,0.1316999942064285
1605,ASCUS_1_patch10.png,0,608.3900146484375,494.5899963378906,100,100,0.0142000000923872
1606,ASCUS_1_patch10.png,0,545.33,571.77,100,100,0.4523
1607,ASCUS_1_patch10.png,0,530.32,707.49,100,100,0.1969
1608,ASCUS_1_patch10.png,0,616.6900024414062,560.4500122070312,100,100,0.1428000032901764
1609,ASCUS_1_patch10.png,0,532.0999755859375,685.4299926757812,100,100,0.0273000001907348
1610,ASCUS_1_patch10.png,0,571.11,839.73,100,100,0.6097
1611,ASCUS_1_patch10.png,0,669.18,799.99,100,100,0.455
1612,ASCUS_1_patch10.png,0,756.58,1011.77,100,100,0.3865
1613,ASCUS_1_patch10.png,0,733.21,821.95,100,100,0.3454
1614,ASCUS_1_patch10.png,0,622.75,993.1099853515624,100,100,0.183799996972084
1615,ASCUS_1_patch10.png,0,563.7899780273438,768.5900268554688,100,100,0.0423999987542629
1616,ASCUS_1_patch10.png,0,539.989990234375,975.0499877929688,100,100,0.0267999991774559
1617,ASCUS_1_patch10.png,0,994.86,195.22,100,100,0.713
1618,ASCUS_1_patch10.png,0,944.23,405.63,100,100,0.6865
1619,ASCUS_1_patch10.png,0,974.39,338.06,100,100,0.5226
1620,ASCUS_1_patch10.png,0,846.06,501.23,100,100,0.2758
1621,ASCUS_1_patch10.png,0,860.1300048828125,490.5400085449219,100,100,0.0714000016450882
1622,ASCUS_1_patch10.png,0,989.989990234375,415.260009765625,100,100,0.0410000011324882
1623,ASCUS_1_patch10.png,0,1011.7899780273438,393.75,100,100,0.0298999994993209
1624,ASCUS_1_patch10.png,0,962.9199829101562,328.94000244140625,100,100,0.0283000003546476
1625,ASCUS_1_patch10.png,0,1019.02001953125,372.739990234375,100,100,0.0188999995589256
1626,ASCUS_1_patch10.png,0,826.3599853515625,494.2900085449219,100,100,0.0167999994009733
1627,ASCUS_1_patch10.png,0,916.5900268554688,490.4800109863281,100,100,0.010700000450015
1628,ASCUS_1_patch10.png,0,1009.26,571.96,100,100,0.3637
1629,ASCUS_1_patch10.png,0,822.38,530.33,100,100,0.299
1630,ASCUS_1_patch10.png,0,803.469970703125,635.72998046875,100,100,0.1049999967217445
1631,ASCUS_1_patch10.png,0,1018.7100219726562,579.2100219726562,100,100,0.0144999995827674
1632,ASCUS_1_patch10.png,0,779.7999877929688,521.8200073242188,100,100,0.0141000002622604
1633,ASCUS_1_patch10.png,0,832.239990234375,516.8599853515625,100,100,0.013600000180304
1634,ASCUS_1_patch10.png,0,888.5,831.91,100,100,0.6942
1635,ASCUS_1_patch10.png,0,783.99,876.12,100,100,0.5708
1636,ASCUS_1_patch10.png,0,970.92,956.59,100,100,0.3423
1637,ASCUS_1_patch10.png,0,877.9199829101562,1002.6900024414062,100,100,0.307200014591217
1638,ASCUS_1_patch10.png,0,1013.1599731445312,894.0999755859375,100,100,0.2273000031709671
1639,ASCUS_1_patch10.png,0,800.530029296875,1014.0499877929688,100,100,0.1306000053882599
1640,ASCUS_1_patch10.png,0,873.5499877929688,1013.9500122070312,100,100,0.0768000036478042
1641,ASCUS_1_patch10.png,0,772.02001953125,879.5499877929688,100,100,0.0746000036597251
1642,ASCUS_1_patch10.png,0,796.739990234375,880.280029296875,100,100,0.0121999997645616
1643,ASCUS_1_patch10.png,0,801.4400024414062,869.4299926757812,100,100,0.0108000002801418
1644,ASCUS_1_patch10.png,0,214.8999938964844,62.33000183105469,100,100,0.0082000000402331
1645,ASCUS_1_patch10.png,0,61.619998931884766,84.25,100,100,0.0046999999321997
1646,ASCUS_1_patch10.png,0,244.9199981689453,203.4600067138672,100,100,0.0043999999761581
1647,ASCUS_1_patch10.png,0,113.95999908447266,230.6100006103516,100,100,0.0040000001899898
1648,ASCUS_1_patch10.png,0,138.83999633789062,218.32000732421875,100,100,0.0038999998942017
1649,ASCUS_1_patch10.png,0,195.0,63.16999816894531,100,100,0.0038000000640749
1650,ASCUS_1_patch10.png,0,78.79000091552734,80.77999877929688,100,100,0.0037000000011175
1651,ASCUS_1_patch10.png,0,203.33999633789065,214.08999633789065,100,100,0.0037000000011175
1652,ASCUS_1_patch10.png,0,222.33999633789065,204.3500061035156,100,100,0.0035000001080334
1653,ASCUS_1_patch10.png,0,137.1300048828125,241.1199951171875,100,100,0.002600000007078
1654,ASCUS_1_patch10.png,0,81.55999755859375,107.61000061035156,100,100,0.001300000003539
1655,ASCUS_1_patch10.png,0,118.01000213623048,380.1000061035156,100,100,0.0066999997943639
1656,ASCUS_1_patch10.png,0,30.0,484.7099914550781,100,100,0.0059000002220273
1657,ASCUS_1_patch10.png,0,249.8000030517578,435.1300048828125,100,100,0.0046000001020729
1658,ASCUS_1_patch10.png,0,188.0,340.0199890136719,100,100,0.0038999998942017
1659,ASCUS_1_patch10.png,0,170.99000549316406,360.6099853515625,100,100,0.0037000000011175
1660,ASCUS_1_patch10.png,0,93.19000244140624,385.1400146484375,100,100,0.0037000000011175
1661,ASCUS_1_patch10.png,0,196.6199951171875,354.3500061035156,100,100,0.0024999999441206
1662,ASCUS_1_patch10.png,0,169.55999755859375,336.0799865722656,100,100,0.0019000000320374
1663,ASCUS_1_patch10.png,0,77.4800033569336,791.0700073242188,100,100,0.0080000003799796
1664,ASCUS_1_patch10.png,0,74.0,863.6599731445312,100,100,0.0043999999761581
1665,ASCUS_1_patch10.png,0,81.13999938964844,802.5700073242188,100,100,0.003400000045076
1666,ASCUS_1_patch10.png,0,134.0399932861328,848.0700073242188,100,100,0.002199999988079
1667,ASCUS_1_patch10.png,0,49.02000045776367,803.3599853515625,100,100,0.0020999999251216
1668,ASCUS_1_patch10.png,0,337.4800109863281,250.8999938964844,100,100,0.0071999998763203
1669,ASCUS_1_patch10.png,0,445.6000061035156,84.08000183105469,100,100,0.0052999998442828
1670,ASCUS_1_patch10.png,0,356.57000732421875,253.6000061035156,100,100,0.0051000001840293
1671,ASCUS_1_patch10.png,0,467.510009765625,20.6200008392334,100,100,0.0043999999761581
1672,ASCUS_1_patch10.png,0,460.8800048828125,83.45999908447266,100,100,0.003400000045076
1673,ASCUS_1_patch10.png,0,441.739990234375,100.83000183105467,100,100,0.0024999999441206
1674,ASCUS_1_patch10.png,0,269.8299865722656,98.12000274658205,100,100,0.001300000003539
1675,ASCUS_1_patch10.png,0,488.8299865722656,369.6099853515625,100,100,0.0070000002160668
1676,ASCUS_1_patch10.png,0,391.4599914550781,435.3900146484375,100,100,0.0063999998383224
1677,ASCUS_1_patch10.png,0,509.7099914550781,485.5,100,100,0.0051000001840293
1678,ASCUS_1_patch10.png,0,370.6300048828125,436.9500122070313,100,100,0.0046000001020729
1679,ASCUS_1_patch10.png,0,393.3599853515625,411.2900085449219,100,100,0.0043999999761581
1680,ASCUS_1_patch10.png,0,508.9200134277344,361.6300048828125,100,100,0.0041999998502433
1681,ASCUS_1_patch10.png,0,491.8599853515625,493.4200134277344,100,100,0.0037000000011175
1682,ASCUS_1_patch10.png,0,270.2699890136719,436.4800109863281,100,100,0.003400000045076
1683,ASCUS_1_patch10.png,0,472.4299926757813,466.2999877929688,100,100,0.002600000007078
1684,ASCUS_1_patch10.png,0,484.6600036621094,473.2300109863281,100,100,0.0015999999595806
1685,ASCUS_1_patch10.png,0,361.4599914550781,423.2099914550781,100,100,0.0015000000130385
1686,ASCUS_1_patch10.png,0,418.4599914550781,626.780029296875,100,100,0.0087000001221895
1687,ASCUS_1_patch10.png,0,438.0400085449219,753.9000244140625,100,100,0.0059000002220273
1688,ASCUS_1_patch10.png,0,271.739990234375,700.7000122070312,100,100,0.0054999999701976
1689,ASCUS_1_patch10.png,0,373.0400085449219,574.25,100,100,0.0054000001400709
1690,ASCUS_1_patch10.png,0,270.1400146484375,671.6599731445312,100,100,0.0046999999321997
1691,ASCUS_1_patch10.png,0,355.04998779296875,561.4199829101562,100,100,0.0043000001460313
1692,ASCUS_1_patch10.png,0,274.2699890136719,652.1900024414062,100,100,0.0038000000640749
1693,ASCUS_1_patch10.png,0,439.5299987792969,564.9299926757812,100,100,0.0035999999381601
1694,ASCUS_1_patch10.png,0,414.9800109863281,575.7999877929688,100,100,0.0031000000890344
1695,ASCUS_1_patch10.png,0,299.57000732421875,710.489990234375,100,100,0.002600000007078
1696,ASCUS_1_patch10.png,0,283.32000732421875,689.97998046875,100,100,0.0024999999441206
1697,ASCUS_1_patch10.png,0,496.7900085449219,532.1900024414062,100,100,0.002199999988079
1698,ASCUS_1_patch10.png,0,344.7300109863281,597.0,100,100,0.0020000000949949
1699,ASCUS_1_patch10.png,0,258.239990234375,679.6199951171875,100,100,0.0020000000949949
1700,ASCUS_1_patch10.png,0,374.6499938964844,605.4299926757812,100,100,0.0019000000320374
1701,ASCUS_1_patch10.png,0,333.6099853515625,1011.9400024414062,100,100,0.0086000002920627
1702,ASCUS_1_patch10.png,0,393.4599914550781,834.3300170898438,100,100,0.0068999999202787
1703,ASCUS_1_patch10.png,0,488.4800109863281,832.3400268554688,100,100,0.0068999999202787
1704,ASCUS_1_patch10.png,0,413.7799987792969,834.22998046875,100,100,0.0057000000961124
1705,ASCUS_1_patch10.png,0,415.3699951171875,852.989990234375,100,100,0.0043999999761581
1706,ASCUS_1_patch10.png,0,273.1099853515625,786.780029296875,100,100,0.0027000000700354
1707,ASCUS_1_patch10.png,0,330.3299865722656,999.989990234375,100,100,0.0023000000510364
1708,ASCUS_1_patch10.png,0,293.1300048828125,788.1900024414062,100,100,0.0023000000510364
1709,ASCUS_1_patch10.png,0,367.0899963378906,1013.3200073242188,100,100,0.0020000000949949
1710,ASCUS_1_patch10.png,0,465.239990234375,954.02001953125,100,100,0.0020000000949949
1711,ASCUS_1_patch10.png,0,437.760009765625,971.010009765625,100,100,0.0019000000320374
1712,ASCUS_1_patch10.png,0,501.1900024414063,840.3200073242188,100,100,0.0012000000569969
1713,ASCUS_1_patch10.png,0,680.6199951171875,93.77999877929688,100,100,0.0077999997884035
1714,ASCUS_1_patch10.png,0,659.4600219726562,88.16999816894531,100,100,0.0063000000081956
1715,ASCUS_1_patch10.png,0,554.1199951171875,186.7400054931641,100,100,0.0060999998822808
1716,ASCUS_1_patch10.png,0,598.1599731445312,62.90999984741211,100,100,0.0060999998822808
1717,ASCUS_1_patch10.png,0,530.3599853515625,185.1000061035156,100,100,0.0059000002220273
1718,ASCUS_1_patch10.png,0,525.9199829101562,196.47000122070312,100,100,0.0038000000640749
1719,ASCUS_1_patch10.png,0,571.030029296875,65.58000183105469,100,100,0.003000000026077
1720,ASCUS_1_patch10.png,0,654.6900024414062,100.6999969482422,100,100,0.0020999999251216
1721,ASCUS_1_patch10.png,0,544.4400024414062,177.77999877929688,100,100,0.001300000003539
1722,ASCUS_1_patch10.png,0,683.4500122070312,298.2300109863281,100,100,0.008899999782443
1723,ASCUS_1_patch10.png,0,658.260009765625,444.7900085449219,100,100,0.0049000000581145
1724,ASCUS_1_patch10.png,0,519.3499755859375,496.9800109863281,100,100,0.0048000002279877
1725,ASCUS_1_patch10.png,0,665.3099975585938,314.69000244140625,100,100,0.0044999998062849
1726,ASCUS_1_patch10.png,0,683.3800048828125,439.9599914550781,100,100,0.0040000001899898
1727,ASCUS_1_patch10.png,0,660.8499755859375,298.57000732421875,100,100,0.0035000001080334
1728,ASCUS_1_patch10.png,0,665.0599975585938,461.6700134277344,100,100,0.002600000007078
1729,ASCUS_1_patch10.png,0,685.510009765625,313.6000061035156,100,100,0.0024999999441206
1730,ASCUS_1_patch10.png,0,519.7000122070312,372.7999877929688,100,100,0.0024000001139938
1731,ASCUS_1_patch10.png,0,693.3400268554688,461.6499938964844,100,100,0.0020999999251216
1732,ASCUS_1_patch10.png,0,710.9400024414062,456.9200134277344,100,100,0.0015999999595806
1733,ASCUS_1_patch10.png,0,688.0599975585938,500.3500061035156,100,100,0.0012000000569969
1734,ASCUS_1_patch10.png,0,536.5399780273438,559.969970703125,100,100,0.0087999999523162
1735,ASCUS_1_patch10.png,0,624.489990234375,550.75,100,100,0.0027999999001622
1736,ASCUS_1_patch10.png,0,540.0399780273438,718.0599975585938,100,100,0.002600000007078
1737,ASCUS_1_patch10.png,0,553.1799926757812,580.7899780273438,100,100,0.00179999996908
1738,ASCUS_1_patch10.png,0,542.8200073242188,693.1199951171875,100,100,0.001700000022538
1739,ASCUS_1_patch10.png,0,607.52001953125,519.0399780273438,100,100,0.0015000000130385
1740,ASCUS_1_patch10.png,0,582.1900024414062,828.5,100,100,0.0052000000141561
1741,ASCUS_1_patch10.png,0,725.030029296875,812.3599853515625,100,100,0.0052000000141561
1742,ASCUS_1_patch10.png,0,758.4199829101562,875.1400146484375,100,100,0.0024999999441206
1743,ASCUS_1_patch10.png,0,557.6300048828125,832.0499877929688,100,100,0.0024000001139938
1744,ASCUS_1_patch10.png,0,661.6599731445312,788.8699951171875,100,100,0.0012000000569969
1745,ASCUS_1_patch10.png,0,983.9500122070312,186.5800018310547,100,100,0.0048000002279877
1746,ASCUS_1_patch10.png,0,1003.97998046875,185.3000030517578,100,100,0.0038000000640749
1747,ASCUS_1_patch10.png,0,982.7899780273438,200.25999450683597,100,100,0.003400000045076
1748,ASCUS_1_patch10.png,0,1017.260009765625,204.3500061035156,100,100,0.002199999988079
1749,ASCUS_1_patch10.png,0,809.2899780273438,484.6700134277344,100,100,0.0054000001400709
1750,ASCUS_1_patch10.png,0,952.469970703125,394.739990234375,100,100,0.0049000000581145
1751,ASCUS_1_patch10.png,0,931.0999755859376,401.0,100,100,0.0043000001460313
1752,ASCUS_1_patch10.png,0,985.5499877929688,325.4700012207031,100,100,0.0038999998942017
1753,ASCUS_1_patch10.png,0,974.0800170898438,321.1199951171875,100,100,0.0031000000890344
1754,ASCUS_1_patch10.png,0,938.2899780273438,390.7699890136719,100,100,0.0023000000510364
1755,ASCUS_1_patch10.png,0,965.4400024414062,404.9800109863281,100,100,0.00179999996908
1756,ASCUS_1_patch10.png,0,952.9199829101562,335.1400146484375,100,100,0.001700000022538
1757,ASCUS_1_patch10.png,0,850.719970703125,481.5,100,100,0.0015000000130385
1758,ASCUS_1_patch10.png,0,900.260009765625,825.739990234375,100,100,0.0051000001840293
1759,ASCUS_1_patch10.png,0,875.8400268554688,827.2899780273438,100,100,0.0041000000201165
1760,ASCUS_1_patch10.png,0,778.7100219726562,863.3699951171875,100,100,0.0038999998942017
1761,ASCUS_1_patch10.png,0,769.4400024414062,1017.8300170898438,100,100,0.0024000001139938
1762,ASCUS_1_patch11.png,0,42.98,37.16,100,100,0.6805
1763,ASCUS_1_patch11.png,0,172.65,149.96,100,100,0.6539
1764,ASCUS_1_patch11.png,0,212.99,74.38,100,100,0.651
1765,ASCUS_1_patch11.png,0,130.47,14.72,100,100,0.5807
1766,ASCUS_1_patch11.png,0,174.39,246.04,100,100,0.5431
1767,ASCUS_1_patch11.png,0,11.86,180.62,100,100,0.1994
1768,ASCUS_1_patch11.png,0,243.6300048828125,9.199999809265137,100,100,0.0361000001430511
1769,ASCUS_1_patch11.png,0,231.7899932861328,36.77000045776367,100,100,0.0262000001966953
1770,ASCUS_1_patch11.png,0,192.92999267578125,7.400000095367432,100,100,0.0229000002145767
1771,ASCUS_1_patch11.png,0,41.88,320.99,100,100,0.7139
1772,ASCUS_1_patch11.png,0,58.68,482.15,100,100,0.7071
1773,ASCUS_1_patch11.png,0,193.1,386.01,100,100,0.5162
1774,ASCUS_1_patch11.png,0,193.12,301.43,100,100,0.4556
1775,ASCUS_1_patch11.png,0,87.93,411.84,100,100,0.262
1776,ASCUS_1_patch11.png,0,151.33999633789062,498.9700012207031,100,100,0.0838000029325485
1777,ASCUS_1_patch11.png,0,254.8000030517578,432.1000061035156,100,100,0.0273000001907348
1778,ASCUS_1_patch11.png,0,179.05999755859375,297.3699951171875,100,100,0.0232999995350837
1779,ASCUS_1_patch11.png,0,140.5,488.9700012207031,100,100,0.0206000003963708
1780,ASCUS_1_patch11.png,0,71.76,731.35,100,100,0.6082
1781,ASCUS_1_patch11.png,0,163.7,749.64,100,100,0.6036
1782,ASCUS_1_patch11.png,0,33.95,561.71,100,100,0.5317
1783,ASCUS_1_patch11.png,0,183.36,694.73,100,100,0.4566
1784,ASCUS_1_patch11.png,0,150.5500030517578,581.280029296875,100,100,0.3916000127792358
1785,ASCUS_1_patch11.png,0,84.17,676.41,100,100,0.3897
1786,ASCUS_1_patch11.png,0,57.46,815.19,100,100,0.6993
1787,ASCUS_1_patch11.png,0,58.93,914.69,100,100,0.6463
1788,ASCUS_1_patch11.png,0,249.72,805.14,100,100,0.5931
1789,ASCUS_1_patch11.png,0,173.53,889.82,100,100,0.5435
1790,ASCUS_1_patch11.png,0,125.83,927.6,100,100,0.5333
1791,ASCUS_1_patch11.png,0,183.18,789.26,100,100,0.5009
1792,ASCUS_1_patch11.png,0,172.01,973.22,100,100,0.5005
1793,ASCUS_1_patch11.png,0,26.05,864.42,100,100,0.3502
1794,ASCUS_1_patch11.png,0,19.280000686645508,999.6300048828124,100,100,0.1870999932289123
1795,ASCUS_1_patch11.png,0,241.8000030517578,789.5599975585938,100,100,0.0149999996647238
1796,ASCUS_1_patch11.png,0,98.95999908447266,808.0900268554688,100,100,0.0140000004321336
1797,ASCUS_1_patch11.png,0,183.97999572753903,880.260009765625,100,100,0.010700000450015
1798,ASCUS_1_patch11.png,0,348.34,86.08,100,100,0.7591
1799,ASCUS_1_patch11.png,0,476.39,57.7,100,100,0.7314
1800,ASCUS_1_patch11.png,0,396.62,129.03,100,100,0.6584
1801,ASCUS_1_patch11.png,0,307.43,201.28,100,100,0.5383
1802,ASCUS_1_patch11.png,0,337.95,231.33,100,100,0.5105
1803,ASCUS_1_patch11.png,0,373.12,198.79,100,100,0.3886
1804,ASCUS_1_patch11.png,0,482.5299987792969,44.810001373291016,100,100,0.0120000001043081
1805,ASCUS_1_patch11.png,0,419.27,340.89,100,100,0.6891
1806,ASCUS_1_patch11.png,0,301.3,441.39,100,100,0.6511
1807,ASCUS_1_patch11.png,0,301.94,303.06,100,100,0.634
1808,ASCUS_1_patch11.png,0,457.41,442.32,100,100,0.5316
1809,ASCUS_1_patch11.png,0,266.58,425.45,100,100,0.4018
1810,ASCUS_1_patch11.png,0,410.32,499.53,100,100,0.3637
1811,ASCUS_1_patch11.png,0,469.2300109863281,436.8699951171875,100,100,0.0529999993741512
1812,ASCUS_1_patch11.png,0,287.1099853515625,431.9800109863281,100,100,0.0141000002622604
1813,ASCUS_1_patch11.png,0,429.8200073242188,329.2900085449219,100,100,0.0110999997705221
1814,ASCUS_1_patch11.png,0,371.96,616.97,100,100,0.7088
1815,ASCUS_1_patch11.png,0,292.27,670.98,100,100,0.6866
1816,ASCUS_1_patch11.png,0,398.72,739.93,100,100,0.6335
1817,ASCUS_1_patch11.png,0,263.06,566.76,100,100,0.5619
1818,ASCUS_1_patch11.png,0,433.56,588.53,100,100,0.5578
1819,ASCUS_1_patch11.png,0,483.9,516.46,100,100,0.5319
1820,ASCUS_1_patch11.png,0,472.38,641.68,100,100,0.4439
1821,ASCUS_1_patch11.png,0,483.9299926757813,565.5,100,100,0.0362999998033046
1822,ASCUS_1_patch11.png,0,279.1400146484375,747.489990234375,100,100,0.0194000005722045
1823,ASCUS_1_patch11.png,0,381.41,988.13,100,100,0.7041
1824,ASCUS_1_patch11.png,0,413.74,876.43,100,100,0.6815
1825,ASCUS_1_patch11.png,0,501.12,849.85,100,100,0.609
1826,ASCUS_1_patch11.png,0,445.12,793.62,100,100,0.5617
1827,ASCUS_1_patch11.png,0,315.1,939.14,100,100,0.5037
1828,ASCUS_1_patch11.png,0,462.1400146484375,821.27001953125,100,100,0.2781000137329101
1829,ASCUS_1_patch11.png,0,325.0599975585937,801.3699951171875,100,100,0.0821999981999397
1830,ASCUS_1_patch11.png,0,410.9400024414063,1016.3400268554688,100,100,0.0733999982476234
1831,ASCUS_1_patch11.png,0,318.4599914550781,1012.8400268554688,100,100,0.070200003683567
1832,ASCUS_1_patch11.png,0,258.010009765625,791.8699951171875,100,100,0.0146000003442168
1833,ASCUS_1_patch11.png,0,429.8399963378906,793.7000122070312,100,100,0.012699999846518
1834,ASCUS_1_patch11.png,0,512.27,182.31,100,100,0.7193
1835,ASCUS_1_patch11.png,0,603.33,182.67,100,100,0.5577
1836,ASCUS_1_patch11.png,0,649.89,178.5,100,100,0.4808
1837,ASCUS_1_patch11.png,0,687.25,73.77,100,100,0.3549
1838,ASCUS_1_patch11.png,0,700.8699951171875,8.699999809265137,100,100,0.2906000018119812
1839,ASCUS_1_patch11.png,0,518.16,243.81,100,100,0.2866
1840,ASCUS_1_patch11.png,0,654.68,111.94,100,100,0.2647
1841,ASCUS_1_patch11.png,0,543.47,88.94,100,100,0.1982
1842,ASCUS_1_patch11.png,0,647.9099731445312,15.920000076293944,100,100,0.0737000033259391
1843,ASCUS_1_patch11.png,0,758.4299926757812,139.3000030517578,100,100,0.0608000010251998
1844,ASCUS_1_patch11.png,0,531.6199951171875,101.8000030517578,100,100,0.0549000017344951
1845,ASCUS_1_patch11.png,0,546.969970703125,4.329999923706055,100,100,0.0215000007301569
1846,ASCUS_1_patch11.png,0,589.9099731445312,12.710000038146973,100,100,0.0172000005841255
1847,ASCUS_1_patch11.png,0,766.47998046875,235.22999572753903,100,100,0.0153000000864267
1848,ASCUS_1_patch11.png,0,660.780029296875,168.63999938964844,100,100,0.0113000003620982
1849,ASCUS_1_patch11.png,0,674.3200073242188,117.1500015258789,100,100,0.0103000001981854
1850,ASCUS_1_patch11.png,0,571.64,451.46,100,100,0.6822
1851,ASCUS_1_patch11.png,0,761.92,303.07,100,100,0.6269
1852,ASCUS_1_patch11.png,0,723.42,455.11,100,100,0.6159
1853,ASCUS_1_patch11.png,0,701.62,359.01,100,100,0.5622
1854,ASCUS_1_patch11.png,0,578.9,388.86,100,100,0.5433
1855,ASCUS_1_patch11.png,0,536.39,302.21,100,100,0.5398
1856,ASCUS_1_patch11.png,0,710.21,396.38,100,100,0.3669
1857,ASCUS_1_patch11.png,0,560.1699829101562,297.20001220703125,100,100,0.0331999994814395
1858,ASCUS_1_patch11.png,0,638.4500122070312,422.05999755859375,100,100,0.0204000007361173
1859,ASCUS_1_patch11.png,0,674.8300170898438,271.6499938964844,100,100,0.0186000000685453
1860,ASCUS_1_patch11.png,0,655.4500122070312,321.5299987792969,100,100,0.0126000000163912
1861,ASCUS_1_patch11.png,0,685.719970703125,355.7799987792969,100,100,0.0115000000223517
1862,ASCUS_1_patch11.png,0,604.21,721.67,100,100,0.7011
1863,ASCUS_1_patch11.png,0,753.8,674.67,100,100,0.6893
1864,ASCUS_1_patch11.png,0,689.16,545.99,100,100,0.6604
1865,ASCUS_1_patch11.png,0,640.12,668.68,100,100,0.6583
1866,ASCUS_1_patch11.png,0,682.86,756.77,100,100,0.6513
1867,ASCUS_1_patch11.png,0,551.23,606.18,100,100,0.6513
1868,ASCUS_1_patch11.png,0,570.97,537.54,100,100,0.3304
1869,ASCUS_1_patch11.png,0,602.41,610.21,100,100,0.2711
1870,ASCUS_1_patch11.png,0,603.4099731445312,542.5800170898438,100,100,0.1875
1871,ASCUS_1_patch11.png,0,742.05,871.2,100,100,0.7389
1872,ASCUS_1_patch11.png,0,632.14,888.4,100,100,0.696
1873,ASCUS_1_patch11.png,0,633.3,817.9,100,100,0.6921
1874,ASCUS_1_patch11.png,0,528.36,907.65,100,100,0.6772
1875,ASCUS_1_patch11.png,0,561.88,963.29,100,100,0.6282
1876,ASCUS_1_patch11.png,0,564.8,1008.37,100,100,0.5015
1877,ASCUS_1_patch11.png,0,682.98,1002.0,100,100,0.203
1878,ASCUS_1_patch11.png,0,756.3800048828125,1017.280029296875,100,100,0.0377999991178512
1879,ASCUS_1_patch11.png,0,672.8499755859375,959.1400146484376,100,100,0.0262000001966953
1880,ASCUS_1_patch11.png,0,683.739990234375,933.510009765625,100,100,0.0160000007599592
1881,ASCUS_1_patch11.png,0,616.9500122070312,886.260009765625,100,100,0.0138999996706843
1882,ASCUS_1_patch11.png,0,913.81,101.7,100,100,0.5854
1883,ASCUS_1_patch11.png,0,896.11,145.47,100,100,0.512
1884,ASCUS_1_patch11.png,0,850.27,247.52,100,100,0.4899
1885,ASCUS_1_patch11.png,0,776.07,109.56,100,100,0.4826
1886,ASCUS_1_patch11.png,0,956.18,222.79,100,100,0.3451
1887,ASCUS_1_patch11.png,0,902.36,18.48,100,100,0.3404
1888,ASCUS_1_patch11.png,0,990.47998046875,230.00999450683597,100,100,0.3120999932289123
1889,ASCUS_1_patch11.png,0,796.08,32.48,100,100,0.1861
1890,ASCUS_1_patch11.png,0,792.1699829101562,238.80999755859372,100,100,0.1137999966740608
1891,ASCUS_1_patch11.png,0,940.4000244140624,29.020000457763672,100,100,0.1130999997258186
1892,ASCUS_1_patch11.png,0,1012.9500122070312,59.86000061035156,100,100,0.1010999977588653
1893,ASCUS_1_patch11.png,0,971.489990234375,66.75,100,100,0.1000000014901161
1894,ASCUS_1_patch11.png,0,875.54,367.8,100,100,0.7538
1895,ASCUS_1_patch11.png,0,921.51,416.6,100,100,0.6843
1896,ASCUS_1_patch11.png,0,977.09,345.29,100,100,0.6677
1897,ASCUS_1_patch11.png,0,936.56,273.16,100,100,0.4877
1898,ASCUS_1_patch11.png,0,806.9,399.26,100,100,0.4721
1899,ASCUS_1_patch11.png,0,983.53,450.52,100,100,0.4094
1900,ASCUS_1_patch11.png,0,780.16,353.57,100,100,0.3168
1901,ASCUS_1_patch11.png,0,807.0,460.0,100,100,0.2733080387115478
1902,ASCUS_1_patch11.png,0,819.239990234375,318.25,100,100,0.1127000004053115
1903,ASCUS_1_patch11.png,0,1014.1199951171876,448.5700073242188,100,100,0.100500002503395
1904,ASCUS_1_patch11.png,0,848.23,549.17,100,100,0.6674
1905,ASCUS_1_patch11.png,0,819.48,759.08,100,100,0.6443
1906,ASCUS_1_patch11.png,0,944.63,617.95,100,100,0.6092
1907,ASCUS_1_patch11.png,0,927.38,746.4,100,100,0.563
1908,ASCUS_1_patch11.png,0,1003.11,711.24,100,100,0.5033
1909,ASCUS_1_patch11.png,0,950.61,553.9,100,100,0.5016
1910,ASCUS_1_patch11.png,0,882.29,525.2,100,100,0.4469
1911,ASCUS_1_patch11.png,0,961.83,522.2,100,100,0.3434
1912,ASCUS_1_patch11.png,0,829.5,650.4199829101562,100,100,0.3219999969005584
1913,ASCUS_1_patch11.png,0,1017.8599853515624,551.0599975585938,100,100,0.0705000013113021
1914,ASCUS_1_patch11.png,0,1019.1500244140624,686.1199951171875,100,100,0.0236000008881092
1915,ASCUS_1_patch11.png,0,1018.5999755859376,730.9000244140625,100,100,0.017799999564886
1916,ASCUS_1_patch11.png,0,1014.4000244140624,696.3699951171875,100,100,0.012699999846518
1917,ASCUS_1_patch11.png,0,938.530029296875,738.0900268554688,100,100,0.0115000000223517
1918,ASCUS_1_patch11.png,0,946.1799926757812,518.5800170898438,100,100,0.0105999996885657
1919,ASCUS_1_patch11.png,0,840.71,923.07,100,100,0.6957
1920,ASCUS_1_patch11.png,0,924.29,811.14,100,100,0.6011
1921,ASCUS_1_patch11.png,0,987.1,798.46,100,100,0.5769
1922,ASCUS_1_patch11.png,0,960.24,881.36,100,100,0.5539
1923,ASCUS_1_patch11.png,0,962.95,945.55,100,100,0.5328
1924,ASCUS_1_patch11.png,0,808.15,985.76,100,100,0.4241
1925,ASCUS_1_patch11.png,0,1002.91,880.85,100,100,0.3444
1926,ASCUS_1_patch11.png,0,1008.85,1006.99,100,100,0.3277
1927,ASCUS_1_patch11.png,0,161.75,141.38999938964844,100,100,0.0076000001281499
1928,ASCUS_1_patch11.png,0,201.3500061035156,83.44999694824219,100,100,0.0065000001341104
1929,ASCUS_1_patch11.png,0,196.6100006103516,67.20999908447266,100,100,0.0055999998003244
1930,ASCUS_1_patch11.png,0,227.1100006103516,81.5999984741211,100,100,0.0048000002279877
1931,ASCUS_1_patch11.png,0,163.25,236.5,100,100,0.0048000002279877
1932,ASCUS_1_patch11.png,0,58.9900016784668,37.400001525878906,100,100,0.0046000001020729
1933,ASCUS_1_patch11.png,0,186.94000244140625,157.49000549316406,100,100,0.0038999998942017
1934,ASCUS_1_patch11.png,0,119.7699966430664,7.820000171661377,100,100,0.0038000000640749
1935,ASCUS_1_patch11.png,0,212.6199951171875,59.060001373291016,100,100,0.0037000000011175
1936,ASCUS_1_patch11.png,0,31.25,30.489999771118164,100,100,0.0027999999001622
1937,ASCUS_1_patch11.png,0,189.55999755859372,248.9199981689453,100,100,0.0023000000510364
1938,ASCUS_1_patch11.png,0,142.4499969482422,11.859999656677246,100,100,0.00179999996908
1939,ASCUS_1_patch11.png,0,207.55999755859372,293.0799865722656,100,100,0.0099999997764825
1940,ASCUS_1_patch11.png,0,55.7400016784668,312.82000732421875,100,100,0.0089999996125698
1941,ASCUS_1_patch11.png,0,44.15999984741211,486.8800048828125,100,100,0.0066999997943639
1942,ASCUS_1_patch11.png,0,66.30000305175781,470.4500122070313,100,100,0.0055999998003244
1943,ASCUS_1_patch11.png,0,207.00999450683597,310.07000732421875,100,100,0.0052999998442828
1944,ASCUS_1_patch11.png,0,53.650001525878906,329.9700012207031,100,100,0.0041000000201165
1945,ASCUS_1_patch11.png,0,27.780000686645508,320.260009765625,100,100,0.0038999998942017
1946,ASCUS_1_patch11.png,0,74.31999969482422,484.6900024414063,100,100,0.0032999999821186
1947,ASCUS_1_patch11.png,0,184.02999877929688,375.80999755859375,100,100,0.0031000000890344
1948,ASCUS_1_patch11.png,0,179.52999877929688,312.239990234375,100,100,0.0027000000700354
1949,ASCUS_1_patch11.png,0,171.5800018310547,261.69000244140625,100,100,0.0015999999595806
1950,ASCUS_1_patch11.png,0,246.47999572753903,556.9099731445312,100,100,0.0070000002160668
1951,ASCUS_1_patch11.png,0,251.22999572753903,573.1900024414062,100,100,0.0059000002220273
1952,ASCUS_1_patch11.png,0,94.25,667.75,100,100,0.0055999998003244
1953,ASCUS_1_patch11.png,0,175.9499969482422,739.8099975585938,100,100,0.0054999999701976
1954,ASCUS_1_patch11.png,0,159.27000427246094,526.77001953125,100,100,0.0046999999321997
1955,ASCUS_1_patch11.png,0,41.0,546.9199829101562,100,100,0.0041999998502433
1956,ASCUS_1_patch11.png,0,155.47000122070312,738.72998046875,100,100,0.0041000000201165
1957,ASCUS_1_patch11.png,0,62.59999847412109,720.2100219726562,100,100,0.0040000001899898
1958,ASCUS_1_patch11.png,0,38.380001068115234,574.22998046875,100,100,0.003400000045076
1959,ASCUS_1_patch11.png,0,60.220001220703125,741.1500244140625,100,100,0.003000000026077
1960,ASCUS_1_patch11.png,0,23.170000076293945,568.8599853515625,100,100,0.0028999999631196
1961,ASCUS_1_patch11.png,0,83.72000122070312,723.0399780273438,100,100,0.0024999999441206
1962,ASCUS_1_patch11.png,0,162.66000366210938,573.77001953125,100,100,0.002199999988079
1963,ASCUS_1_patch11.png,0,70.30999755859375,670.2000122070312,100,100,0.0015000000130385
1964,ASCUS_1_patch11.png,0,68.48999786376953,803.2999877929688,100,100,0.0063000000081956
1965,ASCUS_1_patch11.png,0,113.37000274658205,920.3800048828124,100,100,0.006000000052154
1966,ASCUS_1_patch11.png,0,169.6199951171875,778.6500244140625,100,100,0.0051000001840293
1967,ASCUS_1_patch11.png,0,141.6300048828125,916.7000122070312,100,100,0.0041999998502433
1968,ASCUS_1_patch11.png,0,159.14999389648438,884.1099853515625,100,100,0.0037000000011175
1969,ASCUS_1_patch11.png,0,46.2400016784668,907.7899780273438,100,100,0.0035000001080334
1970,ASCUS_1_patch11.png,0,158.9600067138672,958.260009765625,100,100,0.0024999999441206
1971,ASCUS_1_patch11.png,0,60.97999954223633,901.3800048828124,100,100,0.0024999999441206
1972,ASCUS_1_patch11.png,0,80.5,822.3300170898438,100,100,0.002199999988079
1973,ASCUS_1_patch11.png,0,72.69999694824219,919.8900146484376,100,100,0.0015999999595806
1974,ASCUS_1_patch11.png,0,89.69999694824219,792.6300048828125,100,100,0.0015999999595806
1975,ASCUS_1_patch11.png,0,47.27999877929688,800.760009765625,100,100,0.0015000000130385
1976,ASCUS_1_patch11.png,0,122.58000183105467,941.0999755859376,100,100,0.0013999999500811
1977,ASCUS_1_patch11.png,0,355.3900146484375,73.06999969482422,100,100,0.0059000002220273
1978,ASCUS_1_patch11.png,0,324.5799865722656,233.57000732421875,100,100,0.0054000001400709
1979,ASCUS_1_patch11.png,0,502.2900085449219,174.52000427246094,100,100,0.0046000001020729
1980,ASCUS_1_patch11.png,0,382.7099914550781,193.3300018310547,100,100,0.0038999998942017
1981,ASCUS_1_patch11.png,0,417.6600036621094,123.88999938964844,100,100,0.0038000000640749
1982,ASCUS_1_patch11.png,0,334.25,78.69999694824219,100,100,0.0038000000640749
1983,ASCUS_1_patch11.png,0,463.2300109863281,61.470001220703125,100,100,0.0035999999381601
1984,ASCUS_1_patch11.png,0,382.260009765625,122.06999969482422,100,100,0.0032999999821186
1985,ASCUS_1_patch11.png,0,490.7900085449219,60.68999862670898,100,100,0.0024999999441206
1986,ASCUS_1_patch11.png,0,330.0400085449219,216.32000732421875,100,100,0.0024999999441206
1987,ASCUS_1_patch11.png,0,464.9400024414063,44.459999084472656,100,100,0.0024000001139938
1988,ASCUS_1_patch11.png,0,318.6099853515625,190.7899932861328,100,100,0.0020999999251216
1989,ASCUS_1_patch11.png,0,385.989990234375,140.67999267578125,100,100,0.0020000000949949
1990,ASCUS_1_patch11.png,0,298.04998779296875,186.57000732421875,100,100,0.0012000000569969
1991,ASCUS_1_patch11.png,0,291.0199890136719,309.5799865722656,100,100,0.0087999999523162
1992,ASCUS_1_patch11.png,0,312.8599853515625,310.7799987792969,100,100,0.0077999997884035
1993,ASCUS_1_patch11.png,0,278.0799865722656,411.489990234375,100,100,0.0076000001281499
1994,ASCUS_1_patch11.png,0,411.3200073242188,324.7799987792969,100,100,0.0071999998763203
1995,ASCUS_1_patch11.png,0,319.6499938964844,296.1499938964844,100,100,0.0062000001780688
1996,ASCUS_1_patch11.png,0,281.1400146484375,290.3800048828125,100,100,0.0041000000201165
1997,ASCUS_1_patch11.png,0,445.0700073242188,430.4700012207031,100,100,0.0038000000640749
1998,ASCUS_1_patch11.png,0,400.239990234375,343.5299987792969,100,100,0.0031999999191612
1999,ASCUS_1_patch11.png,0,311.2300109863281,430.7099914550781,100,100,0.003000000026077
2000,ASCUS_1_patch11.png,0,491.239990234375,503.239990234375,100,100,0.0015999999595806
2001,ASCUS_1_patch11.png,0,294.1099853515625,418.8200073242188,100,100,0.0013999999500811
2002,ASCUS_1_patch11.png,0,388.9700012207031,728.760009765625,100,100,0.0096000004559755
2003,ASCUS_1_patch11.png,0,354.19000244140625,611.9199829101562,100,100,0.0068999999202787
2004,ASCUS_1_patch11.png,0,306.1600036621094,663.4199829101562,100,100,0.0065000001341104
2005,ASCUS_1_patch11.png,0,271.8099975585937,578.4500122070312,100,100,0.0060999998822808
2006,ASCUS_1_patch11.png,0,382.9100036621094,626.1599731445312,100,100,0.0054999999701976
2007,ASCUS_1_patch11.png,0,280.6700134277344,661.4500122070312,100,100,0.0046999999321997
2008,ASCUS_1_patch11.png,0,411.3699951171875,726.1900024414062,100,100,0.0035999999381601
2009,ASCUS_1_patch11.png,0,282.2900085449219,680.97998046875,100,100,0.0031000000890344
2010,ASCUS_1_patch11.png,0,372.1400146484375,601.5800170898438,100,100,0.003000000026077
2011,ASCUS_1_patch11.png,0,412.0,747.0399780273438,100,100,0.0024999999441206
2012,ASCUS_1_patch11.png,0,274.69000244140625,550.969970703125,100,100,0.0024999999441206
2013,ASCUS_1_patch11.png,0,389.4299926757813,611.1900024414062,100,100,0.0024000001139938
2014,ASCUS_1_patch11.png,0,426.7000122070313,600.6300048828125,100,100,0.0024000001139938
2015,ASCUS_1_patch11.png,0,445.4400024414063,597.4299926757812,100,100,0.0019000000320374
2016,ASCUS_1_patch11.png,0,378.3399963378906,531.3699951171875,100,100,0.001700000022538
2017,ASCUS_1_patch11.png,0,468.1799926757813,625.6400146484375,100,100,0.001700000022538
2018,ASCUS_1_patch11.png,0,460.55999755859375,785.3499755859375,100,100,0.0091000003740191
2019,ASCUS_1_patch11.png,0,387.9200134277344,973.7000122070312,100,100,0.0048000002279877
2020,ASCUS_1_patch11.png,0,488.7200012207031,834.22998046875,100,100,0.003400000045076
2021,ASCUS_1_patch11.png,0,402.2799987792969,860.97998046875,100,100,0.0031999999191612
2022,ASCUS_1_patch11.png,0,396.75,877.72998046875,100,100,0.0031000000890344
2023,ASCUS_1_patch11.png,0,439.25,778.9600219726562,100,100,0.003000000026077
2024,ASCUS_1_patch11.png,0,429.6000061035156,857.5599975585938,100,100,0.0027999999001622
2025,ASCUS_1_patch11.png,0,468.55999755859375,800.6199951171875,100,100,0.0027999999001622
2026,ASCUS_1_patch11.png,0,304.7099914550781,948.0,100,100,0.0023000000510364
2027,ASCUS_1_patch11.png,0,426.6799926757813,884.5,100,100,0.00179999996908
2028,ASCUS_1_patch11.png,0,266.07000732421875,806.2100219726562,100,100,0.0015000000130385
2029,ASCUS_1_patch11.png,0,527.6699829101562,46.119998931884766,100,100,0.0097000002861022
2030,ASCUS_1_patch11.png,0,591.3200073242188,175.0,100,100,0.0091000003740191
2031,ASCUS_1_patch11.png,0,631.739990234375,181.47000122070312,100,100,0.0071999998763203
2032,ASCUS_1_patch11.png,0,575.9199829101562,68.48999786376953,100,100,0.006800000090152
2033,ASCUS_1_patch11.png,0,609.8699951171875,170.5800018310547,100,100,0.0054000001400709
2034,ASCUS_1_patch11.png,0,752.5599975585938,126.16000366210938,100,100,0.0043999999761581
2035,ASCUS_1_patch11.png,0,521.6799926757812,134.11000061035156,100,100,0.0043999999761581
2036,ASCUS_1_patch11.png,0,765.1599731445312,101.0999984741211,100,100,0.0031999999191612
2037,ASCUS_1_patch11.png,0,524.4299926757812,161.02999877929688,100,100,0.0023000000510364
2038,ASCUS_1_patch11.png,0,657.030029296875,196.22999572753903,100,100,0.001700000022538
2039,ASCUS_1_patch11.png,0,568.22998046875,438.4299926757813,100,100,0.009800000116229
2040,ASCUS_1_patch11.png,0,525.8800048828125,289.1600036621094,100,100,0.0054000001400709
2041,ASCUS_1_patch11.png,0,715.6699829101562,355.260009765625,100,100,0.0054000001400709
2042,ASCUS_1_patch11.png,0,543.3800048828125,288.1300048828125,100,100,0.0051000001840293
2043,ASCUS_1_patch11.png,0,736.1799926757812,445.4200134277344,100,100,0.0037000000011175
2044,ASCUS_1_patch11.png,0,713.530029296875,444.1400146484375,100,100,0.002600000007078
2045,ASCUS_1_patch11.png,0,556.8900146484375,456.2099914550781,100,100,0.002600000007078
2046,ASCUS_1_patch11.png,0,530.8699951171875,315.6000061035156,100,100,0.0024000001139938
2047,ASCUS_1_patch11.png,0,583.8099975585938,436.7200012207031,100,100,0.0019000000320374
2048,ASCUS_1_patch11.png,0,763.6500244140625,284.7099914550781,100,100,0.00179999996908
2049,ASCUS_1_patch11.png,0,566.6500244140625,381.489990234375,100,100,0.001700000022538
2050,ASCUS_1_patch11.png,0,751.97998046875,860.4299926757812,100,100,0.0076000001281499
2051,ASCUS_1_patch11.png,0,568.47998046875,950.2899780273438,100,100,0.0073000001721084
2052,ASCUS_1_patch11.png,0,515.8800048828125,902.6300048828124,100,100,0.006800000090152
2053,ASCUS_1_patch11.png,0,549.1900024414062,958.47998046875,100,100,0.0062000001780688
2054,ASCUS_1_patch11.png,0,620.5700073242188,808.4500122070312,100,100,0.0057999999262392
2055,ASCUS_1_patch11.png,0,648.8599853515625,811.3099975585938,100,100,0.0054999999701976
2056,ASCUS_1_patch11.png,0,640.8499755859375,876.1199951171875,100,100,0.0054000001400709
2057,ASCUS_1_patch11.png,0,550.0700073242188,1012.3200073242188,100,100,0.0048000002279877
2058,ASCUS_1_patch11.png,0,685.5800170898438,989.0599975585938,100,100,0.0041000000201165
2059,ASCUS_1_patch11.png,0,730.0,861.030029296875,100,100,0.0037000000011175
2060,ASCUS_1_patch11.png,0,752.9099731445312,880.25,100,100,0.0035000001080334
2061,ASCUS_1_patch11.png,0,514.8699951171875,846.6599731445312,100,100,0.0032999999821186
2062,ASCUS_1_patch11.png,0,643.6099853515625,897.5700073242188,100,100,0.0031999999191612
2063,ASCUS_1_patch11.png,0,532.77001953125,892.4600219726562,100,100,0.002600000007078
2064,ASCUS_1_patch11.png,0,730.3499755859375,879.8300170898438,100,100,0.001300000003539
2065,ASCUS_1_patch11.png,0,859.6300048828125,535.47998046875,100,100,0.008899999782443
2066,ASCUS_1_patch11.png,0,822.3200073242188,639.6599731445312,100,100,0.0065999999642372
2067,ASCUS_1_patch11.png,0,841.1500244140625,641.8200073242188,100,100,0.0065000001341104
2068,ASCUS_1_patch11.png,0,916.5399780273438,737.8200073242188,100,100,0.0052999998442828
2069,ASCUS_1_patch11.png,0,866.719970703125,548.530029296875,100,100,0.0048000002279877
2070,ASCUS_1_patch11.png,0,817.3800048828125,745.8099975585938,100,100,0.0046999999321997
2071,ASCUS_1_patch11.png,0,1008.1599731445312,724.9199829101562,100,100,0.0040000001899898
2072,ASCUS_1_patch11.png,0,838.9199829101562,537.010009765625,100,100,0.0038999998942017
2073,ASCUS_1_patch11.png,0,806.4299926757812,763.219970703125,100,100,0.0038000000640749
2074,ASCUS_1_patch11.png,0,833.8699951171875,752.3699951171875,100,100,0.0028999999631196
2075,ASCUS_1_patch11.png,0,931.8300170898438,621.3499755859375,100,100,0.0027999999001622
2076,ASCUS_1_patch11.png,0,938.780029296875,543.3599853515625,100,100,0.0024000001139938
2077,ASCUS_1_patch11.png,0,995.7000122070312,696.1699829101562,100,100,0.0015999999595806
2078,ASCUS_1_patch11.png,0,857.25,563.6500244140625,100,100,0.0015000000130385
2079,ASCUS_1_patch12.png,0,132.0,109.97,100,100,0.6844
2080,ASCUS_1_patch12.png,0,49.62,65.38,100,100,0.6768
2081,ASCUS_1_patch12.png,0,187.75,161.0,100,100,0.6637
2082,ASCUS_1_patch12.png,0,189.65,74.62,100,100,0.662
2083,ASCUS_1_patch12.png,0,235.94,105.84,100,100,0.421
2084,ASCUS_1_patch12.png,0,85.22,17.3,100,100,0.3541
2085,ASCUS_1_patch12.png,0,43.24,188.56,100,100,0.1915
2086,ASCUS_1_patch12.png,0,220.0500030517578,5.460000038146973,100,100,0.1300999969244003
2087,ASCUS_1_patch12.png,0,217.9,429.82,100,100,0.7651
2088,ASCUS_1_patch12.png,0,82.82,417.8,100,100,0.6532
2089,ASCUS_1_patch12.png,0,42.42,493.21,100,100,0.6314
2090,ASCUS_1_patch12.png,0,203.36,295.07,100,100,0.6298
2091,ASCUS_1_patch12.png,0,134.93,270.29,100,100,0.4102
2092,ASCUS_1_patch12.png,0,51.78,328.18,100,100,0.195
2093,ASCUS_1_patch12.png,0,110.55,338.26,100,100,0.1309
2094,ASCUS_1_patch12.png,0,16.45,256.58,100,100,0.1234
2095,ASCUS_1_patch12.png,0,10.65,355.92,100,100,0.1208
2096,ASCUS_1_patch12.png,0,4.32,266.09,100,100,0.108
2097,ASCUS_1_patch12.png,0,103.72000122070312,373.9800109863281,100,100,0.0184000004082918
2098,ASCUS_1_patch12.png,0,212.97000122070312,282.2200012207031,100,100,0.013600000180304
2099,ASCUS_1_patch12.png,0,96.87000274658205,421.55999755859375,100,100,0.0131000000983476
2100,ASCUS_1_patch12.png,0,171.63,646.38,100,100,0.6273
2101,ASCUS_1_patch12.png,0,43.89,588.82,100,100,0.5559
2102,ASCUS_1_patch12.png,0,207.88,574.36,100,100,0.5318
2103,ASCUS_1_patch12.png,0,178.01,544.18,100,100,0.5116
2104,ASCUS_1_patch12.png,0,62.99,729.65,100,100,0.4987
2105,ASCUS_1_patch12.png,0,60.51,643.96,100,100,0.4633
2106,ASCUS_1_patch12.png,0,243.27,542.29,100,100,0.3856
2107,ASCUS_1_patch12.png,0,136.82,767.32,100,100,0.3811
2108,ASCUS_1_patch12.png,0,178.85000610351562,654.77001953125,100,100,0.0242999996989965
2109,ASCUS_1_patch12.png,0,73.94999694824219,636.77001953125,100,100,0.0195000004023313
2110,ASCUS_1_patch12.png,0,41.93999862670898,639.8800048828125,100,100,0.0120000001043081
2111,ASCUS_1_patch12.png,0,241.35,959.68,100,100,0.7075
2112,ASCUS_1_patch12.png,0,171.14,783.83,100,100,0.6535
2113,ASCUS_1_patch12.png,0,132.46,908.26,100,100,0.5797
2114,ASCUS_1_patch12.png,0,21.06,925.3,100,100,0.4597
2115,ASCUS_1_patch12.png,0,163.18,1008.51,100,100,0.3946
2116,ASCUS_1_patch12.png,0,126.95999908447266,773.719970703125,100,100,0.0944000035524368
2117,ASCUS_1_patch12.png,0,27.309999465942383,845.6799926757812,100,100,0.0239000003784894
2118,ASCUS_1_patch12.png,0,143.69000244140625,917.3699951171876,100,100,0.0104000000283122
2119,ASCUS_1_patch12.png,0,312.93,24.61,100,100,0.6852
2120,ASCUS_1_patch12.png,0,344.96,209.14,100,100,0.6466
2121,ASCUS_1_patch12.png,0,410.68,147.34,100,100,0.6332
2122,ASCUS_1_patch12.png,0,307.22,113.53,100,100,0.6184
2123,ASCUS_1_patch12.png,0,429.07,231.97,100,100,0.5783
2124,ASCUS_1_patch12.png,0,358.01,56.06,100,100,0.5527
2125,ASCUS_1_patch12.png,0,400.12,24.61,100,100,0.5291
2126,ASCUS_1_patch12.png,0,353.92,100.74,100,100,0.4872
2127,ASCUS_1_patch12.png,0,454.35,19.94,100,100,0.4425
2128,ASCUS_1_patch12.png,0,495.53,255.9,100,100,0.401
2129,ASCUS_1_patch12.png,0,263.87,154.69,100,100,0.3115
2130,ASCUS_1_patch12.png,0,431.7000122070313,117.87999725341795,100,100,0.2311999946832656
2131,ASCUS_1_patch12.png,0,448.3500061035156,224.8300018310547,100,100,0.1703999936580658
2132,ASCUS_1_patch12.png,0,420.5400085449219,83.8499984741211,100,100,0.123999997973442
2133,ASCUS_1_patch12.png,0,346.88,400.54,100,100,0.7488
2134,ASCUS_1_patch12.png,0,267.13,471.07,100,100,0.6544
2135,ASCUS_1_patch12.png,0,301.24,287.94,100,100,0.5613
2136,ASCUS_1_patch12.png,0,413.27,431.67,100,100,0.1929
2137,ASCUS_1_patch12.png,0,395.04,322.51,100,100,0.1872
2138,ASCUS_1_patch12.png,0,314.44000244140625,284.82000732421875,100,100,0.0388999991118907
2139,ASCUS_1_patch12.png,0,387.2000122070313,302.8399963378906,100,100,0.025000000372529
2140,ASCUS_1_patch12.png,0,423.80999755859375,263.5599975585937,100,100,0.0238000005483627
2141,ASCUS_1_patch12.png,0,460.010009765625,353.29998779296875,100,100,0.0230999998748302
2142,ASCUS_1_patch12.png,0,398.75,445.6000061035156,100,100,0.0153000000864267
2143,ASCUS_1_patch12.png,0,396.6600036621094,388.6700134277344,100,100,0.0104999998584389
2144,ASCUS_1_patch12.png,0,382.26,525.83,100,100,0.7279
2145,ASCUS_1_patch12.png,0,288.93,683.36,100,100,0.6763
2146,ASCUS_1_patch12.png,0,447.96,732.29,100,100,0.609
2147,ASCUS_1_patch12.png,0,473.4,525.74,100,100,0.5485
2148,ASCUS_1_patch12.png,0,405.65,644.86,100,100,0.5448
2149,ASCUS_1_patch12.png,0,386.4,585.83,100,100,0.2448
2150,ASCUS_1_patch12.png,0,423.9200134277344,642.0700073242188,100,100,0.0621000006794929
2151,ASCUS_1_patch12.png,0,508.2099914550781,765.5599975585938,100,100,0.0335999988019466
2152,ASCUS_1_patch12.png,0,441.8,794.73,100,100,0.6701
2153,ASCUS_1_patch12.png,0,421.3,948.93,100,100,0.6624
2154,ASCUS_1_patch12.png,0,303.24,932.6,100,100,0.5561
2155,ASCUS_1_patch12.png,0,326.77,785.8,100,100,0.5433
2156,ASCUS_1_patch12.png,0,353.76,858.92,100,100,0.5389
2157,ASCUS_1_patch12.png,0,508.6,1005.43,100,100,0.4781
2158,ASCUS_1_patch12.png,0,342.27,983.45,100,100,0.4425
2159,ASCUS_1_patch12.png,0,441.49,881.21,100,100,0.3754
2160,ASCUS_1_patch12.png,0,279.88,841.83,100,100,0.3437
2161,ASCUS_1_patch12.png,0,470.76,956.04,100,100,0.296
2162,ASCUS_1_patch12.png,0,473.3999938964844,885.1900024414062,100,100,0.2194000035524368
2163,ASCUS_1_patch12.png,0,338.57000732421875,779.8200073242188,100,100,0.1216000020503997
2164,ASCUS_1_patch12.png,0,752.73,223.76,100,100,0.7086
2165,ASCUS_1_patch12.png,0,720.42,88.76,100,100,0.7075
2166,ASCUS_1_patch12.png,0,566.69,75.63,100,100,0.6663
2167,ASCUS_1_patch12.png,0,607.77,185.18,100,100,0.6607
2168,ASCUS_1_patch12.png,0,625.08,129.08,100,100,0.6364
2169,ASCUS_1_patch12.png,0,530.36,170.44,100,100,0.629
2170,ASCUS_1_patch12.png,0,619.6,242.35,100,100,0.6078
2171,ASCUS_1_patch12.png,0,686.53,154.4,100,100,0.5773
2172,ASCUS_1_patch12.png,0,521.3499755859375,161.9600067138672,100,100,0.1494999974966049
2173,ASCUS_1_patch12.png,0,517.82,314.98,100,100,0.6126
2174,ASCUS_1_patch12.png,0,766.71,488.29,100,100,0.508
2175,ASCUS_1_patch12.png,0,646.73,453.42,100,100,0.5052
2176,ASCUS_1_patch12.png,0,701.15,282.55,100,100,0.439
2177,ASCUS_1_patch12.png,0,558.36,416.96,100,100,0.3564
2178,ASCUS_1_patch12.png,0,571.63,338.35,100,100,0.3447
2179,ASCUS_1_patch12.png,0,635.64,292.8,100,100,0.3361
2180,ASCUS_1_patch12.png,0,635.11,321.68,100,100,0.3357
2181,ASCUS_1_patch12.png,0,525.3,455.84,100,100,0.2831
2182,ASCUS_1_patch12.png,0,666.45,376.06,100,100,0.211
2183,ASCUS_1_patch12.png,0,745.68,711.45,100,100,0.7429
2184,ASCUS_1_patch12.png,0,632.29,647.83,100,100,0.6239
2185,ASCUS_1_patch12.png,0,571.48,701.75,100,100,0.5559
2186,ASCUS_1_patch12.png,0,519.65,522.17,100,100,0.4692
2187,ASCUS_1_patch12.png,0,677.52,741.48,100,100,0.4674
2188,ASCUS_1_patch12.png,0,720.26,591.8,100,100,0.4598
2189,ASCUS_1_patch12.png,0,581.52,740.23,100,100,0.3744
2190,ASCUS_1_patch12.png,0,650.33,696.54,100,100,0.3236
2191,ASCUS_1_patch12.png,0,662.489990234375,582.02001953125,100,100,0.1098999977111816
2192,ASCUS_1_patch12.png,0,659.989990234375,546.8400268554688,100,100,0.0537000000476837
2193,ASCUS_1_patch12.png,0,685.9099731445312,662.1699829101562,100,100,0.050900001078844
2194,ASCUS_1_patch12.png,0,638.7100219726562,577.5700073242188,100,100,0.0130000002682209
2195,ASCUS_1_patch12.png,0,718.01,892.54,100,100,0.676
2196,ASCUS_1_patch12.png,0,559.76,888.83,100,100,0.6701
2197,ASCUS_1_patch12.png,0,592.87,798.77,100,100,0.616
2198,ASCUS_1_patch12.png,0,751.48,866.11,100,100,0.4412
2199,ASCUS_1_patch12.png,0,700.93,992.62,100,100,0.3612
2200,ASCUS_1_patch12.png,0,620.1500244140625,1008.7999877929688,100,100,0.2387000024318695
2201,ASCUS_1_patch12.png,0,625.31,1019.41,100,100,0.1771
2202,ASCUS_1_patch12.png,0,675.14,801.61,100,100,0.1107
2203,ASCUS_1_patch12.png,0,562.3300170898438,975.030029296875,100,100,0.0837000012397766
2204,ASCUS_1_patch12.png,0,751.1500244140625,847.2100219726562,100,100,0.0452999994158744
2205,ASCUS_1_patch12.png,0,617.0599975585938,858.5599975585938,100,100,0.0445000007748603
2206,ASCUS_1_patch12.png,0,570.5,939.8400268554688,100,100,0.0148999998345971
2207,ASCUS_1_patch12.png,0,610.8800048828125,1015.5399780273438,100,100,0.0144999995827674
2208,ASCUS_1_patch12.png,0,568.22998046875,877.219970703125,100,100,0.0115999998524785
2209,ASCUS_1_patch12.png,0,939.82,125.38,100,100,0.707
2210,ASCUS_1_patch12.png,0,823.22,149.72,100,100,0.5248
2211,ASCUS_1_patch12.png,0,849.92,50.58,100,100,0.4345
2212,ASCUS_1_patch12.png,0,932.18,182.05,100,100,0.4198
2213,ASCUS_1_patch12.png,0,854.35,213.33,100,100,0.3252
2214,ASCUS_1_patch12.png,0,991.07,253.04,100,100,0.1388
2215,ASCUS_1_patch12.png,0,979.8900146484376,8.829999923706055,100,100,0.1079000011086463
2216,ASCUS_1_patch12.png,0,942.530029296875,29.479999542236328,100,100,0.0723000019788742
2217,ASCUS_1_patch12.png,0,911.22998046875,17.219999313354492,100,100,0.0121999997645616
2218,ASCUS_1_patch12.png,0,891.15,272.43,100,100,0.6517
2219,ASCUS_1_patch12.png,0,783.95,443.47,100,100,0.624
2220,ASCUS_1_patch12.png,0,960.68,492.54,100,100,0.604
2221,ASCUS_1_patch12.png,0,808.58,286.6,100,100,0.5854
2222,ASCUS_1_patch12.png,0,939.03,497.32,100,100,0.5608
2223,ASCUS_1_patch12.png,0,853.24,307.51,100,100,0.4337
2224,ASCUS_1_patch12.png,0,773.45,359.26,100,100,0.4193
2225,ASCUS_1_patch12.png,0,804.239990234375,269.57000732421875,100,100,0.1748999953269958
2226,ASCUS_1_patch12.png,0,839.4000244140625,409.9400024414063,100,100,0.1076000034809112
2227,ASCUS_1_patch12.png,0,791.95,760.33,100,100,0.6713
2228,ASCUS_1_patch12.png,0,847.21,688.43,100,100,0.6511
2229,ASCUS_1_patch12.png,0,962.87,698.61,100,100,0.5313
2230,ASCUS_1_patch12.png,0,806.84,615.92,100,100,0.4843
2231,ASCUS_1_patch12.png,0,933.89,627.99,100,100,0.3883
2232,ASCUS_1_patch12.png,0,826.17,564.29,100,100,0.3313
2233,ASCUS_1_patch12.png,0,980.59,649.25,100,100,0.2513
2234,ASCUS_1_patch12.png,0,906.86,671.36,100,100,0.2236
2235,ASCUS_1_patch12.png,0,860.5599975585938,573.510009765625,100,100,0.1796000003814697
2236,ASCUS_1_patch12.png,0,928.3,572.14,100,100,0.1327
2237,ASCUS_1_patch12.png,0,1015.8699951171876,672.9299926757812,100,100,0.0568000003695488
2238,ASCUS_1_patch12.png,0,793.719970703125,519.219970703125,100,100,0.0215000007301569
2239,ASCUS_1_patch12.png,0,837.0800170898438,547.8599853515625,100,100,0.0161000005900859
2240,ASCUS_1_patch12.png,0,899.89,798.07,100,100,0.6521
2241,ASCUS_1_patch12.png,0,989.37,817.92,100,100,0.609
2242,ASCUS_1_patch12.png,0,814.15,962.52,100,100,0.607
2243,ASCUS_1_patch12.png,0,912.91,961.67,100,100,0.5415
2244,ASCUS_1_patch12.png,0,819.76,896.32,100,100,0.48
2245,ASCUS_1_patch12.png,0,899.53,892.7,100,100,0.417
2246,ASCUS_1_patch12.png,0,852.97,794.27,100,100,0.3794
2247,ASCUS_1_patch12.png,0,832.6,865.51,100,100,0.3339
2248,ASCUS_1_patch12.png,0,993.77,773.54,100,100,0.164
2249,ASCUS_1_patch12.png,0,1004.3800048828124,998.6099853515624,100,100,0.0997999981045723
2250,ASCUS_1_patch12.png,0,918.5,1002.0800170898438,100,100,0.0777999982237815
2251,ASCUS_1_patch12.png,0,1016.75,923.1799926757812,100,100,0.0274000000208616
2252,ASCUS_1_patch12.png,0,1004.8900146484376,951.1300048828124,100,100,0.0137000000104308
2253,ASCUS_1_patch12.png,0,67.73999786376953,407.4100036621094,100,100,0.0099999997764825
2254,ASCUS_1_patch12.png,0,213.77999877929688,302.1400146484375,100,100,0.0091000003740191
2255,ASCUS_1_patch12.png,0,69.5199966430664,425.3999938964844,100,100,0.0076999999582767
2256,ASCUS_1_patch12.png,0,196.30999755859372,282.8800048828125,100,100,0.0063999998383224
2257,ASCUS_1_patch12.png,0,130.4499969482422,257.5599975585937,100,100,0.0051000001840293
2258,ASCUS_1_patch12.png,0,227.47999572753903,418.0799865722656,100,100,0.0049999998882412
2259,ASCUS_1_patch12.png,0,211.33999633789065,264.0599975585937,100,100,0.0049000000581145
2260,ASCUS_1_patch12.png,0,252.67999267578125,476.4500122070313,100,100,0.0049000000581145
2261,ASCUS_1_patch12.png,0,37.720001220703125,480.6099853515625,100,100,0.0044999998062849
2262,ASCUS_1_patch12.png,0,210.33999633789065,419.260009765625,100,100,0.0041000000201165
2263,ASCUS_1_patch12.png,0,189.22999572753903,300.0400085449219,100,100,0.0032999999821186
2264,ASCUS_1_patch12.png,0,145.85000610351562,260.0400085449219,100,100,0.0027000000700354
2265,ASCUS_1_patch12.png,0,255.6000061035156,459.4599914550781,100,100,0.0020000000949949
2266,ASCUS_1_patch12.png,0,94.37999725341795,404.6199951171875,100,100,0.0019000000320374
2267,ASCUS_1_patch12.png,0,170.32000732421875,629.1699829101562,100,100,0.0087000001221895
2268,ASCUS_1_patch12.png,0,217.3300018310547,568.4299926757812,100,100,0.0085000004619359
2269,ASCUS_1_patch12.png,0,195.6199951171875,581.780029296875,100,100,0.0063000000081956
2270,ASCUS_1_patch12.png,0,80.0199966430664,648.9400024414062,100,100,0.0060999998822808
2271,ASCUS_1_patch12.png,0,33.56999969482422,578.6799926757812,100,100,0.0060999998822808
2272,ASCUS_1_patch12.png,0,155.5500030517578,639.3499755859375,100,100,0.0057000000961124
2273,ASCUS_1_patch12.png,0,196.94000244140625,558.5399780273438,100,100,0.0049000000581145
2274,ASCUS_1_patch12.png,0,151.55999755859375,754.9500122070312,100,100,0.0040000001899898
2275,ASCUS_1_patch12.png,0,160.02999877929688,653.760009765625,100,100,0.0037000000011175
2276,ASCUS_1_patch12.png,0,236.6000061035156,526.1300048828125,100,100,0.003400000045076
2277,ASCUS_1_patch12.png,0,47.95000076293945,653.3599853515625,100,100,0.0032999999821186
2278,ASCUS_1_patch12.png,0,52.20000076293945,719.52001953125,100,100,0.0032999999821186
2279,ASCUS_1_patch12.png,0,189.5399932861328,533.5800170898438,100,100,0.0027999999001622
2280,ASCUS_1_patch12.png,0,127.77999877929688,753.6799926757812,100,100,0.0015999999595806
2281,ASCUS_1_patch12.png,0,251.97999572753903,530.8099975585938,100,100,0.0015000000130385
2282,ASCUS_1_patch12.png,0,8.40999984741211,582.8499755859375,100,100,0.001300000003539
2283,ASCUS_1_patch12.png,0,123.38999938964844,893.3200073242188,100,100,0.0087000001221895
2284,ASCUS_1_patch12.png,0,227.22999572753903,957.280029296875,100,100,0.0074999998323619
2285,ASCUS_1_patch12.png,0,179.13999938964844,771.1599731445312,100,100,0.0060999998822808
2286,ASCUS_1_patch12.png,0,254.6699981689453,969.6900024414062,100,100,0.0035999999381601
2287,ASCUS_1_patch12.png,0,144.5399932861328,892.5999755859375,100,100,0.003400000045076
2288,ASCUS_1_patch12.png,0,235.82000732421875,942.9500122070312,100,100,0.0031999999191612
2289,ASCUS_1_patch12.png,0,15.010000228881836,832.3300170898438,100,100,0.0027000000700354
2290,ASCUS_1_patch12.png,0,114.5199966430664,908.5999755859376,100,100,0.0020999999251216
2291,ASCUS_1_patch12.png,0,254.00999450683597,945.0,100,100,0.0019000000320374
2292,ASCUS_1_patch12.png,0,511.80999755859375,301.0899963378906,100,100,0.0085000004619359
2293,ASCUS_1_patch12.png,0,414.3900146484375,341.04998779296875,100,100,0.0078999996185302
2294,ASCUS_1_patch12.png,0,470.5799865722656,467.2000122070313,100,100,0.0076000001281499
2295,ASCUS_1_patch12.png,0,392.30999755859375,478.9599914550781,100,100,0.0060999998822808
2296,ASCUS_1_patch12.png,0,282.82000732421875,473.1300048828125,100,100,0.0048000002279877
2297,ASCUS_1_patch12.png,0,400.6799926757813,299.8800048828125,100,100,0.0038000000640749
2298,ASCUS_1_patch12.png,0,332.489990234375,396.1099853515625,100,100,0.0038000000640749
2299,ASCUS_1_patch12.png,0,358.1099853515625,388.9800109863281,100,100,0.003400000045076
2300,ASCUS_1_patch12.png,0,273.42999267578125,486.8500061035156,100,100,0.0024000001139938
2301,ASCUS_1_patch12.png,0,289.1099853515625,278.0899963378906,100,100,0.0023000000510364
2302,ASCUS_1_patch12.png,0,508.3399963378906,508.1900024414063,100,100,0.00179999996908
2303,ASCUS_1_patch12.png,0,337.5599975585937,381.3599853515625,100,100,0.00179999996908
2304,ASCUS_1_patch12.png,0,361.6000061035156,406.1000061035156,100,100,0.0015000000130385
2305,ASCUS_1_patch12.png,0,494.0899963378906,522.8599853515625,100,100,0.0086000002920627
2306,ASCUS_1_patch12.png,0,462.5199890136719,516.97998046875,100,100,0.0073000001721084
2307,ASCUS_1_patch12.png,0,303.29998779296875,673.969970703125,100,100,0.0070000002160668
2308,ASCUS_1_patch12.png,0,284.1600036621094,662.780029296875,100,100,0.0063999998383224
2309,ASCUS_1_patch12.png,0,455.55999755859375,717.2000122070312,100,100,0.0059000002220273
2310,ASCUS_1_patch12.png,0,272.0599975585937,669.9199829101562,100,100,0.0046000001020729
2311,ASCUS_1_patch12.png,0,376.4400024414063,513.4199829101562,100,100,0.0031999999191612
2312,ASCUS_1_patch12.png,0,416.05999755859375,630.469970703125,100,100,0.0031999999191612
2313,ASCUS_1_patch12.png,0,278.17999267578125,695.4199829101562,100,100,0.003000000026077
2314,ASCUS_1_patch12.png,0,388.6199951171875,642.9199829101562,100,100,0.0024000001139938
2315,ASCUS_1_patch12.png,0,259.6300048828125,544.0999755859375,100,100,0.0020000000949949
2316,ASCUS_1_patch12.png,0,481.75,536.8200073242188,100,100,0.0019000000320374
2317,ASCUS_1_patch12.png,0,297.7099914550781,664.6300048828125,100,100,0.0015999999595806
2318,ASCUS_1_patch12.png,0,303.0299987792969,690.989990234375,100,100,0.0015000000130385
2319,ASCUS_1_patch12.png,0,752.1799926757812,697.4400024414062,100,100,0.008899999782443
2320,ASCUS_1_patch12.png,0,545.4099731445312,612.3900146484375,100,100,0.0078999996185302
2321,ASCUS_1_patch12.png,0,584.75,698.8800048828125,100,100,0.0073000001721084
2322,ASCUS_1_patch12.png,0,638.2100219726562,633.1799926757812,100,100,0.0057999999262392
2323,ASCUS_1_patch12.png,0,560.6799926757812,709.7000122070312,100,100,0.0052999998442828
2324,ASCUS_1_patch12.png,0,735.0999755859375,700.9099731445312,100,100,0.0049999998882412
2325,ASCUS_1_patch12.png,0,530.6300048828125,532.0499877929688,100,100,0.0031999999191612
2326,ASCUS_1_patch12.png,0,666.3900146484375,562.6300048828125,100,100,0.0028999999631196
2327,ASCUS_1_patch12.png,0,673.0900268554688,726.3300170898438,100,100,0.0027999999001622
2328,ASCUS_1_patch12.png,0,651.5700073242188,571.9500122070312,100,100,0.0024999999441206
2329,ASCUS_1_patch12.png,0,667.6599731445312,679.1199951171875,100,100,0.001700000022538
2330,ASCUS_1_patch12.png,0,642.2999877929688,671.77001953125,100,100,0.001700000022538
2331,ASCUS_1_patch12.png,0,569.260009765625,726.1500244140625,100,100,0.0015999999595806
2332,ASCUS_1_patch12.png,0,733.72998046875,895.0399780273438,100,100,0.0081000002101063
2333,ASCUS_1_patch12.png,0,602.7100219726562,789.6900024414062,100,100,0.0078999996185302
2334,ASCUS_1_patch12.png,0,702.8099975585938,888.02001953125,100,100,0.0057000000961124
2335,ASCUS_1_patch12.png,0,708.4099731445312,981.260009765625,100,100,0.0048000002279877
2336,ASCUS_1_patch12.png,0,640.6099853515625,1010.8699951171876,100,100,0.0043999999761581
2337,ASCUS_1_patch12.png,0,520.0800170898438,1002.0499877929688,100,100,0.0043999999761581
2338,ASCUS_1_patch12.png,0,585.530029296875,785.75,100,100,0.0032999999821186
2339,ASCUS_1_patch12.png,0,550.4600219726562,878.52001953125,100,100,0.0027000000700354
2340,ASCUS_1_patch12.png,0,725.1799926757812,875.8800048828125,100,100,0.002600000007078
2341,ASCUS_1_patch12.png,0,690.9199829101562,979.0599975585938,100,100,0.002600000007078
2342,ASCUS_1_patch12.png,0,708.9000244140625,1007.0700073242188,100,100,0.001300000003539
2343,ASCUS_1_patch12.png,0,965.9400024414062,14.449999809265137,100,100,0.0074000000022351
2344,ASCUS_1_patch12.png,0,935.1599731445312,113.44000244140624,100,100,0.0074000000022351
2345,ASCUS_1_patch12.png,0,940.22998046875,49.68999862670898,100,100,0.0059000002220273
2346,ASCUS_1_patch12.png,0,925.0700073242188,126.2300033569336,100,100,0.0023000000510364
2347,ASCUS_1_patch12.png,0,941.9099731445312,163.52000427246094,100,100,0.0019000000320374
2348,ASCUS_1_patch12.png,0,919.8699951171876,172.6999969482422,100,100,0.00179999996908
2349,ASCUS_1_patch12.png,0,979.3699951171876,696.2999877929688,100,100,0.0065000001341104
2350,ASCUS_1_patch12.png,0,853.8800048828125,677.4400024414062,100,100,0.006000000052154
2351,ASCUS_1_patch12.png,0,973.010009765625,708.0900268554688,100,100,0.0052000000141561
2352,ASCUS_1_patch12.png,0,838.5599975585938,677.030029296875,100,100,0.0038000000640749
2353,ASCUS_1_patch12.png,0,798.0,606.4400024414062,100,100,0.0027000000700354
2354,ASCUS_1_patch12.png,0,784.8599853515625,748.52001953125,100,100,0.002600000007078
2355,ASCUS_1_patch12.png,0,855.8699951171875,698.719970703125,100,100,0.0024999999441206
2356,ASCUS_1_patch12.png,0,990.1799926757812,554.8099975585938,100,100,0.0023000000510364
2357,ASCUS_1_patch12.png,0,952.6599731445312,685.4400024414062,100,100,0.0020999999251216
2358,ASCUS_1_patch12.png,0,905.3200073242188,949.3599853515624,100,100,0.0073000001721084
2359,ASCUS_1_patch12.png,0,909.3099975585938,787.6400146484375,100,100,0.0070000002160668
2360,ASCUS_1_patch12.png,0,982.97998046875,804.75,100,100,0.0057000000961124
2361,ASCUS_1_patch12.png,0,925.9600219726562,958.030029296875,100,100,0.0051000001840293
2362,ASCUS_1_patch12.png,0,821.719970703125,876.4400024414062,100,100,0.0041999998502433
2363,ASCUS_1_patch12.png,0,805.2100219726562,953.1300048828124,100,100,0.0035999999381601
2364,ASCUS_1_patch12.png,0,1014.8200073242188,991.6500244140624,100,100,0.0031999999191612
2365,ASCUS_1_patch12.png,0,998.7899780273438,827.0599975585938,100,100,0.0024999999441206
2366,ASCUS_1_patch12.png,0,837.469970703125,788.4400024414062,100,100,0.0023000000510364
2367,ASCUS_1_patch12.png,0,914.2899780273438,800.7899780273438,100,100,0.0023000000510364
2368,ASCUS_1_patch12.png,0,863.780029296875,783.1400146484375,100,100,0.0020000000949949
2369,ASCUS_1_patch12.png,0,821.739990234375,948.1699829101562,100,100,0.0020000000949949
2370,ASCUS_1_patch12.png,0,1003.719970703125,807.1900024414062,100,100,0.00179999996908
2371,ASCUS_3_patch01.png,0,139.03,32.26,100,100,0.6022
2372,ASCUS_3_patch01.png,0,152.36000061035156,34.65999984741211,100,100,0.0137000000104308
2373,ASCUS_3_patch01.png,0,149.80999755859375,21.82999992370605,100,100,0.0115999998524785
2374,ASCUS_3_patch01.png,0,74.42,295.57,100,100,0.7722
2375,ASCUS_3_patch01.png,0,78.88,450.57,100,100,0.7579
2376,ASCUS_3_patch01.png,0,223.44,364.03,100,100,0.714
2377,ASCUS_3_patch01.png,0,233.78,272.7,100,100,0.5565
2378,ASCUS_3_patch01.png,0,125.04000091552734,348.1600036621094,100,100,0.0226000007241964
2379,ASCUS_3_patch01.png,0,178.01,681.41,100,100,0.7545
2380,ASCUS_3_patch01.png,0,78.45,749.15,100,100,0.7507
2381,ASCUS_3_patch01.png,0,161.53,581.72,100,100,0.749
2382,ASCUS_3_patch01.png,0,250.2400054931641,689.280029296875,100,100,0.0271000005304813
2383,ASCUS_3_patch01.png,0,229.42999267578125,759.9199829101562,100,100,0.0173000004142522
2384,ASCUS_3_patch01.png,0,109.8000030517578,605.719970703125,100,100,0.0140000004321336
2385,ASCUS_3_patch01.png,0,221.83,849.5,100,100,0.7322
2386,ASCUS_3_patch01.png,0,120.46,942.74,100,100,0.6379
2387,ASCUS_3_patch01.png,0,242.5800018310547,768.9600219726562,100,100,0.2363999933004379
2388,ASCUS_3_patch01.png,0,238.19000244140625,883.6799926757812,100,100,0.170300006866455
2389,ASCUS_3_patch01.png,0,186.3500061035156,1008.530029296875,100,100,0.128600001335144
2390,ASCUS_3_patch01.png,0,193.72,1019.48,100,100,0.1151
2391,ASCUS_3_patch01.png,0,4.880000114440918,911.469970703125,100,100,0.0298999994993209
2392,ASCUS_3_patch01.png,0,34.189998626708984,973.739990234375,100,100,0.025000000372529
2393,ASCUS_3_patch01.png,0,110.72000122070312,825.5,100,100,0.0190999992191791
2394,ASCUS_3_patch01.png,0,262.57,51.08,100,100,0.7891
2395,ASCUS_3_patch01.png,0,456.76,185.14,100,100,0.6441
2396,ASCUS_3_patch01.png,0,498.21,80.87,100,100,0.5107
2397,ASCUS_3_patch01.png,0,442.8800048828125,182.32000732421875,100,100,0.0108000002801418
2398,ASCUS_3_patch01.png,0,408.05,277.49,100,100,0.6973
2399,ASCUS_3_patch01.png,0,423.13,522.71,100,100,0.717
2400,ASCUS_3_patch01.png,0,508.9,633.54,100,100,0.668
2401,ASCUS_3_patch01.png,0,323.04,627.59,100,100,0.6076
2402,ASCUS_3_patch01.png,0,334.4599914550781,555.25,100,100,0.0416000001132488
2403,ASCUS_3_patch01.png,0,433.0,767.1599731445312,100,100,0.0179999992251396
2404,ASCUS_3_patch01.png,0,260.3399963378906,700.6199951171875,100,100,0.0100999996066093
2405,ASCUS_3_patch01.png,0,363.32,783.53,100,100,0.6976
2406,ASCUS_3_patch01.png,0,409.65,943.39,100,100,0.3836
2407,ASCUS_3_patch01.png,0,325.75,948.61,100,100,0.3485
2408,ASCUS_3_patch01.png,0,493.74,793.27,100,100,0.2409
2409,ASCUS_3_patch01.png,0,309.45001220703125,981.5599975585938,100,100,0.153899997472763
2410,ASCUS_3_patch01.png,0,423.0,991.47998046875,100,100,0.0304000005125999
2411,ASCUS_3_patch01.png,0,509.1900024414063,774.8300170898438,100,100,0.0214000009000301
2412,ASCUS_3_patch01.png,0,747.69,102.58,100,100,0.7128
2413,ASCUS_3_patch01.png,0,634.35,152.8,100,100,0.6344
2414,ASCUS_3_patch01.png,0,762.14,159.07,100,100,0.633
2415,ASCUS_3_patch01.png,0,644.63,36.51,100,100,0.3865
2416,ASCUS_3_patch01.png,0,549.97,131.59,100,100,0.2456
2417,ASCUS_3_patch01.png,0,587.4299926757812,208.69000244140625,100,100,0.0573000013828277
2418,ASCUS_3_patch01.png,0,657.1300048828125,13.170000076293944,100,100,0.0434999987483024
2419,ASCUS_3_patch01.png,0,558.989990234375,121.97000122070312,100,100,0.0111999996006488
2420,ASCUS_3_patch01.png,0,645.85,271.74,100,100,0.7265
2421,ASCUS_3_patch01.png,0,583.38,294.49,100,100,0.598
2422,ASCUS_3_patch01.png,0,524.15,367.14,100,100,0.5026
2423,ASCUS_3_patch01.png,0,715.29,456.53,100,100,0.4541
2424,ASCUS_3_patch01.png,0,742.15,746.2,100,100,0.707
2425,ASCUS_3_patch01.png,0,754.04,654.11,100,100,0.6655
2426,ASCUS_3_patch01.png,0,574.2,533.39,100,100,0.6602
2427,ASCUS_3_patch01.png,0,624.67,682.46,100,100,0.4645
2428,ASCUS_3_patch01.png,0,654.780029296875,719.9600219726562,100,100,0.032600000500679
2429,ASCUS_3_patch01.png,0,520.739990234375,625.3800048828125,100,100,0.0111999996006488
2430,ASCUS_3_patch01.png,0,717.36,942.77,100,100,0.7574
2431,ASCUS_3_patch01.png,0,613.15,837.14,100,100,0.7534
2432,ASCUS_3_patch01.png,0,538.89,982.98,100,100,0.6571
2433,ASCUS_3_patch01.png,0,558.6599731445312,1008.739990234375,100,100,0.3079999983310699
2434,ASCUS_3_patch01.png,0,671.760009765625,845.280029296875,100,100,0.0566999986767768
2435,ASCUS_3_patch01.png,0,894.7,250.96,100,100,0.7131
2436,ASCUS_3_patch01.png,0,851.55,42.01,100,100,0.594
2437,ASCUS_3_patch01.png,0,916.36,83.25,100,100,0.5061
2438,ASCUS_3_patch01.png,0,942.33,117.76,100,100,0.3079
2439,ASCUS_3_patch01.png,0,816.7999877929688,17.149999618530273,100,100,0.1609999984502792
2440,ASCUS_3_patch01.png,0,946.0999755859376,8.470000267028809,100,100,0.1459999978542328
2441,ASCUS_3_patch01.png,0,903.92,344.41,100,100,0.619
2442,ASCUS_3_patch01.png,0,933.6,400.73,100,100,0.5924
2443,ASCUS_3_patch01.png,0,769.57,358.4,100,100,0.5676
2444,ASCUS_3_patch01.png,0,909.86,487.84,100,100,0.4751
2445,ASCUS_3_patch01.png,0,958.8099975585938,333.67999267578125,100,100,0.265500009059906
2446,ASCUS_3_patch01.png,0,792.2000122070312,372.010009765625,100,100,0.2325000017881393
2447,ASCUS_3_patch01.png,0,879.96,609.04,100,100,0.749
2448,ASCUS_3_patch01.png,0,836.38,523.39,100,100,0.5253
2449,ASCUS_3_patch01.png,0,992.86,947.52,100,100,0.6805
2450,ASCUS_3_patch01.png,0,842.55,851.73,100,100,0.667
2451,ASCUS_3_patch01.png,0,825.08,981.86,100,100,0.423
2452,ASCUS_3_patch01.png,0,862.989990234375,1019.1199951171876,100,100,0.0324999988079071
2453,ASCUS_3_patch01.png,0,851.1900024414062,842.0599975585938,100,100,0.0109999999403953
2454,ASCUS_3_patch01.png,0,185.7700042724609,41.65999984741211,100,100,0.0043999999761581
2455,ASCUS_3_patch01.png,0,142.7899932861328,46.45000076293945,100,100,0.0041999998502433
2456,ASCUS_3_patch01.png,0,251.1499938964844,44.90999984741211,100,100,0.0040000001899898
2457,ASCUS_3_patch01.png,0,124.80999755859376,37.41999816894531,100,100,0.0020000000949949
2458,ASCUS_3_patch01.png,0,60.380001068115234,291.0,100,100,0.0071999998763203
2459,ASCUS_3_patch01.png,0,216.6199951171875,352.7099914550781,100,100,0.0070000002160668
2460,ASCUS_3_patch01.png,0,85.19999694824219,286.79998779296875,100,100,0.006000000052154
2461,ASCUS_3_patch01.png,0,236.5,369.9200134277344,100,100,0.0049999998882412
2462,ASCUS_3_patch01.png,0,74.9800033569336,437.7900085449219,100,100,0.0043000001460313
2463,ASCUS_3_patch01.png,0,228.3500061035156,260.2300109863281,100,100,0.0041000000201165
2464,ASCUS_3_patch01.png,0,93.8000030517578,448.4299926757813,100,100,0.0035999999381601
2465,ASCUS_3_patch01.png,0,213.8300018310547,370.3299865722656,100,100,0.0032999999821186
2466,ASCUS_3_patch01.png,0,236.6999969482422,353.1499938964844,100,100,0.0031999999191612
2467,ASCUS_3_patch01.png,0,241.3000030517578,283.239990234375,100,100,0.001300000003539
2468,ASCUS_3_patch01.png,0,172.75999450683594,669.5900268554688,100,100,0.0082000000402331
2469,ASCUS_3_patch01.png,0,71.30999755859375,737.2100219726562,100,100,0.0066999997943639
2470,ASCUS_3_patch01.png,0,148.1300048828125,576.8900146484375,100,100,0.0066999997943639
2471,ASCUS_3_patch01.png,0,246.30999755859372,579.75,100,100,0.0052999998442828
2472,ASCUS_3_patch01.png,0,199.9600067138672,669.3099975585938,100,100,0.0046000001020729
2473,ASCUS_3_patch01.png,0,89.37000274658203,737.6599731445312,100,100,0.0041000000201165
2474,ASCUS_3_patch01.png,0,170.5,568.1599731445312,100,100,0.0031999999191612
2475,ASCUS_3_patch01.png,0,61.25,747.1099853515625,100,100,0.0019000000320374
2476,ASCUS_3_patch01.png,0,247.25,713.7899780273438,100,100,0.001700000022538
2477,ASCUS_3_patch01.png,0,208.6999969482422,841.3800048828125,100,100,0.0074999998323619
2478,ASCUS_3_patch01.png,0,109.4000015258789,936.5499877929688,100,100,0.0073000001721084
2479,ASCUS_3_patch01.png,0,101.3000030517578,997.0900268554688,100,100,0.0060999998822808
2480,ASCUS_3_patch01.png,0,127.29000091552734,929.4400024414062,100,100,0.0059000002220273
2481,ASCUS_3_patch01.png,0,96.97000122070312,1009.1599731445312,100,100,0.0049999998882412
2482,ASCUS_3_patch01.png,0,235.4900054931641,843.1300048828125,100,100,0.0048000002279877
2483,ASCUS_3_patch01.png,0,237.3500061035156,858.0800170898438,100,100,0.0015000000130385
2484,ASCUS_3_patch01.png,0,487.1300048828125,69.01000213623047,100,100,0.0087000001221895
2485,ASCUS_3_patch01.png,0,472.1099853515625,183.33999633789065,100,100,0.0054999999701976
2486,ASCUS_3_patch01.png,0,510.9200134277344,64.9800033569336,100,100,0.0049999998882412
2487,ASCUS_3_patch01.png,0,483.3900146484375,82.80999755859375,100,100,0.0024999999441206
2488,ASCUS_3_patch01.png,0,452.2099914550781,167.83999633789062,100,100,0.0020999999251216
2489,ASCUS_3_patch01.png,0,276.3099975585937,47.02000045776367,100,100,0.0015000000130385
2490,ASCUS_3_patch01.png,0,416.9200134277344,269.0400085449219,100,100,0.008899999782443
2491,ASCUS_3_patch01.png,0,399.80999755859375,261.760009765625,100,100,0.0049999998882412
2492,ASCUS_3_patch01.png,0,397.8500061035156,287.510009765625,100,100,0.002600000007078
2493,ASCUS_3_patch01.png,0,435.8599853515625,515.1500244140625,100,100,0.0080000003799796
2494,ASCUS_3_patch01.png,0,330.25,615.6400146484375,100,100,0.0074999998323619
2495,ASCUS_3_patch01.png,0,499.2000122070313,624.5900268554688,100,100,0.0055999998003244
2496,ASCUS_3_patch01.png,0,307.1400146484375,625.9600219726562,100,100,0.0051000001840293
2497,ASCUS_3_patch01.png,0,407.0700073242188,516.260009765625,100,100,0.0038000000640749
2498,ASCUS_3_patch01.png,0,436.2999877929688,530.4500122070312,100,100,0.0031999999191612
2499,ASCUS_3_patch01.png,0,409.760009765625,531.4500122070312,100,100,0.002600000007078
2500,ASCUS_3_patch01.png,0,499.2799987792969,642.4600219726562,100,100,0.0024000001139938
2501,ASCUS_3_patch01.png,0,319.07000732421875,1018.0800170898438,100,100,0.0099999997764825
2502,ASCUS_3_patch01.png,0,483.8900146484375,782.4600219726562,100,100,0.0091000003740191
2503,ASCUS_3_patch01.png,0,372.8399963378906,770.0999755859375,100,100,0.0070000002160668
2504,ASCUS_3_patch01.png,0,354.3299865722656,772.8200073242188,100,100,0.0065999999642372
2505,ASCUS_3_patch01.png,0,396.510009765625,931.1900024414062,100,100,0.0054999999701976
2506,ASCUS_3_patch01.png,0,336.0400085449219,938.6400146484376,100,100,0.0052000000141561
2507,ASCUS_3_patch01.png,0,314.54998779296875,942.5599975585938,100,100,0.0051000001840293
2508,ASCUS_3_patch01.png,0,422.2200012207031,948.7899780273438,100,100,0.0035000001080334
2509,ASCUS_3_patch01.png,0,479.3500061035156,795.6799926757812,100,100,0.003000000026077
2510,ASCUS_3_patch01.png,0,474.9100036621094,834.0599975585938,100,100,0.0020000000949949
2511,ASCUS_3_patch01.png,0,308.69000244140625,965.2999877929688,100,100,0.001300000003539
2512,ASCUS_3_patch01.png,0,508.989990234375,794.6799926757812,100,100,0.0012000000569969
2513,ASCUS_3_patch01.png,0,757.25,94.81999969482422,100,100,0.008899999782443
2514,ASCUS_3_patch01.png,0,733.3300170898438,93.47000122070312,100,100,0.0073000001721084
2515,ASCUS_3_patch01.png,0,756.5800170898438,146.94000244140625,100,100,0.0043000001460313
2516,ASCUS_3_patch01.png,0,628.8699951171875,139.5,100,100,0.0035000001080334
2517,ASCUS_3_patch01.png,0,644.25,139.67999267578125,100,100,0.0019000000320374
2518,ASCUS_3_patch01.png,0,588.6500244140625,307.3800048828125,100,100,0.0085000004619359
2519,ASCUS_3_patch01.png,0,757.4099731445312,351.6499938964844,100,100,0.0074999998323619
2520,ASCUS_3_patch01.png,0,529.8599853515625,353.9100036621094,100,100,0.0070000002160668
2521,ASCUS_3_patch01.png,0,533.52001953125,375.75,100,100,0.0052999998442828
2522,ASCUS_3_patch01.png,0,653.6699829101562,260.6300048828125,100,100,0.0043999999761581
2523,ASCUS_3_patch01.png,0,593.1799926757812,284.57000732421875,100,100,0.0043000001460313
2524,ASCUS_3_patch01.png,0,704.3200073242188,444.6000061035156,100,100,0.0041000000201165
2525,ASCUS_3_patch01.png,0,513.75,356.04998779296875,100,100,0.0038000000640749
2526,ASCUS_3_patch01.png,0,730.6400146484375,452.0,100,100,0.0035000001080334
2527,ASCUS_3_patch01.png,0,632.0700073242188,265.5799865722656,100,100,0.003000000026077
2528,ASCUS_3_patch01.png,0,661.1699829101562,273.6300048828125,100,100,0.002600000007078
2529,ASCUS_3_patch01.png,0,519.8400268554688,379.1799926757813,100,100,0.0020999999251216
2530,ASCUS_3_patch01.png,0,732.3200073242188,736.0499877929688,100,100,0.0057000000961124
2531,ASCUS_3_patch01.png,0,588.8900146484375,529.4600219726562,100,100,0.0054999999701976
2532,ASCUS_3_patch01.png,0,563.8099975585938,524.47998046875,100,100,0.0052000000141561
2533,ASCUS_3_patch01.png,0,563.9500122070312,541.780029296875,100,100,0.0049999998882412
2534,ASCUS_3_patch01.png,0,739.9199829101562,649.6300048828125,100,100,0.0041000000201165
2535,ASCUS_3_patch01.png,0,756.75,637.8800048828125,100,100,0.0038999998942017
2536,ASCUS_3_patch01.png,0,618.8499755859375,668.8900146484375,100,100,0.003000000026077
2537,ASCUS_3_patch01.png,0,579.1900024414062,545.6699829101562,100,100,0.0024000001139938
2538,ASCUS_3_patch01.png,0,753.0999755859375,737.530029296875,100,100,0.0023000000510364
2539,ASCUS_3_patch01.png,0,652.7100219726562,853.9400024414062,100,100,0.0062000001780688
2540,ASCUS_3_patch01.png,0,713.489990234375,931.3699951171876,100,100,0.0059000002220273
2541,ASCUS_3_patch01.png,0,622.0999755859375,822.8400268554688,100,100,0.0048000002279877
2542,ASCUS_3_patch01.png,0,525.6699829101562,977.3499755859376,100,100,0.0043000001460313
2543,ASCUS_3_patch01.png,0,596.0499877929688,824.3599853515625,100,100,0.0035000001080334
2544,ASCUS_3_patch01.png,0,547.030029296875,964.9400024414062,100,100,0.0031999999191612
2545,ASCUS_3_patch01.png,0,556.5700073242188,992.8900146484376,100,100,0.0024000001139938
2546,ASCUS_3_patch01.png,0,727.780029296875,935.1900024414062,100,100,0.0020999999251216
2547,ASCUS_3_patch01.png,0,630.6500244140625,833.9199829101562,100,100,0.0013999999500811
2548,ASCUS_3_patch01.png,0,769.0499877929688,649.510009765625,100,100,0.0052000000141561
2549,ASCUS_3_patch01.png,0,801.5700073242188,722.4199829101562,100,100,0.0051000001840293
2550,ASCUS_3_patch01.png,0,867.3300170898438,601.1099853515625,100,100,0.0031000000890344
2551,ASCUS_3_patch01.png,0,889.5599975585938,599.02001953125,100,100,0.003000000026077
2552,ASCUS_3_patch01.png,0,848.1099853515625,513.0499877929688,100,100,0.0027999999001622
2553,ASCUS_3_patch01.png,0,999.75,935.4199829101562,100,100,0.0062000001780688
2554,ASCUS_3_patch01.png,0,979.6699829101562,943.5599975585938,100,100,0.0038999998942017
2555,ASCUS_3_patch01.png,0,859.3800048828125,852.4600219726562,100,100,0.0031000000890344
2556,ASCUS_3_patch01.png,0,829.77001953125,969.2100219726562,100,100,0.002600000007078
2557,ASCUS_3_patch01.png,0,814.1099853515625,972.5499877929688,100,100,0.0023000000510364
2558,ASCUS_3_patch01.png,0,828.3900146484375,848.2999877929688,100,100,0.002199999988079
2559,ASCUS_3_patch01.png,0,987.2999877929688,926.3400268554688,100,100,0.0013999999500811
2560,ASCUS_3_patch01.png,0,999.5700073242188,959.8099975585938,100,100,0.0013999999500811
2561,ASCUS_3_patch02.png,0,161.17,288.38,100,100,0.6763
2562,ASCUS_3_patch02.png,0,427.29,912.57,100,100,0.6817
2563,ASCUS_3_patch02.png,0,371.51,857.64,100,100,0.5306
2564,ASCUS_3_patch02.png,0,415.55999755859375,918.5700073242188,100,100,0.0104000000283122
2565,ASCUS_3_patch02.png,0,178.0800018310547,285.07000732421875,100,100,0.0081000002101063
2566,ASCUS_3_patch02.png,0,172.36000061035156,300.0599975585937,100,100,0.0041999998502433
2567,ASCUS_3_patch02.png,0,172.17999267578125,267.5599975585937,100,100,0.0015000000130385
2568,ASCUS_3_patch02.png,0,360.6900024414063,866.6199951171875,100,100,0.0087999999523162
2569,ASCUS_3_patch02.png,0,441.7300109863281,909.9299926757812,100,100,0.0087999999523162
2570,ASCUS_3_patch02.png,0,386.1799926757813,845.1799926757812,100,100,0.0054999999701976
2571,ASCUS_3_patch02.png,0,353.5799865722656,853.8599853515625,100,100,0.0054000001400709
2572,ASCUS_3_patch02.png,0,435.7699890136719,923.2100219726562,100,100,0.0046000001020729
2573,ASCUS_3_patch02.png,0,433.3900146484375,898.489990234375,100,100,0.0046000001020729
2574,ASCUS_3_patch02.png,0,365.9100036621094,843.3300170898438,100,100,0.0043999999761581
2575,ASCUS_3_patch02.png,0,416.3599853515625,903.0,100,100,0.0037000000011175
2576,ASCUS_3_patch04.png,0,39.51,605.46,100,100,0.7554
2577,ASCUS_3_patch04.png,0,139.32,729.33,100,100,0.6371
2578,ASCUS_3_patch04.png,0,19.48,749.58,100,100,0.5927
2579,ASCUS_3_patch04.png,0,45.33000183105469,591.6400146484375,100,100,0.0130000002682209
2580,ASCUS_3_patch04.png,0,148.78,870.98,100,100,0.7035
2581,ASCUS_3_patch04.png,0,224.46,1004.83,100,100,0.4977
2582,ASCUS_3_patch04.png,0,137.6199951171875,862.969970703125,100,100,0.0110999997705221
2583,ASCUS_3_patch04.png,0,165.22000122070312,866.6500244140625,100,100,0.0109000001102685
2584,ASCUS_3_patch04.png,0,256.52,273.11,100,100,0.7228
2585,ASCUS_3_patch04.png,0,280.87,458.76,100,100,0.6861
2586,ASCUS_3_patch04.png,0,448.33,404.37,100,100,0.658
2587,ASCUS_3_patch04.png,0,396.3500061035156,469.0799865722656,100,100,0.0197999998927116
2588,ASCUS_3_patch04.png,0,293.0400085449219,447.7099914550781,100,100,0.0142000000923872
2589,ASCUS_3_patch04.png,0,270.8800048828125,446.5199890136719,100,100,0.0105999996885657
2590,ASCUS_3_patch04.png,0,372.58,729.04,100,100,0.7242
2591,ASCUS_3_patch04.png,0,271.34,593.73,100,100,0.7197
2592,ASCUS_3_patch04.png,0,381.77,898.36,100,100,0.7798
2593,ASCUS_3_patch04.png,0,286.95001220703125,782.3800048828125,100,100,0.0423000007867813
2594,ASCUS_3_patch04.png,0,610.12,453.29,100,100,0.5373
2595,ASCUS_3_patch04.png,0,754.53,602.87,100,100,0.7585
2596,ASCUS_3_patch04.png,0,712.17,739.57,100,100,0.7275
2597,ASCUS_3_patch04.png,0,534.67,738.26,100,100,0.6356
2598,ASCUS_3_patch04.png,0,569.28,521.86,100,100,0.5826
2599,ASCUS_3_patch04.png,0,522.88,668.5,100,100,0.4832
2600,ASCUS_3_patch04.png,0,523.760009765625,730.7899780273438,100,100,0.013600000180304
2601,ASCUS_3_patch04.png,0,536.6599731445312,657.9099731445312,100,100,0.0118000004440546
2602,ASCUS_3_patch04.png,0,561.96,804.9,100,100,0.6757
2603,ASCUS_3_patch04.png,0,739.79,889.73,100,100,0.5692
2604,ASCUS_3_patch04.png,0,556.56,887.71,100,100,0.5045
2605,ASCUS_3_patch04.png,0,543.1799926757812,910.52001953125,100,100,0.1397999972105026
2606,ASCUS_3_patch04.png,0,625.47998046875,768.9099731445312,100,100,0.0344999991357326
2607,ASCUS_3_patch04.png,0,571.8900146484375,881.1400146484375,100,100,0.0120000001043081
2608,ASCUS_3_patch04.png,0,927.49,750.27,100,100,0.6239
2609,ASCUS_3_patch04.png,0,907.42,584.51,100,100,0.5525
2610,ASCUS_3_patch04.png,0,1017.3099975585938,564.9600219726562,100,100,0.1492000073194503
2611,ASCUS_3_patch04.png,0,868.3499755859375,604.0900268554688,100,100,0.06700000166893
2612,ASCUS_3_patch04.png,0,1019.3699951171876,636.25,100,100,0.0364000014960765
2613,ASCUS_3_patch04.png,0,1007.4400024414062,559.6799926757812,100,100,0.0331999994814395
2614,ASCUS_3_patch04.png,0,1019.1799926757812,658.47998046875,100,100,0.0289999991655349
2615,ASCUS_3_patch04.png,0,877.0,633.0599975585938,100,100,0.0181000009179115
2616,ASCUS_3_patch04.png,0,1009.22998046875,623.1699829101562,100,100,0.017799999564886
2617,ASCUS_3_patch04.png,0,851.22998046875,636.4600219726562,100,100,0.0110999997705221
2618,ASCUS_3_patch04.png,0,891.43,868.76,100,100,0.6536
2619,ASCUS_3_patch04.png,0,976.77,861.7,100,100,0.5791
2620,ASCUS_3_patch04.png,0,1003.39,947.68,100,100,0.4877
2621,ASCUS_3_patch04.png,0,974.32,786.86,100,100,0.4723
2622,ASCUS_3_patch04.png,0,251.05999755859372,255.72000122070312,100,100,0.0049999998882412
2623,ASCUS_3_patch04.png,0,238.5,264.5899963378906,100,100,0.0063999998383224
2624,ASCUS_3_patch04.png,0,148.3699951171875,711.6699829101562,100,100,0.0083999997004866
2625,ASCUS_3_patch04.png,0,8.369999885559082,739.1799926757812,100,100,0.0043000001460313
2626,ASCUS_3_patch04.png,0,8.970000267028809,756.72998046875,100,100,0.0040000001899898
2627,ASCUS_3_patch04.png,0,29.56999969482422,594.3900146484375,100,100,0.0028999999631196
2628,ASCUS_3_patch04.png,0,239.2100067138672,1006.2100219726562,100,100,0.0052999998442828
2629,ASCUS_3_patch04.png,0,293.07000732421875,467.2300109863281,100,100,0.006000000052154
2630,ASCUS_3_patch04.png,0,272.5899963378906,262.9200134277344,100,100,0.0037000000011175
2631,ASCUS_3_patch04.png,0,266.6000061035156,460.9400024414063,100,100,0.0031999999191612
2632,ASCUS_3_patch04.png,0,258.5899963378906,587.75,100,100,0.0070000002160668
2633,ASCUS_3_patch04.png,0,379.7999877929688,716.8200073242188,100,100,0.0063000000081956
2634,ASCUS_3_patch04.png,0,362.3599853515625,717.0399780273438,100,100,0.0057999999262392
2635,ASCUS_3_patch04.png,0,380.7200012207031,740.0499877929688,100,100,0.0049000000581145
2636,ASCUS_3_patch04.png,0,282.3500061035156,584.239990234375,100,100,0.0041000000201165
2637,ASCUS_3_patch04.png,0,362.7699890136719,739.1199951171875,100,100,0.0024999999441206
2638,ASCUS_3_patch04.png,0,508.6700134277344,661.0700073242188,100,100,0.0024000001139938
2639,ASCUS_3_patch04.png,0,389.9200134277344,884.1400146484375,100,100,0.0074000000022351
2640,ASCUS_3_patch04.png,0,371.989990234375,888.0700073242188,100,100,0.0071000000461936
2641,ASCUS_3_patch04.png,0,394.3299865722656,903.3499755859376,100,100,0.002199999988079
2642,ASCUS_3_patch04.png,0,618.3800048828125,443.9599914550781,100,100,0.006000000052154
2643,ASCUS_3_patch04.png,0,562.02001953125,509.4400024414063,100,100,0.003000000026077
2644,ASCUS_3_patch04.png,0,616.9199829101562,467.6000061035156,100,100,0.001300000003539
2645,ASCUS_3_patch04.png,0,545.0999755859375,727.3900146484375,100,100,0.0093999998643994
2646,ASCUS_3_patch04.png,0,555.530029296875,648.4600219726562,100,100,0.0081000002101063
2647,ASCUS_3_patch04.png,0,764.3200073242188,592.97998046875,100,100,0.0063999998383224
2648,ASCUS_3_patch04.png,0,697.72998046875,741.510009765625,100,100,0.0060999998822808
2649,ASCUS_3_patch04.png,0,716.3499755859375,724.6199951171875,100,100,0.0046999999321997
2650,ASCUS_3_patch04.png,0,586.9600219726562,513.6300048828125,100,100,0.0043000001460313
2651,ASCUS_3_patch04.png,0,728.8499755859375,732.1400146484375,100,100,0.0040000001899898
2652,ASCUS_3_patch04.png,0,557.4299926757812,527.7999877929688,100,100,0.0032999999821186
2653,ASCUS_3_patch04.png,0,743.9099731445312,593.02001953125,100,100,0.0024999999441206
2654,ASCUS_3_patch04.png,0,519.8300170898438,745.260009765625,100,100,0.0019000000320374
2655,ASCUS_3_patch04.png,0,561.0700073242188,899.510009765625,100,100,0.0077999997884035
2656,ASCUS_3_patch04.png,0,551.969970703125,794.5999755859375,100,100,0.0060999998822808
2657,ASCUS_3_patch04.png,0,734.0,878.6099853515625,100,100,0.0054000001400709
2658,ASCUS_3_patch04.png,0,570.6500244140625,792.8200073242188,100,100,0.0051000001840293
2659,ASCUS_3_patch04.png,0,751.7999877929688,882.5499877929688,100,100,0.0044999998062849
2660,ASCUS_3_patch04.png,0,518.9299926757812,896.760009765625,100,100,0.0043000001460313
2661,ASCUS_3_patch04.png,0,545.25,873.7999877929688,100,100,0.0031000000890344
2662,ASCUS_3_patch04.png,0,553.02001953125,821.2899780273438,100,100,0.0015999999595806
2663,ASCUS_3_patch04.png,0,524.4000244140625,915.5399780273438,100,100,0.0013999999500811
2664,ASCUS_3_patch04.png,0,900.780029296875,567.0499877929688,100,100,0.0052999998442828
2665,ASCUS_3_patch04.png,0,915.5700073242188,740.8900146484375,100,100,0.0051000001840293
2666,ASCUS_3_patch04.png,0,943.6900024414062,738.780029296875,100,100,0.0049000000581145
2667,ASCUS_3_patch04.png,0,865.47998046875,622.510009765625,100,100,0.0031000000890344
2668,ASCUS_3_patch04.png,0,922.6799926757812,578.9500122070312,100,100,0.0027999999001622
2669,ASCUS_3_patch04.png,0,879.5999755859375,595.3300170898438,100,100,0.0023000000510364
2670,ASCUS_3_patch04.png,0,995.719970703125,936.8400268554688,100,100,0.0074000000022351
2671,ASCUS_3_patch04.png,0,1013.260009765625,932.6699829101562,100,100,0.0057000000961124
2672,ASCUS_3_patch04.png,0,990.6199951171876,865.4600219726562,100,100,0.0048000002279877
2673,ASCUS_3_patch04.png,0,960.1599731445312,790.3599853515625,100,100,0.0041999998502433
2674,ASCUS_3_patch04.png,0,981.4099731445312,845.0800170898438,100,100,0.0038999998942017
2675,ASCUS_3_patch04.png,0,965.4600219726562,867.010009765625,100,100,0.0031999999191612
2676,ASCUS_3_patch04.png,0,877.7999877929688,859.7000122070312,100,100,0.003000000026077
2677,ASCUS_3_patch04.png,0,897.2999877929688,854.4099731445312,100,100,0.0027000000700354
2678,ASCUS_3_patch04.png,0,878.760009765625,874.6599731445312,100,100,0.0013999999500811
2679,ASCUS_3_patch06.png,0,80.1,174.25,100,100,0.6968
2680,ASCUS_3_patch06.png,0,233.79,32.3,100,100,0.6967
2681,ASCUS_3_patch06.png,0,246.47999572753903,38.63999938964844,100,100,0.0170000009238719
2682,ASCUS_3_patch06.png,0,179.04,309.62,100,100,0.7466
2683,ASCUS_3_patch06.png,0,105.97,504.18,100,100,0.6999
2684,ASCUS_3_patch06.png,0,101.89,387.35,100,100,0.6182
2685,ASCUS_3_patch06.png,0,28.07999992370605,404.6499938964844,100,100,0.0397999994456768
2686,ASCUS_3_patch06.png,0,118.86000061035156,495.4299926757813,100,100,0.0148000000044703
2687,ASCUS_3_patch06.png,0,242.89,734.27,100,100,0.7238
2688,ASCUS_3_patch06.png,0,85.87,727.84,100,100,0.6325
2689,ASCUS_3_patch06.png,0,20.32,551.39,100,100,0.463
2690,ASCUS_3_patch06.png,0,9.24,666.82,100,100,0.2388
2691,ASCUS_3_patch06.png,0,160.28,744.02,100,100,0.2289
2692,ASCUS_3_patch06.png,0,94.92,647.77,100,100,0.1911
2693,ASCUS_3_patch06.png,0,15.43,750.7,100,100,0.1868
2694,ASCUS_3_patch06.png,0,186.30999755859372,625.8200073242188,100,100,0.0666999965906143
2695,ASCUS_3_patch06.png,0,86.98999786376953,655.5900268554688,100,100,0.0337999984622001
2696,ASCUS_3_patch06.png,0,6.71999979019165,538.1699829101562,100,100,0.0151000004261732
2697,ASCUS_3_patch06.png,0,106.9499969482422,638.7999877929688,100,100,0.0142999999225139
2698,ASCUS_3_patch06.png,0,89.94,904.09,100,100,0.7455
2699,ASCUS_3_patch06.png,0,59.12,886.63,100,100,0.6057
2700,ASCUS_3_patch06.png,0,31.14,973.96,100,100,0.2
2701,ASCUS_3_patch06.png,0,467.99,125.94,100,100,0.6461
2702,ASCUS_3_patch06.png,0,393.41,248.26,100,100,0.6257
2703,ASCUS_3_patch06.png,0,354.74,208.14,100,100,0.6212
2704,ASCUS_3_patch06.png,0,427.0400085449219,162.0500030517578,100,100,0.1137000024318695
2705,ASCUS_3_patch06.png,0,475.3200073242188,189.3999938964844,100,100,0.0869000032544136
2706,ASCUS_3_patch06.png,0,359.8500061035156,249.5,100,100,0.0108000002801418
2707,ASCUS_3_patch06.png,0,397.68,480.24,100,100,0.7734
2708,ASCUS_3_patch06.png,0,506.61,286.93,100,100,0.6971
2709,ASCUS_3_patch06.png,0,345.510009765625,285.5400085449219,100,100,0.0120000001043081
2710,ASCUS_3_patch06.png,0,269.81,581.13,100,100,0.6467
2711,ASCUS_3_patch06.png,0,256.5199890136719,567.3200073242188,100,100,0.2504999935626983
2712,ASCUS_3_patch06.png,0,256.0,923.24,100,100,0.7952
2713,ASCUS_3_patch06.png,0,713.18,55.88,100,100,0.7645
2714,ASCUS_3_patch06.png,0,617.27,161.71,100,100,0.6467
2715,ASCUS_3_patch06.png,0,566.71,33.42,100,100,0.4343
2716,ASCUS_3_patch06.png,0,657.7,177.84,100,100,0.3462
2717,ASCUS_3_patch06.png,0,561.510009765625,245.9199981689453,100,100,0.1342000067234039
2718,ASCUS_3_patch06.png,0,614.27001953125,10.130000114440918,100,100,0.0520000010728836
2719,ASCUS_3_patch06.png,0,565.989990234375,225.4199981689453,100,100,0.0423000007867813
2720,ASCUS_3_patch06.png,0,718.8200073242188,9.149999618530272,100,100,0.0151000004261732
2721,ASCUS_3_patch06.png,0,525.9400024414062,91.75,100,100,0.0144999995827674
2722,ASCUS_3_patch06.png,0,721.7899780273438,247.8500061035156,100,100,0.0138999996706843
2723,ASCUS_3_patch06.png,0,536.3099975585938,228.1100006103516,100,100,0.0131999999284744
2724,ASCUS_3_patch06.png,0,750.55,511.84,100,100,0.5862
2725,ASCUS_3_patch06.png,0,735.38,354.49,100,100,0.5192
2726,ASCUS_3_patch06.png,0,642.89,450.02,100,100,0.5104
2727,ASCUS_3_patch06.png,0,627.2,273.21,100,100,0.1932
2728,ASCUS_3_patch06.png,0,725.25,412.7799987792969,100,100,0.0297999996691942
2729,ASCUS_3_patch06.png,0,733.0999755859375,301.92999267578125,100,100,0.0288999993354082
2730,ASCUS_3_patch06.png,0,678.510009765625,382.4700012207031,100,100,0.0239000003784894
2731,ASCUS_3_patch06.png,0,618.0800170898438,279.1099853515625,100,100,0.0138999996706843
2732,ASCUS_3_patch06.png,0,722.6300048828125,348.8299865722656,100,100,0.0125000001862645
2733,ASCUS_3_patch06.png,0,605.7,641.11,100,100,0.7815
2734,ASCUS_3_patch06.png,0,742.72,745.08,100,100,0.5554
2735,ASCUS_3_patch06.png,0,639.1199951171875,533.1699829101562,100,100,0.1145000010728836
2736,ASCUS_3_patch06.png,0,757.14,951.93,100,100,0.7764
2737,ASCUS_3_patch06.png,0,591.51,820.69,100,100,0.6787
2738,ASCUS_3_patch06.png,0,579.71,885.93,100,100,0.5885
2739,ASCUS_3_patch06.png,0,616.78,1014.32,100,100,0.4048
2740,ASCUS_3_patch06.png,0,736.66,1017.94,100,100,0.1789
2741,ASCUS_3_patch06.png,0,585.22998046875,1018.2000122070312,100,100,0.0340999998152256
2742,ASCUS_3_patch06.png,0,629.1400146484375,1016.760009765625,100,100,0.0159000009298324
2743,ASCUS_3_patch06.png,0,569.1500244140625,876.4600219726562,100,100,0.0126000000163912
2744,ASCUS_3_patch06.png,0,838.3,18.96,100,100,0.6603
2745,ASCUS_3_patch06.png,0,926.43,218.02,100,100,0.6404
2746,ASCUS_3_patch06.png,0,871.26,81.37,100,100,0.5603
2747,ASCUS_3_patch06.png,0,1000.58,110.94,100,100,0.5536
2748,ASCUS_3_patch06.png,0,859.16,197.11,100,100,0.5368
2749,ASCUS_3_patch06.png,0,915.3300170898438,37.20000076293945,100,100,0.1316000074148178
2750,ASCUS_3_patch06.png,0,1016.7899780273438,200.3800048828125,100,100,0.1070000007748603
2751,ASCUS_3_patch06.png,0,890.75,134.6999969482422,100,100,0.0575000010430812
2752,ASCUS_3_patch06.png,0,946.0,145.27999877929688,100,100,0.0320999994874
2753,ASCUS_3_patch06.png,0,852.4500122070312,8.479999542236328,100,100,0.0209999997168779
2754,ASCUS_3_patch06.png,0,1011.1400146484376,97.51000213623048,100,100,0.0115000000223517
2755,ASCUS_3_patch06.png,0,922.14,501.68,100,100,0.7407
2756,ASCUS_3_patch06.png,0,915.47,313.12,100,100,0.6454
2757,ASCUS_3_patch06.png,0,956.73,370.4,100,100,0.5987
2758,ASCUS_3_patch06.png,0,822.1,425.95,100,100,0.1992
2759,ASCUS_3_patch06.png,0,896.6900024414062,426.7099914550781,100,100,0.1288000047206878
2760,ASCUS_3_patch06.png,0,828.7000122070312,257.3699951171875,100,100,0.1041999980807304
2761,ASCUS_3_patch06.png,0,921.780029296875,419.8500061035156,100,100,0.0666999965906143
2762,ASCUS_3_patch06.png,0,849.489990234375,411.2799987792969,100,100,0.0242999996989965
2763,ASCUS_3_patch06.png,0,901.3,734.52,100,100,0.6248
2764,ASCUS_3_patch06.png,0,865.36,689.65,100,100,0.5946
2765,ASCUS_3_patch06.png,0,781.76,617.72,100,100,0.4465
2766,ASCUS_3_patch06.png,0,855.56,562.11,100,100,0.4137
2767,ASCUS_3_patch06.png,0,937.5,565.15,100,100,0.3429
2768,ASCUS_3_patch06.png,0,919.3200073242188,611.0900268554688,100,100,0.0570000000298023
2769,ASCUS_3_patch06.png,0,858.3699951171875,597.6300048828125,100,100,0.0256999991834163
2770,ASCUS_3_patch06.png,0,852.510009765625,686.8300170898438,100,100,0.0127999996766448
2771,ASCUS_3_patch06.png,0,934.3699951171876,632.1599731445312,100,100,0.010700000450015
2772,ASCUS_3_patch06.png,0,963.85,796.95,100,100,0.7218
2773,ASCUS_3_patch06.png,0,939.98,987.05,100,100,0.5919
2774,ASCUS_3_patch06.png,0,838.02,850.05,100,100,0.5756
2775,ASCUS_3_patch06.png,0,831.71,987.49,100,100,0.5056
2776,ASCUS_3_patch06.png,0,1015.1699829101562,1005.280029296875,100,100,0.0606000013649463
2777,ASCUS_3_patch06.png,0,1019.4600219726562,868.9099731445312,100,100,0.0355000011622905
2778,ASCUS_3_patch06.png,0,1018.3900146484376,883.0700073242188,100,100,0.0187999997287988
2779,ASCUS_3_patch06.png,0,1019.760009765625,810.9600219726562,100,100,0.0116999996826052
2780,ASCUS_3_patch06.png,0,1007.739990234375,1018.1799926757812,100,100,0.010700000450015
2781,ASCUS_3_patch06.png,0,924.75,985.0700073242188,100,100,0.0102000003680586
2782,ASCUS_3_patch06.png,0,243.7899932861328,20.559999465942383,100,100,0.0086000002920627
2783,ASCUS_3_patch06.png,0,92.97000122070312,166.66000366210938,100,100,0.0070000002160668
2784,ASCUS_3_patch06.png,0,67.08999633789062,164.1699981689453,100,100,0.0032999999821186
2785,ASCUS_3_patch06.png,0,221.8699951171875,29.59000015258789,100,100,0.0027999999001622
2786,ASCUS_3_patch06.png,0,94.11000061035156,182.0399932861328,100,100,0.002600000007078
2787,ASCUS_3_patch06.png,0,81.73999786376953,157.11000061035156,100,100,0.0024000001139938
2788,ASCUS_3_patch06.png,0,65.86000061035156,181.41000366210935,100,100,0.0023000000510364
2789,ASCUS_3_patch06.png,0,166.47000122070312,302.489990234375,100,100,0.0077999997884035
2790,ASCUS_3_patch06.png,0,89.80000305175781,380.3800048828125,100,100,0.0071000000461936
2791,ASCUS_3_patch06.png,0,193.94000244140625,302.7099914550781,100,100,0.006800000090152
2792,ASCUS_3_patch06.png,0,114.87999725341795,383.5700073242188,100,100,0.0055999998003244
2793,ASCUS_3_patch06.png,0,93.8499984741211,495.3800048828125,100,100,0.0055999998003244
2794,ASCUS_3_patch06.png,0,89.95999908447266,398.8399963378906,100,100,0.0035000001080334
2795,ASCUS_3_patch06.png,0,182.1499938964844,294.0,100,100,0.001700000022538
2796,ASCUS_3_patch06.png,0,255.17999267578125,730.3300170898438,100,100,0.0068999999202787
2797,ASCUS_3_patch06.png,0,234.94000244140625,722.6300048828125,100,100,0.0049000000581145
2798,ASCUS_3_patch06.png,0,99.04000091552734,730.5,100,100,0.0048000002279877
2799,ASCUS_3_patch06.png,0,95.23999786376952,715.7999877929688,100,100,0.0031999999191612
2800,ASCUS_3_patch06.png,0,73.77999877929688,720.52001953125,100,100,0.0027999999001622
2801,ASCUS_3_patch06.png,0,6.489999771118164,558.3900146484375,100,100,0.0027000000700354
2802,ASCUS_3_patch06.png,0,220.88999938964844,746.780029296875,100,100,0.0024000001139938
2803,ASCUS_3_patch06.png,0,247.33999633789065,557.0800170898438,100,100,0.0023000000510364
2804,ASCUS_3_patch06.png,0,245.47000122070312,574.6400146484375,100,100,0.0020999999251216
2805,ASCUS_3_patch06.png,0,49.2599983215332,876.7999877929688,100,100,0.006000000052154
2806,ASCUS_3_patch06.png,0,97.06999969482422,891.22998046875,100,100,0.0041999998502433
2807,ASCUS_3_patch06.png,0,245.66000366210935,910.3300170898438,100,100,0.0031999999191612
2808,ASCUS_3_patch06.png,0,107.12999725341795,903.3800048828124,100,100,0.0024000001139938
2809,ASCUS_3_patch06.png,0,68.43000030517578,873.3200073242188,100,100,0.002199999988079
2810,ASCUS_3_patch06.png,0,340.0,204.07000732421875,100,100,0.0087000001221895
2811,ASCUS_3_patch06.png,0,404.2300109863281,241.0,100,100,0.0062000001780688
2812,ASCUS_3_patch06.png,0,481.4400024414063,118.18000030517578,100,100,0.0048000002279877
2813,ASCUS_3_patch06.png,0,365.0499877929688,196.58999633789065,100,100,0.0038999998942017
2814,ASCUS_3_patch06.png,0,383.260009765625,237.02999877929688,100,100,0.0038999998942017
2815,ASCUS_3_patch06.png,0,507.8800048828125,98.02999877929688,100,100,0.001300000003539
2816,ASCUS_3_patch06.png,0,496.7799987792969,277.6499938964844,100,100,0.0094999996945261
2817,ASCUS_3_patch06.png,0,388.3500061035156,467.1400146484375,100,100,0.0038000000640749
2818,ASCUS_3_patch06.png,0,382.0400085449219,256.75,100,100,0.0032999999821186
2819,ASCUS_3_patch06.png,0,411.9800109863281,471.3999938964844,100,100,0.002600000007078
2820,ASCUS_3_patch06.png,0,265.2699890136719,556.9500122070312,100,100,0.0051000001840293
2821,ASCUS_3_patch06.png,0,279.489990234375,566.0499877929688,100,100,0.0031999999191612
2822,ASCUS_3_patch06.png,0,279.1199951171875,591.8200073242188,100,100,0.0031999999191612
2823,ASCUS_3_patch06.png,0,268.2900085449219,916.0399780273438,100,100,0.0041999998502433
2824,ASCUS_3_patch06.png,0,572.1699829101562,20.82999992370605,100,100,0.0063999998383224
2825,ASCUS_3_patch06.png,0,664.9600219726562,165.5399932861328,100,100,0.0046000001020729
2826,ASCUS_3_patch06.png,0,614.1699829101562,210.5500030517578,100,100,0.0043000001460313
2827,ASCUS_3_patch06.png,0,697.0399780273438,52.29999923706055,100,100,0.003000000026077
2828,ASCUS_3_patch06.png,0,591.5499877929688,7.760000228881836,100,100,0.0027999999001622
2829,ASCUS_3_patch06.png,0,705.3900146484375,5.579999923706055,100,100,0.0027000000700354
2830,ASCUS_3_patch06.png,0,601.7999877929688,157.9600067138672,100,100,0.0024999999441206
2831,ASCUS_3_patch06.png,0,632.0399780273438,153.8699951171875,100,100,0.0020999999251216
2832,ASCUS_3_patch06.png,0,638.5599975585938,167.02999877929688,100,100,0.0020000000949949
2833,ASCUS_3_patch06.png,0,731.1199951171875,5.050000190734863,100,100,0.0020000000949949
2834,ASCUS_3_patch06.png,0,730.0599975585938,53.18999862670898,100,100,0.001300000003539
2835,ASCUS_3_patch06.png,0,701.5900268554688,340.25,100,100,0.0087000001221895
2836,ASCUS_3_patch06.png,0,742.6799926757812,340.3800048828125,100,100,0.0074000000022351
2837,ASCUS_3_patch06.png,0,761.969970703125,500.6499938964844,100,100,0.0063000000081956
2838,ASCUS_3_patch06.png,0,747.27001953125,496.3500061035156,100,100,0.0060999998822808
2839,ASCUS_3_patch06.png,0,512.8200073242188,274.19000244140625,100,100,0.0051000001840293
2840,ASCUS_3_patch06.png,0,632.530029296875,437.2099914550781,100,100,0.0043000001460313
2841,ASCUS_3_patch06.png,0,653.6799926757812,455.1400146484375,100,100,0.0041999998502433
2842,ASCUS_3_patch06.png,0,650.7899780273438,437.4200134277344,100,100,0.0037000000011175
2843,ASCUS_3_patch06.png,0,727.4500122070312,509.2999877929688,100,100,0.0020999999251216
2844,ASCUS_3_patch06.png,0,736.97998046875,317.9800109863281,100,100,0.001700000022538
2845,ASCUS_3_patch06.png,0,516.6599731445312,300.29998779296875,100,100,0.001300000003539
2846,ASCUS_3_patch06.png,0,614.1900024414062,632.5599975585938,100,100,0.008899999782443
2847,ASCUS_3_patch06.png,0,733.9000244140625,735.7999877929688,100,100,0.008899999782443
2848,ASCUS_3_patch06.png,0,597.3699951171875,629.4000244140625,100,100,0.0027999999001622
2849,ASCUS_3_patch06.png,0,746.8099975585938,729.5900268554688,100,100,0.0015000000130385
2850,ASCUS_3_patch06.png,0,598.9199829101562,1014.9299926757812,100,100,0.0089999996125698
2851,ASCUS_3_patch06.png,0,602.9299926757812,809.780029296875,100,100,0.0040000001899898
2852,ASCUS_3_patch06.png,0,767.4400024414062,942.25,100,100,0.0035999999381601
2853,ASCUS_3_patch06.png,0,582.1900024414062,808.9500122070312,100,100,0.003400000045076
2854,ASCUS_3_patch06.png,0,577.8900146484375,827.2100219726562,100,100,0.0032999999821186
2855,ASCUS_3_patch06.png,0,847.3800048828125,188.75999450683597,100,100,0.0062000001780688
2856,ASCUS_3_patch06.png,0,827.8200073242188,8.3100004196167,100,100,0.0060999998822808
2857,ASCUS_3_patch06.png,0,987.0700073242188,108.83000183105467,100,100,0.0060999998822808
2858,ASCUS_3_patch06.png,0,995.5,96.79000091552734,100,100,0.0057000000961124
2859,ASCUS_3_patch06.png,0,867.8400268554688,185.66000366210935,100,100,0.0052999998442828
2860,ASCUS_3_patch06.png,0,863.760009765625,69.77999877929688,100,100,0.0052000000141561
2861,ASCUS_3_patch06.png,0,1017.489990234375,125.81999969482422,100,100,0.0051000001840293
2862,ASCUS_3_patch06.png,0,938.4000244140624,201.3699951171875,100,100,0.0031999999191612
2863,ASCUS_3_patch06.png,0,920.1799926757812,204.3600006103516,100,100,0.0031999999191612
2864,ASCUS_3_patch06.png,0,928.0499877929688,29.670000076293945,100,100,0.0027000000700354
2865,ASCUS_3_patch06.png,0,879.0700073242188,69.0999984741211,100,100,0.002199999988079
2866,ASCUS_3_patch06.png,0,816.52001953125,251.27999877929688,100,100,0.0015000000130385
2867,ASCUS_3_patch06.png,0,966.9000244140624,364.5799865722656,100,100,0.0082999998703598
2868,ASCUS_3_patch06.png,0,932.8800048828124,492.7000122070313,100,100,0.0049999998882412
2869,ASCUS_3_patch06.png,0,923.9600219726562,300.45001220703125,100,100,0.0046999999321997
2870,ASCUS_3_patch06.png,0,943.5,365.0400085449219,100,100,0.0041000000201165
2871,ASCUS_3_patch06.png,0,902.1900024414062,304.9200134277344,100,100,0.0038999998942017
2872,ASCUS_3_patch06.png,0,805.6400146484375,422.9700012207031,100,100,0.003400000045076
2873,ASCUS_3_patch06.png,0,816.010009765625,436.8399963378906,100,100,0.0031000000890344
2874,ASCUS_3_patch06.png,0,916.1300048828124,487.1799926757813,100,100,0.003000000026077
2875,ASCUS_3_patch06.png,0,817.7000122070312,411.1199951171875,100,100,0.0023000000510364
2876,ASCUS_3_patch06.png,0,906.6199951171876,414.75,100,100,0.00179999996908
2877,ASCUS_3_patch06.png,0,836.75,404.3999938964844,100,100,0.001300000003539
2878,ASCUS_3_patch06.png,0,909.4400024414062,724.6799926757812,100,100,0.0087000001221895
2879,ASCUS_3_patch06.png,0,877.25,587.5599975585938,100,100,0.0057999999262392
2880,ASCUS_3_patch06.png,0,883.5999755859375,678.0599975585938,100,100,0.0054999999701976
2881,ASCUS_3_patch06.png,0,848.6500244140625,586.4199829101562,100,100,0.0048000002279877
2882,ASCUS_3_patch06.png,0,879.260009765625,695.510009765625,100,100,0.0044999998062849
2883,ASCUS_3_patch06.png,0,889.6400146484375,723.8599853515625,100,100,0.0040000001899898
2884,ASCUS_3_patch06.png,0,928.5900268554688,552.9199829101562,100,100,0.0031999999191612
2885,ASCUS_3_patch06.png,0,947.969970703125,625.760009765625,100,100,0.0031000000890344
2886,ASCUS_3_patch06.png,0,790.47998046875,606.4000244140625,100,100,0.0027999999001622
2887,ASCUS_3_patch06.png,0,870.8599853515625,667.25,100,100,0.0013999999500811
2888,ASCUS_3_patch06.png,0,844.1400146484375,982.7100219726562,100,100,0.0094999996945261
2889,ASCUS_3_patch06.png,0,832.280029296875,972.4299926757812,100,100,0.0065000001341104
2890,ASCUS_3_patch06.png,0,956.989990234375,785.0,100,100,0.0063999998383224
2891,ASCUS_3_patch06.png,0,849.6699829101562,841.530029296875,100,100,0.0040000001899898
2892,ASCUS_3_patch06.png,0,955.25,983.6599731445312,100,100,0.0038000000640749
2893,ASCUS_3_patch06.png,0,822.6199951171875,998.719970703125,100,100,0.003400000045076
2894,ASCUS_3_patch06.png,0,973.7899780273438,783.7899780273438,100,100,0.003000000026077
2895,ASCUS_3_patch06.png,0,846.030029296875,860.25,100,100,0.0028999999631196
2896,ASCUS_3_patch06.png,0,905.0700073242188,985.02001953125,100,100,0.0020999999251216
2897,ASCUS_3_patch06.png,0,955.3800048828124,809.3099975585938,100,100,0.0019000000320374
2898,ASCUS_3_patch06.png,0,932.7999877929688,998.0700073242188,100,100,0.00179999996908
2899,ASCUS_3_patch06.png,0,981.0900268554688,800.5900268554688,100,100,0.0013999999500811
2900,ASCUS_3_patch08.png,0,209.22,413.45,100,100,0.7284
2901,ASCUS_3_patch08.png,0,82.49,367.15,100,100,0.6681
2902,ASCUS_3_patch08.png,0,219.69000244140625,403.1600036621094,100,100,0.0120000001043081
2903,ASCUS_3_patch08.png,0,279.25,221.29,100,100,0.7373
2904,ASCUS_3_patch08.png,0,339.61,93.44,100,100,0.7196
2905,ASCUS_3_patch08.png,0,347.93,365.51,100,100,0.6886
2906,ASCUS_3_patch08.png,0,611.96,668.39,100,100,0.7705
2907,ASCUS_3_patch08.png,0,595.07,812.3,100,100,0.7303
2908,ASCUS_3_patch08.png,0,95.37999725341795,359.6000061035156,100,100,0.0082999998703598
2909,ASCUS_3_patch08.png,0,202.92999267578125,400.7799987792969,100,100,0.0049000000581145
2910,ASCUS_3_patch08.png,0,195.97000122070312,418.5700073242188,100,100,0.0028999999631196
2911,ASCUS_3_patch08.png,0,68.38999938964844,372.0199890136719,100,100,0.0020000000949949
2912,ASCUS_3_patch08.png,0,71.44000244140625,354.3299865722656,100,100,0.0019000000320374
2913,ASCUS_3_patch08.png,0,329.739990234375,82.81999969482422,100,100,0.0070000002160668
2914,ASCUS_3_patch08.png,0,289.5,208.8500061035156,100,100,0.0060999998822808
2915,ASCUS_3_patch08.png,0,346.9700012207031,79.58999633789062,100,100,0.0059000002220273
2916,ASCUS_3_patch08.png,0,354.9100036621094,90.81999969482422,100,100,0.0052999998442828
2917,ASCUS_3_patch08.png,0,269.8500061035156,207.8300018310547,100,100,0.0041000000201165
2918,ASCUS_3_patch08.png,0,294.6000061035156,222.6499938964844,100,100,0.0038999998942017
2919,ASCUS_3_patch08.png,0,260.5799865722656,219.7700042724609,100,100,0.002600000007078
2920,ASCUS_3_patch08.png,0,337.3900146484375,354.7900085449219,100,100,0.0063000000081956
2921,ASCUS_3_patch08.png,0,331.54998779296875,368.6799926757813,100,100,0.0046000001020729
2922,ASCUS_3_patch08.png,0,363.7099914550781,358.7200012207031,100,100,0.0035999999381601
2923,ASCUS_3_patch08.png,0,625.6500244140625,669.8499755859375,100,100,0.0066999997943639
2924,ASCUS_3_patch08.png,0,597.3300170898438,662.0399780273438,100,100,0.0031999999191612
2925,ASCUS_3_patch08.png,0,612.219970703125,651.719970703125,100,100,0.0027000000700354
2926,ASCUS_3_patch08.png,0,581.1599731445312,805.469970703125,100,100,0.0087999999523162
2927,ASCUS_3_patch08.png,0,605.9299926757812,800.0599975585938,100,100,0.0077999997884035
2928,ASCUS_3_patch08.png,0,611.5800170898438,816.52001953125,100,100,0.0051000001840293
2929,ASCUS_3_patch09.png,0,14.03,417.44,100,100,0.2534
2930,ASCUS_3_patch09.png,0,99.80999755859376,402.9700012207031,100,100,0.0307999998331069
2931,ASCUS_3_patch09.png,0,78.2300033569336,418.5,100,100,0.0292000006884336
2932,ASCUS_3_patch09.png,0,11.050000190734863,405.0700073242188,100,100,0.0232999995350837
2933,ASCUS_3_patch09.png,0,63.369998931884766,424.6499938964844,100,100,0.0187999997287988
2934,ASCUS_3_patch09.png,0,637.45,526.01,100,100,0.6827
2935,ASCUS_3_patch09.png,0,813.24,355.44,100,100,0.4982
2936,ASCUS_3_patch09.png,0,651.260009765625,521.8699951171875,100,100,0.0098999999463558
2937,ASCUS_3_patch09.png,0,619.8400268554688,523.8499755859375,100,100,0.0046000001020729
2938,ASCUS_3_patch09.png,0,1013.52001953125,357.7799987792969,100,100,0.0091000003740191
2939,ASCUS_3_patch09.png,0,796.3800048828125,359.1199951171875,100,100,0.0032999999821186
2940,ASCUS_3_patch09.png,0,993.3900146484376,345.4599914550781,100,100,0.0012000000569969
2941,ASCUS_3_patch10.png,0,217.63,311.21,100,100,0.723
2942,ASCUS_3_patch10.png,0,227.06,426.41,100,100,0.6818
2943,ASCUS_3_patch10.png,0,43.42,371.51,100,100,0.5888
2944,ASCUS_3_patch10.png,0,439.24,163.17,100,100,0.7089
2945,ASCUS_3_patch10.png,0,461.68,13.68,100,100,0.5195
2946,ASCUS_3_patch10.png,0,447.6300048828125,151.24000549316406,100,100,0.0100999996066093
2947,ASCUS_3_patch10.png,0,331.23,405.85,100,100,0.6358
2948,ASCUS_3_patch10.png,0,388.07,339.26,100,100,0.6154
2949,ASCUS_3_patch10.png,0,366.09,482.34,100,100,0.5806
2950,ASCUS_3_patch10.png,0,283.62,482.48,100,100,0.55
2951,ASCUS_3_patch10.png,0,498.0199890136719,389.55999755859375,100,100,0.1111999973654747
2952,ASCUS_3_patch10.png,0,375.3399963378906,462.3399963378906,100,100,0.0118000004440546
2953,ASCUS_3_patch10.png,0,426.85,638.99,100,100,0.7268
2954,ASCUS_3_patch10.png,0,483.8500061035156,580.9000244140625,100,100,0.0294000003486871
2955,ASCUS_3_patch10.png,0,420.2999877929688,627.1400146484375,100,100,0.0120000001043081
2956,ASCUS_3_patch10.png,0,740.65,238.9,100,100,0.7158
2957,ASCUS_3_patch10.png,0,579.45,243.88,100,100,0.6508
2958,ASCUS_3_patch10.png,0,568.14,314.18,100,100,0.7505
2959,ASCUS_3_patch10.png,0,704.73,504.38,100,100,0.6339
2960,ASCUS_3_patch10.png,0,550.46,408.2,100,100,0.5182
2961,ASCUS_3_patch10.png,0,746.1699829101562,309.1499938964844,100,100,0.0944000035524368
2962,ASCUS_3_patch10.png,0,732.1099853515625,400.5799865722656,100,100,0.0159000009298324
2963,ASCUS_3_patch10.png,0,687.77001953125,502.7900085449219,100,100,0.0133999995887279
2964,ASCUS_3_patch10.png,0,635.75,393.7099914550781,100,100,0.0132999997586011
2965,ASCUS_3_patch10.png,0,559.15,538.94,100,100,0.7778
2966,ASCUS_3_patch10.png,0,595.9,660.95,100,100,0.6344
2967,ASCUS_3_patch10.png,0,731.46,695.99,100,100,0.6258
2968,ASCUS_3_patch10.png,0,642.26,731.04,100,100,0.5592
2969,ASCUS_3_patch10.png,0,687.15,611.64,100,100,0.4323
2970,ASCUS_3_patch10.png,0,700.32,759.06,100,100,0.165
2971,ASCUS_3_patch10.png,0,714.97998046875,574.1300048828125,100,100,0.0544000007212162
2972,ASCUS_3_patch10.png,0,747.1900024414062,738.1400146484375,100,100,0.0333000011742115
2973,ASCUS_3_patch10.png,0,704.2899780273438,653.75,100,100,0.0303000006824731
2974,ASCUS_3_patch10.png,0,701.27001953125,611.9500122070312,100,100,0.0225000008940696
2975,ASCUS_3_patch10.png,0,521.6900024414062,735.0,100,100,0.010700000450015
2976,ASCUS_3_patch10.png,0,859.14,124.85,100,100,0.7404
2977,ASCUS_3_patch10.png,0,822.21,385.25,100,100,0.7235
2978,ASCUS_3_patch10.png,0,900.45,335.33,100,100,0.474
2979,ASCUS_3_patch10.png,0,805.87,469.82,100,100,0.3264
2980,ASCUS_3_patch10.png,0,868.030029296875,487.5700073242188,100,100,0.1040000021457672
2981,ASCUS_3_patch10.png,0,895.0399780273438,448.1499938964844,100,100,0.0700000002980232
2982,ASCUS_3_patch10.png,0,890.5399780273438,414.6700134277344,100,100,0.0615000016987323
2983,ASCUS_3_patch10.png,0,916.3800048828124,330.95001220703125,100,100,0.0390000008046627
2984,ASCUS_3_patch10.png,0,876.7999877929688,338.4599914550781,100,100,0.0220999997109174
2985,ASCUS_3_patch10.png,0,1019.489990234375,315.3500061035156,100,100,0.0165999997407197
2986,ASCUS_3_patch10.png,0,936.5900268554688,396.8500061035156,100,100,0.0142000000923872
2987,ASCUS_3_patch10.png,0,993.36,679.55,100,100,0.4787
2988,ASCUS_3_patch10.png,0,919.0700073242188,753.0399780273438,100,100,0.3916999995708465
2989,ASCUS_3_patch10.png,0,802.46,605.58,100,100,0.2854
2990,ASCUS_3_patch10.png,0,779.0800170898438,559.1599731445312,100,100,0.2389000058174133
2991,ASCUS_3_patch10.png,0,825.4600219726562,735.0599975585938,100,100,0.1006999984383583
2992,ASCUS_3_patch10.png,0,784.46,841.78,100,100,0.765
2993,ASCUS_3_patch10.png,0,919.25,783.12,100,100,0.6504
2994,ASCUS_3_patch10.png,0,997.02,798.48,100,100,0.4473
2995,ASCUS_3_patch10.png,0,209.02999877929688,299.8299865722656,100,100,0.0073000001721084
2996,ASCUS_3_patch10.png,0,58.06999969482422,378.0299987792969,100,100,0.0065000001341104
2997,ASCUS_3_patch10.png,0,34.63999938964844,380.3800048828125,100,100,0.0063000000081956
2998,ASCUS_3_patch10.png,0,225.3999938964844,299.29998779296875,100,100,0.0057999999262392
2999,ASCUS_3_patch10.png,0,253.2700042724609,366.8599853515625,100,100,0.0046999999321997
3000,ASCUS_3_patch10.png,0,233.33999633789065,310.8099975585937,100,100,0.0043000001460313
3001,ASCUS_3_patch10.png,0,235.8800048828125,416.739990234375,100,100,0.0041999998502433
3002,ASCUS_3_patch10.png,0,61.560001373291016,364.3699951171875,100,100,0.0041000000201165
3003,ASCUS_3_patch10.png,0,238.4199981689453,361.6099853515625,100,100,0.00179999996908
3004,ASCUS_3_patch10.png,0,214.0399932861328,418.5299987792969,100,100,0.0015000000130385
3005,ASCUS_3_patch10.png,0,28.25,368.5,100,100,0.0013999999500811
3006,ASCUS_3_patch10.png,0,471.7999877929688,7.170000076293945,100,100,0.0086000002920627
3007,ASCUS_3_patch10.png,0,432.0,149.83999633789062,100,100,0.0054999999701976
3008,ASCUS_3_patch10.png,0,445.489990234375,9.010000228881836,100,100,0.0046999999321997
3009,ASCUS_3_patch10.png,0,379.8999938964844,328.7300109863281,100,100,0.0094999996945261
3010,ASCUS_3_patch10.png,0,341.0899963378906,416.4200134277344,100,100,0.0087999999523162
3011,ASCUS_3_patch10.png,0,318.2799987792969,397.739990234375,100,100,0.0065999999642372
3012,ASCUS_3_patch10.png,0,293.8800048828125,473.9599914550781,100,100,0.0065000001341104
3013,ASCUS_3_patch10.png,0,335.79998779296875,390.3599853515625,100,100,0.0059000002220273
3014,ASCUS_3_patch10.png,0,347.8399963378906,403.6199951171875,100,100,0.0049000000581145
3015,ASCUS_3_patch10.png,0,266.20001220703125,480.010009765625,100,100,0.0044999998062849
3016,ASCUS_3_patch10.png,0,403.4299926757813,336.5400085449219,100,100,0.0031999999191612
3017,ASCUS_3_patch10.png,0,356.8399963378906,469.3500061035156,100,100,0.0031000000890344
3018,ASCUS_3_patch10.png,0,278.2799987792969,494.4100036621094,100,100,0.003000000026077
3019,ASCUS_3_patch10.png,0,292.9599914550781,494.0199890136719,100,100,0.0028999999631196
3020,ASCUS_3_patch10.png,0,321.8699951171875,417.9599914550781,100,100,0.0020000000949949
3021,ASCUS_3_patch10.png,0,383.8800048828125,483.75,100,100,0.0019000000320374
3022,ASCUS_3_patch10.png,0,438.2799987792969,628.2000122070312,100,100,0.0041999998502433
3023,ASCUS_3_patch10.png,0,434.1700134277344,651.4099731445312,100,100,0.0020000000949949
3024,ASCUS_3_patch10.png,0,572.25,233.67999267578125,100,100,0.0081000002101063
3025,ASCUS_3_patch10.png,0,755.239990234375,243.2400054931641,100,100,0.0043999999761581
3026,ASCUS_3_patch10.png,0,752.3300170898438,228.3699951171875,100,100,0.0037000000011175
3027,ASCUS_3_patch10.png,0,595.0999755859375,240.72999572753903,100,100,0.0037000000011175
3028,ASCUS_3_patch10.png,0,726.7899780273438,228.47999572753903,100,100,0.0031000000890344
3029,ASCUS_3_patch10.png,0,560.8300170898438,246.77999877929688,100,100,0.003000000026077
3030,ASCUS_3_patch10.png,0,732.97998046875,303.4100036621094,100,100,0.0080000003799796
3031,ASCUS_3_patch10.png,0,564.9600219726562,399.5799865722656,100,100,0.0055999998003244
3032,ASCUS_3_patch10.png,0,694.8499755859375,491.2200012207031,100,100,0.0054999999701976
3033,ASCUS_3_patch10.png,0,559.1699829101562,301.17999267578125,100,100,0.0052999998442828
3034,ASCUS_3_patch10.png,0,544.8900146484375,396.3200073242188,100,100,0.0043999999761581
3035,ASCUS_3_patch10.png,0,552.8599853515625,314.9100036621094,100,100,0.0038999998942017
3036,ASCUS_3_patch10.png,0,721.219970703125,492.80999755859375,100,100,0.0032999999821186
3037,ASCUS_3_patch10.png,0,577.3800048828125,298.0799865722656,100,100,0.0031999999191612
3038,ASCUS_3_patch10.png,0,583.0999755859375,319.4800109863281,100,100,0.0020000000949949
3039,ASCUS_3_patch10.png,0,604.1599731445312,647.8200073242188,100,100,0.0077999997884035
3040,ASCUS_3_patch10.png,0,581.6799926757812,661.1900024414062,100,100,0.0063999998383224
3041,ASCUS_3_patch10.png,0,725.969970703125,682.8400268554688,100,100,0.0060999998822808
3042,ASCUS_3_patch10.png,0,651.4199829101562,716.5900268554688,100,100,0.0055999998003244
3043,ASCUS_3_patch10.png,0,742.6300048828125,679.6199951171875,100,100,0.0054999999701976
3044,ASCUS_3_patch10.png,0,691.5599975585938,623.27001953125,100,100,0.0049999998882412
3045,ASCUS_3_patch10.png,0,548.72998046875,531.6599731445312,100,100,0.0046000001020729
3046,ASCUS_3_patch10.png,0,653.25,679.8499755859375,100,100,0.0038999998942017
3047,ASCUS_3_patch10.png,0,630.9400024414062,716.469970703125,100,100,0.0031999999191612
3048,ASCUS_3_patch10.png,0,566.0499877929688,524.6300048828125,100,100,0.0031000000890344
3049,ASCUS_3_patch10.png,0,711.8800048828125,745.9299926757812,100,100,0.0028999999631196
3050,ASCUS_3_patch10.png,0,765.5599975585938,543.1400146484375,100,100,0.0019000000320374
3051,ASCUS_3_patch10.png,0,658.469970703125,736.6099853515625,100,100,0.0015999999595806
3052,ASCUS_3_patch10.png,0,690.4600219726562,515.1500244140625,100,100,0.0012000000569969
3053,ASCUS_3_patch10.png,0,722.0700073242188,513.1699829101562,100,100,0.0012000000569969
3054,ASCUS_3_patch10.png,0,850.4099731445312,113.62000274658205,100,100,0.0076000001281499
3055,ASCUS_3_patch10.png,0,872.2999877929688,117.6999969482422,100,100,0.0057999999262392
3056,ASCUS_3_patch10.png,0,846.02001953125,128.60000610351562,100,100,0.0048000002279877
3057,ASCUS_3_patch10.png,0,889.5499877929688,346.4100036621094,100,100,0.0094999996945261
3058,ASCUS_3_patch10.png,0,930.6099853515624,318.82000732421875,100,100,0.0057000000961124
3059,ASCUS_3_patch10.png,0,891.530029296875,322.6000061035156,100,100,0.0054999999701976
3060,ASCUS_3_patch10.png,0,815.6099853515625,372.2200012207031,100,100,0.0051000001840293
3061,ASCUS_3_patch10.png,0,872.7100219726562,323.2900085449219,100,100,0.0041999998502433
3062,ASCUS_3_patch10.png,0,831.6099853515625,372.4500122070313,100,100,0.0038000000640749
3063,ASCUS_3_patch10.png,0,905.010009765625,348.3900146484375,100,100,0.0035000001080334
3064,ASCUS_3_patch10.png,0,835.8200073242188,387.4500122070313,100,100,0.0031000000890344
3065,ASCUS_3_patch10.png,0,809.3599853515625,389.80999755859375,100,100,0.002199999988079
3066,ASCUS_3_patch10.png,0,931.7999877929688,789.6300048828125,100,100,0.0093999998643994
3067,ASCUS_3_patch10.png,0,906.9299926757812,775.3699951171875,100,100,0.0077999997884035
3068,ASCUS_3_patch10.png,0,774.0800170898438,833.6300048828125,100,100,0.0060999998822808
3069,ASCUS_3_patch10.png,0,911.6199951171876,794.5700073242188,100,100,0.0024999999441206
3070,ASCUS_3_patch10.png,0,795.1500244140625,833.0399780273438,100,100,0.0024000001139938
3071,ASCUS_3_patch10.png,0,935.719970703125,772.7999877929688,100,100,0.0015999999595806
3072,ASCUS_3_patch11.png,0,49.66,127.81,100,100,0.7698
3073,ASCUS_3_patch11.png,0,91.44000244140624,7.71999979019165,100,100,0.0242999996989965
3074,ASCUS_3_patch11.png,0,189.92,320.8,100,100,0.66
3075,ASCUS_3_patch11.png,0,12.16,257.28,100,100,0.6002
3076,ASCUS_3_patch11.png,0,119.83,454.02,100,100,0.5986
3077,ASCUS_3_patch11.png,0,166.94,636.84,100,100,0.6496
3078,ASCUS_3_patch11.png,0,198.59,598.92,100,100,0.6474
3079,ASCUS_3_patch11.png,0,166.75,515.02,100,100,0.4911
3080,ASCUS_3_patch11.png,0,174.99,709.95,100,100,0.4676
3081,ASCUS_3_patch11.png,0,14.1,672.88,100,100,0.441
3082,ASCUS_3_patch11.png,0,60.56,559.48,100,100,0.3435
3083,ASCUS_3_patch11.png,0,123.45999908447266,740.7899780273438,100,100,0.0472000017762184
3084,ASCUS_3_patch11.png,0,201.6300048828125,744.469970703125,100,100,0.0286999996751546
3085,ASCUS_3_patch11.png,0,154.91000366210938,520.510009765625,100,100,0.0143999997526407
3086,ASCUS_3_patch11.png,0,184.8999938964844,518.2899780273438,100,100,0.0109000001102685
3087,ASCUS_3_patch11.png,0,97.76,782.21,100,100,0.7072
3088,ASCUS_3_patch11.png,0,10.23,820.67,100,100,0.3304
3089,ASCUS_3_patch11.png,0,155.76,866.88,100,100,0.1999
3090,ASCUS_3_patch11.png,0,137.97000122070312,770.0999755859375,100,100,0.0200999993830919
3091,ASCUS_3_patch11.png,0,459.09,80.96,100,100,0.6693
3092,ASCUS_3_patch11.png,0,349.19,151.92,100,100,0.6522
3093,ASCUS_3_patch11.png,0,366.36,17.59,100,100,0.4267
3094,ASCUS_3_patch11.png,0,459.16,242.66,100,100,0.1798
3095,ASCUS_3_patch11.png,0,425.9200134277344,203.05999755859372,100,100,0.0710000023245811
3096,ASCUS_3_patch11.png,0,350.95001220703125,18.350000381469727,100,100,0.0138999996706843
3097,ASCUS_3_patch11.png,0,457.5299987792969,4.690000057220459,100,100,0.0126000000163912
3098,ASCUS_3_patch11.png,0,482.99,481.74,100,100,0.2915
3099,ASCUS_3_patch11.png,0,371.2300109863281,511.7699890136719,100,100,0.0627999976277351
3100,ASCUS_3_patch11.png,0,371.25,536.16,100,100,0.6814
3101,ASCUS_3_patch11.png,0,424.46,740.73,100,100,0.5163
3102,ASCUS_3_patch11.png,0,298.62,732.46,100,100,0.4295
3103,ASCUS_3_patch11.png,0,338.4,624.66,100,100,0.262
3104,ASCUS_3_patch11.png,0,479.7200012207031,521.1199951171875,100,100,0.1151999980211258
3105,ASCUS_3_patch11.png,0,274.32000732421875,747.0499877929688,100,100,0.1149000003933906
3106,ASCUS_3_patch11.png,0,336.7699890136719,682.260009765625,100,100,0.1141000017523765
3107,ASCUS_3_patch11.png,0,288.8399963378906,673.0800170898438,100,100,0.0364999994635582
3108,ASCUS_3_patch11.png,0,428.1499938964844,555.0900268554688,100,100,0.0230999998748302
3109,ASCUS_3_patch11.png,0,437.5400085449219,733.5999755859375,100,100,0.017400000244379
3110,ASCUS_3_patch11.png,0,291.92999267578125,742.22998046875,100,100,0.0143999997526407
3111,ASCUS_3_patch11.png,0,413.9200134277344,752.8099975585938,100,100,0.0138999996706843
3112,ASCUS_3_patch11.png,0,488.0199890136719,686.25,100,100,0.0137000000104308
3113,ASCUS_3_patch11.png,0,410.6400146484375,736.5599975585938,100,100,0.0104000000283122
3114,ASCUS_3_patch11.png,0,452.46,850.96,100,100,0.7039
3115,ASCUS_3_patch11.png,0,456.14,966.75,100,100,0.3999
3116,ASCUS_3_patch11.png,0,278.32,825.29,100,100,0.1874
3117,ASCUS_3_patch11.png,0,391.9599914550781,797.6900024414062,100,100,0.0307999998331069
3118,ASCUS_3_patch11.png,0,444.3800048828125,959.2100219726562,100,100,0.0103000001981854
3119,ASCUS_3_patch11.png,0,662.17,254.14,100,100,0.7047
3120,ASCUS_3_patch11.png,0,746.19,81.23,100,100,0.6086
3121,ASCUS_3_patch11.png,0,562.3,94.01,100,100,0.2893
3122,ASCUS_3_patch11.png,0,700.88,41.81,100,100,0.2004
3123,ASCUS_3_patch11.png,0,536.4500122070312,226.9199981689453,100,100,0.0820000022649765
3124,ASCUS_3_patch11.png,0,605.219970703125,19.56999969482422,100,100,0.0229000002145767
3125,ASCUS_3_patch11.png,0,517.219970703125,215.9499969482422,100,100,0.0219999998807907
3126,ASCUS_3_patch11.png,0,532.1900024414062,130.13999938964844,100,100,0.0157999992370605
3127,ASCUS_3_patch11.png,0,724.08,689.71,100,100,0.6117
3128,ASCUS_3_patch11.png,0,610.32,811.17,100,100,0.6633
3129,ASCUS_3_patch11.png,0,633.2,987.36,100,100,0.5427
3130,ASCUS_3_patch11.png,0,625.3,945.31,100,100,0.4747
3131,ASCUS_3_patch11.png,0,624.21,885.12,100,100,0.3441
3132,ASCUS_3_patch11.png,0,766.4299926757812,848.25,100,100,0.0265999995172023
3133,ASCUS_3_patch11.png,0,642.6500244140625,976.0900268554688,100,100,0.0215000007301569
3134,ASCUS_3_patch11.png,0,650.6199951171875,963.9000244140624,100,100,0.0141000002622604
3135,ASCUS_3_patch11.png,0,636.97998046875,938.1099853515624,100,100,0.0115000000223517
3136,ASCUS_3_patch11.png,0,927.12,29.84,100,100,0.4757
3137,ASCUS_3_patch11.png,0,850.489990234375,10.949999809265137,100,100,0.1730999946594238
3138,ASCUS_3_patch11.png,0,948.9299926757812,9.84000015258789,100,100,0.1123000010848045
3139,ASCUS_3_patch11.png,0,883.75,21.56999969482422,100,100,0.0405000001192092
3140,ASCUS_3_patch11.png,0,774.9099731445312,6.230000019073486,100,100,0.0126000000163912
3141,ASCUS_3_patch11.png,0,858.74,740.82,100,100,0.7489
3142,ASCUS_3_patch11.png,0,971.86,556.89,100,100,0.7207
3143,ASCUS_3_patch11.png,0,777.52001953125,725.969970703125,100,100,0.0597999989986419
3144,ASCUS_3_patch11.png,0,1019.3599853515624,705.8200073242188,100,100,0.0248000007122755
3145,ASCUS_3_patch11.png,0,957.6099853515624,561.4000244140625,100,100,0.0114000001922249
3146,ASCUS_3_patch11.png,0,987.44,963.04,100,100,0.6244
3147,ASCUS_3_patch11.png,0,883.96,861.05,100,100,0.617
3148,ASCUS_3_patch11.png,0,870.64,986.89,100,100,0.508
3149,ASCUS_3_patch11.png,0,1017.280029296875,803.9000244140625,100,100,0.0373000018298625
3150,ASCUS_3_patch11.png,0,788.4099731445312,875.0999755859375,100,100,0.0282000005245208
3151,ASCUS_3_patch11.png,0,871.0499877929688,841.1699829101562,100,100,0.0211999993771314
3152,ASCUS_3_patch11.png,0,7.28000020980835,245.6100006103516,100,100,0.0076999999582767
3153,ASCUS_3_patch11.png,0,55.61000061035156,112.27999877929688,100,100,0.0035000001080334
3154,ASCUS_3_patch11.png,0,100.66000366210938,171.02999877929688,100,100,0.003000000026077
3155,ASCUS_3_patch11.png,0,178.99000549316406,328.6600036621094,100,100,0.0099999997764825
3156,ASCUS_3_patch11.png,0,172.58999633789062,315.3800048828125,100,100,0.0068999999202787
3157,ASCUS_3_patch11.png,0,203.57000732421875,312.0799865722656,100,100,0.0059000002220273
3158,ASCUS_3_patch11.png,0,192.9499969482422,301.19000244140625,100,100,0.003000000026077
3159,ASCUS_3_patch11.png,0,196.50999450683597,332.9100036621094,100,100,0.0027000000700354
3160,ASCUS_3_patch11.png,0,108.08000183105467,461.1000061035156,100,100,0.0015999999595806
3161,ASCUS_3_patch11.png,0,184.13999938964844,635.4600219726562,100,100,0.0052000000141561
3162,ASCUS_3_patch11.png,0,86.22000122070312,761.469970703125,100,100,0.0049000000581145
3163,ASCUS_3_patch11.png,0,155.0399932861328,629.0999755859375,100,100,0.0043999999761581
3164,ASCUS_3_patch11.png,0,188.6300048828125,587.1300048828125,100,100,0.0041999998502433
3165,ASCUS_3_patch11.png,0,124.98999786376952,760.3499755859375,100,100,0.0038999998942017
3166,ASCUS_3_patch11.png,0,187.16000366210935,616.6900024414062,100,100,0.0038000000640749
3167,ASCUS_3_patch11.png,0,216.0,600.7100219726562,100,100,0.0031000000890344
3168,ASCUS_3_patch11.png,0,210.38999938964844,585.989990234375,100,100,0.002600000007078
3169,ASCUS_3_patch11.png,0,50.34999847412109,567.5399780273438,100,100,0.0024000001139938
3170,ASCUS_3_patch11.png,0,140.16000366210938,737.6400146484375,100,100,0.002199999988079
3171,ASCUS_3_patch11.png,0,16.399999618530273,802.77001953125,100,100,0.0049000000581145
3172,ASCUS_3_patch11.png,0,107.97000122070312,770.1500244140625,100,100,0.0027000000700354
3173,ASCUS_3_patch11.png,0,4.389999866485596,831.760009765625,100,100,0.0020000000949949
3174,ASCUS_3_patch11.png,0,114.66000366210938,784.3599853515625,100,100,0.001700000022538
3175,ASCUS_3_patch11.png,0,469.3900146484375,74.19000244140625,100,100,0.0094999996945261
3176,ASCUS_3_patch11.png,0,448.9200134277344,68.2699966430664,100,100,0.0057000000961124
3177,ASCUS_3_patch11.png,0,468.2000122070313,89.38999938964844,100,100,0.0054999999701976
3178,ASCUS_3_patch11.png,0,443.8299865722656,84.38999938964844,100,100,0.0049000000581145
3179,ASCUS_3_patch11.png,0,363.55999755859375,155.32000732421875,100,100,0.0046999999321997
3180,ASCUS_3_patch11.png,0,336.5,157.3300018310547,100,100,0.0038000000640749
3181,ASCUS_3_patch11.png,0,462.6099853515625,61.31999969482422,100,100,0.0015000000130385
3182,ASCUS_3_patch11.png,0,384.3500061035156,500.30999755859375,100,100,0.0043999999761581
3183,ASCUS_3_patch11.png,0,416.0700073242188,538.2899780273438,100,100,0.0076999999582767
3184,ASCUS_3_patch11.png,0,382.80999755859375,521.7000122070312,100,100,0.0057000000961124
3185,ASCUS_3_patch11.png,0,393.8900146484375,540.5399780273438,100,100,0.0052000000141561
3186,ASCUS_3_patch11.png,0,320.3599853515625,680.780029296875,100,100,0.0046000001020729
3187,ASCUS_3_patch11.png,0,355.9200134277344,529.0599975585938,100,100,0.0035999999381601
3188,ASCUS_3_patch11.png,0,409.6900024414063,554.9199829101562,100,100,0.0031000000890344
3189,ASCUS_3_patch11.png,0,257.2099914550781,753.4400024414062,100,100,0.0024000001139938
3190,ASCUS_3_patch11.png,0,467.239990234375,854.530029296875,100,100,0.0083999997004866
3191,ASCUS_3_patch11.png,0,440.8800048828125,856.2100219726562,100,100,0.0066999997943639
3192,ASCUS_3_patch11.png,0,468.6600036621094,960.7899780273438,100,100,0.0063000000081956
3193,ASCUS_3_patch11.png,0,440.5199890136719,838.8099975585938,100,100,0.0027999999001622
3194,ASCUS_3_patch11.png,0,265.7699890136719,830.3499755859375,100,100,0.002600000007078
3195,ASCUS_3_patch11.png,0,457.9700012207031,836.4299926757812,100,100,0.0024000001139938
3196,ASCUS_3_patch11.png,0,649.8200073242188,245.30999755859372,100,100,0.0091000003740191
3197,ASCUS_3_patch11.png,0,676.9099731445312,246.0500030517578,100,100,0.0091000003740191
3198,ASCUS_3_patch11.png,0,759.719970703125,63.22999954223633,100,100,0.0052999998442828
3199,ASCUS_3_patch11.png,0,735.72998046875,69.27999877929688,100,100,0.0041999998502433
3200,ASCUS_3_patch11.png,0,714.8099975585938,37.310001373291016,100,100,0.0038999998942017
3201,ASCUS_3_patch11.png,0,729.3900146484375,83.62999725341797,100,100,0.00179999996908
3202,ASCUS_3_patch11.png,0,761.1300048828125,92.0199966430664,100,100,0.001700000022538
3203,ASCUS_3_patch11.png,0,675.9299926757812,263.1199951171875,100,100,0.0049000000581145
3204,ASCUS_3_patch11.png,0,625.3699951171875,809.3200073242188,100,100,0.0087999999523162
3205,ASCUS_3_patch11.png,0,617.6099853515625,988.489990234375,100,100,0.0060999998822808
3206,ASCUS_3_patch11.png,0,638.3300170898438,956.0800170898438,100,100,0.0046999999321997
3207,ASCUS_3_patch11.png,0,616.0700073242188,965.1599731445312,100,100,0.0043000001460313
3208,ASCUS_3_patch11.png,0,626.0599975585938,927.9000244140624,100,100,0.0035999999381601
3209,ASCUS_3_patch11.png,0,611.0399780273438,886.7100219726562,100,100,0.0035999999381601
3210,ASCUS_3_patch11.png,0,595.0,806.0800170898438,100,100,0.0035000001080334
3211,ASCUS_3_patch11.png,0,666.469970703125,958.219970703125,100,100,0.0027000000700354
3212,ASCUS_3_patch11.png,0,617.27001953125,824.280029296875,100,100,0.0027000000700354
3213,ASCUS_3_patch11.png,0,620.6400146484375,792.22998046875,100,100,0.0020999999251216
3214,ASCUS_3_patch11.png,0,644.280029296875,995.4199829101562,100,100,0.001700000022538
3215,ASCUS_3_patch11.png,0,913.2100219726562,23.3799991607666,100,100,0.0040000001899898
3216,ASCUS_3_patch11.png,0,794.1099853515625,8.069999694824219,100,100,0.003000000026077
3217,ASCUS_3_patch11.png,0,940.0599975585938,34.790000915527344,100,100,0.0023000000510364
3218,ASCUS_3_patch11.png,0,799.8499755859375,42.540000915527344,100,100,0.0013999999500811
3219,ASCUS_3_patch11.png,0,912.6300048828124,38.77000045776367,100,100,0.0010999999940395
3220,ASCUS_3_patch11.png,0,983.530029296875,565.0900268554688,100,100,0.0077999997884035
3221,ASCUS_3_patch11.png,0,863.4600219726562,726.239990234375,100,100,0.0046000001020729
3222,ASCUS_3_patch11.png,0,983.5900268554688,543.0599975585938,100,100,0.0032999999821186
3223,ASCUS_3_patch11.png,0,960.1199951171876,544.5599975585938,100,100,0.0031999999191612
3224,ASCUS_3_patch11.png,0,875.0499877929688,741.1500244140625,100,100,0.003000000026077
3225,ASCUS_3_patch11.png,0,844.1300048828125,729.9600219726562,100,100,0.0020000000949949
3226,ASCUS_3_patch11.png,0,990.25,948.8200073242188,100,100,0.0076999999582767
3227,ASCUS_3_patch11.png,0,976.6500244140624,953.6400146484376,100,100,0.0068999999202787
3228,ASCUS_3_patch11.png,0,879.4000244140625,978.469970703125,100,100,0.0035000001080334
3229,ASCUS_3_patch11.png,0,861.7100219726562,977.0599975585938,100,100,0.0031000000890344
3230,ASCUS_3_patch12.png,0,74.42,691.86,100,100,0.6052
3231,ASCUS_3_patch12.png,0,44.18,941.6,100,100,0.6454
3232,ASCUS_3_patch12.png,0,139.43,901.36,100,100,0.5141
3233,ASCUS_3_patch12.png,0,92.78,932.01,100,100,0.3955
3234,ASCUS_3_patch12.png,0,203.06,995.94,100,100,0.3595
3235,ASCUS_3_patch12.png,0,163.96,949.1,100,100,0.2803
3236,ASCUS_3_patch12.png,0,112.81,836.11,100,100,0.228
3237,ASCUS_3_patch12.png,0,128.88999938964844,842.6699829101562,100,100,0.1290999948978424
3238,ASCUS_3_patch12.png,0,181.28,838.29,100,100,0.1214
3239,ASCUS_3_patch12.png,0,10.359999656677246,1004.9199829101562,100,100,0.1115999966859817
3240,ASCUS_3_patch12.png,0,478.87,706.7,100,100,0.6896
3241,ASCUS_3_patch12.png,0,325.43,747.52,100,100,0.6704
3242,ASCUS_3_patch12.png,0,488.2099914550781,691.1699829101562,100,100,0.0140000004321336
3243,ASCUS_3_patch12.png,0,311.6300048828125,739.9400024414062,100,100,0.0104000000283122
3244,ASCUS_3_patch12.png,0,367.45,913.96,100,100,0.539
3245,ASCUS_3_patch12.png,0,269.05,847.27,100,100,0.4498
3246,ASCUS_3_patch12.png,0,409.8,888.93,100,100,0.4074
3247,ASCUS_3_patch12.png,0,397.9500122070313,989.7999877929688,100,100,0.0151000004261732
3248,ASCUS_3_patch12.png,0,622.01,788.15,100,100,0.6804
3249,ASCUS_3_patch12.png,0,552.96,848.76,100,100,0.649
3250,ASCUS_3_patch12.png,0,673.21,869.41,100,100,0.5338
3251,ASCUS_3_patch12.png,0,759.1300048828125,807.47998046875,100,100,0.2576999962329864
3252,ASCUS_3_patch12.png,0,694.969970703125,974.2999877929688,100,100,0.2114000022411346
3253,ASCUS_3_patch12.png,0,566.739990234375,855.0599975585938,100,100,0.0142000000923872
3254,ASCUS_3_patch12.png,0,543.6599731445312,837.6099853515625,100,100,0.0129000004380941
3255,ASCUS_3_patch12.png,0,755.1900024414062,1018.8800048828124,100,100,0.0120999999344348
3256,ASCUS_3_patch12.png,0,978.43,741.45,100,100,0.6492
3257,ASCUS_3_patch12.png,0,971.8900146484376,727.469970703125,100,100,0.0109000001102685
3258,ASCUS_3_patch12.png,0,772.52,777.35,100,100,0.7075
3259,ASCUS_3_patch12.png,0,931.15,828.4,100,100,0.6688
3260,ASCUS_3_patch12.png,0,994.08,1007.42,100,100,0.2679
3261,ASCUS_3_patch12.png,0,808.22998046875,795.0999755859375,100,100,0.0386000014841556
3262,ASCUS_3_patch12.png,0,982.6400146484376,999.530029296875,100,100,0.0364999994635582
3263,ASCUS_3_patch12.png,0,943.1799926757812,834.6300048828125,100,100,0.0109999999403953
3264,ASCUS_3_patch12.png,0,84.37999725341797,678.1199951171875,100,100,0.0066999997943639
3265,ASCUS_3_patch12.png,0,44.43000030517578,677.25,100,100,0.0052000000141561
3266,ASCUS_3_patch12.png,0,68.37000274658203,676.7999877929688,100,100,0.0035999999381601
3267,ASCUS_3_patch12.png,0,90.4800033569336,695.0800170898438,100,100,0.0032999999821186
3268,ASCUS_3_patch12.png,0,339.69000244140625,738.02001953125,100,100,0.0074000000022351
3269,ASCUS_3_patch12.png,0,337.79998779296875,756.7899780273438,100,100,0.0059000002220273
3270,ASCUS_3_patch12.png,0,322.239990234375,728.97998046875,100,100,0.002199999988079
3271,ASCUS_3_patch12.png,0,472.739990234375,689.9099731445312,100,100,0.0020999999251216
3272,ASCUS_3_patch12.png,0,495.6099853515625,705.6500244140625,100,100,0.0012000000569969
3273,ASCUS_3_patch12.png,0,357.2099914550781,905.8400268554688,100,100,0.0066999997943639
3274,ASCUS_3_patch12.png,0,268.6600036621094,978.27001953125,100,100,0.0020000000949949
3275,ASCUS_3_patch12.png,0,355.6099853515625,921.5800170898438,100,100,0.0019000000320374
3276,ASCUS_3_patch12.png,0,389.2300109863281,900.1599731445312,100,100,0.0015999999595806
3277,ASCUS_3_patch12.png,0,763.1900024414062,764.77001953125,100,100,0.0040000001899898
3278,ASCUS_3_patch12.png,0,656.7100219726562,865.8900146484375,100,100,0.0091000003740191
3279,ASCUS_3_patch12.png,0,683.4299926757812,966.5800170898438,100,100,0.0068999999202787
3280,ASCUS_3_patch12.png,0,694.0,864.3400268554688,100,100,0.0066999997943639
3281,ASCUS_3_patch12.png,0,632.760009765625,902.0499877929688,100,100,0.0057999999262392
3282,ASCUS_3_patch12.png,0,546.0700073242188,861.2899780273438,100,100,0.0055999998003244
3283,ASCUS_3_patch12.png,0,708.1099853515625,969.8400268554688,100,100,0.0049999998882412
3284,ASCUS_3_patch12.png,0,632.0900268554688,776.77001953125,100,100,0.0048000002279877
3285,ASCUS_3_patch12.png,0,683.760009765625,879.219970703125,100,100,0.0043999999761581
3286,ASCUS_3_patch12.png,0,704.5700073242188,920.77001953125,100,100,0.0043000001460313
3287,ASCUS_3_patch12.png,0,604.1099853515625,787.4199829101562,100,100,0.0037000000011175
3288,ASCUS_3_patch12.png,0,611.969970703125,775.1699829101562,100,100,0.003400000045076
3289,ASCUS_3_patch12.png,0,563.9199829101562,836.780029296875,100,100,0.0031000000890344
3290,ASCUS_3_patch12.png,0,670.22998046875,851.5399780273438,100,100,0.0020999999251216
3291,ASCUS_3_patch12.png,0,667.030029296875,881.8900146484375,100,100,0.0015999999595806
3292,ASCUS_3_patch12.png,0,700.6699829101562,1014.5700073242188,100,100,0.001300000003539
3293,ASCUS_3_patch12.png,0,988.7899780273438,730.2000122070312,100,100,0.0066999997943639
3294,ASCUS_3_patch12.png,0,963.719970703125,738.3099975585938,100,100,0.0063999998383224
3295,ASCUS_3_patch12.png,0,781.1300048828125,764.72998046875,100,100,0.0046000001020729
3296,ASCUS_3_patch12.png,0,994.1900024414062,746.5999755859375,100,100,0.00179999996908
3297,ASCUS_3_patch12.png,0,989.2999877929688,986.239990234375,100,100,0.001700000022538
3298,HSIL_12_patch02.png,0,148.47999572753906,433.80999755859375,100,100,0.0579999983310699
3299,HSIL_12_patch02.png,0,192.33999633789065,408.3900146484375,100,100,0.0227000005543231
3300,HSIL_12_patch02.png,0,116.73,741.61,100,100,0.2214
3301,HSIL_12_patch02.png,0,205.92999267578125,550.7899780273438,100,100,0.0264999996870756
3302,HSIL_12_patch02.png,0,87.30000305175781,541.8900146484375,100,100,0.0166999995708465
3303,HSIL_12_patch02.png,0,239.8699951171875,527.3300170898438,100,100,0.0157999992370605
3304,HSIL_12_patch02.png,0,135.3800048828125,712.7000122070312,100,100,0.0122999995946884
3305,HSIL_12_patch02.png,0,111.9,846.8,100,100,0.7255
3306,HSIL_12_patch02.png,0,81.54000091552734,999.1900024414062,100,100,0.0789000019431114
3307,HSIL_12_patch02.png,0,183.7100067138672,953.510009765625,100,100,0.0142000000923872
3308,HSIL_12_patch02.png,0,83.66000366210938,872.22998046875,100,100,0.012699999846518
3309,HSIL_12_patch02.png,0,225.08999633789065,952.3300170898438,100,100,0.0114000001922249
3310,HSIL_12_patch02.png,0,433.5700073242188,457.5,100,100,0.0546000003814697
3311,HSIL_12_patch02.png,0,405.6400146484375,431.5199890136719,100,100,0.0171000007539987
3312,HSIL_12_patch02.png,0,440.45,662.8,100,100,0.6152
3313,HSIL_12_patch02.png,0,270.70001220703125,564.1300048828125,100,100,0.0463000014424324
3314,HSIL_12_patch02.png,0,410.6499938964844,696.9600219726562,100,100,0.0337999984622001
3315,HSIL_12_patch02.png,0,471.7000122070313,766.27001953125,100,100,0.0228000003844499
3316,HSIL_12_patch02.png,0,344.1700134277344,587.9199829101562,100,100,0.0172000005841255
3317,HSIL_12_patch02.png,0,376.1300048828125,639.75,100,100,0.013600000180304
3318,HSIL_12_patch02.png,0,445.80999755859375,748.489990234375,100,100,0.0131999999284744
3319,HSIL_12_patch02.png,0,333.46,906.83,100,100,0.477
3320,HSIL_12_patch02.png,0,436.65,850.34,100,100,0.4487
3321,HSIL_12_patch02.png,0,425.4,974.98,100,100,0.3981
3322,HSIL_12_patch02.png,0,476.6799926757813,889.760009765625,100,100,0.0891999974846839
3323,HSIL_12_patch02.png,0,347.2799987792969,980.97998046875,100,100,0.0362999998033046
3324,HSIL_12_patch02.png,0,438.2799987792969,889.1500244140625,100,100,0.0307000000029802
3325,HSIL_12_patch02.png,0,370.6799926757813,804.739990234375,100,100,0.0204000007361173
3326,HSIL_12_patch02.png,0,369.5,788.75,100,100,0.0132999997586011
3327,HSIL_12_patch02.png,0,602.65,659.23,100,100,0.6877
3328,HSIL_12_patch02.png,0,749.4,760.98,100,100,0.5876
3329,HSIL_12_patch02.png,0,618.0800170898438,656.3300170898438,100,100,0.0110999997705221
3330,HSIL_12_patch02.png,0,720.32,886.8,100,100,0.6218
3331,HSIL_12_patch02.png,0,667.8300170898438,797.4000244140625,100,100,0.189300000667572
3332,HSIL_12_patch02.png,0,629.2100219726562,782.0900268554688,100,100,0.0725999996066093
3333,HSIL_12_patch02.png,0,723.8800048828125,998.780029296875,100,100,0.0366000011563301
3334,HSIL_12_patch02.png,0,660.9199829101562,982.4199829101562,100,100,0.0285000000149011
3335,HSIL_12_patch02.png,0,677.219970703125,896.7999877929688,100,100,0.0175999999046325
3336,HSIL_12_patch02.png,0,752.6599731445312,928.22998046875,100,100,0.0142999999225139
3337,HSIL_12_patch02.png,0,683.1400146484375,1009.0,100,100,0.0140000004321336
3338,HSIL_12_patch02.png,0,594.5,1016.97998046875,100,100,0.0116999996826052
3339,HSIL_12_patch02.png,0,597.4500122070312,978.1099853515624,100,100,0.0111999996006488
3340,HSIL_12_patch02.png,0,1005.4000244140624,4.760000228881836,100,100,0.015599999576807
3341,HSIL_12_patch02.png,0,836.0999755859375,764.7100219726562,100,100,0.0604000017046928
3342,HSIL_12_patch02.png,0,921.11,897.36,100,100,0.3485
3343,HSIL_12_patch02.png,0,978.469970703125,1008.6599731445312,100,100,0.0998999997973442
3344,HSIL_12_patch02.png,0,859.719970703125,781.7999877929688,100,100,0.0945999994874
3345,HSIL_12_patch02.png,0,802.25,979.8699951171876,100,100,0.0443999990820884
3346,HSIL_12_patch02.png,0,878.75,964.0599975585938,100,100,0.0313000008463859
3347,HSIL_12_patch02.png,0,1013.8699951171876,781.760009765625,100,100,0.0217000003904104
3348,HSIL_12_patch02.png,0,826.22998046875,941.0599975585938,100,100,0.0133999995887279
3349,HSIL_12_patch02.png,0,911.0499877929688,1014.9600219726562,100,100,0.0121999997645616
3350,HSIL_12_patch02.png,0,12.619999885559082,997.2100219726562,100,100,0.0065999999642372
3351,HSIL_12_patch02.png,0,127.13999938964844,851.280029296875,100,100,0.0062000001780688
3352,HSIL_12_patch02.png,0,107.27999877929688,832.760009765625,100,100,0.0049000000581145
3353,HSIL_12_patch02.png,0,86.97000122070312,1011.1799926757812,100,100,0.0035000001080334
3354,HSIL_12_patch02.png,0,97.16999816894533,855.5800170898438,100,100,0.0031000000890344
3355,HSIL_12_patch02.png,0,124.63999938964844,835.489990234375,100,100,0.0019000000320374
3356,HSIL_12_patch02.png,0,447.7799987792969,650.530029296875,100,100,0.008899999782443
3357,HSIL_12_patch02.png,0,460.3299865722656,661.6500244140625,100,100,0.0044999998062849
3358,HSIL_12_patch02.png,0,430.4800109863281,650.239990234375,100,100,0.0019000000320374
3359,HSIL_12_patch02.png,0,296.489990234375,998.8099975585938,100,100,0.0087000001221895
3360,HSIL_12_patch02.png,0,435.1099853515625,964.3499755859376,100,100,0.0081000002101063
3361,HSIL_12_patch02.png,0,321.8299865722656,900.760009765625,100,100,0.0071999998763203
3362,HSIL_12_patch02.png,0,493.4299926757813,870.760009765625,100,100,0.0068999999202787
3363,HSIL_12_patch02.png,0,419.25,962.6599731445312,100,100,0.0043000001460313
3364,HSIL_12_patch02.png,0,457.010009765625,995.0599975585938,100,100,0.0040000001899898
3365,HSIL_12_patch02.png,0,365.0299987792969,888.6699829101562,100,100,0.0031999999191612
3366,HSIL_12_patch02.png,0,348.5799865722656,896.3400268554688,100,100,0.00179999996908
3367,HSIL_12_patch02.png,0,434.2300109863281,867.8300170898438,100,100,0.0013999999500811
3368,HSIL_12_patch02.png,0,586.9400024414062,654.3499755859375,100,100,0.0065999999642372
3369,HSIL_12_patch02.png,0,755.8099975585938,746.510009765625,100,100,0.0063999998383224
3370,HSIL_12_patch02.png,0,577.9000244140625,632.4600219726562,100,100,0.0059000002220273
3371,HSIL_12_patch02.png,0,596.3499755859375,671.969970703125,100,100,0.003400000045076
3372,HSIL_12_patch02.png,0,731.3400268554688,745.6599731445312,100,100,0.0019000000320374
3373,HSIL_12_patch02.png,0,731.989990234375,760.489990234375,100,100,0.00179999996908
3374,HSIL_12_patch02.png,0,706.2000122070312,888.3800048828125,100,100,0.0093000000342726
3375,HSIL_12_patch02.png,0,735.2999877929688,891.25,100,100,0.0071000000461936
3376,HSIL_12_patch02.png,0,712.52001953125,875.030029296875,100,100,0.0043999999761581
3377,HSIL_12_patch02.png,0,761.989990234375,768.1599731445312,100,100,0.0024999999441206
3378,HSIL_12_patch02.png,0,734.1400146484375,877.780029296875,100,100,0.0020000000949949
3379,HSIL_12_patch02.png,0,741.4400024414062,1018.0599975585938,100,100,0.0015000000130385
3380,HSIL_12_patch02.png,0,718.1599731445312,899.6400146484375,100,100,0.0012000000569969
3381,HSIL_12_patch02.png,0,932.75,886.4500122070312,100,100,0.009800000116229
3382,HSIL_12_patch02.png,0,939.4099731445312,911.4600219726562,100,100,0.0068999999202787
3383,HSIL_12_patch02.png,0,909.6699829101562,889.4199829101562,100,100,0.0049999998882412
3384,HSIL_12_patch02.png,0,884.3499755859375,888.8900146484375,100,100,0.0023000000510364
3385,HSIL_12_patch02.png,0,881.7899780273438,801.5900268554688,100,100,0.0015999999595806
3386,HSIL_12_patch03.png,0,215.76,202.35,100,100,0.3593
3387,HSIL_12_patch03.png,0,157.18,114.18,100,100,0.3042
3388,HSIL_12_patch03.png,0,193.25,119.0,100,100,0.2766999900341034
3389,HSIL_12_patch03.png,0,235.79,122.15,100,100,0.2514
3390,HSIL_12_patch03.png,0,13.68,48.01,100,100,0.2175
3391,HSIL_12_patch03.png,0,22.98,215.68,100,100,0.1637
3392,HSIL_12_patch03.png,0,229.75,141.4199981689453,100,100,0.1546999961137771
3393,HSIL_12_patch03.png,0,154.25,207.05999755859372,100,100,0.150299996137619
3394,HSIL_12_patch03.png,0,182.3500061035156,234.0500030517578,100,100,0.1150000020861625
3395,HSIL_12_patch03.png,0,207.1199951171875,152.89999389648438,100,100,0.1011999994516372
3396,HSIL_12_patch03.png,0,22.280000686645508,145.9199981689453,100,100,0.0494999997317791
3397,HSIL_12_patch03.png,0,18.530000686645508,85.48999786376953,100,100,0.046799998730421
3398,HSIL_12_patch03.png,0,10.119999885559082,226.3500061035156,100,100,0.0421999990940094
3399,HSIL_12_patch03.png,0,17.90999984741211,165.13999938964844,100,100,0.0397000014781951
3400,HSIL_12_patch03.png,0,73.41999816894531,183.82000732421875,100,100,0.0289999991655349
3401,HSIL_12_patch03.png,0,167.22999572753906,197.72999572753903,100,100,0.0184000004082918
3402,HSIL_12_patch03.png,0,244.1100006103516,160.9199981689453,100,100,0.0161000005900859
3403,HSIL_12_patch03.png,0,10.399999618530272,154.19000244140625,100,100,0.012699999846518
3404,HSIL_12_patch03.png,0,240.31,471.63,100,100,0.371
3405,HSIL_12_patch03.png,0,212.27999877929688,428.3200073242188,100,100,0.2452999949455261
3406,HSIL_12_patch03.png,0,194.25,469.2900085449219,100,100,0.1899999976158142
3407,HSIL_12_patch03.png,0,123.87999725341795,314.6499938964844,100,100,0.1898999959230423
3408,HSIL_12_patch03.png,0,221.6300048828125,320.1300048828125,100,100,0.1872999966144561
3409,HSIL_12_patch03.png,0,159.27000427246094,305.5,100,100,0.1724999994039535
3410,HSIL_12_patch03.png,0,148.64999389648438,469.9299926757813,100,100,0.1677999943494796
3411,HSIL_12_patch03.png,0,59.31,341.24,100,100,0.149
3412,HSIL_12_patch03.png,0,74.18000030517578,425.8200073242188,100,100,0.0905999988317489
3413,HSIL_12_patch03.png,0,117.77999877929688,465.239990234375,100,100,0.0864999964833259
3414,HSIL_12_patch03.png,0,193.50999450683597,278.4800109863281,100,100,0.0700000002980232
3415,HSIL_12_patch03.png,0,139.6699981689453,502.1900024414063,100,100,0.067500002682209
3416,HSIL_12_patch03.png,0,10.100000381469728,321.3599853515625,100,100,0.0617999993264675
3417,HSIL_12_patch03.png,0,29.440000534057617,365.3200073242188,100,100,0.0533999986946582
3418,HSIL_12_patch03.png,0,231.6300048828125,403.739990234375,100,100,0.0476000010967254
3419,HSIL_12_patch03.png,0,100.91000366210938,356.4200134277344,100,100,0.0381999984383583
3420,HSIL_12_patch03.png,0,178.66000366210938,423.3999938964844,100,100,0.0320000015199184
3421,HSIL_12_patch03.png,0,198.33999633789065,353.3500061035156,100,100,0.0137000000104308
3422,HSIL_12_patch03.png,0,166.10000610351562,432.7699890136719,100,100,0.010700000450015
3423,HSIL_12_patch03.png,0,147.79,681.92,100,100,0.5114
3424,HSIL_12_patch03.png,0,246.66,514.44,100,100,0.3175
3425,HSIL_12_patch03.png,0,54.34000015258789,540.4299926757812,100,100,0.2522000074386596
3426,HSIL_12_patch03.png,0,73.7300033569336,671.8099975585938,100,100,0.1833000034093856
3427,HSIL_12_patch03.png,0,234.54,685.73,100,100,0.1454
3428,HSIL_12_patch03.png,0,144.75999450683594,578.3099975585938,100,100,0.1383000016212463
3429,HSIL_12_patch03.png,0,252.52999877929688,596.6699829101562,100,100,0.1257999986410141
3430,HSIL_12_patch03.png,0,33.84000015258789,669.25,100,100,0.0430999994277954
3431,HSIL_12_patch03.png,0,77.19999694824219,700.27001953125,100,100,0.0428000018000602
3432,HSIL_12_patch03.png,0,186.91000366210935,580.3599853515625,100,100,0.0406000018119812
3433,HSIL_12_patch03.png,0,140.89999389648438,550.2999877929688,100,100,0.0337000004947185
3434,HSIL_12_patch03.png,0,13.890000343322754,633.6400146484375,100,100,0.0204000007361173
3435,HSIL_12_patch03.png,0,177.8000030517578,519.8800048828125,100,100,0.0135000003501772
3436,HSIL_12_patch03.png,0,44.41999816894531,588.739990234375,100,100,0.0129000004380941
3437,HSIL_12_patch03.png,0,161.46,808.42,100,100,0.6437
3438,HSIL_12_patch03.png,0,241.06,933.8,100,100,0.5895
3439,HSIL_12_patch03.png,0,150.18,933.1,100,100,0.4872
3440,HSIL_12_patch03.png,0,234.16,994.66,100,100,0.2632
3441,HSIL_12_patch03.png,0,240.0,1023.0,100,100,0.2502399981021881
3442,HSIL_12_patch03.png,0,149.0,1023.0,100,100,0.2048783302307129
3443,HSIL_12_patch03.png,0,17.14,784.1,100,100,0.2007
3444,HSIL_12_patch03.png,0,220.17,870.56,100,100,0.1941
3445,HSIL_12_patch03.png,0,223.8000030517578,797.1300048828125,100,100,0.1167000010609626
3446,HSIL_12_patch03.png,0,351.9599914550781,100.25,100,100,0.2750999927520752
3447,HSIL_12_patch03.png,0,261.8099975585937,153.97000122070312,100,100,0.1679999977350235
3448,HSIL_12_patch03.png,0,468.6700134277344,17.170000076293945,100,100,0.1642999947071075
3449,HSIL_12_patch03.png,0,306.9100036621094,150.0,100,100,0.1394000053405761
3450,HSIL_12_patch03.png,0,267.7099914550781,188.1000061035156,100,100,0.1155000030994415
3451,HSIL_12_patch03.png,0,420.0400085449219,209.32000732421875,100,100,0.1031000018119812
3452,HSIL_12_patch03.png,0,275.7799987792969,366.7300109863281,100,100,0.1500000059604644
3453,HSIL_12_patch03.png,0,330.8399963378906,297.19000244140625,100,100,0.0772000029683113
3454,HSIL_12_patch03.png,0,306.69000244140625,471.489990234375,100,100,0.0653999969363212
3455,HSIL_12_patch03.png,0,471.1400146484375,390.5700073242188,100,100,0.0635000020265579
3456,HSIL_12_patch03.png,0,350.4700012207031,479.9700012207031,100,100,0.0520999990403652
3457,HSIL_12_patch03.png,0,335.7799987792969,454.3299865722656,100,100,0.046399999409914
3458,HSIL_12_patch03.png,0,278.4100036621094,303.92999267578125,100,100,0.0399000011384487
3459,HSIL_12_patch03.png,0,468.6300048828125,303.7099914550781,100,100,0.0388000011444091
3460,HSIL_12_patch03.png,0,314.1499938964844,324.75,100,100,0.0287999995052814
3461,HSIL_12_patch03.png,0,440.5799865722656,353.82000732421875,100,100,0.0276999995112419
3462,HSIL_12_patch03.png,0,348.6499938964844,336.760009765625,100,100,0.0154999997466802
3463,HSIL_12_patch03.png,0,484.80999755859375,405.4100036621094,100,100,0.0113000003620982
3464,HSIL_12_patch03.png,0,348.48,698.62,100,100,0.3575
3465,HSIL_12_patch03.png,0,297.70001220703125,735.9400024414062,100,100,0.2002999931573867
3466,HSIL_12_patch03.png,0,275.6700134277344,690.8599853515625,100,100,0.1266999989748001
3467,HSIL_12_patch03.png,0,258.5899963378906,651.219970703125,100,100,0.1174999997019767
3468,HSIL_12_patch03.png,0,447.37,890.07,100,100,0.2353
3469,HSIL_12_patch03.png,0,477.99,990.92,100,100,0.2286
3470,HSIL_12_patch03.png,0,449.21,849.89,100,100,0.2088
3471,HSIL_12_patch03.png,0,408.14,902.34,100,100,0.187
3472,HSIL_12_patch03.png,0,357.3999938964844,906.8499755859376,100,100,0.1159000024199485
3473,HSIL_12_patch03.png,0,448.0799865722656,799.6900024414062,100,100,0.1112999990582466
3474,HSIL_12_patch03.png,0,386.2799987792969,781.3699951171875,100,100,0.1093999966979026
3475,HSIL_12_patch03.png,0,404.2200012207031,869.8599853515625,100,100,0.1075000017881393
3476,HSIL_12_patch03.png,0,428.6900024414063,772.9400024414062,100,100,0.0828000009059906
3477,HSIL_12_patch03.png,0,352.54998779296875,852.719970703125,100,100,0.0815000012516975
3478,HSIL_12_patch03.png,0,509.2799987792969,885.6300048828125,100,100,0.0395000018179416
3479,HSIL_12_patch03.png,0,268.5599975585937,927.7000122070312,100,100,0.0187999997287988
3480,HSIL_12_patch03.png,0,499.1300048828125,980.3499755859376,100,100,0.017799999564886
3481,HSIL_12_patch03.png,0,384.2200012207031,1013.9099731445312,100,100,0.0159000009298324
3482,HSIL_12_patch03.png,0,300.3900146484375,794.2999877929688,100,100,0.0114000001922249
3483,HSIL_12_patch03.png,0,644.35,46.12,100,100,0.4874
3484,HSIL_12_patch03.png,0,617.32,100.47,100,100,0.3897
3485,HSIL_12_patch03.png,0,686.85,117.31,100,100,0.3447
3486,HSIL_12_patch03.png,0,549.12,45.23,100,100,0.2563
3487,HSIL_12_patch03.png,0,668.0,230.7100067138672,100,100,0.2551999986171722
3488,HSIL_12_patch03.png,0,529.28,126.85,100,100,0.2129
3489,HSIL_12_patch03.png,0,595.7999877929688,140.82000732421875,100,100,0.1887000054121017
3490,HSIL_12_patch03.png,0,588.04,18.6,100,100,0.1831
3491,HSIL_12_patch03.png,0,610.3400268554688,200.88999938964844,100,100,0.1546999961137771
3492,HSIL_12_patch03.png,0,586.1,4.3,100,100,0.1331
3493,HSIL_12_patch03.png,0,646.0800170898438,10.84000015258789,100,100,0.1149000003933906
3494,HSIL_12_patch03.png,0,577.6199951171875,117.22000122070312,100,100,0.1124000027775764
3495,HSIL_12_patch03.png,0,627.35,382.09,100,100,0.3932
3496,HSIL_12_patch03.png,0,753.9299926757812,379.1400146484375,100,100,0.2739999890327453
3497,HSIL_12_patch03.png,0,529.3099975585938,413.4200134277344,100,100,0.1396999955177307
3498,HSIL_12_patch03.png,0,738.2000122070312,268.0799865722656,100,100,0.0581000000238418
3499,HSIL_12_patch03.png,0,696.52001953125,475.4400024414063,100,100,0.0573999993503093
3500,HSIL_12_patch03.png,0,668.530029296875,468.8599853515625,100,100,0.0548000000417232
3501,HSIL_12_patch03.png,0,590.3099975585938,309.82000732421875,100,100,0.0513000003993511
3502,HSIL_12_patch03.png,0,618.6900024414062,505.5799865722656,100,100,0.0452000014483928
3503,HSIL_12_patch03.png,0,634.6799926757812,477.1300048828125,100,100,0.0405000001192092
3504,HSIL_12_patch03.png,0,736.1900024414062,488.4200134277344,100,100,0.0373999997973442
3505,HSIL_12_patch03.png,0,582.8400268554688,352.6400146484375,100,100,0.0328000001609325
3506,HSIL_12_patch03.png,0,600.8499755859375,486.5400085449219,100,100,0.0293000005185604
3507,HSIL_12_patch03.png,0,708.030029296875,261.8800048828125,100,100,0.0272000003606081
3508,HSIL_12_patch03.png,0,575.9600219726562,339.1000061035156,100,100,0.0216000005602836
3509,HSIL_12_patch03.png,0,729.0399780273438,431.4500122070313,100,100,0.0208000000566244
3510,HSIL_12_patch03.png,0,630.7,549.4,100,100,0.3246
3511,HSIL_12_patch03.png,0,695.18,718.08,100,100,0.3021
3512,HSIL_12_patch03.png,0,617.8200073242188,735.5399780273438,100,100,0.123599998652935
3513,HSIL_12_patch03.png,0,662.8499755859375,512.1900024414062,100,100,0.1013000011444091
3514,HSIL_12_patch03.png,0,524.2000122070312,765.1900024414062,100,100,0.0753000006079673
3515,HSIL_12_patch03.png,0,608.8800048828125,520.1199951171875,100,100,0.0741999968886375
3516,HSIL_12_patch03.png,0,588.9199829101562,543.489990234375,100,100,0.0706999972462654
3517,HSIL_12_patch03.png,0,529.8900146484375,684.6699829101562,100,100,0.0560999996960163
3518,HSIL_12_patch03.png,0,563.6500244140625,680.6300048828125,100,100,0.0542999990284442
3519,HSIL_12_patch03.png,0,638.9099731445312,563.3499755859375,100,100,0.049600001424551
3520,HSIL_12_patch03.png,0,671.719970703125,541.52001953125,100,100,0.0386000014841556
3521,HSIL_12_patch03.png,0,521.1799926757812,586.0,100,100,0.0351999998092651
3522,HSIL_12_patch03.png,0,667.0,740.1400146484375,100,100,0.0337000004947185
3523,HSIL_12_patch03.png,0,615.7999877929688,608.22998046875,100,100,0.0273000001907348
3524,HSIL_12_patch03.png,0,697.0399780273438,678.3699951171875,100,100,0.0230999998748302
3525,HSIL_12_patch03.png,0,590.6900024414062,711.6699829101562,100,100,0.0186000000685453
3526,HSIL_12_patch03.png,0,590.0,672.8499755859375,100,100,0.0165999997407197
3527,HSIL_12_patch03.png,0,535.5900268554688,752.8900146484375,100,100,0.0118000004440546
3528,HSIL_12_patch03.png,0,730.33,846.95,100,100,0.6675
3529,HSIL_12_patch03.png,0,754.61,781.99,100,100,0.3326
3530,HSIL_12_patch03.png,0,551.36,855.16,100,100,0.2682
3531,HSIL_12_patch03.png,0,516.7899780273438,804.77001953125,100,100,0.1133999973535537
3532,HSIL_12_patch03.png,0,680.4199829101562,898.969970703125,100,100,0.1035000011324882
3533,HSIL_12_patch03.png,0,558.3599853515625,864.72998046875,100,100,0.0815000012516975
3534,HSIL_12_patch03.png,0,646.52001953125,776.5499877929688,100,100,0.0577999986708164
3535,HSIL_12_patch03.png,0,631.8800048828125,823.9299926757812,100,100,0.0573999993503093
3536,HSIL_12_patch03.png,0,632.9299926757812,859.2999877929688,100,100,0.0322000011801719
3537,HSIL_12_patch03.png,0,601.5700073242188,808.9199829101562,100,100,0.0238000005483627
3538,HSIL_12_patch03.png,0,575.6199951171875,1017.010009765625,100,100,0.0200999993830919
3539,HSIL_12_patch03.png,0,717.219970703125,1013.719970703125,100,100,0.018300000578165
3540,HSIL_12_patch03.png,0,631.1300048828125,807.8499755859375,100,100,0.0140000004321336
3541,HSIL_12_patch03.png,0,653.8099975585938,1018.219970703125,100,100,0.0138999996706843
3542,HSIL_12_patch03.png,0,735.8900146484375,980.3599853515624,100,100,0.0116999996826052
3543,HSIL_12_patch03.png,0,981.94,137.57,100,100,0.457
3544,HSIL_12_patch03.png,0,848.43,128.84,100,100,0.3035
3545,HSIL_12_patch03.png,0,940.46,142.39,100,100,0.2983
3546,HSIL_12_patch03.png,0,843.55,13.5,100,100,0.2193
3547,HSIL_12_patch03.png,0,797.52,71.7,100,100,0.2158
3548,HSIL_12_patch03.png,0,862.51,36.17,100,100,0.1825
3549,HSIL_12_patch03.png,0,924.2,203.81,100,100,0.1597
3550,HSIL_12_patch03.png,0,844.4000244140625,95.55999755859376,100,100,0.1254000067710876
3551,HSIL_12_patch03.png,0,934.5700073242188,7.920000076293945,100,100,0.1172999963164329
3552,HSIL_12_patch03.png,0,780.1900024414062,121.61000061035156,100,100,0.1040000021457672
3553,HSIL_12_patch03.png,0,768.9099731445312,255.7899932861328,100,100,0.098300002515316
3554,HSIL_12_patch03.png,0,800.2999877929688,145.07000732421875,100,100,0.0825999975204467
3555,HSIL_12_patch03.png,0,1015.1500244140624,111.0,100,100,0.0450999997556209
3556,HSIL_12_patch03.png,0,1009.239990234375,175.1199951171875,100,100,0.0233999993652105
3557,HSIL_12_patch03.png,0,1015.239990234375,227.1699981689453,100,100,0.0173000004142522
3558,HSIL_12_patch03.png,0,857.1699829101562,22.450000762939453,100,100,0.0124000003561377
3559,HSIL_12_patch03.png,0,817.15,364.29,100,100,0.3517
3560,HSIL_12_patch03.png,0,790.5900268554688,428.6000061035156,100,100,0.2676999866962433
3561,HSIL_12_patch03.png,0,902.9500122070312,333.3999938964844,100,100,0.1808000057935714
3562,HSIL_12_patch03.png,0,858.2,418.88,100,100,0.1524
3563,HSIL_12_patch03.png,0,869.739990234375,345.17999267578125,100,100,0.1405999958515167
3564,HSIL_12_patch03.png,0,868.1099853515625,311.8699951171875,100,100,0.093299999833107
3565,HSIL_12_patch03.png,0,800.3800048828125,273.4800109863281,100,100,0.0777999982237815
3566,HSIL_12_patch03.png,0,1002.5399780273438,445.9400024414063,100,100,0.0505999997258186
3567,HSIL_12_patch03.png,0,832.8200073242188,458.260009765625,100,100,0.0366000011563301
3568,HSIL_12_patch03.png,0,916.25,373.9800109863281,100,100,0.0267999991774559
3569,HSIL_12_patch03.png,0,916.1099853515624,448.5400085449219,100,100,0.0237000007182359
3570,HSIL_12_patch03.png,0,843.3499755859375,503.7699890136719,100,100,0.0205000005662441
3571,HSIL_12_patch03.png,0,854.5499877929688,304.6199951171875,100,100,0.0142000000923872
3572,HSIL_12_patch03.png,0,847.3300170898438,409.010009765625,100,100,0.0129000004380941
3573,HSIL_12_patch03.png,0,783.42,530.51,100,100,0.3737
3574,HSIL_12_patch03.png,0,995.25,612.69,100,100,0.3313
3575,HSIL_12_patch03.png,0,977.67,558.9,100,100,0.2262
3576,HSIL_12_patch03.png,0,914.98,687.27,100,100,0.1972
3577,HSIL_12_patch03.png,0,768.5499877929688,685.1699829101562,100,100,0.1298999935388565
3578,HSIL_12_patch03.png,0,876.77,832.74,100,100,0.2685
3579,HSIL_12_patch03.png,0,975.48,778.8,100,100,0.1987
3580,HSIL_12_patch03.png,0,1007.6900024414062,922.9199829101562,100,100,0.1756999939680099
3581,HSIL_12_patch03.png,0,784.6699829101562,845.9299926757812,100,100,0.1432999968528747
3582,HSIL_12_patch03.png,0,849.3099975585938,843.9500122070312,100,100,0.0758000016212463
3583,HSIL_12_patch03.png,0,964.1199951171876,967.02001953125,100,100,0.0564000010490417
3584,HSIL_12_patch03.png,0,845.5,1013.8699951171876,100,100,0.0264999996870756
3585,HSIL_12_patch03.png,0,879.3400268554688,899.5800170898438,100,100,0.0245999991893768
3586,HSIL_12_patch03.png,0,907.8400268554688,950.52001953125,100,100,0.0208999998867511
3587,HSIL_12_patch03.png,0,923.0800170898438,1006.5599975585938,100,100,0.0188999995589256
3588,HSIL_12_patch03.png,0,801.280029296875,892.02001953125,100,100,0.0184000004082918
3589,HSIL_12_patch03.png,0,1018.97998046875,971.9600219726562,100,100,0.0157999992370605
3590,HSIL_12_patch03.png,0,826.5499877929688,788.3400268554688,100,100,0.0148999998345971
3591,HSIL_12_patch03.png,0,932.8300170898438,901.8300170898438,100,100,0.0113000003620982
3592,HSIL_12_patch03.png,0,1002.47998046875,770.5,100,100,0.0111999996006488
3593,HSIL_12_patch03.png,0,60.83000183105469,201.0200042724609,100,100,0.0055999998003244
3594,HSIL_12_patch03.png,0,170.22000122070312,219.22000122070312,100,100,0.0046999999321997
3595,HSIL_12_patch03.png,0,203.2899932861328,217.13999938964844,100,100,0.0024999999441206
3596,HSIL_12_patch03.png,0,227.4499969482422,107.98999786376952,100,100,0.0023000000510364
3597,HSIL_12_patch03.png,0,21.670000076293945,5.289999961853027,100,100,0.0020999999251216
3598,HSIL_12_patch03.png,0,25.420000076293945,196.4900054931641,100,100,0.0020000000949949
3599,HSIL_12_patch03.png,0,205.5500030517578,191.94000244140625,100,100,0.0015000000130385
3600,HSIL_12_patch03.png,0,176.1699981689453,301.82000732421875,100,100,0.0049000000581145
3601,HSIL_12_patch03.png,0,207.91000366210935,306.4800109863281,100,100,0.0027000000700354
3602,HSIL_12_patch03.png,0,7.159999847412109,480.7000122070313,100,100,0.0024000001139938
3603,HSIL_12_patch03.png,0,240.19000244140625,450.6000061035156,100,100,0.0012000000569969
3604,HSIL_12_patch03.png,0,158.75,670.9400024414062,100,100,0.0057999999262392
3605,HSIL_12_patch03.png,0,60.43000030517578,528.3200073242188,100,100,0.0032999999821186
3606,HSIL_12_patch03.png,0,100.51000213623048,686.3200073242188,100,100,0.0024999999441206
3607,HSIL_12_patch03.png,0,158.6199951171875,690.72998046875,100,100,0.0015999999595806
3608,HSIL_12_patch03.png,0,131.75999450683594,682.7999877929688,100,100,0.001300000003539
3609,HSIL_12_patch03.png,0,277.1400146484375,323.92999267578125,100,100,0.0024000001139938
3610,HSIL_12_patch03.png,0,461.1799926757813,879.9600219726562,100,100,0.0031999999191612
3611,HSIL_12_patch03.png,0,468.3200073242188,982.5499877929688,100,100,0.0027999999001622
3612,HSIL_12_patch03.png,0,459.9100036621094,838.4500122070312,100,100,0.0013999999500811
3613,HSIL_12_patch03.png,0,498.5400085449219,876.3499755859375,100,100,0.0010999999940395
3614,HSIL_12_patch03.png,0,635.3699951171875,363.6000061035156,100,100,0.0032999999821186
3615,HSIL_12_patch03.png,0,619.3599853515625,480.239990234375,100,100,0.0031999999191612
3616,HSIL_12_patch03.png,0,648.0800170898438,467.1099853515625,100,100,0.0020000000949949
3617,HSIL_12_patch03.png,0,715.0,477.4700012207031,100,100,0.0019000000320374
3618,HSIL_12_patch03.png,0,694.0599975585938,553.7000122070312,100,100,0.0037000000011175
3619,HSIL_12_patch03.png,0,747.010009765625,686.47998046875,100,100,0.003400000045076
3620,HSIL_12_patch03.png,0,631.4299926757812,723.280029296875,100,100,0.0024000001139938
3621,HSIL_12_patch03.png,0,586.8699951171875,725.5999755859375,100,100,0.0015000000130385
3622,HSIL_12_patch03.png,0,659.9099731445312,754.010009765625,100,100,0.0015000000130385
3623,HSIL_12_patch03.png,0,710.260009765625,777.510009765625,100,100,0.0091000003740191
3624,HSIL_12_patch03.png,0,742.6400146484375,774.22998046875,100,100,0.0065999999642372
3625,HSIL_12_patch03.png,0,705.0599975585938,880.77001953125,100,100,0.006000000052154
3626,HSIL_12_patch03.png,0,738.3900146484375,834.6699829101562,100,100,0.0038000000640749
3627,HSIL_12_patch03.png,0,719.2899780273438,836.4099731445312,100,100,0.0035000001080334
3628,HSIL_12_patch03.png,0,743.8300170898438,852.3900146484375,100,100,0.0015999999595806
3629,HSIL_12_patch03.png,0,717.3400268554688,852.5,100,100,0.0013999999500811
3630,HSIL_12_patch03.png,0,936.2899780273438,195.0,100,100,0.0035999999381601
3631,HSIL_12_patch03.png,0,950.1400146484376,131.41000366210938,100,100,0.0035000001080334
3632,HSIL_12_patch03.png,0,798.0800170898438,125.27999877929688,100,100,0.0027999999001622
3633,HSIL_12_patch03.png,0,786.5599975585938,133.99000549316406,100,100,0.0020999999251216
3634,HSIL_12_patch03.png,0,834.0599975585938,132.0399932861328,100,100,0.0020000000949949
3635,HSIL_12_patch03.png,0,841.2999877929688,444.7000122070313,100,100,0.0024999999441206
3636,HSIL_12_patch03.png,0,830.5999755859375,354.20001220703125,100,100,0.002199999988079
3637,HSIL_12_patch03.png,0,803.8599853515625,357.0,100,100,0.001700000022538
3638,HSIL_12_patch03.png,0,983.969970703125,959.4000244140624,100,100,0.0043999999761581
3639,HSIL_12_patch03.png,0,769.6599731445312,774.3900146484375,100,100,0.0041000000201165
3640,HSIL_12_patch04.png,0,112.85,161.54,100,100,0.5154
3641,HSIL_12_patch04.png,0,83.42,23.19,100,100,0.3593
3642,HSIL_12_patch04.png,0,137.33999633789062,128.3800048828125,100,100,0.1420000046491623
3643,HSIL_12_patch04.png,0,235.82000732421875,172.97000122070312,100,100,0.0579999983310699
3644,HSIL_12_patch04.png,0,246.9600067138672,205.0800018310547,100,100,0.0397999994456768
3645,HSIL_12_patch04.png,0,106.6999969482422,246.72000122070312,100,100,0.0386999994516372
3646,HSIL_12_patch04.png,0,250.1100006103516,151.2899932861328,100,100,0.0238000005483627
3647,HSIL_12_patch04.png,0,181.19000244140625,86.18000030517578,100,100,0.0200999993830919
3648,HSIL_12_patch04.png,0,196.92999267578125,146.58999633789062,100,100,0.0164000000804662
3649,HSIL_12_patch04.png,0,103.79000091552734,143.02999877929688,100,100,0.0129000004380941
3650,HSIL_12_patch04.png,0,118.2,288.27,100,100,0.596
3651,HSIL_12_patch04.png,0,20.77,387.36,100,100,0.2045
3652,HSIL_12_patch04.png,0,89.01000213623047,501.1400146484375,100,100,0.0472000017762184
3653,HSIL_12_patch04.png,0,206.0200042724609,320.4599914550781,100,100,0.0410999990999698
3654,HSIL_12_patch04.png,0,63.79999923706055,365.5199890136719,100,100,0.0359000004827976
3655,HSIL_12_patch04.png,0,47.400001525878906,422.6900024414063,100,100,0.0281000006943941
3656,HSIL_12_patch04.png,0,179.49000549316406,276.1499938964844,100,100,0.0239000003784894
3657,HSIL_12_patch04.png,0,226.4199981689453,411.6199951171875,100,100,0.0186999998986721
3658,HSIL_12_patch04.png,0,167.2100067138672,356.45001220703125,100,100,0.0179999992251396
3659,HSIL_12_patch04.png,0,138.24000549316406,321.5,100,100,0.0173000004142522
3660,HSIL_12_patch04.png,0,10.630000114440918,266.79998779296875,100,100,0.0157999992370605
3661,HSIL_12_patch04.png,0,7.699999809265137,320.57000732421875,100,100,0.0140000004321336
3662,HSIL_12_patch04.png,0,239.27999877929688,374.5700073242188,100,100,0.0125000001862645
3663,HSIL_12_patch04.png,0,204.55999755859372,451.8299865722656,100,100,0.0115000000223517
3664,HSIL_12_patch04.png,0,128.00999450683594,406.9800109863281,100,100,0.0111999996006488
3665,HSIL_12_patch04.png,0,23.32,733.17,100,100,0.4486
3666,HSIL_12_patch04.png,0,169.83,736.51,100,100,0.2066
3667,HSIL_12_patch04.png,0,174.47,530.82,100,100,0.1604
3668,HSIL_12_patch04.png,0,215.4499969482422,663.1900024414062,100,100,0.1194000020623207
3669,HSIL_12_patch04.png,0,47.34000015258789,550.5599975585938,100,100,0.1150000020861625
3670,HSIL_12_patch04.png,0,37.91999816894531,576.7100219726562,100,100,0.1035000011324882
3671,HSIL_12_patch04.png,0,160.67999267578125,672.2000122070312,100,100,0.0388999991118907
3672,HSIL_12_patch04.png,0,55.16999816894531,745.3900146484375,100,100,0.0119000002741813
3673,HSIL_12_patch04.png,0,231.48,869.4,100,100,0.3806
3674,HSIL_12_patch04.png,0,155.44,869.9,100,100,0.3624
3675,HSIL_12_patch04.png,0,88.73,802.67,100,100,0.175
3676,HSIL_12_patch04.png,0,70.31999969482422,946.5999755859376,100,100,0.0333000011742115
3677,HSIL_12_patch04.png,0,200.5,1016.239990234375,100,100,0.0282000005245208
3678,HSIL_12_patch04.png,0,143.19000244140625,891.9400024414062,100,100,0.0130000002682209
3679,HSIL_12_patch04.png,0,380.02,152.65,100,100,0.5391
3680,HSIL_12_patch04.png,0,457.12,237.52,100,100,0.3821
3681,HSIL_12_patch04.png,0,481.63,183.88,100,100,0.2521
3682,HSIL_12_patch04.png,0,404.07,65.77,100,100,0.1489
3683,HSIL_12_patch04.png,0,314.9100036621094,133.17999267578125,100,100,0.1469999998807907
3684,HSIL_12_patch04.png,0,442.25,12.869999885559082,100,100,0.1111000031232833
3685,HSIL_12_patch04.png,0,276.9200134277344,15.829999923706056,100,100,0.0830999985337257
3686,HSIL_12_patch04.png,0,395.8999938964844,6.190000057220459,100,100,0.0617000013589859
3687,HSIL_12_patch04.png,0,392.1799926757813,185.1999969482422,100,100,0.0615999996662139
3688,HSIL_12_patch04.png,0,300.5599975585937,53.400001525878906,100,100,0.0220999997109174
3689,HSIL_12_patch04.png,0,474.7099914550781,85.83999633789062,100,100,0.0113000003620982
3690,HSIL_12_patch04.png,0,452.6799926757813,111.87000274658205,100,100,0.0109000001102685
3691,HSIL_12_patch04.png,0,413.4700012207031,106.70999908447266,100,100,0.0104999998584389
3692,HSIL_12_patch04.png,0,292.15,294.37,100,100,0.2795
3693,HSIL_12_patch04.png,0,388.98,287.87,100,100,0.2773
3694,HSIL_12_patch04.png,0,507.88,349.41,100,100,0.2327
3695,HSIL_12_patch04.png,0,504.74,392.21,100,100,0.1932
3696,HSIL_12_patch04.png,0,288.73,476.25,100,100,0.1725
3697,HSIL_12_patch04.png,0,355.4599914550781,302.239990234375,100,100,0.1142999976873397
3698,HSIL_12_patch04.png,0,307.04998779296875,290.69000244140625,100,100,0.0750999972224235
3699,HSIL_12_patch04.png,0,447.5299987792969,280.3800048828125,100,100,0.0674000009894371
3700,HSIL_12_patch04.png,0,280.1099853515625,286.739990234375,100,100,0.0650999993085861
3701,HSIL_12_patch04.png,0,405.6300048828125,419.4400024414063,100,100,0.0423999987542629
3702,HSIL_12_patch04.png,0,399.25,480.2900085449219,100,100,0.0142000000923872
3703,HSIL_12_patch04.png,0,494.14,712.43,100,100,0.4855
3704,HSIL_12_patch04.png,0,278.18,628.77,100,100,0.4159
3705,HSIL_12_patch04.png,0,406.09,739.7,100,100,0.3709
3706,HSIL_12_patch04.png,0,276.26,701.66,100,100,0.2571
3707,HSIL_12_patch04.png,0,377.51,689.27,100,100,0.2004
3708,HSIL_12_patch04.png,0,327.52,712.91,100,100,0.1566
3709,HSIL_12_patch04.png,0,308.2,897.77,100,100,0.4408
3710,HSIL_12_patch04.png,0,306.54,809.33,100,100,0.2737
3711,HSIL_12_patch04.png,0,491.04,806.96,100,100,0.2285
3712,HSIL_12_patch04.png,0,387.30999755859375,938.8699951171876,100,100,0.1351000070571899
3713,HSIL_12_patch04.png,0,393.1499938964844,896.6699829101562,100,100,0.1190999969840049
3714,HSIL_12_patch04.png,0,492.1600036621094,1015.3699951171876,100,100,0.1136000007390976
3715,HSIL_12_patch04.png,0,294.9800109863281,844.6500244140625,100,100,0.0667999982833862
3716,HSIL_12_patch04.png,0,509.8900146484375,880.4000244140625,100,100,0.0406999997794628
3717,HSIL_12_patch04.png,0,463.2699890136719,877.9099731445312,100,100,0.0379999987781047
3718,HSIL_12_patch04.png,0,472.3500061035156,948.8599853515624,100,100,0.0282000005245208
3719,HSIL_12_patch04.png,0,337.82000732421875,770.030029296875,100,100,0.023199999704957
3720,HSIL_12_patch04.png,0,422.8299865722656,897.5800170898438,100,100,0.0219000000506639
3721,HSIL_12_patch04.png,0,329.19000244140625,1011.219970703125,100,100,0.0184000004082918
3722,HSIL_12_patch04.png,0,428.9599914550781,912.010009765625,100,100,0.0103000001981854
3723,HSIL_12_patch04.png,0,548.63,63.84,100,100,0.2442
3724,HSIL_12_patch04.png,0,713.1900024414062,152.77999877929688,100,100,0.1321000009775161
3725,HSIL_12_patch04.png,0,644.719970703125,128.32000732421875,100,100,0.0772999972105026
3726,HSIL_12_patch04.png,0,537.8400268554688,74.5999984741211,100,100,0.0577999986708164
3727,HSIL_12_patch04.png,0,660.4400024414062,53.70000076293945,100,100,0.0324999988079071
3728,HSIL_12_patch04.png,0,674.9000244140625,181.94000244140625,100,100,0.0302000008523464
3729,HSIL_12_patch04.png,0,577.1300048828125,7.860000133514404,100,100,0.0241999998688697
3730,HSIL_12_patch04.png,0,696.239990234375,27.190000534057617,100,100,0.0127999996766448
3731,HSIL_12_patch04.png,0,673.08,318.24,100,100,0.3352
3732,HSIL_12_patch04.png,0,608.989990234375,306.32000732421875,100,100,0.2477999925613403
3733,HSIL_12_patch04.png,0,665.0900268554688,496.6600036621094,100,100,0.1803999990224838
3734,HSIL_12_patch04.png,0,726.6799926757812,430.3200073242188,100,100,0.1723999977111816
3735,HSIL_12_patch04.png,0,640.97998046875,414.6600036621094,100,100,0.1541000008583068
3736,HSIL_12_patch04.png,0,596.8099975585938,354.3699951171875,100,100,0.1190000027418136
3737,HSIL_12_patch04.png,0,720.030029296875,290.8299865722656,100,100,0.0688999965786933
3738,HSIL_12_patch04.png,0,670.02001953125,387.8500061035156,100,100,0.0467000007629394
3739,HSIL_12_patch04.png,0,525.7999877929688,286.1199951171875,100,100,0.0297999996691942
3740,HSIL_12_patch04.png,0,652.4600219726562,489.0499877929688,100,100,0.0291000008583068
3741,HSIL_12_patch04.png,0,537.739990234375,385.4400024414063,100,100,0.0254999995231628
3742,HSIL_12_patch04.png,0,746.5599975585938,404.4100036621094,100,100,0.0214000009000301
3743,HSIL_12_patch04.png,0,673.1400146484375,334.1499938964844,100,100,0.0193000007420778
3744,HSIL_12_patch04.png,0,740.4500122070312,311.4100036621094,100,100,0.0185000002384185
3745,HSIL_12_patch04.png,0,682.3200073242188,509.0899963378906,100,100,0.0161000005900859
3746,HSIL_12_patch04.png,0,763.1300048828125,758.2999877929688,100,100,0.2572000026702881
3747,HSIL_12_patch04.png,0,697.6400146484375,639.0,100,100,0.0939999967813491
3748,HSIL_12_patch04.png,0,735.6699829101562,672.5900268554688,100,100,0.0822999998927116
3749,HSIL_12_patch04.png,0,542.6699829101562,579.719970703125,100,100,0.0758000016212463
3750,HSIL_12_patch04.png,0,589.4500122070312,514.9500122070312,100,100,0.0697999969124794
3751,HSIL_12_patch04.png,0,675.4000244140625,552.0,100,100,0.046399999409914
3752,HSIL_12_patch04.png,0,686.27001953125,629.760009765625,100,100,0.0308999996632337
3753,HSIL_12_patch04.png,0,546.5,759.9600219726562,100,100,0.0295000001788139
3754,HSIL_12_patch04.png,0,613.3499755859375,674.489990234375,100,100,0.0207000002264976
3755,HSIL_12_patch04.png,0,636.4600219726562,513.260009765625,100,100,0.018300000578165
3756,HSIL_12_patch04.png,0,749.3599853515625,762.6900024414062,100,100,0.0133999995887279
3757,HSIL_12_patch04.png,0,512.530029296875,705.6699829101562,100,100,0.0102000003680586
3758,HSIL_12_patch04.png,0,767.25,906.12,100,100,0.5839
3759,HSIL_12_patch04.png,0,590.45,895.37,100,100,0.4956
3760,HSIL_12_patch04.png,0,651.33,911.8,100,100,0.4826
3761,HSIL_12_patch04.png,0,599.51,825.3,100,100,0.4192
3762,HSIL_12_patch04.png,0,737.4,811.19,100,100,0.3584
3763,HSIL_12_patch04.png,0,721.14,851.71,100,100,0.217
3764,HSIL_12_patch04.png,0,775.36,132.11,100,100,0.6015
3765,HSIL_12_patch04.png,0,933.86,56.92,100,100,0.375
3766,HSIL_12_patch04.png,0,884.51,111.81,100,100,0.3663
3767,HSIL_12_patch04.png,0,948.12,221.33,100,100,0.1146
3768,HSIL_12_patch04.png,0,890.760009765625,236.6300048828125,100,100,0.0991000011563301
3769,HSIL_12_patch04.png,0,829.6099853515625,216.7400054931641,100,100,0.0847000032663345
3770,HSIL_12_patch04.png,0,992.3800048828124,147.1699981689453,100,100,0.062399998307228
3771,HSIL_12_patch04.png,0,818.280029296875,7.619999885559082,100,100,0.0555999986827373
3772,HSIL_12_patch04.png,0,960.8200073242188,90.9499969482422,100,100,0.0465999990701675
3773,HSIL_12_patch04.png,0,815.4500122070312,169.9600067138672,100,100,0.0318000018596649
3774,HSIL_12_patch04.png,0,774.8099975585938,99.62000274658205,100,100,0.0229000002145767
3775,HSIL_12_patch04.png,0,888.9000244140625,213.52999877929688,100,100,0.0211999993771314
3776,HSIL_12_patch04.png,0,843.1799926757812,139.08999633789062,100,100,0.0147000001743435
3777,HSIL_12_patch04.png,0,985.1900024414062,252.5399932861328,100,100,0.0114000001922249
3778,HSIL_12_patch04.png,0,971.07,257.9,100,100,0.4106
3779,HSIL_12_patch04.png,0,980.4199829101562,302.07000732421875,100,100,0.0693999975919723
3780,HSIL_12_patch04.png,0,1017.77001953125,365.6300048828125,100,100,0.0555000007152557
3781,HSIL_12_patch04.png,0,1000.8800048828124,390.9400024414063,100,100,0.0538999997079372
3782,HSIL_12_patch04.png,0,806.5399780273438,323.2900085449219,100,100,0.034800000488758
3783,HSIL_12_patch04.png,0,1012.25,377.0199890136719,100,100,0.0230000000447034
3784,HSIL_12_patch04.png,0,993.0,445.3800048828125,100,100,0.0197000000625848
3785,HSIL_12_patch04.png,0,899.719970703125,472.1300048828125,100,100,0.0165999997407197
3786,HSIL_12_patch04.png,0,958.47998046875,486.7200012207031,100,100,0.0148999998345971
3787,HSIL_12_patch04.png,0,867.260009765625,434.1000061035156,100,100,0.0137999998405575
3788,HSIL_12_patch04.png,0,787.0999755859375,401.760009765625,100,100,0.0113000003620982
3789,HSIL_12_patch04.png,0,799.33,754.67,100,100,0.5932
3790,HSIL_12_patch04.png,0,934.88,758.02,100,100,0.4521
3791,HSIL_12_patch04.png,0,960.71,641.77,100,100,0.2707
3792,HSIL_12_patch04.png,0,817.3699951171875,717.1199951171875,100,100,0.1534000039100647
3793,HSIL_12_patch04.png,0,870.3300170898438,536.47998046875,100,100,0.1154000014066696
3794,HSIL_12_patch04.png,0,997.0700073242188,535.7100219726562,100,100,0.0943000018596649
3795,HSIL_12_patch04.png,0,962.8599853515624,700.0,100,100,0.0522000007331371
3796,HSIL_12_patch04.png,0,840.219970703125,659.719970703125,100,100,0.0375999994575977
3797,HSIL_12_patch04.png,0,780.9000244140625,717.3300170898438,100,100,0.033500000834465
3798,HSIL_12_patch04.png,0,1016.6500244140624,692.5,100,100,0.0182000007480382
3799,HSIL_12_patch04.png,0,837.5700073242188,724.1099853515625,100,100,0.0179999992251396
3800,HSIL_12_patch04.png,0,796.17,813.15,100,100,0.6439
3801,HSIL_12_patch04.png,0,875.96,891.23,100,100,0.6195
3802,HSIL_12_patch04.png,0,953.27,801.75,100,100,0.426
3803,HSIL_12_patch04.png,0,860.96,794.1,100,100,0.4105
3804,HSIL_12_patch04.png,0,973.6699829101562,774.0700073242188,100,100,0.3483999967575073
3805,HSIL_12_patch04.png,0,1001.02,835.61,100,100,0.3162
3806,HSIL_12_patch04.png,0,781.780029296875,988.3300170898438,100,100,0.2515000104904175
3807,HSIL_12_patch04.png,0,862.05,968.33,100,100,0.242
3808,HSIL_12_patch04.png,0,1003.760009765625,783.8900146484375,100,100,0.1981000006198883
3809,HSIL_12_patch04.png,0,857.9000244140625,816.8499755859375,100,100,0.1752000004053115
3810,HSIL_12_patch04.png,0,799.6799926757812,892.530029296875,100,100,0.0399000011384487
3811,HSIL_12_patch04.png,0,933.2999877929688,849.7100219726562,100,100,0.0221999995410442
3812,HSIL_12_patch04.png,0,825.4099731445312,1003.8800048828124,100,100,0.0162000004202127
3813,HSIL_12_patch04.png,0,69.5199966430664,82.58999633789062,100,100,0.008899999782443
3814,HSIL_12_patch04.png,0,120.11000061035156,170.6300048828125,100,100,0.0037000000011175
3815,HSIL_12_patch04.png,0,90.62000274658205,35.9900016784668,100,100,0.0023000000510364
3816,HSIL_12_patch04.png,0,147.72000122070312,377.3699951171875,100,100,0.0076999999582767
3817,HSIL_12_patch04.png,0,106.86000061035156,278.20001220703125,100,100,0.0035000001080334
3818,HSIL_12_patch04.png,0,123.83999633789062,275.6499938964844,100,100,0.003000000026077
3819,HSIL_12_patch04.png,0,19.51000022888184,372.2099914550781,100,100,0.0013999999500811
3820,HSIL_12_patch04.png,0,156.1199951171875,582.6400146484375,100,100,0.0071999998763203
3821,HSIL_12_patch04.png,0,24.940000534057617,566.5,100,100,0.0066999997943639
3822,HSIL_12_patch04.png,0,107.62000274658205,548.0800170898438,100,100,0.0065000001341104
3823,HSIL_12_patch04.png,0,158.4499969482422,724.0399780273438,100,100,0.0054999999701976
3824,HSIL_12_patch04.png,0,153.55999755859375,707.4099731445312,100,100,0.0035000001080334
3825,HSIL_12_patch04.png,0,175.27999877929688,719.3300170898438,100,100,0.0027999999001622
3826,HSIL_12_patch04.png,0,152.69000244140625,656.3499755859375,100,100,0.0020000000949949
3827,HSIL_12_patch04.png,0,14.140000343322754,721.1500244140625,100,100,0.0019000000320374
3828,HSIL_12_patch04.png,0,210.4499969482422,858.4400024414062,100,100,0.0076999999582767
3829,HSIL_12_patch04.png,0,218.8999938964844,875.97998046875,100,100,0.0063999998383224
3830,HSIL_12_patch04.png,0,154.3800048828125,852.8300170898438,100,100,0.0027999999001622
3831,HSIL_12_patch04.png,0,131.60000610351562,877.219970703125,100,100,0.0020999999251216
3832,HSIL_12_patch04.png,0,168.83999633789062,864.3699951171875,100,100,0.001300000003539
3833,HSIL_12_patch04.png,0,463.4700012207031,250.3500061035156,100,100,0.008899999782443
3834,HSIL_12_patch04.png,0,258.1499938964844,182.4900054931641,100,100,0.0065999999642372
3835,HSIL_12_patch04.png,0,443.6099853515625,243.22000122070312,100,100,0.0054999999701976
3836,HSIL_12_patch04.png,0,472.3900146484375,236.52999877929688,100,100,0.0051000001840293
3837,HSIL_12_patch04.png,0,262.3999938964844,15.789999961853027,100,100,0.0051000001840293
3838,HSIL_12_patch04.png,0,389.3599853515625,140.4199981689453,100,100,0.0035999999381601
3839,HSIL_12_patch04.png,0,444.3500061035156,226.6300048828125,100,100,0.0027000000700354
3840,HSIL_12_patch04.png,0,369.8299865722656,141.44000244140625,100,100,0.002600000007078
3841,HSIL_12_patch04.png,0,372.3200073242188,281.82000732421875,100,100,0.0035999999381601
3842,HSIL_12_patch04.png,0,302.3599853515625,483.7900085449219,100,100,0.0035000001080334
3843,HSIL_12_patch04.png,0,275.3299865722656,469.7900085449219,100,100,0.0027999999001622
3844,HSIL_12_patch04.png,0,412.4400024414063,854.9600219726562,100,100,0.0065000001341104
3845,HSIL_12_patch04.png,0,323.95001220703125,908.5700073242188,100,100,0.0040000001899898
3846,HSIL_12_patch04.png,0,297.239990234375,913.72998046875,100,100,0.0038999998942017
3847,HSIL_12_patch04.png,0,318.6499938964844,804.2899780273438,100,100,0.0024999999441206
3848,HSIL_12_patch04.png,0,401.9400024414063,932.239990234375,100,100,0.0020000000949949
3849,HSIL_12_patch04.png,0,563.1199951171875,57.2400016784668,100,100,0.0087999999523162
3850,HSIL_12_patch04.png,0,758.9600219726562,125.75,100,100,0.0038000000640749
3851,HSIL_12_patch04.png,0,763.1599731445312,141.85000610351562,100,100,0.0031999999191612
3852,HSIL_12_patch04.png,0,539.7100219726562,50.459999084472656,100,100,0.0020999999251216
3853,HSIL_12_patch04.png,0,516.5800170898438,382.5199890136719,100,100,0.0041999998502433
3854,HSIL_12_patch04.png,0,631.8900146484375,403.010009765625,100,100,0.0019000000320374
3855,HSIL_12_patch04.png,0,522.5900268554688,345.1499938964844,100,100,0.0013999999500811
3856,HSIL_12_patch04.png,0,1005.530029296875,230.1000061035156,100,100,0.0094999996945261
3857,HSIL_12_patch04.png,0,873.7000122070312,232.5500030517578,100,100,0.0054999999701976
3858,HSIL_12_patch04.png,0,878.8300170898438,99.72000122070312,100,100,0.0038000000640749
3859,HSIL_12_patch04.png,0,788.8499755859375,126.93000030517578,100,100,0.0038000000640749
3860,HSIL_12_patch04.png,0,923.6199951171876,42.59000015258789,100,100,0.0027000000700354
3861,HSIL_12_patch04.png,0,950.2899780273438,57.470001220703125,100,100,0.002600000007078
3862,HSIL_12_patch04.png,0,832.8400268554688,154.47000122070312,100,100,0.0024999999441206
3863,HSIL_12_patch04.png,0,915.25,236.72000122070312,100,100,0.0023000000510364
3864,HSIL_12_patch04.png,0,957.8900146484376,238.8000030517578,100,100,0.002199999988079
3865,HSIL_12_patch04.png,0,778.9600219726562,148.10000610351562,100,100,0.0015000000130385
3866,HSIL_12_patch04.png,0,893.719970703125,423.7799987792969,100,100,0.0081000002101063
3867,HSIL_12_patch04.png,0,906.6500244140624,460.1199951171875,100,100,0.0051000001840293
3868,HSIL_12_patch04.png,0,869.9000244140625,262.2200012207031,100,100,0.0023000000510364
3869,HSIL_12_patch04.png,0,781.0399780273438,752.3499755859375,100,100,0.0059000002220273
3870,HSIL_12_patch04.png,0,1008.5999755859376,528.6500244140625,100,100,0.0048000002279877
3871,HSIL_12_patch04.png,0,973.9400024414062,635.6699829101562,100,100,0.0046999999321997
3872,HSIL_12_patch04.png,0,979.1599731445312,531.6400146484375,100,100,0.003000000026077
3873,HSIL_12_patch04.png,0,808.0599975585938,736.739990234375,100,100,0.0024999999441206
3874,HSIL_12_patch04.png,0,960.47998046875,765.0399780273438,100,100,0.0024999999441206
3875,HSIL_12_patch04.png,0,941.3800048828124,742.3300170898438,100,100,0.0024999999441206
3876,HSIL_12_patch04.png,0,923.739990234375,747.8900146484375,100,100,0.0024000001139938
3877,HSIL_12_patch04.png,0,865.6900024414062,623.260009765625,100,100,0.0020000000949949
3878,HSIL_12_patch04.png,0,824.0499877929688,732.1300048828125,100,100,0.00179999996908
3879,HSIL_12_patch04.png,0,785.8200073242188,804.6699829101562,100,100,0.0068999999202787
3880,HSIL_12_patch04.png,0,981.3300170898438,1016.3699951171876,100,100,0.0066999997943639
3881,HSIL_12_patch04.png,0,977.780029296875,1001.5499877929688,100,100,0.0049999998882412
3882,HSIL_12_patch04.png,0,885.9199829101562,880.3599853515625,100,100,0.0044999998062849
3883,HSIL_12_patch04.png,0,777.27001953125,896.3699951171875,100,100,0.0043999999761581
3884,HSIL_12_patch04.png,0,863.6099853515625,884.4600219726562,100,100,0.003000000026077
3885,HSIL_12_patch04.png,0,807.6799926757812,801.7000122070312,100,100,0.0024000001139938
3886,HSIL_12_patch04.png,0,991.7100219726562,770.5,100,100,0.0023000000510364
3887,HSIL_12_patch04.png,0,942.010009765625,792.760009765625,100,100,0.002199999988079
3888,HSIL_12_patch04.png,0,845.0700073242188,785.489990234375,100,100,0.0013999999500811
3889,HSIL_12_patch05.png,0,184.42999267578125,306.7099914550781,100,100,0.0542000010609626
3890,HSIL_12_patch05.png,0,281.9599914550781,85.3499984741211,100,100,0.0164000000804662
3891,HSIL_12_patch05.png,0,373.1799926757813,92.38999938964844,100,100,0.0119000002741813
3892,HSIL_12_patch05.png,0,365.56,375.19,100,100,0.6401
3893,HSIL_12_patch05.png,0,489.3,278.09,100,100,0.6038
3894,HSIL_12_patch05.png,0,399.87,310.82,100,100,0.5499
3895,HSIL_12_patch05.png,0,410.1199951171875,317.5599975585937,100,100,0.0118000004440546
3896,HSIL_12_patch05.png,0,521.82,169.01,100,100,0.587
3897,HSIL_12_patch05.png,0,709.9400024414062,47.45000076293945,100,100,0.0577999986708164
3898,HSIL_12_patch05.png,0,672.07,424.64,100,100,0.5943
3899,HSIL_12_patch05.png,0,649.5499877929688,348.25,100,100,0.2502000033855438
3900,HSIL_12_patch05.png,0,767.5900268554688,440.5899963378906,100,100,0.0447999984025955
3901,HSIL_12_patch05.png,0,722.52001953125,327.6700134277344,100,100,0.0366000011563301
3902,HSIL_12_patch05.png,0,683.8900146484375,418.5700073242188,100,100,0.0140000004321336
3903,HSIL_12_patch05.png,0,762.79,1005.34,100,100,0.2614
3904,HSIL_12_patch05.png,0,760.1699829101562,967.5900268554688,100,100,0.0983999967575073
3905,HSIL_12_patch05.png,0,562.0,920.7000122070312,100,100,0.0272000003606081
3906,HSIL_12_patch05.png,0,864.77001953125,14.270000457763672,100,100,0.0157999992370605
3907,HSIL_12_patch05.png,0,903.8200073242188,323.79998779296875,100,100,0.160300001502037
3908,HSIL_12_patch05.png,0,808.02001953125,495.7099914550781,100,100,0.1534000039100647
3909,HSIL_12_patch05.png,0,964.5599975585938,375.260009765625,100,100,0.1252000033855438
3910,HSIL_12_patch05.png,0,801.5700073242188,481.7300109863281,100,100,0.0584000013768672
3911,HSIL_12_patch05.png,0,992.6300048828124,351.5400085449219,100,100,0.0386999994516372
3912,HSIL_12_patch05.png,0,814.0700073242188,389.6000061035156,100,100,0.0210999995470047
3913,HSIL_12_patch05.png,0,937.58,606.3,100,100,0.7071
3914,HSIL_12_patch05.png,0,989.2,585.15,100,100,0.3001
3915,HSIL_12_patch05.png,0,1004.1699829101562,740.4299926757812,100,100,0.0515000000596046
3916,HSIL_12_patch05.png,0,818.0,673.4299926757812,100,100,0.0414999984204769
3917,HSIL_12_patch05.png,0,1016.260009765625,737.260009765625,100,100,0.0208000000566244
3918,HSIL_12_patch05.png,0,811.74,945.92,100,100,0.413
3919,HSIL_12_patch05.png,0,905.02,780.61,100,100,0.4101
3920,HSIL_12_patch05.png,0,996.24,851.43,100,100,0.3889
3921,HSIL_12_patch05.png,0,1013.2899780273438,909.77001953125,100,100,0.0707999989390373
3922,HSIL_12_patch05.png,0,975.7899780273438,777.9400024414062,100,100,0.0608999989926815
3923,HSIL_12_patch05.png,0,803.6199951171875,914.8900146484376,100,100,0.0324999988079071
3924,HSIL_12_patch05.png,0,774.4400024414062,1010.3200073242188,100,100,0.0220999997109174
3925,HSIL_12_patch05.png,0,850.239990234375,798.8900146484375,100,100,0.0186999998986721
3926,HSIL_12_patch05.png,0,413.3500061035156,301.67999267578125,100,100,0.0076999999582767
3927,HSIL_12_patch05.png,0,375.0299987792969,366.4700012207031,100,100,0.0062000001780688
3928,HSIL_12_patch05.png,0,383.0700073242188,306.4200134277344,100,100,0.0041999998502433
3929,HSIL_12_patch05.png,0,385.260009765625,380.010009765625,100,100,0.0031999999191612
3930,HSIL_12_patch05.png,0,494.2200012207031,263.29998779296875,100,100,0.0024000001139938
3931,HSIL_12_patch05.png,0,349.7300109863281,370.4800109863281,100,100,0.002199999988079
3932,HSIL_12_patch05.png,0,398.2900085449219,324.0400085449219,100,100,0.0019000000320374
3933,HSIL_12_patch05.png,0,531.8599853515625,159.3000030517578,100,100,0.0071999998763203
3934,HSIL_12_patch05.png,0,512.7999877929688,159.35000610351562,100,100,0.0052999998442828
3935,HSIL_12_patch05.png,0,660.6599731445312,416.9500122070313,100,100,0.0066999997943639
3936,HSIL_12_patch05.png,0,643.5900268554688,336.3500061035156,100,100,0.003000000026077
3937,HSIL_12_patch05.png,0,672.6300048828125,408.6600036621094,100,100,0.0027999999001622
3938,HSIL_12_patch05.png,0,752.9500122070312,1014.1500244140624,100,100,0.006800000090152
3939,HSIL_12_patch05.png,0,926.0700073242188,611.8699951171875,100,100,0.0041999998502433
3940,HSIL_12_patch05.png,0,921.7000122070312,594.0,100,100,0.0038000000640749
3941,HSIL_12_patch05.png,0,948.3499755859376,593.8200073242188,100,100,0.0032999999821186
3942,HSIL_12_patch05.png,0,801.3800048828125,936.22998046875,100,100,0.0082000000402331
3943,HSIL_12_patch05.png,0,820.8099975585938,936.1099853515624,100,100,0.0076999999582767
3944,HSIL_12_patch05.png,0,912.0399780273438,793.8599853515625,100,100,0.0049000000581145
3945,HSIL_12_patch05.png,0,1013.5900268554688,852.47998046875,100,100,0.002199999988079
3946,HSIL_12_patch05.png,0,915.760009765625,769.0499877929688,100,100,0.0020000000949949
3947,HSIL_12_patch05.png,0,783.75,1016.3300170898438,100,100,0.0010999999940395
3948,HSIL_12_patch06.png,0,210.05,232.53,100,100,0.4749
3949,HSIL_12_patch06.png,0,106.01,121.38,100,100,0.274
3950,HSIL_12_patch06.png,0,28.84000015258789,86.79000091552734,100,100,0.2273000031709671
3951,HSIL_12_patch06.png,0,140.5800018310547,28.8700008392334,100,100,0.1404000073671341
3952,HSIL_12_patch06.png,0,99.38999938964844,246.75,100,100,0.0386999994516372
3953,HSIL_12_patch06.png,0,149.07000732421875,81.27999877929688,100,100,0.0386000014841556
3954,HSIL_12_patch06.png,0,181.8300018310547,127.7699966430664,100,100,0.0320000015199184
3955,HSIL_12_patch06.png,0,134.24000549316406,99.56999969482422,100,100,0.0276999995112419
3956,HSIL_12_patch06.png,0,88.69999694824219,105.05999755859376,100,100,0.0249000005424022
3957,HSIL_12_patch06.png,0,248.72999572753903,13.550000190734863,100,100,0.0206000003963708
3958,HSIL_12_patch06.png,0,235.77999877929688,89.0199966430664,100,100,0.017799999564886
3959,HSIL_12_patch06.png,0,158.79,312.45,100,100,0.5847
3960,HSIL_12_patch06.png,0,170.47,370.01,100,100,0.4764
3961,HSIL_12_patch06.png,0,71.38999938964844,301.8599853515625,100,100,0.0706999972462654
3962,HSIL_12_patch06.png,0,27.209999084472656,472.55999755859375,100,100,0.0416000001132488
3963,HSIL_12_patch06.png,0,136.19000244140625,258.9599914550781,100,100,0.0331999994814395
3964,HSIL_12_patch06.png,0,85.7300033569336,366.9700012207031,100,100,0.0144999995827674
3965,HSIL_12_patch06.png,0,220.80999755859372,423.1300048828125,100,100,0.0141000002622604
3966,HSIL_12_patch06.png,0,222.02999877929688,372.05999755859375,100,100,0.0120000001043081
3967,HSIL_12_patch06.png,0,205.32000732421875,717.9400024414062,100,100,0.1316000074148178
3968,HSIL_12_patch06.png,0,11.960000038146973,736.0700073242188,100,100,0.0764999985694885
3969,HSIL_12_patch06.png,0,235.7899932861328,733.6599731445312,100,100,0.0709000006318092
3970,HSIL_12_patch06.png,0,247.41000366210935,567.719970703125,100,100,0.0274000000208616
3971,HSIL_12_patch06.png,0,249.33999633789065,626.72998046875,100,100,0.0166999995708465
3972,HSIL_12_patch06.png,0,56.77000045776367,576.0700073242188,100,100,0.0142999999225139
3973,HSIL_12_patch06.png,0,249.47999572753903,521.9199829101562,100,100,0.0129000004380941
3974,HSIL_12_patch06.png,0,14.82,829.41,100,100,0.4045
3975,HSIL_12_patch06.png,0,155.22000122070312,836.8599853515625,100,100,0.2448000013828277
3976,HSIL_12_patch06.png,0,33.18000030517578,770.2000122070312,100,100,0.165800005197525
3977,HSIL_12_patch06.png,0,55.13999938964844,942.4299926757812,100,100,0.0603000000119209
3978,HSIL_12_patch06.png,0,248.97999572753903,868.47998046875,100,100,0.0313999988138675
3979,HSIL_12_patch06.png,0,127.12000274658205,804.6300048828125,100,100,0.0153000000864267
3980,HSIL_12_patch06.png,0,198.30999755859372,849.0499877929688,100,100,0.0104999998584389
3981,HSIL_12_patch06.png,0,499.96,116.97,100,100,0.3172
3982,HSIL_12_patch06.png,0,409.9700012207031,110.44000244140624,100,100,0.0623000003397464
3983,HSIL_12_patch06.png,0,425.1400146484375,9.649999618530272,100,100,0.036200001835823
3984,HSIL_12_patch06.png,0,313.8800048828125,41.0099983215332,100,100,0.0267999991774559
3985,HSIL_12_patch06.png,0,327.5599975585937,111.87999725341795,100,100,0.015599999576807
3986,HSIL_12_patch06.png,0,317.64,506.12,100,100,0.3535
3987,HSIL_12_patch06.png,0,447.1900024414063,470.5799865722656,100,100,0.1062999963760376
3988,HSIL_12_patch06.png,0,397.3500061035156,456.2699890136719,100,100,0.1014999970793724
3989,HSIL_12_patch06.png,0,497.7799987792969,468.5899963378906,100,100,0.0825000032782554
3990,HSIL_12_patch06.png,0,353.07000732421875,394.260009765625,100,100,0.0373999997973442
3991,HSIL_12_patch06.png,0,454.2099914550781,401.0,100,100,0.0346000008285045
3992,HSIL_12_patch06.png,0,270.8599853515625,474.6199951171875,100,100,0.0178999993950128
3993,HSIL_12_patch06.png,0,287.6499938964844,468.8299865722656,100,100,0.0108000002801418
3994,HSIL_12_patch06.png,0,470.6499938964844,443.239990234375,100,100,0.0103000001981854
3995,HSIL_12_patch06.png,0,292.79,564.11,100,100,0.4042
3996,HSIL_12_patch06.png,0,480.4599914550781,624.8099975585938,100,100,0.2299000024795532
3997,HSIL_12_patch06.png,0,415.6600036621094,621.9299926757812,100,100,0.1106999963521957
3998,HSIL_12_patch06.png,0,423.75,574.22998046875,100,100,0.0738999992609024
3999,HSIL_12_patch06.png,0,422.4800109863281,656.030029296875,100,100,0.0700000002980232
4000,HSIL_12_patch06.png,0,278.7200012207031,748.6799926757812,100,100,0.0412999987602233
4001,HSIL_12_patch06.png,0,318.29998779296875,765.77001953125,100,100,0.0346999987959861
4002,HSIL_12_patch06.png,0,300.54998779296875,746.6699829101562,100,100,0.0310999993234872
4003,HSIL_12_patch06.png,0,411.5,690.5999755859375,100,100,0.0249000005424022
4004,HSIL_12_patch06.png,0,410.8800048828125,722.6599731445312,100,100,0.0104000000283122
4005,HSIL_12_patch06.png,0,384.3399963378906,785.1199951171875,100,100,0.065200001001358
4006,HSIL_12_patch06.png,0,277.67999267578125,793.3499755859375,100,100,0.0428000018000602
4007,HSIL_12_patch06.png,0,440.7699890136719,782.6699829101562,100,100,0.0335999988019466
4008,HSIL_12_patch06.png,0,309.9800109863281,817.9400024414062,100,100,0.0121999997645616
4009,HSIL_12_patch06.png,0,364.0299987792969,833.2899780273438,100,100,0.0104000000283122
4010,HSIL_12_patch06.png,0,630.33,507.02,100,100,0.7031
4011,HSIL_12_patch06.png,0,703.03,456.28,100,100,0.4604
4012,HSIL_12_patch06.png,0,528.2999877929688,437.0499877929688,100,100,0.2407000064849853
4013,HSIL_12_patch06.png,0,542.9000244140625,506.5799865722656,100,100,0.1589999943971634
4014,HSIL_12_patch06.png,0,585.6799926757812,310.8999938964844,100,100,0.1523000001907348
4015,HSIL_12_patch06.png,0,715.8599853515625,318.44000244140625,100,100,0.1497000008821487
4016,HSIL_12_patch06.png,0,626.6099853515625,419.5499877929688,100,100,0.034400001168251
4017,HSIL_12_patch06.png,0,540.9000244140625,446.6400146484375,100,100,0.0266999993473291
4018,HSIL_12_patch06.png,0,679.42,606.52,100,100,0.5915
4019,HSIL_12_patch06.png,0,622.77001953125,753.010009765625,100,100,0.1624999940395355
4020,HSIL_12_patch06.png,0,672.1500244140625,659.8699951171875,100,100,0.0542000010609626
4021,HSIL_12_patch06.png,0,763.25,600.8499755859375,100,100,0.0515000000596046
4022,HSIL_12_patch06.png,0,614.9500122070312,633.510009765625,100,100,0.045499999076128
4023,HSIL_12_patch06.png,0,673.239990234375,745.989990234375,100,100,0.0388999991118907
4024,HSIL_12_patch06.png,0,549.8099975585938,743.3699951171875,100,100,0.031599998474121
4025,HSIL_12_patch06.png,0,543.7000122070312,640.8499755859375,100,100,0.0287999995052814
4026,HSIL_12_patch06.png,0,513.92,906.95,100,100,0.2715
4027,HSIL_12_patch06.png,0,546.469970703125,923.4600219726562,100,100,0.0785999968647956
4028,HSIL_12_patch06.png,0,569.219970703125,913.1400146484376,100,100,0.0719000026583671
4029,HSIL_12_patch06.png,0,526.5399780273438,785.9299926757812,100,100,0.0186000000685453
4030,HSIL_12_patch06.png,0,669.72998046875,1016.0800170898438,100,100,0.0168999992311
4031,HSIL_12_patch06.png,0,649.469970703125,847.6900024414062,100,100,0.0124000003561377
4032,HSIL_12_patch06.png,0,969.67,231.22,100,100,0.2213
4033,HSIL_12_patch06.png,0,954.4299926757812,194.8300018310547,100,100,0.0104999998584389
4034,HSIL_12_patch06.png,0,999.5800170898438,266.04998779296875,100,100,0.3504999876022339
4035,HSIL_12_patch06.png,0,868.469970703125,345.4800109863281,100,100,0.1361999958753585
4036,HSIL_12_patch06.png,0,993.780029296875,290.2099914550781,100,100,0.0469000004231929
4037,HSIL_12_patch06.png,0,802.0,730.9199829101562,100,100,0.012699999846518
4038,HSIL_12_patch06.png,0,222.1000061035156,223.25,100,100,0.0060999998822808
4039,HSIL_12_patch06.png,0,200.3600006103516,219.1100006103516,100,100,0.006000000052154
4040,HSIL_12_patch06.png,0,92.1500015258789,124.79000091552734,100,100,0.0031999999191612
4041,HSIL_12_patch06.png,0,18.239999771118164,76.06999969482422,100,100,0.001700000022538
4042,HSIL_12_patch06.png,0,174.22000122070312,296.739990234375,100,100,0.0049000000581145
4043,HSIL_12_patch06.png,0,146.27999877929688,302.29998779296875,100,100,0.0043999999761581
4044,HSIL_12_patch06.png,0,183.42999267578125,359.67999267578125,100,100,0.0041999998502433
4045,HSIL_12_patch06.png,0,162.80999755859375,356.69000244140625,100,100,0.002199999988079
4046,HSIL_12_patch06.png,0,6.489999771118164,845.1500244140625,100,100,0.0086000002920627
4047,HSIL_12_patch06.png,0,10.779999732971191,814.8099975585938,100,100,0.0082000000402331
4048,HSIL_12_patch06.png,0,475.9100036621094,123.2699966430664,100,100,0.0035000001080334
4049,HSIL_12_patch06.png,0,337.6499938964844,498.2099914550781,100,100,0.0071000000461936
4050,HSIL_12_patch06.png,0,331.6499938964844,511.3599853515625,100,100,0.0037000000011175
4051,HSIL_12_patch06.png,0,509.6000061035156,438.0899963378906,100,100,0.0024999999441206
4052,HSIL_12_patch06.png,0,305.1400146484375,476.6700134277344,100,100,0.002199999988079
4053,HSIL_12_patch06.png,0,417.5499877929688,457.760009765625,100,100,0.00179999996908
4054,HSIL_12_patch06.png,0,489.6400146484375,612.3099975585938,100,100,0.0024000001139938
4055,HSIL_12_patch06.png,0,468.010009765625,622.3499755859375,100,100,0.0013999999500811
4056,HSIL_12_patch06.png,0,360.0199890136719,797.5999755859375,100,100,0.0097000002861022
4057,HSIL_12_patch06.png,0,507.510009765625,895.5800170898438,100,100,0.0040000001899898
4058,HSIL_12_patch06.png,0,529.0599975585938,127.8000030517578,100,100,0.0037000000011175
4059,HSIL_12_patch06.png,0,705.4099731445312,496.8299865722656,100,100,0.0096000004559755
4060,HSIL_12_patch06.png,0,660.5499877929688,484.1799926757813,100,100,0.0093000000342726
4061,HSIL_12_patch06.png,0,645.1599731445312,500.0700073242188,100,100,0.0074999998323619
4062,HSIL_12_patch06.png,0,708.6300048828125,331.510009765625,100,100,0.0063000000081956
4063,HSIL_12_patch06.png,0,615.0900268554688,500.0299987792969,100,100,0.0038999998942017
4064,HSIL_12_patch06.png,0,541.4000244140625,427.6799926757813,100,100,0.0024999999441206
4065,HSIL_12_patch06.png,0,688.5599975585938,340.1600036621094,100,100,0.0024000001139938
4066,HSIL_12_patch06.png,0,714.0700073242188,443.6799926757813,100,100,0.0019000000320374
4067,HSIL_12_patch06.png,0,692.4000244140625,602.52001953125,100,100,0.0063999998383224
4068,HSIL_12_patch06.png,0,668.0800170898438,614.4099731445312,100,100,0.0049999998882412
4069,HSIL_12_patch06.png,0,674.52001953125,591.030029296875,100,100,0.003400000045076
4070,HSIL_12_patch06.png,0,622.6699829101562,517.280029296875,100,100,0.0024999999441206
4071,HSIL_12_patch06.png,0,660.3800048828125,600.969970703125,100,100,0.001700000022538
4072,HSIL_12_patch06.png,0,529.6699829101562,911.1799926757812,100,100,0.00179999996908
4073,HSIL_12_patch06.png,0,1007.1199951171876,255.17999267578125,100,100,0.0046999999321997
4074,HSIL_12_patch06.png,0,992.3800048828124,377.2999877929688,100,100,0.0063000000081956
4075,HSIL_12_patch06.png,0,987.52001953125,258.7799987792969,100,100,0.0057999999262392
4076,HSIL_12_patch06.png,0,1015.1400146484376,287.1199951171875,100,100,0.0040000001899898
4077,HSIL_12_patch06.png,0,889.9000244140625,291.260009765625,100,100,0.0028999999631196
4078,HSIL_12_patch06.png,0,999.6900024414062,303.4800109863281,100,100,0.0020999999251216
4079,HSIL_12_patch07.png,0,108.53,61.5,100,100,0.6687
4080,HSIL_12_patch07.png,0,38.22,88.88,100,100,0.3986
4081,HSIL_12_patch07.png,0,232.75,9.300000190734863,100,100,0.3172000050544739
4082,HSIL_12_patch07.png,0,255.38999938964844,200.8000030517578,100,100,0.255400002002716
4083,HSIL_12_patch07.png,0,26.32,181.81,100,100,0.1666
4084,HSIL_12_patch07.png,0,19.43000030517578,161.8300018310547,100,100,0.1222999989986419
4085,HSIL_12_patch07.png,0,227.1100006103516,99.4499969482422,100,100,0.0912000015377998
4086,HSIL_12_patch07.png,0,133.30999755859375,7.170000076293945,100,100,0.0434999987483024
4087,HSIL_12_patch07.png,0,207.72000122070312,210.6300048828125,100,100,0.032999999821186
4088,HSIL_12_patch07.png,0,173.92999267578125,136.6199951171875,100,100,0.0322999991476535
4089,HSIL_12_patch07.png,0,165.1699981689453,235.3800048828125,100,100,0.0209999997168779
4090,HSIL_12_patch07.png,0,176.47,451.96,100,100,0.3412
4091,HSIL_12_patch07.png,0,235.9600067138672,443.5400085449219,100,100,0.1738000065088272
4092,HSIL_12_patch07.png,0,116.36000061035156,454.010009765625,100,100,0.1686999946832656
4093,HSIL_12_patch07.png,0,232.32000732421875,404.0400085449219,100,100,0.1254999935626983
4094,HSIL_12_patch07.png,0,202.8699951171875,269.8099975585937,100,100,0.0913000032305717
4095,HSIL_12_patch07.png,0,132.17999267578125,258.19000244140625,100,100,0.0672999992966651
4096,HSIL_12_patch07.png,0,70.3499984741211,323.29998779296875,100,100,0.0476000010967254
4097,HSIL_12_patch07.png,0,146.35000610351562,305.9100036621094,100,100,0.0291000008583068
4098,HSIL_12_patch07.png,0,157.63999938964844,442.5199890136719,100,100,0.0289999991655349
4099,HSIL_12_patch07.png,0,73.66000366210938,508.5499877929688,100,100,0.0129000004380941
4100,HSIL_12_patch07.png,0,234.8999938964844,360.739990234375,100,100,0.0113000003620982
4101,HSIL_12_patch07.png,0,127.92,758.09,100,100,0.6161
4102,HSIL_12_patch07.png,0,233.72,531.54,100,100,0.2984
4103,HSIL_12_patch07.png,0,102.62,579.99,100,100,0.1691
4104,HSIL_12_patch07.png,0,72.05999755859375,717.4600219726562,100,100,0.1211000010371208
4105,HSIL_12_patch07.png,0,215.07000732421875,693.8099975585938,100,100,0.0856999978423118
4106,HSIL_12_patch07.png,0,153.38999938964844,727.4299926757812,100,100,0.0526000000536441
4107,HSIL_12_patch07.png,0,223.22999572753903,592.1300048828125,100,100,0.031199999153614
4108,HSIL_12_patch07.png,0,241.80999755859372,617.9500122070312,100,100,0.0267999991774559
4109,HSIL_12_patch07.png,0,7.230000019073486,590.3900146484375,100,100,0.0203000009059906
4110,HSIL_12_patch07.png,0,136.52999877929688,746.97998046875,100,100,0.0113000003620982
4111,HSIL_12_patch07.png,0,190.8800048828125,659.02001953125,100,100,0.0110999997705221
4112,HSIL_12_patch07.png,0,150.60000610351562,606.8099975585938,100,100,0.0104999998584389
4113,HSIL_12_patch07.png,0,232.68,848.33,100,100,0.5366
4114,HSIL_12_patch07.png,0,255.82,965.97,100,100,0.4281
4115,HSIL_12_patch07.png,0,200.56,861.67,100,100,0.4146
4116,HSIL_12_patch07.png,0,89.16,891.08,100,100,0.3287
4117,HSIL_12_patch07.png,0,75.8,987.49,100,100,0.3267
4118,HSIL_12_patch07.png,0,17.99,873.68,100,100,0.2449
4119,HSIL_12_patch07.png,0,14.8,914.04,100,100,0.2254
4120,HSIL_12_patch07.png,0,115.75,823.0,100,100,0.1440999954938888
4121,HSIL_12_patch07.png,0,134.1699981689453,872.739990234375,100,100,0.1431999951601028
4122,HSIL_12_patch07.png,0,210.50999450683597,938.5,100,100,0.1174999997019767
4123,HSIL_12_patch07.png,0,155.27999877929688,832.5499877929688,100,100,0.1061000004410743
4124,HSIL_12_patch07.png,0,210.72000122070312,828.7100219726562,100,100,0.0584999993443489
4125,HSIL_12_patch07.png,0,204.4199981689453,902.2999877929688,100,100,0.0386999994516372
4126,HSIL_12_patch07.png,0,104.33000183105467,794.97998046875,100,100,0.0318000018596649
4127,HSIL_12_patch07.png,0,17.18000030517578,782.3300170898438,100,100,0.0140000004321336
4128,HSIL_12_patch07.png,0,445.2799987792969,236.30999755859372,100,100,0.2630000114440918
4129,HSIL_12_patch07.png,0,345.010009765625,200.50999450683597,100,100,0.1124000027775764
4130,HSIL_12_patch07.png,0,381.5,138.91000366210938,100,100,0.1089999973773956
4131,HSIL_12_patch07.png,0,431.9599914550781,133.55999755859375,100,100,0.0689999982714653
4132,HSIL_12_patch07.png,0,423.55999755859375,94.56999969482422,100,100,0.0577000007033348
4133,HSIL_12_patch07.png,0,283.6000061035156,234.33999633789065,100,100,0.0500999987125396
4134,HSIL_12_patch07.png,0,437.4599914550781,207.0399932861328,100,100,0.0478999987244606
4135,HSIL_12_patch07.png,0,479.8299865722656,206.6000061035156,100,100,0.0403000004589557
4136,HSIL_12_patch07.png,0,451.9299926757813,48.31999969482422,100,100,0.0233999993652105
4137,HSIL_12_patch07.png,0,313.1300048828125,65.58999633789062,100,100,0.0143999997526407
4138,HSIL_12_patch07.png,0,505.25,34.34000015258789,100,100,0.0115000000223517
4139,HSIL_12_patch07.png,0,355.66,408.13,100,100,0.6715
4140,HSIL_12_patch07.png,0,347.16,316.16,100,100,0.3418
4141,HSIL_12_patch07.png,0,383.3999938964844,266.6600036621094,100,100,0.3389999866485595
4142,HSIL_12_patch07.png,0,256.63,373.53,100,100,0.2753
4143,HSIL_12_patch07.png,0,322.9599914550781,451.4200134277344,100,100,0.26910001039505
4144,HSIL_12_patch07.png,0,434.6099853515625,290.1300048828125,100,100,0.186499997973442
4145,HSIL_12_patch07.png,0,423.5400085449219,315.07000732421875,100,100,0.0966999977827072
4146,HSIL_12_patch07.png,0,264.3099975585937,477.010009765625,100,100,0.0678000003099441
4147,HSIL_12_patch07.png,0,328.4200134277344,317.29998779296875,100,100,0.0658999979496002
4148,HSIL_12_patch07.png,0,308.9599914550781,400.8200073242188,100,100,0.0551000013947486
4149,HSIL_12_patch07.png,0,511.0899963378906,466.5700073242188,100,100,0.0357000008225441
4150,HSIL_12_patch07.png,0,391.5799865722656,256.8500061035156,100,100,0.0137000000104308
4151,HSIL_12_patch07.png,0,486.739990234375,422.8699951171875,100,100,0.0109000001102685
4152,HSIL_12_patch07.png,0,365.3999938964844,258.6000061035156,100,100,0.0108000002801418
4153,HSIL_12_patch07.png,0,285.28,522.18,100,100,0.2019
4154,HSIL_12_patch07.png,0,471.7999877929688,700.510009765625,100,100,0.12950000166893
4155,HSIL_12_patch07.png,0,491.8800048828125,691.780029296875,100,100,0.0531000010669231
4156,HSIL_12_patch07.png,0,344.8399963378906,668.780029296875,100,100,0.0390000008046627
4157,HSIL_12_patch07.png,0,343.7099914550781,693.969970703125,100,100,0.0288999993354082
4158,HSIL_12_patch07.png,0,345.07000732421875,646.7899780273438,100,100,0.0116999996826052
4159,HSIL_12_patch07.png,0,317.3,875.79,100,100,0.514
4160,HSIL_12_patch07.png,0,273.24,845.75,100,100,0.4244
4161,HSIL_12_patch07.png,0,314.18,820.07,100,100,0.415
4162,HSIL_12_patch07.png,0,319.87,904.1,100,100,0.4006
4163,HSIL_12_patch07.png,0,356.05,807.82,100,100,0.3456
4164,HSIL_12_patch07.png,0,369.84,875.57,100,100,0.2739
4165,HSIL_12_patch07.png,0,467.46,908.49,100,100,0.2437
4166,HSIL_12_patch07.png,0,329.5599975585937,1005.8499755859376,100,100,0.2061000019311905
4167,HSIL_12_patch07.png,0,403.8599853515625,912.3300170898438,100,100,0.1005999967455864
4168,HSIL_12_patch07.png,0,647.57,136.86,100,100,0.6331
4169,HSIL_12_patch07.png,0,534.73,99.47,100,100,0.6145
4170,HSIL_12_patch07.png,0,662.11,69.16,100,100,0.4007
4171,HSIL_12_patch07.png,0,520.9500122070312,188.58999633789065,100,100,0.2337000072002411
4172,HSIL_12_patch07.png,0,625.1699829101562,14.880000114440918,100,100,0.0803000032901763
4173,HSIL_12_patch07.png,0,603.8200073242188,43.34999847412109,100,100,0.0416000001132488
4174,HSIL_12_patch07.png,0,711.6900024414062,5.329999923706055,100,100,0.0375000014901161
4175,HSIL_12_patch07.png,0,616.5900268554688,8.170000076293945,100,100,0.032600000500679
4176,HSIL_12_patch07.png,0,702.6400146484375,28.68000030517578,100,100,0.0267999991774559
4177,HSIL_12_patch07.png,0,583.780029296875,192.33999633789065,100,100,0.0245999991893768
4178,HSIL_12_patch07.png,0,641.1300048828125,5.760000228881836,100,100,0.0124000003561377
4179,HSIL_12_patch07.png,0,650.64,402.43,100,100,0.465
4180,HSIL_12_patch07.png,0,529.22,295.94,100,100,0.2157
4181,HSIL_12_patch07.png,0,612.27001953125,503.760009765625,100,100,0.0166999995708465
4182,HSIL_12_patch07.png,0,686.9500122070312,271.9700012207031,100,100,0.0124000003561377
4183,HSIL_12_patch07.png,0,697.74,586.21,100,100,0.486
4184,HSIL_12_patch07.png,0,548.29,581.89,100,100,0.3808
4185,HSIL_12_patch07.png,0,515.5399780273438,538.739990234375,100,100,0.1419000029563903
4186,HSIL_12_patch07.png,0,661.02001953125,554.8300170898438,100,100,0.1310999989509582
4187,HSIL_12_patch07.png,0,584.0499877929688,629.27001953125,100,100,0.0641999989748001
4188,HSIL_12_patch07.png,0,645.4400024414062,664.9299926757812,100,100,0.0355000011622905
4189,HSIL_12_patch07.png,0,681.6699829101562,632.4299926757812,100,100,0.0173000004142522
4190,HSIL_12_patch07.png,0,692.489990234375,518.6500244140625,100,100,0.0163000002503395
4191,HSIL_12_patch07.png,0,684.1199951171875,576.4400024414062,100,100,0.0143999997526407
4192,HSIL_12_patch07.png,0,691.72998046875,595.9600219726562,100,100,0.010700000450015
4193,HSIL_12_patch07.png,0,589.7,866.04,100,100,0.5068
4194,HSIL_12_patch07.png,0,718.86,951.75,100,100,0.4499
4195,HSIL_12_patch07.png,0,512.28,886.01,100,100,0.2937
4196,HSIL_12_patch07.png,0,606.3099975585938,899.02001953125,100,100,0.2285999953746795
4197,HSIL_12_patch07.png,0,629.85,831.86,100,100,0.2062
4198,HSIL_12_patch07.png,0,570.4099731445312,945.77001953125,100,100,0.1213999986648559
4199,HSIL_12_patch07.png,0,564.5900268554688,806.4099731445312,100,100,0.1023999974131584
4200,HSIL_12_patch07.png,0,813.35,114.83,100,100,0.452
4201,HSIL_12_patch07.png,0,824.74,204.57,100,100,0.3052
4202,HSIL_12_patch07.png,0,878.6599731445312,209.9600067138672,100,100,0.2987000048160553
4203,HSIL_12_patch07.png,0,928.7100219726562,246.08999633789065,100,100,0.2939999997615814
4204,HSIL_12_patch07.png,0,892.989990234375,7.639999866485596,100,100,0.1194000020623207
4205,HSIL_12_patch07.png,0,858.4600219726562,132.42999267578125,100,100,0.0874999985098838
4206,HSIL_12_patch07.png,0,954.6699829101562,158.0,100,100,0.0562000013887882
4207,HSIL_12_patch07.png,0,816.3099975585938,135.89999389648438,100,100,0.0245999991893768
4208,HSIL_12_patch07.png,0,984.9099731445312,92.8499984741211,100,100,0.0196000002324581
4209,HSIL_12_patch07.png,0,940.97998046875,239.8500061035156,100,100,0.0137999998405575
4210,HSIL_12_patch07.png,0,819.29,437.99,100,100,0.6388
4211,HSIL_12_patch07.png,0,829.030029296875,320.1099853515625,100,100,0.1708000004291534
4212,HSIL_12_patch07.png,0,805.1900024414062,283.6400146484375,100,100,0.1691000014543533
4213,HSIL_12_patch07.png,0,938.3300170898438,465.5899963378906,100,100,0.1534000039100647
4214,HSIL_12_patch07.png,0,899.3900146484375,470.3999938964844,100,100,0.1251000016927719
4215,HSIL_12_patch07.png,0,894.9400024414062,498.8500061035156,100,100,0.1028999984264373
4216,HSIL_12_patch07.png,0,862.0700073242188,315.3299865722656,100,100,0.1008000001311302
4217,HSIL_12_patch07.png,0,831.9299926757812,352.9700012207031,100,100,0.0789000019431114
4218,HSIL_12_patch07.png,0,983.3699951171876,439.80999755859375,100,100,0.0771000012755394
4219,HSIL_12_patch07.png,0,906.760009765625,292.67999267578125,100,100,0.0206000003963708
4220,HSIL_12_patch07.png,0,841.6300048828125,494.1499938964844,100,100,0.0162000004202127
4221,HSIL_12_patch07.png,0,982.8900146484376,264.20001220703125,100,100,0.010700000450015
4222,HSIL_12_patch07.png,0,837.99,533.89,100,100,0.5253
4223,HSIL_12_patch07.png,0,769.9299926757812,714.72998046875,100,100,0.1074000000953674
4224,HSIL_12_patch07.png,0,989.010009765625,723.239990234375,100,100,0.0668999999761581
4225,HSIL_12_patch07.png,0,949.9000244140624,644.0900268554688,100,100,0.0636000037193298
4226,HSIL_12_patch07.png,0,865.6300048828125,759.4400024414062,100,100,0.052700001746416
4227,HSIL_12_patch07.png,0,953.510009765625,579.77001953125,100,100,0.0303000006824731
4228,HSIL_12_patch07.png,0,889.4600219726562,715.030029296875,100,100,0.0295000001788139
4229,HSIL_12_patch07.png,0,1017.4600219726562,659.9000244140625,100,100,0.0233999993652105
4230,HSIL_12_patch07.png,0,1017.7100219726562,543.8499755859375,100,100,0.0131000000983476
4231,HSIL_12_patch07.png,0,961.56,975.23,100,100,0.2671
4232,HSIL_12_patch07.png,0,846.87,895.04,100,100,0.1692
4233,HSIL_12_patch07.png,0,880.1500244140625,1014.6099853515624,100,100,0.0494999997317791
4234,HSIL_12_patch07.png,0,774.6799926757812,1007.8599853515624,100,100,0.0141000002622604
4235,HSIL_12_patch07.png,0,1018.010009765625,801.6699829101562,100,100,0.0131999999284744
4236,HSIL_12_patch07.png,0,944.6400146484376,1017.219970703125,100,100,0.0114000001922249
4237,HSIL_12_patch07.png,0,865.1699829101562,839.3300170898438,100,100,0.0104000000283122
4238,HSIL_12_patch07.png,0,49.93000030517578,73.6500015258789,100,100,0.0086000002920627
4239,HSIL_12_patch07.png,0,218.9600067138672,201.9600067138672,100,100,0.0085000004619359
4240,HSIL_12_patch07.png,0,118.83999633789062,51.75,100,100,0.0078999996185302
4241,HSIL_12_patch07.png,0,97.70999908447266,52.119998931884766,100,100,0.0060999998822808
4242,HSIL_12_patch07.png,0,6.199999809265137,104.2699966430664,100,100,0.0038999998942017
4243,HSIL_12_patch07.png,0,28.290000915527344,78.37000274658203,100,100,0.0038000000640749
4244,HSIL_12_patch07.png,0,247.75,213.3500061035156,100,100,0.003400000045076
4245,HSIL_12_patch07.png,0,17.639999389648438,93.72000122070312,100,100,0.0027000000700354
4246,HSIL_12_patch07.png,0,118.1999969482422,72.16999816894531,100,100,0.0024000001139938
4247,HSIL_12_patch07.png,0,240.05999755859372,196.3699951171875,100,100,0.001700000022538
4248,HSIL_12_patch07.png,0,249.8699951171875,358.3900146484375,100,100,0.0055999998003244
4249,HSIL_12_patch07.png,0,223.44000244140625,391.5700073242188,100,100,0.0038999998942017
4250,HSIL_12_patch07.png,0,240.8000030517578,593.4299926757812,100,100,0.0086000002920627
4251,HSIL_12_patch07.png,0,209.1499938964844,605.4199829101562,100,100,0.0083999997004866
4252,HSIL_12_patch07.png,0,176.0800018310547,563.219970703125,100,100,0.0048000002279877
4253,HSIL_12_patch07.png,0,148.64999389648438,539.0800170898438,100,100,0.0037000000011175
4254,HSIL_12_patch07.png,0,117.13999938964844,745.760009765625,100,100,0.003000000026077
4255,HSIL_12_patch07.png,0,117.8499984741211,614.0599975585938,100,100,0.003000000026077
4256,HSIL_12_patch07.png,0,92.6500015258789,568.9000244140625,100,100,0.0020999999251216
4257,HSIL_12_patch07.png,0,78.87000274658203,880.8300170898438,100,100,0.0043000001460313
4258,HSIL_12_patch07.png,0,187.50999450683597,853.6400146484375,100,100,0.003400000045076
4259,HSIL_12_patch07.png,0,115.30999755859376,786.5399780273438,100,100,0.0031000000890344
4260,HSIL_12_patch07.png,0,176.1699981689453,842.9099731445312,100,100,0.0027000000700354
4261,HSIL_12_patch07.png,0,241.94000244140625,953.6799926757812,100,100,0.001700000022538
4262,HSIL_12_patch07.png,0,116.61000061035156,769.5900268554688,100,100,0.001700000022538
4263,HSIL_12_patch07.png,0,91.58000183105467,789.3400268554688,100,100,0.001300000003539
4264,HSIL_12_patch07.png,0,349.20001220703125,52.97999954223633,100,100,0.0068999999202787
4265,HSIL_12_patch07.png,0,352.1499938964844,213.4900054931641,100,100,0.0057999999262392
4266,HSIL_12_patch07.png,0,455.7099914550781,228.38999938964844,100,100,0.0019000000320374
4267,HSIL_12_patch07.png,0,362.5,276.5799865722656,100,100,0.0041999998502433
4268,HSIL_12_patch07.png,0,371.9500122070313,405.7900085449219,100,100,0.0038999998942017
4269,HSIL_12_patch07.png,0,510.4599914550781,482.6099853515625,100,100,0.003400000045076
4270,HSIL_12_patch07.png,0,358.1700134277344,308.1700134277344,100,100,0.003400000045076
4271,HSIL_12_patch07.png,0,265.1300048828125,384.7099914550781,100,100,0.0028999999631196
4272,HSIL_12_patch07.png,0,343.57000732421875,399.1600036621094,100,100,0.0027999999001622
4273,HSIL_12_patch07.png,0,268.1199951171875,358.4599914550781,100,100,0.0015000000130385
4274,HSIL_12_patch07.png,0,295.5599975585937,702.5599975585938,100,100,0.0071999998763203
4275,HSIL_12_patch07.png,0,328.510009765625,684.3800048828125,100,100,0.0049999998882412
4276,HSIL_12_patch07.png,0,274.5799865722656,513.6699829101562,100,100,0.003400000045076
4277,HSIL_12_patch07.png,0,300.7900085449219,520.280029296875,100,100,0.003000000026077
4278,HSIL_12_patch07.png,0,505.3800048828125,548.9199829101562,100,100,0.003000000026077
4279,HSIL_12_patch07.png,0,354.32000732421875,679.6900024414062,100,100,0.0023000000510364
4280,HSIL_12_patch07.png,0,340.739990234375,632.760009765625,100,100,0.00179999996908
4281,HSIL_12_patch07.png,0,539.4400024414062,62.36000061035156,100,100,0.0087000001221895
4282,HSIL_12_patch07.png,0,523.3599853515625,91.4000015258789,100,100,0.0046999999321997
4283,HSIL_12_patch07.png,0,552.0900268554688,97.75,100,100,0.0031000000890344
4284,HSIL_12_patch07.png,0,657.489990234375,126.55999755859376,100,100,0.003000000026077
4285,HSIL_12_patch07.png,0,531.1500244140625,180.22000122070312,100,100,0.0024999999441206
4286,HSIL_12_patch07.png,0,633.5800170898438,140.0800018310547,100,100,0.001700000022538
4287,HSIL_12_patch07.png,0,636.989990234375,393.2999877929688,100,100,0.008899999782443
4288,HSIL_12_patch07.png,0,658.5599975585938,392.3200073242188,100,100,0.0077999997884035
4289,HSIL_12_patch07.png,0,537.9500122070312,278.94000244140625,100,100,0.0043999999761581
4290,HSIL_12_patch07.png,0,708.1500244140625,593.239990234375,100,100,0.0080000003799796
4291,HSIL_12_patch07.png,0,613.010009765625,568.969970703125,100,100,0.0074000000022351
4292,HSIL_12_patch07.png,0,711.3300170898438,576.280029296875,100,100,0.0066999997943639
4293,HSIL_12_patch07.png,0,562.5999755859375,563.6699829101562,100,100,0.0052999998442828
4294,HSIL_12_patch07.png,0,745.780029296875,682.1199951171875,100,100,0.0046999999321997
4295,HSIL_12_patch07.png,0,537.5800170898438,568.25,100,100,0.0027999999001622
4296,HSIL_12_patch07.png,0,545.0599975585938,596.1400146484375,100,100,0.0024999999441206
4297,HSIL_12_patch07.png,0,593.260009765625,615.969970703125,100,100,0.00179999996908
4298,HSIL_12_patch07.png,0,528.5700073242188,551.989990234375,100,100,0.001300000003539
4299,HSIL_12_patch07.png,0,527.0399780273438,531.9199829101562,100,100,0.0012000000569969
4300,HSIL_12_patch07.png,0,803.2100219726562,102.9800033569336,100,100,0.0054000001400709
4301,HSIL_12_patch07.png,0,827.8499755859375,107.55999755859376,100,100,0.0044999998062849
4302,HSIL_12_patch07.png,0,849.6400146484375,142.72999572753906,100,100,0.0031999999191612
4303,HSIL_12_patch07.png,0,915.0399780273438,240.33999633789065,100,100,0.002600000007078
4304,HSIL_12_patch07.png,0,823.9600219726562,223.5399932861328,100,100,0.0015999999595806
4305,HSIL_12_patch07.png,0,863.0499877929688,215.6699981689453,100,100,0.0013999999500811
4306,HSIL_12_patch07.png,0,835.7000122070312,193.2100067138672,100,100,0.0013999999500811
4307,HSIL_12_patch07.png,0,810.97998046875,426.7300109863281,100,100,0.0099999997764825
4308,HSIL_12_patch07.png,0,796.8300170898438,443.0299987792969,100,100,0.0057000000961124
4309,HSIL_12_patch07.png,0,829.6699829101562,446.3500061035156,100,100,0.0041999998502433
4310,HSIL_12_patch07.png,0,838.469970703125,310.7799987792969,100,100,0.0041000000201165
4311,HSIL_12_patch07.png,0,782.4199829101562,449.8299865722656,100,100,0.0031999999191612
4312,HSIL_12_patch07.png,0,835.530029296875,433.30999755859375,100,100,0.00179999996908
4313,HSIL_12_patch07.png,0,936.719970703125,256.6300048828125,100,100,0.0012000000569969
4314,HSIL_12_patch07.png,0,852.0999755859375,531.0900268554688,100,100,0.0035999999381601
4315,HSIL_12_patch07.png,0,994.9000244140624,947.25,100,100,0.0071999998763203
4316,HSIL_12_patch08.png,0,114.38,486.34,100,100,0.3437
4317,HSIL_12_patch08.png,0,18.920000076293945,431.0499877929688,100,100,0.1817999929189682
4318,HSIL_12_patch08.png,0,240.72999572753903,481.55999755859375,100,100,0.1271000057458877
4319,HSIL_12_patch08.png,0,10.130000114440918,486.3500061035156,100,100,0.1147999987006187
4320,HSIL_12_patch08.png,0,82.33999633789062,470.1700134277344,100,100,0.0612999983131885
4321,HSIL_12_patch08.png,0,16.889999389648438,509.7099914550781,100,100,0.0522000007331371
4322,HSIL_12_patch08.png,0,37.41999816894531,398.1600036621094,100,100,0.0299999993294477
4323,HSIL_12_patch08.png,0,148.27000427246094,363.9400024414063,100,100,0.0127999996766448
4324,HSIL_12_patch08.png,0,110.88,585.26,100,100,0.5962
4325,HSIL_12_patch08.png,0,49.1,561.82,100,100,0.57
4326,HSIL_12_patch08.png,0,15.61,687.85,100,100,0.3076
4327,HSIL_12_patch08.png,0,172.53,738.51,100,100,0.2484
4328,HSIL_12_patch08.png,0,47.40999984741211,671.6500244140625,100,100,0.154799997806549
4329,HSIL_12_patch08.png,0,116.48999786376952,761.9500122070312,100,100,0.0842999964952468
4330,HSIL_12_patch08.png,0,88.45999908447266,697.8699951171875,100,100,0.0577000007033348
4331,HSIL_12_patch08.png,0,181.1199951171875,607.0999755859375,100,100,0.0272000003606081
4332,HSIL_12_patch08.png,0,233.4199981689453,670.260009765625,100,100,0.0216000005602836
4333,HSIL_12_patch08.png,0,189.57,943.01,100,100,0.5818
4334,HSIL_12_patch08.png,0,168.82,839.8,100,100,0.5265
4335,HSIL_12_patch08.png,0,249.38,789.1,100,100,0.3974
4336,HSIL_12_patch08.png,0,217.48,846.43,100,100,0.3429
4337,HSIL_12_patch08.png,0,81.67,868.48,100,100,0.2436
4338,HSIL_12_patch08.png,0,27.33,813.81,100,100,0.2422
4339,HSIL_12_patch08.png,0,127.13999938964844,787.969970703125,100,100,0.2164999991655349
4340,HSIL_12_patch08.png,0,74.36,906.02,100,100,0.1624
4341,HSIL_12_patch08.png,0,108.6999969482422,844.9199829101562,100,100,0.0674000009894371
4342,HSIL_12_patch08.png,0,19.8799991607666,849.7100219726562,100,100,0.0267999991774559
4343,HSIL_12_patch08.png,0,471.06,12.67,100,100,0.2809
4344,HSIL_12_patch08.png,0,484.2300109863281,9.220000267028809,100,100,0.0105999996885657
4345,HSIL_12_patch08.png,0,317.7200012207031,164.3300018310547,100,100,0.0105999996885657
4346,HSIL_12_patch08.png,0,486.6199951171875,504.5400085449219,100,100,0.0163000002503395
4347,HSIL_12_patch08.png,0,419.9299926757813,645.1300048828125,100,100,0.2712999880313873
4348,HSIL_12_patch08.png,0,427.5799865722656,705.1400146484375,100,100,0.1852999925613403
4349,HSIL_12_patch08.png,0,278.0199890136719,676.6199951171875,100,100,0.0868000015616417
4350,HSIL_12_patch08.png,0,463.6900024414063,660.4099731445312,100,100,0.0522000007331371
4351,HSIL_12_patch08.png,0,344.6300048828125,711.219970703125,100,100,0.0373000018298625
4352,HSIL_12_patch08.png,0,320.2300109863281,706.4199829101562,100,100,0.0335999988019466
4353,HSIL_12_patch08.png,0,461.2999877929688,627.9099731445312,100,100,0.0313999988138675
4354,HSIL_12_patch08.png,0,451.489990234375,694.75,100,100,0.0212999992072582
4355,HSIL_12_patch08.png,0,297.5899963378906,704.260009765625,100,100,0.0175999999046325
4356,HSIL_12_patch08.png,0,494.99,838.56,100,100,0.6222
4357,HSIL_12_patch08.png,0,376.6300048828125,829.9299926757812,100,100,0.0731000006198883
4358,HSIL_12_patch08.png,0,511.6600036621094,963.6300048828124,100,100,0.0595000013709068
4359,HSIL_12_patch08.png,0,705.1500244140625,737.3499755859375,100,100,0.1018000021576881
4360,HSIL_12_patch08.png,0,522.1599731445312,688.780029296875,100,100,0.0165999997407197
4361,HSIL_12_patch08.png,0,649.3800048828125,694.8099975585938,100,100,0.0148000000044703
4362,HSIL_12_patch08.png,0,694.4600219726562,660.6500244140625,100,100,0.0125000001862645
4363,HSIL_12_patch08.png,0,631.01,772.66,100,100,0.149
4364,HSIL_12_patch08.png,0,653.6099853515625,829.4199829101562,100,100,0.0315000005066394
4365,HSIL_12_patch08.png,0,549.510009765625,937.02001953125,100,100,0.0135000003501772
4366,HSIL_12_patch08.png,0,879.469970703125,226.1499938964844,100,100,0.25450000166893
4367,HSIL_12_patch08.png,0,775.8200073242188,54.310001373291016,100,100,0.2012999951839447
4368,HSIL_12_patch08.png,0,936.8699951171876,211.00999450683597,100,100,0.1898999959230423
4369,HSIL_12_patch08.png,0,953.3300170898438,247.13999938964844,100,100,0.1678999960422516
4370,HSIL_12_patch08.png,0,949.0700073242188,56.15999984741211,100,100,0.1479000002145767
4371,HSIL_12_patch08.png,0,848.77001953125,149.1999969482422,100,100,0.1134999990463256
4372,HSIL_12_patch08.png,0,976.1599731445312,40.66999816894531,100,100,0.0881000012159347
4373,HSIL_12_patch08.png,0,962.0,5.949999809265137,100,100,0.0571999996900558
4374,HSIL_12_patch08.png,0,810.2100219726562,11.850000381469728,100,100,0.0450000017881393
4375,HSIL_12_patch08.png,0,940.280029296875,21.1200008392334,100,100,0.0384000018239021
4376,HSIL_12_patch08.png,0,893.5999755859375,149.4499969482422,100,100,0.0320999994874
4377,HSIL_12_patch08.png,0,934.4600219726562,163.6699981689453,100,100,0.0133999995887279
4378,HSIL_12_patch08.png,0,966.1599731445312,455.4200134277344,100,100,0.2269999980926513
4379,HSIL_12_patch08.png,0,1017.739990234375,266.29998779296875,100,100,0.0910999998450279
4380,HSIL_12_patch08.png,0,939.75,277.4700012207031,100,100,0.0553999990224838
4381,HSIL_12_patch08.png,0,889.8499755859375,501.30999755859375,100,100,0.0225000008940696
4382,HSIL_12_patch08.png,0,902.3599853515624,653.3499755859375,100,100,0.1536000072956085
4383,HSIL_12_patch08.png,0,926.6799926757812,734.0399780273438,100,100,0.0917000025510788
4384,HSIL_12_patch08.png,0,862.6699829101562,776.1699829101562,100,100,0.0684999972581863
4385,HSIL_12_patch08.png,0,881.6400146484375,1018.2999877929688,100,100,0.0189999993890523
4386,HSIL_12_patch08.png,0,890.4500122070312,790.2100219726562,100,100,0.0171000007539987
4387,HSIL_12_patch08.png,0,247.0399932861328,500.7099914550781,100,100,0.0085000004619359
4388,HSIL_12_patch08.png,0,99.4499969482422,476.1600036621094,100,100,0.0071000000461936
4389,HSIL_12_patch08.png,0,121.43000030517578,475.2999877929688,100,100,0.006800000090152
4390,HSIL_12_patch08.png,0,227.72000122070312,489.3999938964844,100,100,0.0024999999441206
4391,HSIL_12_patch08.png,0,253.5,478.6099853515625,100,100,0.0020000000949949
4392,HSIL_12_patch08.png,0,154.72999572753906,727.989990234375,100,100,0.0083999997004866
4393,HSIL_12_patch08.png,0,210.19000244140625,720.4299926757812,100,100,0.0073000001721084
4394,HSIL_12_patch08.png,0,59.04999923706055,551.760009765625,100,100,0.0054000001400709
4395,HSIL_12_patch08.png,0,6.5,677.27001953125,100,100,0.0048000002279877
4396,HSIL_12_patch08.png,0,120.75,574.719970703125,100,100,0.0046000001020729
4397,HSIL_12_patch08.png,0,34.88999938964844,556.5599975585938,100,100,0.0041000000201165
4398,HSIL_12_patch08.png,0,186.7700042724609,741.8200073242188,100,100,0.0038999998942017
4399,HSIL_12_patch08.png,0,96.4800033569336,576.8900146484375,100,100,0.0027999999001622
4400,HSIL_12_patch08.png,0,11.170000076293944,558.8300170898438,100,100,0.0020999999251216
4401,HSIL_12_patch08.png,0,111.0,512.4199829101562,100,100,0.0019000000320374
4402,HSIL_12_patch08.png,0,62.22999954223633,653.6400146484375,100,100,0.001700000022538
4403,HSIL_12_patch08.png,0,99.08000183105467,593.9400024414062,100,100,0.0015999999595806
4404,HSIL_12_patch08.png,0,188.0800018310547,725.0999755859375,100,100,0.0012000000569969
4405,HSIL_12_patch08.png,0,105.91000366210938,889.1599731445312,100,100,0.0062000001780688
4406,HSIL_12_patch08.png,0,161.1300048828125,823.2999877929688,100,100,0.0057999999262392
4407,HSIL_12_patch08.png,0,180.63999938964844,833.7999877929688,100,100,0.0055999998003244
4408,HSIL_12_patch08.png,0,232.7700042724609,842.5700073242188,100,100,0.0054999999701976
4409,HSIL_12_patch08.png,0,199.72000122070312,934.1900024414062,100,100,0.0052999998442828
4410,HSIL_12_patch08.png,0,182.0800018310547,931.4500122070312,100,100,0.0037000000011175
4411,HSIL_12_patch08.png,0,153.19000244140625,837.8900146484375,100,100,0.003000000026077
4412,HSIL_12_patch08.png,0,178.72999572753906,854.780029296875,100,100,0.003000000026077
4413,HSIL_12_patch08.png,0,36.720001220703125,804.2100219726562,100,100,0.0024000001139938
4414,HSIL_12_patch08.png,0,237.1699981689453,781.219970703125,100,100,0.0024000001139938
4415,HSIL_12_patch08.png,0,134.88999938964844,775.8200073242188,100,100,0.0020999999251216
4416,HSIL_12_patch08.png,0,4.889999866485596,856.25,100,100,0.0020000000949949
4417,HSIL_12_patch08.png,0,203.1100006103516,950.4500122070312,100,100,0.0019000000320374
4418,HSIL_12_patch08.png,0,196.80999755859372,841.7000122070312,100,100,0.00179999996908
4419,HSIL_12_patch08.png,0,174.00999450683594,816.1099853515625,100,100,0.001700000022538
4420,HSIL_12_patch08.png,0,100.5999984741211,932.1699829101562,100,100,0.0015000000130385
4421,HSIL_12_patch08.png,0,90.45999908447266,894.6300048828125,100,100,0.001300000003539
4422,HSIL_12_patch08.png,0,460.1099853515625,17.8799991607666,100,100,0.0076000001281499
4423,HSIL_12_patch08.png,0,452.6799926757813,5.860000133514404,100,100,0.002199999988079
4424,HSIL_12_patch08.png,0,341.4800109863281,527.8200073242188,100,100,0.0076999999582767
4425,HSIL_12_patch08.png,0,352.510009765625,514.5900268554688,100,100,0.0062000001780688
4426,HSIL_12_patch08.png,0,431.4400024414063,633.7899780273438,100,100,0.00179999996908
4427,HSIL_12_patch08.png,0,478.2900085449219,830.2999877929688,100,100,0.0038000000640749
4428,HSIL_12_patch08.png,0,507.6799926757813,843.489990234375,100,100,0.0031999999191612
4429,HSIL_12_patch08.png,0,507.5400085449219,828.1400146484375,100,100,0.0024999999441206
4430,HSIL_12_patch08.png,0,623.1699829101562,759.3300170898438,100,100,0.0019000000320374
4431,HSIL_12_patch08.png,0,683.8499755859375,816.5499877929688,100,100,0.0080000003799796
4432,HSIL_12_patch08.png,0,685.1900024414062,909.7000122070312,100,100,0.0078999996185302
4433,HSIL_12_patch08.png,0,623.0499877929688,782.8800048828125,100,100,0.0068999999202787
4434,HSIL_12_patch08.png,0,650.5599975585938,768.1900024414062,100,100,0.0019000000320374
4435,HSIL_12_patch08.png,0,643.3699951171875,846.0700073242188,100,100,0.0015000000130385
4436,HSIL_12_patch08.png,0,923.6099853515624,218.8800048828125,100,100,0.0041999998502433
4437,HSIL_12_patch08.png,0,940.3099975585938,243.67999267578125,100,100,0.0024999999441206
4438,HSIL_12_patch08.png,0,781.9299926757812,40.91999816894531,100,100,0.0020000000949949
4439,HSIL_12_patch08.png,0,825.4099731445312,510.9599914550781,100,100,0.0071000000461936
4440,HSIL_12_patch08.png,0,786.030029296875,865.2100219726562,100,100,0.0057000000961124
4441,HSIL_12_patch08.png,0,906.2899780273438,982.030029296875,100,100,0.00179999996908
4442,HSIL_12_patch09.png,0,137.78,150.28,100,100,0.4643
4443,HSIL_12_patch09.png,0,246.86,164.92,100,100,0.464
4444,HSIL_12_patch09.png,0,184.08999633789065,163.3000030517578,100,100,0.1079000011086463
4445,HSIL_12_patch09.png,0,234.6699981689453,159.6999969482422,100,100,0.0619000010192394
4446,HSIL_12_patch09.png,0,60.7400016784668,168.30999755859375,100,100,0.0604999996721744
4447,HSIL_12_patch09.png,0,132.91000366210938,136.32000732421875,100,100,0.0452000014483928
4448,HSIL_12_patch09.png,0,134.02000427246094,110.87999725341795,100,100,0.0210999995470047
4449,HSIL_12_patch09.png,0,8.140000343322754,115.5500030517578,100,100,0.0186999998986721
4450,HSIL_12_patch09.png,0,173.1999969482422,244.1300048828125,100,100,0.0116999996826052
4451,HSIL_12_patch09.png,0,80.03,417.32,100,100,0.6113
4452,HSIL_12_patch09.png,0,16.98,359.79,100,100,0.4181
4453,HSIL_12_patch09.png,0,222.44,265.18,100,100,0.364
4454,HSIL_12_patch09.png,0,49.92,471.07,100,100,0.2478
4455,HSIL_12_patch09.png,0,38.93000030517578,402.1400146484375,100,100,0.0712999999523162
4456,HSIL_12_patch09.png,0,87.30999755859375,477.0899963378906,100,100,0.0542000010609626
4457,HSIL_12_patch09.png,0,85.6500015258789,279.739990234375,100,100,0.0377000011503696
4458,HSIL_12_patch09.png,0,5.260000228881836,345.0199890136719,100,100,0.0230999998748302
4459,HSIL_12_patch09.png,0,207.3699951171875,443.3399963378906,100,100,0.0210999995470047
4460,HSIL_12_patch09.png,0,52.06,542.94,100,100,0.4008
4461,HSIL_12_patch09.png,0,54.57,743.61,100,100,0.2847
4462,HSIL_12_patch09.png,0,98.46,523.08,100,100,0.2535
4463,HSIL_12_patch09.png,0,108.30999755859376,657.6799926757812,100,100,0.1342999935150146
4464,HSIL_12_patch09.png,0,20.200000762939453,672.0900268554688,100,100,0.093199998140335
4465,HSIL_12_patch09.png,0,186.1300048828125,729.7999877929688,100,100,0.0615999996662139
4466,HSIL_12_patch09.png,0,103.06999969482422,597.6400146484375,100,100,0.0524000003933906
4467,HSIL_12_patch09.png,0,182.1999969482422,579.989990234375,100,100,0.0289999991655349
4468,HSIL_12_patch09.png,0,56.77000045776367,519.3099975585938,100,100,0.0269000008702278
4469,HSIL_12_patch09.png,0,162.44000244140625,735.02001953125,100,100,0.0208999998867511
4470,HSIL_12_patch09.png,0,7.659999847412109,749.260009765625,100,100,0.0181000009179115
4471,HSIL_12_patch09.png,0,41.81999969482422,589.1500244140625,100,100,0.0146000003442168
4472,HSIL_12_patch09.png,0,7.440000057220459,546.1900024414062,100,100,0.0126000000163912
4473,HSIL_12_patch09.png,0,29.520000457763672,630.4400024414062,100,100,0.0111999996006488
4474,HSIL_12_patch09.png,0,152.02,778.49,100,100,0.6829
4475,HSIL_12_patch09.png,0,250.57000732421875,864.6199951171875,100,100,0.1264999955892563
4476,HSIL_12_patch09.png,0,174.83999633789062,887.0499877929688,100,100,0.1045000031590461
4477,HSIL_12_patch09.png,0,9.800000190734863,783.3599853515625,100,100,0.0410999990999698
4478,HSIL_12_patch09.png,0,119.73999786376952,832.780029296875,100,100,0.0185000002384185
4479,HSIL_12_patch09.png,0,163.8000030517578,771.25,100,100,0.012699999846518
4480,HSIL_12_patch09.png,0,276.47,71.76,100,100,0.5062
4481,HSIL_12_patch09.png,0,509.65,175.24,100,100,0.254
4482,HSIL_12_patch09.png,0,433.5400085449219,12.760000228881836,100,100,0.1312000006437301
4483,HSIL_12_patch09.png,0,451.8299865722656,163.27000427246094,100,100,0.1124999970197677
4484,HSIL_12_patch09.png,0,266.2799987792969,174.8699951171875,100,100,0.0785000026226043
4485,HSIL_12_patch09.png,0,390.7999877929688,182.94000244140625,100,100,0.0239000003784894
4486,HSIL_12_patch09.png,0,423.0299987792969,75.12999725341797,100,100,0.018300000578165
4487,HSIL_12_patch09.png,0,503.9500122070313,187.63999938964844,100,100,0.0103000001981854
4488,HSIL_12_patch09.png,0,269.9200134277344,58.59999847412109,100,100,0.0102000003680586
4489,HSIL_12_patch09.png,0,473.9100036621094,493.7799987792969,100,100,0.0129000004380941
4490,HSIL_12_patch09.png,0,401.5,719.489990234375,100,100,0.2187999933958053
4491,HSIL_12_patch09.png,0,502.8399963378906,563.6699829101562,100,100,0.0286999996751546
4492,HSIL_12_patch09.png,0,312.2300109863281,656.719970703125,100,100,0.026300000026822
4493,HSIL_12_patch09.png,0,305.72,789.43,100,100,0.6201
4494,HSIL_12_patch09.png,0,342.3099975585937,992.5900268554688,100,100,0.1208000034093856
4495,HSIL_12_patch09.png,0,455.0,998.5900268554688,100,100,0.1124000027775764
4496,HSIL_12_patch09.png,0,383.4200134277344,769.3099975585938,100,100,0.0640000030398368
4497,HSIL_12_patch09.png,0,302.739990234375,869.1699829101562,100,100,0.0379000008106231
4498,HSIL_12_patch09.png,0,293.0199890136719,996.6500244140624,100,100,0.0125000001862645
4499,HSIL_12_patch09.png,0,663.94,201.68,100,100,0.569
4500,HSIL_12_patch09.png,0,607.7,99.46,100,100,0.4536
4501,HSIL_12_patch09.png,0,669.52001953125,10.449999809265137,100,100,0.0948999971151351
4502,HSIL_12_patch09.png,0,735.5999755859375,7.630000114440918,100,100,0.091899998486042
4503,HSIL_12_patch09.png,0,673.8099975585938,21.25,100,100,0.0632999986410141
4504,HSIL_12_patch09.png,0,522.47998046875,161.5800018310547,100,100,0.017400000244379
4505,HSIL_12_patch09.png,0,723.8300170898438,75.62000274658203,100,100,0.0173000004142522
4506,HSIL_12_patch09.png,0,701.9500122070312,10.579999923706056,100,100,0.0168999992311
4507,HSIL_12_patch09.png,0,554.8599853515625,129.47999572753906,100,100,0.0153999999165534
4508,HSIL_12_patch09.png,0,516.98,547.77,100,100,0.4717
4509,HSIL_12_patch09.png,0,710.510009765625,641.8200073242188,100,100,0.0513999983668327
4510,HSIL_12_patch09.png,0,683.030029296875,601.3499755859375,100,100,0.0307999998331069
4511,HSIL_12_patch09.png,0,553.8599853515625,628.0,100,100,0.0304000005125999
4512,HSIL_12_patch09.png,0,578.2999877929688,596.1300048828125,100,100,0.0230999998748302
4513,HSIL_12_patch09.png,0,584.23,897.93,100,100,0.6874
4514,HSIL_12_patch09.png,0,688.6300048828125,910.280029296875,100,100,0.0718000009655952
4515,HSIL_12_patch09.png,0,722.0399780273438,881.75,100,100,0.0357999987900257
4516,HSIL_12_patch09.png,0,863.0800170898438,120.4800033569336,100,100,0.1533000022172927
4517,HSIL_12_patch09.png,0,1010.9099731445312,35.08000183105469,100,100,0.0403000004589557
4518,HSIL_12_patch09.png,0,842.719970703125,17.610000610351562,100,100,0.0379999987781047
4519,HSIL_12_patch09.png,0,960.4299926757812,77.2300033569336,100,100,0.0309999994933605
4520,HSIL_12_patch09.png,0,835.95,621.07,100,100,0.3255
4521,HSIL_12_patch09.png,0,804.8599853515625,605.5700073242188,100,100,0.0190999992191791
4522,HSIL_12_patch09.png,0,841.0900268554688,645.1599731445312,100,100,0.013600000180304
4523,HSIL_12_patch09.png,0,797.6199951171875,894.1400146484375,100,100,0.010700000450015
4524,HSIL_12_patch09.png,0,1003.5599975585938,1017.1300048828124,100,100,0.0102000003680586
4525,HSIL_12_patch09.png,0,235.66000366210935,174.02000427246094,100,100,0.0065000001341104
4526,HSIL_12_patch09.png,0,229.7400054931641,252.19000244140625,100,100,0.0057999999262392
4527,HSIL_12_patch09.png,0,134.3300018310547,170.80999755859375,100,100,0.0044999998062849
4528,HSIL_12_patch09.png,0,145.72999572753906,134.22999572753906,100,100,0.0027000000700354
4529,HSIL_12_patch09.png,0,209.3699951171875,257.07000732421875,100,100,0.0073000001721084
4530,HSIL_12_patch09.png,0,231.2100067138672,278.19000244140625,100,100,0.0063999998383224
4531,HSIL_12_patch09.png,0,59.09000015258789,456.8999938964844,100,100,0.0063999998383224
4532,HSIL_12_patch09.png,0,92.72000122070312,412.1199951171875,100,100,0.0041000000201165
4533,HSIL_12_patch09.png,0,213.33999633789065,276.57000732421875,100,100,0.002600000007078
4534,HSIL_12_patch09.png,0,67.83000183105469,405.4400024414063,100,100,0.001700000022538
4535,HSIL_12_patch09.png,0,26.059999465942383,657.3300170898438,100,100,0.0076999999582767
4536,HSIL_12_patch09.png,0,141.77000427246094,765.760009765625,100,100,0.0040000001899898
4537,HSIL_12_patch09.png,0,80.30999755859375,518.8099975585938,100,100,0.0027000000700354
4538,HSIL_12_patch09.png,0,66.9800033569336,734.8599853515625,100,100,0.0020999999251216
4539,HSIL_12_patch09.png,0,33.27000045776367,645.77001953125,100,100,0.0013999999500811
4540,HSIL_12_patch09.png,0,48.93000030517578,567.2000122070312,100,100,0.0012000000569969
4541,HSIL_12_patch09.png,0,38.20000076293945,775.77001953125,100,100,0.0087999999523162
4542,HSIL_12_patch09.png,0,24.57999992370605,790.1699829101562,100,100,0.0052000000141561
4543,HSIL_12_patch09.png,0,139.1699981689453,783.6099853515625,100,100,0.0037000000011175
4544,HSIL_12_patch09.png,0,167.3699951171875,786.0900268554688,100,100,0.0024999999441206
4545,HSIL_12_patch09.png,0,261.6099853515625,156.25999450683594,100,100,0.0046999999321997
4546,HSIL_12_patch09.png,0,492.4299926757813,175.1300048828125,100,100,0.003400000045076
4547,HSIL_12_patch09.png,0,289.010009765625,64.22000122070312,100,100,0.0020000000949949
4548,HSIL_12_patch09.png,0,296.8800048828125,778.5599975585938,100,100,0.0096000004559755
4549,HSIL_12_patch09.png,0,297.5199890136719,797.5999755859375,100,100,0.0070000002160668
4550,HSIL_12_patch09.png,0,324.07000732421875,786.9299926757812,100,100,0.0070000002160668
4551,HSIL_12_patch09.png,0,332.510009765625,1010.6500244140624,100,100,0.0060999998822808
4552,HSIL_12_patch09.png,0,329.9700012207031,997.3200073242188,100,100,0.0052999998442828
4553,HSIL_12_patch09.png,0,457.9500122070313,1010.969970703125,100,100,0.0037000000011175
4554,HSIL_12_patch09.png,0,317.8599853515625,801.0,100,100,0.0031999999191612
4555,HSIL_12_patch09.png,0,446.6300048828125,1019.1400146484376,100,100,0.002600000007078
4556,HSIL_12_patch09.png,0,310.67999267578125,768.9199829101562,100,100,0.0023000000510364
4557,HSIL_12_patch09.png,0,322.0599975585937,985.1900024414062,100,100,0.0019000000320374
4558,HSIL_12_patch09.png,0,468.0299987792969,1017.5,100,100,0.0015999999595806
4559,HSIL_12_patch09.png,0,348.8599853515625,979.77001953125,100,100,0.0015999999595806
4560,HSIL_12_patch09.png,0,593.6400146484375,93.16000366210938,100,100,0.006800000090152
4561,HSIL_12_patch09.png,0,672.469970703125,188.3500061035156,100,100,0.0066999997943639
4562,HSIL_12_patch09.png,0,619.2100219726562,94.2699966430664,100,100,0.0063999998383224
4563,HSIL_12_patch09.png,0,691.6599731445312,217.7700042724609,100,100,0.0054999999701976
4564,HSIL_12_patch09.png,0,645.280029296875,194.25,100,100,0.0048000002279877
4565,HSIL_12_patch09.png,0,687.0800170898438,195.42999267578125,100,100,0.0031000000890344
4566,HSIL_12_patch09.png,0,658.4500122070312,22.020000457763672,100,100,0.0027000000700354
4567,HSIL_12_patch09.png,0,660.6900024414062,178.39999389648438,100,100,0.0024000001139938
4568,HSIL_12_patch09.png,0,614.5700073242188,111.12000274658205,100,100,0.0020000000949949
4569,HSIL_12_patch09.png,0,735.9099731445312,734.8200073242188,100,100,0.0070000002160668
4570,HSIL_12_patch09.png,0,598.75,893.5499877929688,100,100,0.0063000000081956
4571,HSIL_12_patch09.png,0,574.3400268554688,886.27001953125,100,100,0.0048000002279877
4572,HSIL_12_patch09.png,0,569.5499877929688,906.219970703125,100,100,0.00179999996908
4573,HSIL_12_patch09.png,0,849.989990234375,626.5499877929688,100,100,0.0054000001400709
4574,HSIL_12_patch09.png,0,836.9500122070312,792.510009765625,100,100,0.0048000002279877
4575,HSIL_12_patch10.png,0,81.0999984741211,11.850000381469728,100,100,0.0108000002801418
4576,HSIL_12_patch10.png,0,223.86,489.74,100,100,0.4182
4577,HSIL_12_patch10.png,0,218.82000732421875,473.7200012207031,100,100,0.0215000007301569
4578,HSIL_12_patch10.png,0,234.50999450683597,499.2799987792969,100,100,0.015599999576807
4579,HSIL_12_patch10.png,0,206.9499969482422,521.0800170898438,100,100,0.1753000020980835
4580,HSIL_12_patch10.png,0,247.4499969482422,546.22998046875,100,100,0.1422999948263168
4581,HSIL_12_patch10.png,0,63.22,962.92,100,100,0.4949
4582,HSIL_12_patch10.png,0,7.050000190734863,1004.7000122070312,100,100,0.0582000017166137
4583,HSIL_12_patch10.png,0,75.18000030517578,952.9500122070312,100,100,0.0357000008225441
4584,HSIL_12_patch10.png,0,8.989999771118164,912.1300048828124,100,100,0.0142000000923872
4585,HSIL_12_patch10.png,0,52.13999938964844,953.02001953125,100,100,0.0133999995887279
4586,HSIL_12_patch10.png,0,165.2100067138672,941.0900268554688,100,100,0.0108000002801418
4587,HSIL_12_patch10.png,0,279.1300048828125,124.52999877929688,100,100,0.0278999991714954
4588,HSIL_12_patch10.png,0,424.1,485.29,100,100,0.2441
4589,HSIL_12_patch10.png,0,459.1000061035156,432.55999755859375,100,100,0.1146999970078468
4590,HSIL_12_patch10.png,0,297.0599975585937,504.3999938964844,100,100,0.0205000005662441
4591,HSIL_12_patch10.png,0,459.1900024414063,480.8599853515625,100,100,0.0126000000163912
4592,HSIL_12_patch10.png,0,269.8900146484375,896.4099731445312,100,100,0.0151000004261732
4593,HSIL_12_patch10.png,0,523.39,616.4,100,100,0.55
4594,HSIL_12_patch10.png,0,564.8,556.26,100,100,0.3071
4595,HSIL_12_patch10.png,0,536.260009765625,556.0900268554688,100,100,0.0401999987661838
4596,HSIL_12_patch10.png,0,954.3599853515624,635.6500244140625,100,100,0.12950000166893
4597,HSIL_12_patch10.png,0,992.9500122070312,603.9500122070312,100,100,0.0878000035881996
4598,HSIL_12_patch10.png,0,988.3300170898438,691.8599853515625,100,100,0.0706999972462654
4599,HSIL_12_patch10.png,0,893.469970703125,659.9299926757812,100,100,0.0593999996781349
4600,HSIL_12_patch10.png,0,915.5399780273438,638.7899780273438,100,100,0.0266999993473291
4601,HSIL_12_patch10.png,0,1019.239990234375,976.6400146484376,100,100,0.0102000003680586
4602,HSIL_12_patch10.png,0,233.1499938964844,478.25,100,100,0.0065000001341104
4603,HSIL_12_patch10.png,0,234.05999755859372,541.0800170898438,100,100,0.003000000026077
4604,HSIL_12_patch10.png,0,60.15999984741211,938.0999755859376,100,100,0.003400000045076
4605,HSIL_12_patch10.png,0,52.41999816894531,971.1199951171876,100,100,0.0015000000130385
4606,HSIL_12_patch10.png,0,515.0800170898438,624.4099731445312,100,100,0.0082000000402331
4607,HSIL_12_patch10.png,0,524.8800048828125,594.469970703125,100,100,0.006800000090152
4608,HSIL_12_patch10.png,0,534.530029296875,620.5,100,100,0.0060999998822808
4609,HSIL_12_patch10.png,0,579.9400024414062,555.280029296875,100,100,0.003000000026077
4610,HSIL_12_patch10.png,0,569.239990234375,543.3499755859375,100,100,0.001700000022538
4611,HSIL_12_patch10.png,0,1018.3599853515624,705.8099975585938,100,100,0.0027999999001622
4612,HSIL_12_patch11.png,0,202.13,170.54,100,100,0.4295
4613,HSIL_12_patch11.png,0,93.0199966430664,19.059999465942383,100,100,0.2506999969482422
4614,HSIL_12_patch11.png,0,218.8699951171875,129.83999633789062,100,100,0.1691000014543533
4615,HSIL_12_patch11.png,0,14.850000381469728,15.460000038146973,100,100,0.1689999997615814
4616,HSIL_12_patch11.png,0,255.6999969482422,60.9900016784668,100,100,0.0852999985218048
4617,HSIL_12_patch11.png,0,244.3600006103516,178.4600067138672,100,100,0.0838000029325485
4618,HSIL_12_patch11.png,0,183.22999572753903,43.43999862670898,100,100,0.0772000029683113
4619,HSIL_12_patch11.png,0,39.84999847412109,44.4900016784668,100,100,0.0760999992489814
4620,HSIL_12_patch11.png,0,22.61000061035156,180.6699981689453,100,100,0.0644999966025352
4621,HSIL_12_patch11.png,0,150.14999389648438,15.4399995803833,100,100,0.0526000000536441
4622,HSIL_12_patch11.png,0,157.80999755859375,34.88999938964844,100,100,0.0366000011563301
4623,HSIL_12_patch11.png,0,177.0,5.300000190734863,100,100,0.0318000018596649
4624,HSIL_12_patch11.png,0,161.92999267578125,89.51000213623047,100,100,0.0254999995231628
4625,HSIL_12_patch11.png,0,236.3699951171875,196.8000030517578,100,100,0.0240000002086162
4626,HSIL_12_patch11.png,0,78.05000305175781,34.720001220703125,100,100,0.0148999998345971
4627,HSIL_12_patch11.png,0,119.06999969482422,246.72999572753903,100,100,0.0129000004380941
4628,HSIL_12_patch11.png,0,19.530000686645508,428.2000122070313,100,100,0.193800002336502
4629,HSIL_12_patch11.png,0,115.83999633789062,459.3599853515625,100,100,0.1097000017762184
4630,HSIL_12_patch11.png,0,38.77000045776367,405.2799987792969,100,100,0.0873000025749206
4631,HSIL_12_patch11.png,0,35.02000045776367,441.9800109863281,100,100,0.0829999968409538
4632,HSIL_12_patch11.png,0,11.84000015258789,502.4700012207031,100,100,0.0741000026464462
4633,HSIL_12_patch11.png,0,25.479999542236328,270.3299865722656,100,100,0.0571999996900558
4634,HSIL_12_patch11.png,0,6.099999904632568,422.0,100,100,0.0467000007629394
4635,HSIL_12_patch11.png,0,170.0500030517578,388.7799987792969,100,100,0.0373000018298625
4636,HSIL_12_patch11.png,0,212.30999755859372,324.6400146484375,100,100,0.031199999153614
4637,HSIL_12_patch11.png,0,186.1699981689453,482.5799865722656,100,100,0.0265999995172023
4638,HSIL_12_patch11.png,0,168.4199981689453,473.2799987792969,100,100,0.0198999997228384
4639,HSIL_12_patch11.png,0,9.869999885559082,337.1700134277344,100,100,0.017400000244379
4640,HSIL_12_patch11.png,0,10.300000190734863,460.0700073242188,100,100,0.0108000002801418
4641,HSIL_12_patch11.png,0,67.95999908447266,443.9200134277344,100,100,0.0100999996066093
4642,HSIL_12_patch11.png,0,59.86,643.08,100,100,0.5255
4643,HSIL_12_patch11.png,0,186.07,625.3,100,100,0.4907
4644,HSIL_12_patch11.png,0,231.26,617.78,100,100,0.2899
4645,HSIL_12_patch11.png,0,115.11000061035156,602.4500122070312,100,100,0.0408999994397163
4646,HSIL_12_patch11.png,0,161.66000366210938,652.4000244140625,100,100,0.0168999992311
4647,HSIL_12_patch11.png,0,56.7599983215332,763.3900146484375,100,100,0.0151000004261732
4648,HSIL_12_patch11.png,0,73.85,921.13,100,100,0.4297
4649,HSIL_12_patch11.png,0,243.39,947.77,100,100,0.2795
4650,HSIL_12_patch11.png,0,116.80999755859376,883.510009765625,100,100,0.1825000047683715
4651,HSIL_12_patch11.png,0,236.7100067138672,856.77001953125,100,100,0.0586000010371208
4652,HSIL_12_patch11.png,0,53.77000045776367,838.5,100,100,0.0303000006824731
4653,HSIL_12_patch11.png,0,39.11000061035156,877.5999755859375,100,100,0.0274999998509883
4654,HSIL_12_patch11.png,0,92.2699966430664,966.27001953125,100,100,0.0189999993890523
4655,HSIL_12_patch11.png,0,150.4600067138672,933.7899780273438,100,100,0.0119000002741813
4656,HSIL_12_patch11.png,0,417.51,162.29,100,100,0.4029
4657,HSIL_12_patch11.png,0,287.82000732421875,28.309999465942383,100,100,0.1491000056266784
4658,HSIL_12_patch11.png,0,358.8299865722656,39.5,100,100,0.1340000033378601
4659,HSIL_12_patch11.png,0,354.1400146484375,9.65999984741211,100,100,0.0744000002741813
4660,HSIL_12_patch11.png,0,432.6700134277344,187.1499938964844,100,100,0.0702999979257583
4661,HSIL_12_patch11.png,0,430.6199951171875,95.27999877929688,100,100,0.0694999992847442
4662,HSIL_12_patch11.png,0,325.69000244140625,80.66999816894531,100,100,0.0313000008463859
4663,HSIL_12_patch11.png,0,507.6400146484375,128.5399932861328,100,100,0.0298999994993209
4664,HSIL_12_patch11.png,0,491.1600036621094,7.510000228881836,100,100,0.0265999995172023
4665,HSIL_12_patch11.png,0,324.82000732421875,28.739999771118164,100,100,0.0252000000327825
4666,HSIL_12_patch11.png,0,488.09,444.26,100,100,0.4541
4667,HSIL_12_patch11.png,0,473.36,326.38,100,100,0.3505
4668,HSIL_12_patch11.png,0,332.02,464.77,100,100,0.3434
4669,HSIL_12_patch11.png,0,388.96,298.9,100,100,0.315
4670,HSIL_12_patch11.png,0,471.41,257.86,100,100,0.2906
4671,HSIL_12_patch11.png,0,281.7699890136719,278.6000061035156,100,100,0.1743000000715255
4672,HSIL_12_patch11.png,0,381.3200073242188,356.8900146484375,100,100,0.09009999781847
4673,HSIL_12_patch11.png,0,491.3800048828125,302.5299987792969,100,100,0.0538999997079372
4674,HSIL_12_patch11.png,0,370.0700073242188,265.2300109863281,100,100,0.0166999995708465
4675,HSIL_12_patch11.png,0,286.17999267578125,602.6300048828125,100,100,0.0381999984383583
4676,HSIL_12_patch11.png,0,257.7900085449219,581.72998046875,100,100,0.0211999993771314
4677,HSIL_12_patch11.png,0,316.739990234375,661.0,100,100,0.0178999993950128
4678,HSIL_12_patch11.png,0,436.6700134277344,713.3699951171875,100,100,0.0148999998345971
4679,HSIL_12_patch11.png,0,349.0799865722656,688.780029296875,100,100,0.0121999997645616
4680,HSIL_12_patch11.png,0,503.8900146484375,513.030029296875,100,100,0.0109000001102685
4681,HSIL_12_patch11.png,0,332.79,931.39,100,100,0.3822
4682,HSIL_12_patch11.png,0,505.8599853515625,848.5800170898438,100,100,0.2000000029802322
4683,HSIL_12_patch11.png,0,318.260009765625,856.9000244140625,100,100,0.0320999994874
4684,HSIL_12_patch11.png,0,261.8099975585937,947.25,100,100,0.0133999995887279
4685,HSIL_12_patch11.png,0,313.0799865722656,991.7100219726562,100,100,0.0102000003680586
4686,HSIL_12_patch11.png,0,616.05,140.32,100,100,0.5357
4687,HSIL_12_patch11.png,0,671.14,68.86,100,100,0.3449
4688,HSIL_12_patch11.png,0,697.3800048828125,30.26000022888184,100,100,0.0698999986052513
4689,HSIL_12_patch11.png,0,563.02001953125,72.01000213623047,100,100,0.0152000002562999
4690,HSIL_12_patch11.png,0,767.8099975585938,68.73999786376953,100,100,0.0146000003442168
4691,HSIL_12_patch11.png,0,579.33,370.1,100,100,0.4561
4692,HSIL_12_patch11.png,0,550.010009765625,497.5799865722656,100,100,0.3001999855041504
4693,HSIL_12_patch11.png,0,564.98,264.35,100,100,0.2621
4694,HSIL_12_patch11.png,0,596.8900146484375,257.8399963378906,100,100,0.2486000061035156
4695,HSIL_12_patch11.png,0,691.7,488.53,100,100,0.2269
4696,HSIL_12_patch11.png,0,730.58,340.79,100,100,0.1825
4697,HSIL_12_patch11.png,0,578.1699829101562,488.3599853515625,100,100,0.0127999996766448
4698,HSIL_12_patch11.png,0,673.8200073242188,293.5199890136719,100,100,0.010700000450015
4699,HSIL_12_patch11.png,0,701.969970703125,479.2699890136719,100,100,0.0100999996066093
4700,HSIL_12_patch11.png,0,632.84,719.35,100,100,0.3324
4701,HSIL_12_patch11.png,0,707.79,749.2,100,100,0.2195
4702,HSIL_12_patch11.png,0,754.5,723.5900268554688,100,100,0.1097000017762184
4703,HSIL_12_patch11.png,0,750.3900146484375,672.8599853515625,100,100,0.0879999995231628
4704,HSIL_12_patch11.png,0,641.72998046875,519.3800048828125,100,100,0.0753000006079673
4705,HSIL_12_patch11.png,0,740.469970703125,580.1400146484375,100,100,0.0626000016927719
4706,HSIL_12_patch11.png,0,558.4199829101562,578.0700073242188,100,100,0.0593000017106533
4707,HSIL_12_patch11.png,0,684.719970703125,545.0399780273438,100,100,0.0233999993652105
4708,HSIL_12_patch11.png,0,620.1799926757812,661.4400024414062,100,100,0.0184000004082918
4709,HSIL_12_patch11.png,0,555.1799926757812,545.8200073242188,100,100,0.0164000000804662
4710,HSIL_12_patch11.png,0,721.489990234375,746.2100219726562,100,100,0.0151000004261732
4711,HSIL_12_patch11.png,0,558.6799926757812,714.260009765625,100,100,0.0129000004380941
4712,HSIL_12_patch11.png,0,713.8900146484375,865.2999877929688,100,100,0.0710000023245811
4713,HSIL_12_patch11.png,0,746.02001953125,785.47998046875,100,100,0.0480999983847141
4714,HSIL_12_patch11.png,0,613.5800170898438,850.3400268554688,100,100,0.0434000007808208
4715,HSIL_12_patch11.png,0,764.7999877929688,897.6500244140625,100,100,0.0423999987542629
4716,HSIL_12_patch11.png,0,559.6300048828125,1012.6799926757812,100,100,0.0337999984622001
4717,HSIL_12_patch11.png,0,718.0599975585938,1004.72998046875,100,100,0.0285999998450279
4718,HSIL_12_patch11.png,0,613.47998046875,834.7000122070312,100,100,0.0102000003680586
4719,HSIL_12_patch11.png,0,955.91,74.55,100,100,0.1963
4720,HSIL_12_patch11.png,0,796.9000244140625,156.38999938964844,100,100,0.1059999987483024
4721,HSIL_12_patch11.png,0,913.9000244140624,61.560001373291016,100,100,0.0914999991655349
4722,HSIL_12_patch11.png,0,800.0599975585938,15.390000343322754,100,100,0.0564000010490417
4723,HSIL_12_patch11.png,0,917.3099975585938,91.91999816894533,100,100,0.0555000007152557
4724,HSIL_12_patch11.png,0,850.0700073242188,214.9600067138672,100,100,0.048700001090765
4725,HSIL_12_patch11.png,0,889.5999755859375,32.810001373291016,100,100,0.0355000011622905
4726,HSIL_12_patch11.png,0,869.8300170898438,246.7100067138672,100,100,0.0164000000804662
4727,HSIL_12_patch11.png,0,934.0700073242188,232.27999877929688,100,100,0.0164000000804662
4728,HSIL_12_patch11.png,0,893.780029296875,4.96999979019165,100,100,0.0124000003561377
4729,HSIL_12_patch11.png,0,920.8699951171876,376.5199890136719,100,100,0.148499995470047
4730,HSIL_12_patch11.png,0,950.7899780273438,402.9100036621094,100,100,0.0568000003695488
4731,HSIL_12_patch11.png,0,863.4500122070312,478.4700012207031,100,100,0.0467000007629394
4732,HSIL_12_patch11.png,0,889.1199951171875,485.0,100,100,0.0337999984622001
4733,HSIL_12_patch11.png,0,953.8400268554688,500.9500122070313,100,100,0.0245999991893768
4734,HSIL_12_patch11.png,0,953.25,281.6000061035156,100,100,0.0156999994069337
4735,HSIL_12_patch11.png,0,862.17,731.11,100,100,0.6638
4736,HSIL_12_patch11.png,0,995.2,516.85,100,100,0.4975
4737,HSIL_12_patch11.png,0,903.02,560.49,100,100,0.1823
4738,HSIL_12_patch11.png,0,840.2100219726562,520.3599853515625,100,100,0.0632999986410141
4739,HSIL_12_patch11.png,0,1018.8499755859376,657.8400268554688,100,100,0.0414000004529953
4740,HSIL_12_patch11.png,0,833.4199829101562,600.5499877929688,100,100,0.0181000009179115
4741,HSIL_12_patch11.png,0,916.030029296875,664.8300170898438,100,100,0.0178999993950128
4742,HSIL_12_patch11.png,0,860.0399780273438,540.239990234375,100,100,0.0160000007599592
4743,HSIL_12_patch11.png,0,816.719970703125,687.5999755859375,100,100,0.0148999998345971
4744,HSIL_12_patch11.png,0,959.6699829101562,629.0800170898438,100,100,0.0132999997586011
4745,HSIL_12_patch11.png,0,908.6500244140624,597.6900024414062,100,100,0.0108000002801418
4746,HSIL_12_patch11.png,0,966.8,945.61,100,100,0.506
4747,HSIL_12_patch11.png,0,889.21,822.2,100,100,0.324
4748,HSIL_12_patch11.png,0,1009.39,883.08,100,100,0.2551
4749,HSIL_12_patch11.png,0,901.56,1020.65,100,100,0.125
4750,HSIL_12_patch11.png,0,893.4099731445312,1011.3300170898438,100,100,0.1085999980568885
4751,HSIL_12_patch11.png,0,842.1799926757812,828.5399780273438,100,100,0.093199998140335
4752,HSIL_12_patch11.png,0,1007.7899780273438,768.0399780273438,100,100,0.0866999998688697
4753,HSIL_12_patch11.png,0,820.9600219726562,975.1900024414062,100,100,0.0740000009536743
4754,HSIL_12_patch11.png,0,808.77001953125,936.1400146484376,100,100,0.0329000018537044
4755,HSIL_12_patch11.png,0,947.4000244140624,971.4600219726562,100,100,0.0245999991893768
4756,HSIL_12_patch11.png,0,916.1400146484376,885.4500122070312,100,100,0.0131999999284744
4757,HSIL_12_patch11.png,0,901.27001953125,782.2100219726562,100,100,0.0122999995946884
4758,HSIL_12_patch11.png,0,85.7300033569336,9.59000015258789,100,100,0.0071000000461936
4759,HSIL_12_patch11.png,0,189.3000030517578,162.74000549316406,100,100,0.0062000001780688
4760,HSIL_12_patch11.png,0,193.42999267578125,25.959999084472656,100,100,0.0046999999321997
4761,HSIL_12_patch11.png,0,137.0500030517578,10.4399995803833,100,100,0.0040000001899898
4762,HSIL_12_patch11.png,0,10.779999732971191,254.1100006103516,100,100,0.0035999999381601
4763,HSIL_12_patch11.png,0,213.6699981689453,145.83999633789062,100,100,0.0020999999251216
4764,HSIL_12_patch11.png,0,101.8000030517578,7.360000133514404,100,100,0.0020000000949949
4765,HSIL_12_patch11.png,0,217.1999969482422,55.33000183105469,100,100,0.0020000000949949
4766,HSIL_12_patch11.png,0,23.030000686645508,416.7999877929688,100,100,0.0028999999631196
4767,HSIL_12_patch11.png,0,51.5099983215332,630.7000122070312,100,100,0.0057999999262392
4768,HSIL_12_patch11.png,0,69.87999725341797,631.780029296875,100,100,0.0054000001400709
4769,HSIL_12_patch11.png,0,76.9800033569336,647.5700073242188,100,100,0.0037000000011175
4770,HSIL_12_patch11.png,0,198.0800018310547,615.6400146484375,100,100,0.00179999996908
4771,HSIL_12_patch11.png,0,172.75999450683594,630.9199829101562,100,100,0.001700000022538
4772,HSIL_12_patch11.png,0,210.2400054931641,922.989990234375,100,100,0.0068999999202787
4773,HSIL_12_patch11.png,0,61.86000061035156,916.1799926757812,100,100,0.0041000000201165
4774,HSIL_12_patch11.png,0,87.3499984741211,925.7899780273438,100,100,0.0038000000640749
4775,HSIL_12_patch11.png,0,224.75,938.5399780273438,100,100,0.002199999988079
4776,HSIL_12_patch11.png,0,441.8299865722656,177.22000122070312,100,100,0.0027000000700354
4777,HSIL_12_patch11.png,0,425.8399963378906,149.13999938964844,100,100,0.0020000000949949
4778,HSIL_12_patch11.png,0,407.5899963378906,152.1199951171875,100,100,0.0015999999595806
4779,HSIL_12_patch11.png,0,372.8800048828125,292.239990234375,100,100,0.0068999999202787
4780,HSIL_12_patch11.png,0,486.9500122070313,330.8999938964844,100,100,0.0041999998502433
4781,HSIL_12_patch11.png,0,464.739990234375,316.6000061035156,100,100,0.0040000001899898
4782,HSIL_12_patch11.png,0,475.0799865722656,433.1199951171875,100,100,0.002600000007078
4783,HSIL_12_patch11.png,0,495.260009765625,428.9299926757813,100,100,0.002199999988079
4784,HSIL_12_patch11.png,0,465.6900024414063,338.3299865722656,100,100,0.00179999996908
4785,HSIL_12_patch11.png,0,402.30999755859375,292.7099914550781,100,100,0.0015999999595806
4786,HSIL_12_patch11.png,0,289.9800109863281,263.8900146484375,100,100,0.001300000003539
4787,HSIL_12_patch11.png,0,489.0299987792969,912.3900146484376,100,100,0.0087999999523162
4788,HSIL_12_patch11.png,0,318.1000061035156,928.8200073242188,100,100,0.0037000000011175
4789,HSIL_12_patch11.png,0,329.8399963378906,916.0700073242188,100,100,0.0015000000130385
4790,HSIL_12_patch11.png,0,626.27001953125,148.0,100,100,0.0082999998703598
4791,HSIL_12_patch11.png,0,604.1799926757812,129.55999755859375,100,100,0.0063000000081956
4792,HSIL_12_patch11.png,0,627.0800170898438,129.0399932861328,100,100,0.0057999999262392
4793,HSIL_12_patch11.png,0,560.3499755859375,95.30999755859376,100,100,0.003400000045076
4794,HSIL_12_patch11.png,0,576.9000244140625,254.2899932861328,100,100,0.0032999999821186
4795,HSIL_12_patch11.png,0,703.6500244140625,17.040000915527344,100,100,0.003000000026077
4796,HSIL_12_patch11.png,0,605.8200073242188,248.72999572753903,100,100,0.002199999988079
4797,HSIL_12_patch11.png,0,730.5499877929688,511.3399963378906,100,100,0.0076000001281499
4798,HSIL_12_patch11.png,0,746.0999755859375,345.0899963378906,100,100,0.0073000001721084
4799,HSIL_12_patch11.png,0,594.780029296875,354.7699890136719,100,100,0.0065999999642372
4800,HSIL_12_patch11.png,0,565.3800048828125,496.5899963378906,100,100,0.0035000001080334
4801,HSIL_12_patch11.png,0,566.8200073242188,358.739990234375,100,100,0.0027000000700354
4802,HSIL_12_patch11.png,0,569.760009765625,380.4200134277344,100,100,0.002199999988079
4803,HSIL_12_patch11.png,0,596.3400268554688,375.9700012207031,100,100,0.001700000022538
4804,HSIL_12_patch11.png,0,675.0999755859375,490.2999877929688,100,100,0.0013999999500811
4805,HSIL_12_patch11.png,0,684.239990234375,474.6300048828125,100,100,0.0013999999500811
4806,HSIL_12_patch11.png,0,624.2100219726562,710.1500244140625,100,100,0.0043999999761581
4807,HSIL_12_patch11.png,0,744.5399780273438,713.8900146484375,100,100,0.0038999998942017
4808,HSIL_12_patch11.png,0,647.3699951171875,727.02001953125,100,100,0.0031000000890344
4809,HSIL_12_patch11.png,0,653.3400268554688,708.0700073242188,100,100,0.003000000026077
4810,HSIL_12_patch11.png,0,661.010009765625,686.8900146484375,100,100,0.0010000000474974
4811,HSIL_12_patch11.png,0,543.0399780273438,921.5999755859376,100,100,0.0078999996185302
4812,HSIL_12_patch11.png,0,601.7899780273438,842.6300048828125,100,100,0.0031999999191612
4813,HSIL_12_patch11.png,0,605.219970703125,861.510009765625,100,100,0.00179999996908
4814,HSIL_12_patch11.png,0,875.72998046875,173.1699981689453,100,100,0.0038999998942017
4815,HSIL_12_patch11.png,0,845.5499877929688,197.58999633789065,100,100,0.0031000000890344
4816,HSIL_12_patch11.png,0,934.6699829101562,88.33999633789062,100,100,0.0019000000320374
4817,HSIL_12_patch11.png,0,973.0499877929688,504.0299987792969,100,100,0.0024999999441206
4818,HSIL_12_patch11.png,0,1001.6799926757812,501.0799865722656,100,100,0.0020000000949949
4819,HSIL_12_patch11.png,0,873.6799926757812,722.1400146484375,100,100,0.0040000001899898
4820,HSIL_12_patch11.png,0,1018.030029296875,757.3099975585938,100,100,0.0038000000640749
4821,HSIL_12_patch11.png,0,995.47998046875,616.8200073242188,100,100,0.003000000026077
4822,HSIL_12_patch11.png,0,846.9600219726562,724.280029296875,100,100,0.002600000007078
4823,HSIL_12_patch11.png,0,1018.4400024414062,522.27001953125,100,100,0.0023000000510364
4824,HSIL_12_patch11.png,0,915.7899780273438,553.3099975585938,100,100,0.0020999999251216
4825,HSIL_12_patch11.png,0,984.3099975585938,523.9600219726562,100,100,0.0020999999251216
4826,HSIL_12_patch11.png,0,935.5700073242188,957.1099853515624,100,100,0.0074000000022351
4827,HSIL_12_patch11.png,0,898.9500122070312,810.7100219726562,100,100,0.0063999998383224
4828,HSIL_12_patch11.png,0,954.6799926757812,940.1099853515624,100,100,0.0052999998442828
4829,HSIL_12_patch11.png,0,960.989990234375,963.1500244140624,100,100,0.0052000000141561
4830,HSIL_12_patch11.png,0,1016.97998046875,903.1799926757812,100,100,0.0041999998502433
4831,HSIL_12_patch11.png,0,979.9400024414062,943.0,100,100,0.0041000000201165
4832,HSIL_12_patch11.png,0,972.1400146484376,956.219970703125,100,100,0.0038999998942017
4833,HSIL_12_patch11.png,0,1015.6400146484376,871.5999755859375,100,100,0.0031999999191612
4834,HSIL_12_patch11.png,0,846.5999755859375,814.9199829101562,100,100,0.0027999999001622
4835,HSIL_12_patch11.png,0,964.3599853515624,929.8099975585938,100,100,0.002600000007078
4836,HSIL_12_patch11.png,0,868.7999877929688,1011.8200073242188,100,100,0.0023000000510364
4837,HSIL_12_patch11.png,0,807.3900146484375,962.1400146484376,100,100,0.0015000000130385
4838,HSIL_12_patch12.png,0,76.83999633789062,58.88999938964844,100,100,0.0829000025987625
4839,HSIL_12_patch12.png,0,188.47000122070312,8.779999732971191,100,100,0.066600002348423
4840,HSIL_12_patch12.png,0,242.72,565.94,100,100,0.2419
4841,HSIL_12_patch12.png,0,213.25,608.780029296875,100,100,0.2243999987840652
4842,HSIL_12_patch12.png,0,7.519999980926514,703.5,100,100,0.0289999991655349
4843,HSIL_12_patch12.png,0,199.55999755859372,603.1500244140625,100,100,0.0232999995350837
4844,HSIL_12_patch12.png,0,72.9800033569336,756.3499755859375,100,100,0.0188999995589256
4845,HSIL_12_patch12.png,0,14.210000038146973,519.3599853515625,100,100,0.017799999564886
4846,HSIL_12_patch12.png,0,183.3500061035156,663.5999755859375,100,100,0.0161000005900859
4847,HSIL_12_patch12.png,0,224.4600067138672,598.9600219726562,100,100,0.0143999997526407
4848,HSIL_12_patch12.png,0,239.88999938964844,549.52001953125,100,100,0.0121999997645616
4849,HSIL_12_patch12.png,0,191.0,1005.4600219726562,100,100,0.2073999941349029
4850,HSIL_12_patch12.png,0,199.4,1018.39,100,100,0.1444
4851,HSIL_12_patch12.png,0,131.05999755859375,1009.3800048828124,100,100,0.0842000022530555
4852,HSIL_12_patch12.png,0,43.810001373291016,887.6699829101562,100,100,0.0825999975204467
4853,HSIL_12_patch12.png,0,246.1199951171875,859.2000122070312,100,100,0.0740000009536743
4854,HSIL_12_patch12.png,0,15.699999809265137,780.1699829101562,100,100,0.0252000000327825
4855,HSIL_12_patch12.png,0,105.58999633789062,925.0700073242188,100,100,0.0175999999046325
4856,HSIL_12_patch12.png,0,232.8600006103516,906.4400024414062,100,100,0.0141000002622604
4857,HSIL_12_patch12.png,0,41.7599983215332,1010.6699829101562,100,100,0.0124000003561377
4858,HSIL_12_patch12.png,0,180.0399932861328,1011.7100219726562,100,100,0.0114000001922249
4859,HSIL_12_patch12.png,0,304.1499938964844,121.7300033569336,100,100,0.0186000000685453
4860,HSIL_12_patch12.png,0,269.0799865722656,631.1799926757812,100,100,0.2698999941349029
4861,HSIL_12_patch12.png,0,303.2799987792969,678.1699829101562,100,100,0.2402999997138977
4862,HSIL_12_patch12.png,0,385.30999755859375,725.4299926757812,100,100,0.1176000013947486
4863,HSIL_12_patch12.png,0,288.6400146484375,583.72998046875,100,100,0.0604000017046928
4864,HSIL_12_patch12.png,0,277.8999938964844,640.6300048828125,100,100,0.0164000000804662
4865,HSIL_12_patch12.png,0,327.0199890136719,558.739990234375,100,100,0.0115999998524785
4866,HSIL_12_patch12.png,0,460.49,880.92,100,100,0.4316
4867,HSIL_12_patch12.png,0,508.58,846.3,100,100,0.346
4868,HSIL_12_patch12.png,0,412.1,993.64,100,100,0.2839
4869,HSIL_12_patch12.png,0,461.56,943.61,100,100,0.2543
4870,HSIL_12_patch12.png,0,414.0,1023.0,100,100,0.2161183953285217
4871,HSIL_12_patch12.png,0,309.6000061035156,1014.7100219726562,100,100,0.0846000015735626
4872,HSIL_12_patch12.png,0,411.7000122070313,965.6300048828124,100,100,0.0218000002205371
4873,HSIL_12_patch12.png,0,263.0899963378906,777.719970703125,100,100,0.0201999992132186
4874,HSIL_12_patch12.png,0,520.2,929.65,100,100,0.6193
4875,HSIL_12_patch12.png,0,548.48,958.88,100,100,0.3712
4876,HSIL_12_patch12.png,0,515.42,1011.68,100,100,0.2308
4877,HSIL_12_patch12.png,0,633.6199951171875,946.4600219726562,100,100,0.0939000025391578
4878,HSIL_12_patch12.png,0,236.80999755859372,590.5800170898438,100,100,0.0041999998502433
4879,HSIL_12_patch12.png,0,228.97000122070312,620.0900268554688,100,100,0.0035000001080334
4880,HSIL_12_patch12.png,0,20.780000686645508,900.2000122070312,100,100,0.0044999998062849
4881,HSIL_12_patch12.png,0,261.17999267578125,619.0800170898438,100,100,0.0083999997004866
4882,HSIL_12_patch12.png,0,358.2300109863281,722.010009765625,100,100,0.0040000001899898
4883,HSIL_12_patch12.png,0,296.1499938964844,690.760009765625,100,100,0.0038999998942017
4884,HSIL_12_patch12.png,0,276.260009765625,621.2899780273438,100,100,0.0015000000130385
4885,HSIL_12_patch12.png,0,445.4599914550781,877.510009765625,100,100,0.0083999997004866
4886,HSIL_12_patch12.png,0,508.3999938964844,919.760009765625,100,100,0.0054000001400709
4887,HSIL_12_patch12.png,0,402.4700012207031,985.3599853515624,100,100,0.0031999999191612
4888,HSIL_12_patch12.png,0,438.7999877929688,988.6900024414062,100,100,0.002199999988079
4889,HSIL_12_patch12.png,0,421.30999755859375,973.97998046875,100,100,0.002199999988079
4890,HSIL_12_patch12.png,0,423.0700073242188,858.1099853515625,100,100,0.0020000000949949
4891,HSIL_12_patch12.png,0,505.0299987792969,940.9000244140624,100,100,0.0013999999500811
4892,HSIL_12_patch12.png,0,404.6900024414063,1005.4000244140624,100,100,0.001300000003539
4893,HSIL_12_patch12.png,0,528.969970703125,1018.8699951171876,100,100,0.0083999997004866
4894,HSIL_12_patch12.png,0,531.3400268554688,919.8400268554688,100,100,0.0068999999202787
4895,HSIL_12_patch12.png,0,549.1099853515625,937.8200073242188,100,100,0.0015999999595806
4896,LSIL_3_patch04.png,0,162.14,151.44,100,100,0.4972
4897,LSIL_3_patch04.png,0,186.08999633789065,154.97000122070312,100,100,0.1573999971151352
4898,LSIL_3_patch04.png,0,93.86000061035156,132.6699981689453,100,100,0.0555000007152557
4899,LSIL_3_patch04.png,0,308.94,194.25,100,100,0.6433
4900,LSIL_3_patch04.png,0,319.760009765625,189.7700042724609,100,100,0.0223999992012977
4901,LSIL_3_patch04.png,0,650.26,255.4,100,100,0.67
4902,LSIL_3_patch04.png,0,709.4,87.74,100,100,0.5686
4903,LSIL_3_patch04.png,0,690.92,122.15,100,100,0.5662
4904,LSIL_3_patch04.png,0,654.18,105.2,100,100,0.4632
4905,LSIL_3_patch04.png,0,738.32,190.17,100,100,0.3483
4906,LSIL_3_patch04.png,0,700.92,11.55,100,100,0.3283
4907,LSIL_3_patch04.png,0,626.4,10.07,100,100,0.3272
4908,LSIL_3_patch04.png,0,662.219970703125,93.38999938964844,100,100,0.0595999993383884
4909,LSIL_3_patch04.png,0,740.3200073242188,203.3300018310547,100,100,0.0120000001043081
4910,LSIL_3_patch04.png,0,663.969970703125,112.20999908447266,100,100,0.0114000001922249
4911,LSIL_3_patch04.png,0,701.4299926757812,113.48999786376952,100,100,0.0109000001102685
4912,LSIL_3_patch04.png,0,679.11,361.15,100,100,0.6353
4913,LSIL_3_patch04.png,0,684.1599731445312,267.5299987792969,100,100,0.2872999906539917
4914,LSIL_3_patch04.png,0,792.41,231.2,100,100,0.6489
4915,LSIL_3_patch04.png,0,775.14,102.42,100,100,0.5015
4916,LSIL_3_patch04.png,0,887.38,226.56,100,100,0.4745
4917,LSIL_3_patch04.png,0,904.73,145.17,100,100,0.4102
4918,LSIL_3_patch04.png,0,957.98,123.16,100,100,0.3721
4919,LSIL_3_patch04.png,0,796.21,158.08,100,100,0.3264
4920,LSIL_3_patch04.png,0,853.61,112.03,100,100,0.2848
4921,LSIL_3_patch04.png,0,835.43,36.42,100,100,0.2791
4922,LSIL_3_patch04.png,0,984.6300048828124,146.1999969482422,100,100,0.2260999977588653
4923,LSIL_3_patch04.png,0,807.4000244140625,51.18999862670898,100,100,0.1932000070810318
4924,LSIL_3_patch04.png,0,798.1799926757812,117.63999938964844,100,100,0.1238999962806701
4925,LSIL_3_patch04.png,0,874.53,359.68,100,100,0.687
4926,LSIL_3_patch04.png,0,154.3699951171875,141.72999572753906,100,100,0.0071000000461936
4927,LSIL_3_patch04.png,0,169.0399932861328,162.8699951171875,100,100,0.0063999998383224
4928,LSIL_3_patch04.png,0,198.3000030517578,145.9600067138672,100,100,0.0028999999631196
4929,LSIL_3_patch04.png,0,196.4199981689453,162.97999572753906,100,100,0.001300000003539
4930,LSIL_3_patch04.png,0,280.3699951171875,187.91000366210935,100,100,0.0044999998062849
4931,LSIL_3_patch04.png,0,299.8299865722656,182.58999633789065,100,100,0.0041000000201165
4932,LSIL_3_patch04.png,0,292.19000244140625,193.7100067138672,100,100,0.0024000001139938
4933,LSIL_3_patch04.png,0,711.6300048828125,4.659999847412109,100,100,0.0098999999463558
4934,LSIL_3_patch04.png,0,724.1699829101562,194.16000366210935,100,100,0.0087999999523162
4935,LSIL_3_patch04.png,0,687.219970703125,3.9800000190734863,100,100,0.0074999998323619
4936,LSIL_3_patch04.png,0,732.5499877929688,173.82000732421875,100,100,0.0066999997943639
4937,LSIL_3_patch04.png,0,635.5499877929688,105.02999877929688,100,100,0.0048000002279877
4938,LSIL_3_patch04.png,0,678.5900268554688,111.5,100,100,0.0048000002279877
4939,LSIL_3_patch04.png,0,702.2899780273438,77.44999694824219,100,100,0.0041000000201165
4940,LSIL_3_patch04.png,0,694.7000122070312,96.30999755859376,100,100,0.0032999999821186
4941,LSIL_3_patch04.png,0,765.6599731445312,93.25,100,100,0.0032999999821186
4942,LSIL_3_patch04.png,0,645.7999877929688,243.9499969482422,100,100,0.0031999999191612
4943,LSIL_3_patch04.png,0,750.1599731445312,182.02999877929688,100,100,0.0028999999631196
4944,LSIL_3_patch04.png,0,721.989990234375,84.91000366210938,100,100,0.00179999996908
4945,LSIL_3_patch04.png,0,676.4099731445312,88.80000305175781,100,100,0.0010999999940395
4946,LSIL_3_patch04.png,0,671.719970703125,258.1499938964844,100,100,0.0071999998763203
4947,LSIL_3_patch04.png,0,697.5800170898438,263.7200012207031,100,100,0.0071999998763203
4948,LSIL_3_patch04.png,0,674.8800048828125,276.7699890136719,100,100,0.0035000001080334
4949,LSIL_3_patch04.png,0,687.6300048828125,370.1900024414063,100,100,0.0031999999191612
4950,LSIL_3_patch04.png,0,686.989990234375,283.0599975585937,100,100,0.0020000000949949
4951,LSIL_3_patch04.png,0,887.739990234375,363.0,100,100,0.0093999998643994
4952,LSIL_3_patch04.png,0,867.260009765625,348.9599914550781,100,100,0.0043999999761581
4953,LSIL_3_patch04.png,0,884.8800048828125,349.1600036621094,100,100,0.0031999999191612
4954,LSIL_3_patch05.png,0,387.35,373.85,100,100,0.7199
4955,LSIL_3_patch05.png,0,415.55,444.65,100,100,0.5914
4956,LSIL_3_patch05.png,0,374.8500061035156,367.3800048828125,100,100,0.0052999998442828
4957,LSIL_3_patch05.png,0,392.3500061035156,358.1700134277344,100,100,0.0046999999321997
4958,LSIL_3_patch05.png,0,429.1199951171875,448.3200073242188,100,100,0.0043999999761581
4959,LSIL_3_patch05.png,0,401.3399963378906,430.1300048828125,100,100,0.0041999998502433
4960,LSIL_3_patch05.png,0,426.1300048828125,430.6600036621094,100,100,0.0027999999001622
4961,LSIL_3_patch05.png,0,399.0799865722656,387.80999755859375,100,100,0.0015999999595806
4962,LSIL_3_patch06.png,0,239.6,890.8,100,100,0.5335
4963,LSIL_3_patch06.png,0,197.39,858.65,100,100,0.3295
4964,LSIL_3_patch06.png,0,124.12,906.27,100,100,0.288
4965,LSIL_3_patch06.png,0,155.38,897.65,100,100,0.2442
4966,LSIL_3_patch06.png,0,246.30999755859372,816.0700073242188,100,100,0.2018000036478042
4967,LSIL_3_patch06.png,0,155.23,935.36,100,100,0.1626
4968,LSIL_3_patch06.png,0,211.5399932861328,919.9199829101562,100,100,0.1351999938488006
4969,LSIL_3_patch06.png,0,119.37999725341795,808.2999877929688,100,100,0.1187999993562698
4970,LSIL_3_patch06.png,0,469.28,681.88,100,100,0.2141
4971,LSIL_3_patch06.png,0,378.7000122070313,715.8599853515625,100,100,0.1159000024199485
4972,LSIL_3_patch06.png,0,424.82,808.42,100,100,0.487
4973,LSIL_3_patch06.png,0,405.89,856.06,100,100,0.423
4974,LSIL_3_patch06.png,0,422.73,997.8,100,100,0.4192
4975,LSIL_3_patch06.png,0,362.35,795.34,100,100,0.322
4976,LSIL_3_patch06.png,0,359.93,842.11,100,100,0.2776
4977,LSIL_3_patch06.png,0,346.5,1006.3499755859376,100,100,0.1775999963283538
4978,LSIL_3_patch06.png,0,466.2699890136719,796.72998046875,100,100,0.1568000018596649
4979,LSIL_3_patch06.png,0,423.0400085449219,915.4600219726562,100,100,0.150299996137619
4980,LSIL_3_patch06.png,0,670.1799926757812,718.8599853515625,100,100,0.1312000006437301
4981,LSIL_3_patch06.png,0,546.760009765625,726.010009765625,100,100,0.0908000022172927
4982,LSIL_3_patch06.png,0,692.9099731445312,742.760009765625,100,100,0.0309999994933605
4983,LSIL_3_patch06.png,0,649.5800170898438,655.0399780273438,100,100,0.0120000001043081
4984,LSIL_3_patch06.png,0,685.52,900.73,100,100,0.6822
4985,LSIL_3_patch06.png,0,529.65,828.9,100,100,0.5453
4986,LSIL_3_patch06.png,0,634.68,818.22,100,100,0.3717
4987,LSIL_3_patch06.png,0,765.3900146484375,952.22998046875,100,100,0.122699998319149
4988,LSIL_3_patch06.png,0,601.3499755859375,804.25,100,100,0.0419999994337558
4989,LSIL_3_patch06.png,0,677.6300048828125,731.260009765625,100,100,0.0057000000961124
4990,LSIL_3_patch06.png,0,648.8599853515625,720.739990234375,100,100,0.0049000000581145
4991,LSIL_3_patch06.png,0,536.030029296875,814.5999755859375,100,100,0.0041999998502433
4992,LSIL_3_patch06.png,0,618.52001953125,805.760009765625,100,100,0.0038000000640749
4993,LSIL_3_patch06.png,0,521.3400268554688,818.5499877929688,100,100,0.0031999999191612
4994,LSIL_3_patch06.png,0,576.3200073242188,837.489990234375,100,100,0.0028999999631196
4995,LSIL_3_patch06.png,0,547.2899780273438,833.3900146484375,100,100,0.0023000000510364
4996,LSIL_3_patch06.png,0,613.8900146484375,821.5,100,100,0.0019000000320374
4997,LSIL_3_patch06.png,0,638.7100219726562,801.6400146484375,100,100,0.0013999999500811
4998,LSIL_3_patch07.png,0,184.82,419.12,100,100,0.6665
4999,LSIL_3_patch07.png,0,108.53,560.63,100,100,0.5469
5000,LSIL_3_patch07.png,0,135.3800048828125,545.0399780273438,100,100,0.0105999996885657
5001,LSIL_3_patch07.png,0,1003.58,991.95,100,100,0.2598
5002,LSIL_3_patch07.png,0,198.7899932861328,409.7200012207031,100,100,0.0049999998882412
5003,LSIL_3_patch07.png,0,173.3300018310547,410.2799987792969,100,100,0.0020999999251216
5004,LSIL_3_patch07.png,0,119.08000183105467,551.2100219726562,100,100,0.006800000090152
5005,LSIL_3_patch08.png,0,47.89,142.85,100,100,0.6125
5006,LSIL_3_patch08.png,0,103.51,47.42,100,100,0.591
5007,LSIL_3_patch08.png,0,146.21,22.14,100,100,0.5872
5008,LSIL_3_patch08.png,0,209.85,67.6,100,100,0.539
5009,LSIL_3_patch08.png,0,36.33,19.98,100,100,0.2523
5010,LSIL_3_patch08.png,0,128.3699951171875,18.13999938964844,100,100,0.1533000022172927
5011,LSIL_3_patch08.png,0,209.32000732421875,136.5399932861328,100,100,0.091399997472763
5012,LSIL_3_patch08.png,0,31.489999771118164,9.579999923706056,100,100,0.0604000017046928
5013,LSIL_3_patch08.png,0,139.08999633789062,8.109999656677246,100,100,0.0275999996811151
5014,LSIL_3_patch08.png,0,10.399999618530272,60.130001068115234,100,100,0.0243999995291233
5015,LSIL_3_patch08.png,0,122.9499969482422,7.369999885559082,100,100,0.0175000000745058
5016,LSIL_3_patch08.png,0,151.9600067138672,11.720000267028809,100,100,0.017400000244379
5017,LSIL_3_patch08.png,0,162.3699951171875,43.310001373291016,100,100,0.0130000002682209
5018,LSIL_3_patch08.png,0,138.81,564.01,100,100,0.7137
5019,LSIL_3_patch08.png,0,139.6,697.73,100,100,0.674
5020,LSIL_3_patch08.png,0,77.06,623.9,100,100,0.4093
5021,LSIL_3_patch08.png,0,14.85,533.87,100,100,0.3504
5022,LSIL_3_patch08.png,0,8.4399995803833,682.9500122070312,100,100,0.0749000012874603
5023,LSIL_3_patch08.png,0,3.930000066757202,641.9099731445312,100,100,0.0197000000625848
5024,LSIL_3_patch08.png,0,12.859999656677246,663.5700073242188,100,100,0.0133999995887279
5025,LSIL_3_patch08.png,0,6.889999866485596,524.739990234375,100,100,0.012699999846518
5026,LSIL_3_patch08.png,0,90.74,990.17,100,100,0.4934
5027,LSIL_3_patch08.png,0,143.1,953.36,100,100,0.2882
5028,LSIL_3_patch08.png,0,159.68,989.92,100,100,0.2371
5029,LSIL_3_patch08.png,0,164.82000732421875,916.3800048828124,100,100,0.179299995303154
5030,LSIL_3_patch08.png,0,101.6999969482422,980.3499755859376,100,100,0.0114000001922249
5031,LSIL_3_patch08.png,0,297.31,665.01,100,100,0.6499
5032,LSIL_3_patch08.png,0,629.9,459.12,100,100,0.3045
5033,LSIL_3_patch08.png,0,724.5700073242188,327.3699951171875,100,100,0.0296000000089406
5034,LSIL_3_patch08.png,0,813.64,26.65,100,100,0.4848
5035,LSIL_3_patch08.png,0,982.22,523.17,100,100,0.2801
5036,LSIL_3_patch08.png,0,917.66,599.3,100,100,0.2783
5037,LSIL_3_patch08.png,0,49.810001373291016,21.06999969482422,100,100,0.0083999997004866
5038,LSIL_3_patch08.png,0,220.7400054931641,58.27000045776367,100,100,0.0082999998703598
5039,LSIL_3_patch08.png,0,203.83999633789065,53.06999969482422,100,100,0.0081000002101063
5040,LSIL_3_patch08.png,0,60.20000076293945,147.17999267578125,100,100,0.0074000000022351
5041,LSIL_3_patch08.png,0,137.1199951171875,29.61000061035156,100,100,0.0057000000961124
5042,LSIL_3_patch08.png,0,34.880001068115234,146.7100067138672,100,100,0.0054999999701976
5043,LSIL_3_patch08.png,0,52.47999954223633,131.35000610351562,100,100,0.0035999999381601
5044,LSIL_3_patch08.png,0,170.8699951171875,54.34000015258789,100,100,0.0031000000890344
5045,LSIL_3_patch08.png,0,109.73999786376952,22.459999084472656,100,100,0.0027999999001622
5046,LSIL_3_patch08.png,0,164.10000610351562,22.56999969482422,100,100,0.0024999999441206
5047,LSIL_3_patch08.png,0,118.6999969482422,40.5,100,100,0.0023000000510364
5048,LSIL_3_patch08.png,0,98.58000183105467,32.349998474121094,100,100,0.002199999988079
5049,LSIL_3_patch08.png,0,34.900001525878906,131.27999877929688,100,100,0.002199999988079
5050,LSIL_3_patch08.png,0,140.55999755859375,683.9199829101562,100,100,0.0074000000022351
5051,LSIL_3_patch08.png,0,153.69000244140625,695.5499877929688,100,100,0.0063000000081956
5052,LSIL_3_patch08.png,0,130.5500030517578,554.0599975585938,100,100,0.0051000001840293
5053,LSIL_3_patch08.png,0,146.8699951171875,553.3699951171875,100,100,0.0044999998062849
5054,LSIL_3_patch08.png,0,127.63999938964844,569.0,100,100,0.0031999999191612
5055,LSIL_3_patch08.png,0,147.17999267578125,708.3499755859375,100,100,0.0028999999631196
5056,LSIL_3_patch08.png,0,151.36000061035156,570.6400146484375,100,100,0.0028999999631196
5057,LSIL_3_patch08.png,0,124.0,699.1099853515625,100,100,0.002199999988079
5058,LSIL_3_patch08.png,0,70.8499984741211,636.280029296875,100,100,0.0010999999940395
5059,LSIL_3_patch08.png,0,146.52999877929688,986.9500122070312,100,100,0.0089999996125698
5060,LSIL_3_patch08.png,0,79.72000122070312,997.5,100,100,0.006000000052154
5061,LSIL_3_patch08.png,0,82.41999816894531,982.3900146484376,100,100,0.0054000001400709
5062,LSIL_3_patch08.png,0,160.2899932861328,975.3200073242188,100,100,0.0043000001460313
5063,LSIL_3_patch08.png,0,153.69000244140625,962.0700073242188,100,100,0.0032999999821186
5064,LSIL_3_patch08.png,0,98.05999755859376,998.3599853515624,100,100,0.001700000022538
5065,LSIL_3_patch08.png,0,146.5800018310547,1002.3699951171876,100,100,0.0012000000569969
5066,LSIL_3_patch09.png,0,37.51,160.79,100,100,0.2637
5067,LSIL_3_patch09.png,0,8.359999656677246,205.3800048828125,100,100,0.0251000002026557
5068,LSIL_3_patch09.png,0,27.88,305.87,100,100,0.7305
5069,LSIL_3_patch09.png,0,243.67,436.5,100,100,0.6732
5070,LSIL_3_patch09.png,0,152.18,408.68,100,100,0.4219
5071,LSIL_3_patch09.png,0,207.7100067138672,399.30999755859375,100,100,0.0302000008523464
5072,LSIL_3_patch09.png,0,84.25,365.7699890136719,100,100,0.0196000002324581
5073,LSIL_3_patch09.png,0,238.47000122070312,448.0899963378906,100,100,0.0186000000685453
5074,LSIL_3_patch09.png,0,250.07,557.08,100,100,0.723
5075,LSIL_3_patch09.png,0,179.59,812.9,100,100,0.6278
5076,LSIL_3_patch09.png,0,183.17,895.05,100,100,0.5684
5077,LSIL_3_patch09.png,0,67.05,974.13,100,100,0.349
5078,LSIL_3_patch09.png,0,194.88,988.31,100,100,0.2934
5079,LSIL_3_patch09.png,0,136.3300018310547,1000.0900268554688,100,100,0.1802999973297119
5080,LSIL_3_patch09.png,0,56.47999954223633,861.6699829101562,100,100,0.1709000021219253
5081,LSIL_3_patch09.png,0,187.25999450683597,1009.6799926757812,100,100,0.1616999953985214
5082,LSIL_3_patch09.png,0,209.59,957.39,100,100,0.158
5083,LSIL_3_patch09.png,0,194.68,1020.35,100,100,0.1181
5084,LSIL_3_patch09.png,0,62.720001220703125,1008.1599731445312,100,100,0.1121999993920326
5085,LSIL_3_patch09.png,0,339.19000244140625,398.8999938964844,100,100,0.0531000010669231
5086,LSIL_3_patch09.png,0,269.7699890136719,413.3500061035156,100,100,0.0156999994069337
5087,LSIL_3_patch09.png,0,315.68,825.8,100,100,0.7059
5088,LSIL_3_patch09.png,0,285.6700134277344,1011.2999877929688,100,100,0.061999998986721
5089,LSIL_3_patch09.png,0,953.07,927.9,100,100,0.6644
5090,LSIL_3_patch09.png,0,828.77,1012.83,100,100,0.2297
5091,LSIL_3_patch09.png,0,894.1799926757812,1016.530029296875,100,100,0.0671999976038932
5092,LSIL_3_patch09.png,0,932.6099853515624,1016.9099731445312,100,100,0.0566999986767768
5093,LSIL_3_patch09.png,0,946.6799926757812,916.3699951171876,100,100,0.0144999995827674
5094,LSIL_3_patch09.png,0,914.3900146484376,1019.8699951171876,100,100,0.0109999999403953
5095,LSIL_3_patch09.png,0,10.470000267028809,156.5399932861328,100,100,0.0065000001341104
5096,LSIL_3_patch09.png,0,44.56999969482422,173.5500030517578,100,100,0.0048000002279877
5097,LSIL_3_patch09.png,0,45.45000076293945,152.16000366210938,100,100,0.0031000000890344
5098,LSIL_3_patch09.png,0,46.22999954223633,187.3300018310547,100,100,0.0020000000949949
5099,LSIL_3_patch09.png,0,40.09999847412109,302.5899963378906,100,100,0.0080000003799796
5100,LSIL_3_patch09.png,0,181.6199951171875,396.8200073242188,100,100,0.0074000000022351
5101,LSIL_3_patch09.png,0,232.0399932861328,424.6000061035156,100,100,0.0052999998442828
5102,LSIL_3_patch09.png,0,165.1199951171875,404.3200073242188,100,100,0.0049000000581145
5103,LSIL_3_patch09.png,0,18.940000534057617,294.6600036621094,100,100,0.003000000026077
5104,LSIL_3_patch09.png,0,220.9900054931641,413.8299865722656,100,100,0.002199999988079
5105,LSIL_3_patch09.png,0,37.43000030517578,289.75,100,100,0.0015999999595806
5106,LSIL_3_patch09.png,0,235.1999969482422,547.969970703125,100,100,0.0038999998942017
5107,LSIL_3_patch09.png,0,241.30999755859372,565.280029296875,100,100,0.0038000000640749
5108,LSIL_3_patch09.png,0,257.6000061035156,428.3399963378906,100,100,0.0046999999321997
5109,LSIL_3_patch09.png,0,282.8299865722656,417.9599914550781,100,100,0.0038000000640749
5110,LSIL_3_patch09.png,0,266.6400146484375,460.989990234375,100,100,0.0037000000011175
5111,LSIL_3_patch09.png,0,262.8599853515625,560.6300048828125,100,100,0.0044999998062849
5112,LSIL_3_patch09.png,0,260.5199890136719,548.27001953125,100,100,0.0027000000700354
5113,LSIL_3_patch09.png,0,322.8699951171875,815.1400146484375,100,100,0.0087000001221895
5114,LSIL_3_patch09.png,0,305.4100036621094,831.8800048828125,100,100,0.0082000000402331
5115,LSIL_3_patch09.png,0,327.510009765625,829.739990234375,100,100,0.0063000000081956
5116,LSIL_3_patch09.png,0,309.0,808.1599731445312,100,100,0.0019000000320374
5117,LSIL_3_patch09.png,0,846.6500244140625,1019.02001953125,100,100,0.0065999999642372
5118,LSIL_3_patch09.png,0,940.2999877929688,930.489990234375,100,100,0.003000000026077
5119,LSIL_3_patch09.png,0,960.8300170898438,913.1500244140624,100,100,0.0027000000700354
5120,LSIL_3_patch10.png,0,96.55,48.77,100,100,0.5773
5121,LSIL_3_patch10.png,0,150.25999450683594,35.540000915527344,100,100,0.3605000078678131
5122,LSIL_3_patch10.png,0,103.37000274658205,34.22999954223633,100,100,0.0175999999046325
5123,LSIL_3_patch10.png,0,12.470000267028809,27.309999465942383,100,100,0.0154999997466802
5124,LSIL_3_patch10.png,0,64.33999633789062,6.690000057220459,100,100,0.0153999999165534
5125,LSIL_3_patch10.png,0,31.4,481.58,100,100,0.5235
5126,LSIL_3_patch10.png,0,153.84,675.38,100,100,0.6885
5127,LSIL_3_patch10.png,0,125.24,761.54,100,100,0.5825
5128,LSIL_3_patch10.png,0,93.03,541.88,100,100,0.5154
5129,LSIL_3_patch10.png,0,105.01,685.95,100,100,0.4889
5130,LSIL_3_patch10.png,0,28.6,696.1,100,100,0.3063
5131,LSIL_3_patch10.png,0,179.60000610351562,662.7000122070312,100,100,0.2285999953746795
5132,LSIL_3_patch10.png,0,88.43000030517578,654.4600219726562,100,100,0.0681999996304512
5133,LSIL_3_patch10.png,0,4.760000228881836,749.5599975585938,100,100,0.0370000004768371
5134,LSIL_3_patch10.png,0,160.77999877929688,652.1400146484375,100,100,0.0148999998345971
5135,LSIL_3_patch10.png,0,104.83000183105467,534.6799926757812,100,100,0.0141000002622604
5136,LSIL_3_patch10.png,0,198.86,998.64,100,100,0.5952
5137,LSIL_3_patch10.png,0,75.47,883.14,100,100,0.5587
5138,LSIL_3_patch10.png,0,204.05,817.21,100,100,0.55
5139,LSIL_3_patch10.png,0,85.38,1003.63,100,100,0.3045
5140,LSIL_3_patch10.png,0,153.0,1023.0,100,100,0.2180473059415817
5141,LSIL_3_patch10.png,0,153.52999877929688,990.7100219726562,100,100,0.1726000010967254
5142,LSIL_3_patch10.png,0,300.35,73.78,100,100,0.7228
5143,LSIL_3_patch10.png,0,412.76,36.14,100,100,0.663
5144,LSIL_3_patch10.png,0,368.29,477.98,100,100,0.6121
5145,LSIL_3_patch10.png,0,304.41,447.21,100,100,0.3233
5146,LSIL_3_patch10.png,0,339.3900146484375,501.8599853515625,100,100,0.0483000017702579
5147,LSIL_3_patch10.png,0,376.7200012207031,419.6900024414063,100,100,0.0115999998524785
5148,LSIL_3_patch10.png,0,340.88,541.62,100,100,0.5732
5149,LSIL_3_patch10.png,0,350.2799987792969,532.969970703125,100,100,0.0120999999344348
5150,LSIL_3_patch10.png,0,351.6700134277344,550.5900268554688,100,100,0.0104999998584389
5151,LSIL_3_patch10.png,0,330.16,962.14,100,100,0.549
5152,LSIL_3_patch10.png,0,624.29,912.12,100,100,0.5708
5153,LSIL_3_patch10.png,0,623.1300048828125,943.6500244140624,100,100,0.3287000060081482
5154,LSIL_3_patch10.png,0,963.76,733.64,100,100,0.3081
5155,LSIL_3_patch10.png,0,1000.260009765625,708.8400268554688,100,100,0.0553000010550022
5156,LSIL_3_patch10.png,0,982.6799926757812,721.22998046875,100,100,0.0233999993652105
5157,LSIL_3_patch10.png,0,898.64,771.77,100,100,0.6123
5158,LSIL_3_patch10.png,0,778.2,865.2,100,100,0.4961
5159,LSIL_3_patch10.png,0,969.46,921.72,100,100,0.4769
5160,LSIL_3_patch10.png,0,944.95,854.14,100,100,0.445
5161,LSIL_3_patch10.png,0,965.85,976.46,100,100,0.3231
5162,LSIL_3_patch10.png,0,773.92,951.68,100,100,0.2663
5163,LSIL_3_patch10.png,0,966.97,822.13,100,100,0.2455
5164,LSIL_3_patch10.png,0,1017.530029296875,770.010009765625,100,100,0.1952999979257583
5165,LSIL_3_patch10.png,0,993.23,880.08,100,100,0.1815
5166,LSIL_3_patch10.png,0,914.93,936.8,100,100,0.1539
5167,LSIL_3_patch10.png,0,988.0,795.3800048828125,100,100,0.0702999979257583
5168,LSIL_3_patch10.png,0,1014.5399780273438,942.010009765625,100,100,0.0342999994754791
5169,LSIL_3_patch10.png,0,1011.7000122070312,872.72998046875,100,100,0.033500000834465
5170,LSIL_3_patch10.png,0,1004.72998046875,956.3900146484376,100,100,0.0105999996885657
5171,LSIL_3_patch10.png,0,160.58999633789062,27.5,100,100,0.0052999998442828
5172,LSIL_3_patch10.png,0,109.27999877929688,51.52000045776367,100,100,0.0038000000640749
5173,LSIL_3_patch10.png,0,139.6699981689453,29.3700008392334,100,100,0.0023000000510364
5174,LSIL_3_patch10.png,0,114.58000183105467,21.200000762939453,100,100,0.002199999988079
5175,LSIL_3_patch10.png,0,88.76000213623047,36.720001220703125,100,100,0.0020999999251216
5176,LSIL_3_patch10.png,0,88.52999877929688,60.54999923706055,100,100,0.0015999999595806
5177,LSIL_3_patch10.png,0,117.11000061035156,36.720001220703125,100,100,0.0010999999940395
5178,LSIL_3_patch10.png,0,41.43000030517578,487.4400024414063,100,100,0.0086000002920627
5179,LSIL_3_patch10.png,0,21.61000061035156,469.05999755859375,100,100,0.0038999998942017
5180,LSIL_3_patch10.png,0,37.59999847412109,467.8699951171875,100,100,0.0032999999821186
5181,LSIL_3_patch10.png,0,114.33999633789062,753.3699951171875,100,100,0.0070000002160668
5182,LSIL_3_patch10.png,0,137.1699981689453,724.0700073242188,100,100,0.0059000002220273
5183,LSIL_3_patch10.png,0,18.93000030517578,685.510009765625,100,100,0.0054000001400709
5184,LSIL_3_patch10.png,0,117.48999786376952,681.260009765625,100,100,0.0044999998062849
5185,LSIL_3_patch10.png,0,82.16999816894531,641.5900268554688,100,100,0.0043999999761581
5186,LSIL_3_patch10.png,0,130.17999267578125,745.1099853515625,100,100,0.0043000001460313
5187,LSIL_3_patch10.png,0,73.2699966430664,539.8200073242188,100,100,0.0031000000890344
5188,LSIL_3_patch10.png,0,148.1199951171875,646.1900024414062,100,100,0.0024999999441206
5189,LSIL_3_patch10.png,0,147.00999450683594,766.72998046875,100,100,0.0024000001139938
5190,LSIL_3_patch10.png,0,139.69000244140625,658.3099975585938,100,100,0.0023000000510364
5191,LSIL_3_patch10.png,0,108.62000274658205,765.1300048828125,100,100,0.0020999999251216
5192,LSIL_3_patch10.png,0,104.80999755859376,549.739990234375,100,100,0.0015999999595806
5193,LSIL_3_patch10.png,0,425.0700073242188,29.82999992370605,100,100,0.0098999999463558
5194,LSIL_3_patch10.png,0,292.1000061035156,64.95999908447266,100,100,0.0054000001400709
5195,LSIL_3_patch10.png,0,401.0899963378906,28.0,100,100,0.0041000000201165
5196,LSIL_3_patch10.png,0,313.8099975585937,79.87000274658203,100,100,0.0038000000640749
5197,LSIL_3_patch10.png,0,307.3699951171875,60.77999877929688,100,100,0.003000000026077
5198,LSIL_3_patch10.png,0,380.3800048828125,471.9200134277344,100,100,0.003000000026077
5199,LSIL_3_patch10.png,0,377.1799926757813,487.5400085449219,100,100,0.0024999999441206
5200,LSIL_3_patch10.png,0,320.0,955.5700073242188,100,100,0.0044999998062849
5201,LSIL_3_patch10.png,0,339.29998779296875,950.8300170898438,100,100,0.003000000026077
5202,LSIL_3_patch10.png,0,321.7099914550781,971.7100219726562,100,100,0.0015999999595806
5203,LSIL_3_patch10.png,0,610.5,905.4600219726562,100,100,0.006800000090152
5204,LSIL_3_patch10.png,0,602.6900024414062,938.510009765625,100,100,0.0055999998003244
5205,LSIL_3_patch10.png,0,638.7100219726562,902.52001953125,100,100,0.0041999998502433
5206,LSIL_3_patch10.png,0,635.739990234375,928.530029296875,100,100,0.0040000001899898
5207,LSIL_3_patch10.png,0,763.8900146484375,854.6099853515625,100,100,0.003000000026077
5208,LSIL_3_patch10.png,0,599.6500244140625,917.3400268554688,100,100,0.001700000022538
5209,LSIL_3_patch10.png,0,794.280029296875,865.469970703125,100,100,0.0085000004619359
5210,LSIL_3_patch10.png,0,973.3800048828124,807.1099853515625,100,100,0.0074000000022351
5211,LSIL_3_patch10.png,0,985.9600219726562,915.5399780273438,100,100,0.0065999999642372
5212,LSIL_3_patch10.png,0,784.5499877929688,849.5399780273438,100,100,0.0052999998442828
5213,LSIL_3_patch10.png,0,958.1400146484376,911.97998046875,100,100,0.0038999998942017
5214,LSIL_3_patch10.png,0,931.1300048828124,848.0499877929688,100,100,0.0032999999821186
5215,LSIL_3_patch10.png,0,882.6900024414062,768.6699829101562,100,100,0.0023000000510364
5216,LSIL_3_patch10.png,0,937.8900146484376,862.8699951171875,100,100,0.0020999999251216
5217,LSIL_3_patch10.png,0,915.47998046875,777.8699951171875,100,100,0.001300000003539
5218,LSIL_3_patch11.png,0,144.13,886.62,100,100,0.6964
5219,LSIL_3_patch11.png,0,39.45,968.52,100,100,0.6611
5220,LSIL_3_patch11.png,0,63.15999984741211,945.280029296875,100,100,0.0542999990284442
5221,LSIL_3_patch11.png,0,53.31999969482422,956.9299926757812,100,100,0.0104000000283122
5222,LSIL_3_patch11.png,0,296.24,1006.55,100,100,0.3391
5223,LSIL_3_patch11.png,0,314.9599914550781,1001.4299926757812,100,100,0.1103999987244606
5224,LSIL_3_patch11.png,0,279.44000244140625,1010.5800170898438,100,100,0.0143999997526407
5225,LSIL_3_patch11.png,0,270.75,1019.1599731445312,100,100,0.010700000450015
5226,LSIL_3_patch11.png,0,717.42,898.88,100,100,0.6889
5227,LSIL_3_patch11.png,0,860.04,421.96,100,100,0.6312
5228,LSIL_3_patch11.png,0,907.04,508.21,100,100,0.6255
5229,LSIL_3_patch11.png,0,946.32,400.17,100,100,0.5657
5230,LSIL_3_patch11.png,0,979.510009765625,295.7200012207031,100,100,0.1064999997615814
5231,LSIL_3_patch11.png,0,999.05,602.12,100,100,0.7035
5232,LSIL_3_patch11.png,0,790.97998046875,749.4299926757812,100,100,0.3000000119209289
5233,LSIL_3_patch11.png,0,970.68,863.17,100,100,0.4068
5234,LSIL_3_patch11.png,0,1016.6400146484376,969.239990234375,100,100,0.1756999939680099
5235,LSIL_3_patch11.png,0,808.75,888.3499755859375,100,100,0.0324999988079071
5236,LSIL_3_patch11.png,0,137.97000122070312,873.3800048828125,100,100,0.0059000002220273
5237,LSIL_3_patch11.png,0,31.11000061035156,957.7000122070312,100,100,0.0057999999262392
5238,LSIL_3_patch11.png,0,122.2300033569336,882.9500122070312,100,100,0.0052999998442828
5239,LSIL_3_patch11.png,0,159.8800048828125,880.6199951171875,100,100,0.0049000000581145
5240,LSIL_3_patch11.png,0,57.79999923706055,971.4199829101562,100,100,0.0024000001139938
5241,LSIL_3_patch11.png,0,156.2100067138672,904.5999755859376,100,100,0.0015999999595806
5242,LSIL_3_patch11.png,0,710.7100219726562,921.7999877929688,100,100,0.002600000007078
5243,LSIL_3_patch11.png,0,920.75,505.1700134277344,100,100,0.0074999998323619
5244,LSIL_3_patch11.png,0,848.0599975585938,414.739990234375,100,100,0.0049999998882412
5245,LSIL_3_patch11.png,0,874.77001953125,418.7099914550781,100,100,0.002199999988079
5246,LSIL_3_patch11.png,0,884.6500244140625,521.1599731445312,100,100,0.0012000000569969
5247,LSIL_3_patch12.png,0,136.67,202.54,100,100,0.6307
5248,LSIL_3_patch12.png,0,168.5,117.47,100,100,0.5972
5249,LSIL_3_patch12.png,0,50.89,167.63,100,100,0.5188
5250,LSIL_3_patch12.png,0,109.57,243.23,100,100,0.4219
5251,LSIL_3_patch12.png,0,8.369999885559082,165.6999969482422,100,100,0.0357999987900257
5252,LSIL_3_patch12.png,0,71.04000091552734,216.4499969482422,100,100,0.0193000007420778
5253,LSIL_3_patch12.png,0,84.22,417.29,100,100,0.4969
5254,LSIL_3_patch12.png,0,151.63,358.84,100,100,0.4742
5255,LSIL_3_patch12.png,0,19.47,482.3,100,100,0.4628
5256,LSIL_3_patch12.png,0,62.0,358.02,100,100,0.4025
5257,LSIL_3_patch12.png,0,23.4,270.4,100,100,0.2552
5258,LSIL_3_patch12.png,0,16.969999313354492,421.5199890136719,100,100,0.096400000154972
5259,LSIL_3_patch12.png,0,80.33999633789062,292.7200012207031,100,100,0.0504000000655651
5260,LSIL_3_patch12.png,0,13.90999984741211,264.1700134277344,100,100,0.0295000001788139
5261,LSIL_3_patch12.png,0,5.179999828338623,428.2799987792969,100,100,0.0211999993771314
5262,LSIL_3_patch12.png,0,94.5999984741211,406.1499938964844,100,100,0.0159000009298324
5263,LSIL_3_patch12.png,0,15.97,525.41,100,100,0.4219
5264,LSIL_3_patch12.png,0,56.41,590.95,100,100,0.1865
5265,LSIL_3_patch12.png,0,30.950000762939453,575.8400268554688,100,100,0.0175000000745058
5266,LSIL_3_patch12.png,0,4.349999904632568,628.3599853515625,100,100,0.0120000001043081
5267,LSIL_3_patch12.png,0,268.14,94.57,100,100,0.7285
5268,LSIL_3_patch12.png,0,327.989990234375,14.90999984741211,100,100,0.2278999984264373
5269,LSIL_3_patch12.png,0,334.7300109863281,5.21999979019165,100,100,0.0379000008106231
5270,LSIL_3_patch12.png,0,316.760009765625,3.880000114440918,100,100,0.0127999996766448
5271,LSIL_3_patch12.png,0,431.38,607.64,100,100,0.4687
5272,LSIL_3_patch12.png,0,404.42,581.49,100,100,0.4316
5273,LSIL_3_patch12.png,0,424.2699890136719,531.7999877929688,100,100,0.2470999956130981
5274,LSIL_3_patch12.png,0,474.4700012207031,517.8699951171875,100,100,0.013600000180304
5275,LSIL_3_patch12.png,0,342.15,785.91,100,100,0.6561
5276,LSIL_3_patch12.png,0,484.79,795.27,100,100,0.6064
5277,LSIL_3_patch12.png,0,497.57,891.14,100,100,0.4992
5278,LSIL_3_patch12.png,0,270.57000732421875,774.4400024414062,100,100,0.0965000018477439
5279,LSIL_3_patch12.png,0,747.42,116.25,100,100,0.4109
5280,LSIL_3_patch12.png,0,688.65,105.95,100,100,0.3048
5281,LSIL_3_patch12.png,0,679.23,167.86,100,100,0.2342
5282,LSIL_3_patch12.png,0,519.7000122070312,15.43000030517578,100,100,0.1659000068902969
5283,LSIL_3_patch12.png,0,693.530029296875,185.9900054931641,100,100,0.1186000034213066
5284,LSIL_3_patch12.png,0,712.219970703125,84.70999908447266,100,100,0.0725999996066093
5285,LSIL_3_patch12.png,0,708.719970703125,181.33999633789065,100,100,0.0308999996632337
5286,LSIL_3_patch12.png,0,722.9000244140625,74.58000183105469,100,100,0.0144999995827674
5287,LSIL_3_patch12.png,0,733.6500244140625,17.049999237060547,100,100,0.0110999997705221
5288,LSIL_3_patch12.png,0,694.969970703125,93.25,100,100,0.010700000450015
5289,LSIL_3_patch12.png,0,748.1900024414062,5.139999866485596,100,100,0.0105999996885657
5290,LSIL_3_patch12.png,0,722.9600219726562,169.66000366210938,100,100,0.0104999998584389
5291,LSIL_3_patch12.png,0,699.16,315.03,100,100,0.4698
5292,LSIL_3_patch12.png,0,715.760009765625,464.0400085449219,100,100,0.2930999994277954
5293,LSIL_3_patch12.png,0,720.0599975585938,507.3900146484375,100,100,0.0961000025272369
5294,LSIL_3_patch12.png,0,639.1699829101562,495.2999877929688,100,100,0.089599996805191
5295,LSIL_3_patch12.png,0,672.989990234375,454.8900146484375,100,100,0.0753000006079673
5296,LSIL_3_patch12.png,0,709.27001953125,322.95001220703125,100,100,0.05180000141263
5297,LSIL_3_patch12.png,0,739.8099975585938,364.1099853515625,100,100,0.0511000007390975
5298,LSIL_3_patch12.png,0,761.7999877929688,415.2699890136719,100,100,0.0494000017642974
5299,LSIL_3_patch12.png,0,565.33,766.79,100,100,0.6397
5300,LSIL_3_patch12.png,0,588.9500122070312,689.1500244140625,100,100,0.3720000088214874
5301,LSIL_3_patch12.png,0,712.01,527.04,100,100,0.3317
5302,LSIL_3_patch12.png,0,576.29,667.4,100,100,0.331
5303,LSIL_3_patch12.png,0,523.92,597.8,100,100,0.3228
5304,LSIL_3_patch12.png,0,686.07,638.42,100,100,0.2532
5305,LSIL_3_patch12.png,0,520.52,643.11,100,100,0.207
5306,LSIL_3_patch12.png,0,696.280029296875,621.8800048828125,100,100,0.1400000005960464
5307,LSIL_3_patch12.png,0,635.8699951171875,573.77001953125,100,100,0.137700006365776
5308,LSIL_3_patch12.png,0,751.47,926.16,100,100,0.535
5309,LSIL_3_patch12.png,0,674.94,991.02,100,100,0.4707
5310,LSIL_3_patch12.png,0,708.8699951171875,992.0399780273438,100,100,0.3230000138282776
5311,LSIL_3_patch12.png,0,596.02001953125,849.8599853515625,100,100,0.1524000018835067
5312,LSIL_3_patch12.png,0,761.1400146484375,917.0,100,100,0.0745000019669532
5313,LSIL_3_patch12.png,0,711.1099853515625,892.27001953125,100,100,0.0193000007420778
5314,LSIL_3_patch12.png,0,888.17,182.97,100,100,0.7424
5315,LSIL_3_patch12.png,0,787.55,89.15,100,100,0.5878
5316,LSIL_3_patch12.png,0,778.3,13.39,100,100,0.4716
5317,LSIL_3_patch12.png,0,839.0599975585938,245.17999267578125,100,100,0.0469999983906745
5318,LSIL_3_patch12.png,0,787.4600219726562,4.96999979019165,100,100,0.0154999997466802
5319,LSIL_3_patch12.png,0,843.84,264.96,100,100,0.4418
5320,LSIL_3_patch12.png,0,771.53,337.99,100,100,0.3315
5321,LSIL_3_patch12.png,0,949.57,352.14,100,100,0.3153
5322,LSIL_3_patch12.png,0,902.1300048828124,444.3699951171875,100,100,0.270000010728836
5323,LSIL_3_patch12.png,0,841.469970703125,415.1900024414063,100,100,0.260699987411499
5324,LSIL_3_patch12.png,0,920.9600219726562,488.3299865722656,100,100,0.257999986410141
5325,LSIL_3_patch12.png,0,771.9500122070312,499.05999755859375,100,100,0.2310999929904937
5326,LSIL_3_patch12.png,0,799.6500244140625,394.1900024414063,100,100,0.1573999971151352
5327,LSIL_3_patch12.png,0,1014.47998046875,336.3099975585937,100,100,0.130400002002716
5328,LSIL_3_patch12.png,0,943.3400268554688,422.8500061035156,100,100,0.1254000067710876
5329,LSIL_3_patch12.png,0,875.5,479.9400024414063,100,100,0.101000003516674
5330,LSIL_3_patch12.png,0,979.38,678.9,100,100,0.4295
5331,LSIL_3_patch12.png,0,1005.7999877929688,542.0700073242188,100,100,0.3310000002384186
5332,LSIL_3_patch12.png,0,990.93,615.83,100,100,0.2691
5333,LSIL_3_patch12.png,0,844.969970703125,674.3599853515625,100,100,0.2303999960422516
5334,LSIL_3_patch12.png,0,823.6900024414062,611.2000122070312,100,100,0.1999000012874603
5335,LSIL_3_patch12.png,0,903.6900024414062,748.6400146484375,100,100,0.1189000010490417
5336,LSIL_3_patch12.png,0,790.239990234375,726.8400268554688,100,100,0.1052000001072883
5337,LSIL_3_patch12.png,0,822.44,826.32,100,100,0.6928
5338,LSIL_3_patch12.png,0,936.98,775.42,100,100,0.5018
5339,LSIL_3_patch12.png,0,994.02,798.01,100,100,0.4348
5340,LSIL_3_patch12.png,0,931.739990234375,998.0499877929688,100,100,0.0196000002324581
5341,LSIL_3_patch12.png,0,986.8699951171876,789.3099975585938,100,100,0.0108000002801418
5342,LSIL_3_patch12.png,0,178.11000061035156,102.37999725341795,100,100,0.0057999999262392
5343,LSIL_3_patch12.png,0,254.05999755859372,100.61000061035156,100,100,0.0052999998442828
5344,LSIL_3_patch12.png,0,140.57000732421875,187.6300048828125,100,100,0.0035999999381601
5345,LSIL_3_patch12.png,0,99.76000213623048,227.5200042724609,100,100,0.0027000000700354
5346,LSIL_3_patch12.png,0,150.17999267578125,208.9900054931641,100,100,0.0024000001139938
5347,LSIL_3_patch12.png,0,117.12000274658205,200.6999969482422,100,100,0.002199999988079
5348,LSIL_3_patch12.png,0,156.49000549316406,127.76000213623048,100,100,0.001700000022538
5349,LSIL_3_patch12.png,0,37.97999954223633,174.6199951171875,100,100,0.001700000022538
5350,LSIL_3_patch12.png,0,67.66999816894531,431.510009765625,100,100,0.0093000000342726
5351,LSIL_3_patch12.png,0,5.079999923706055,463.9599914550781,100,100,0.0091000003740191
5352,LSIL_3_patch12.png,0,10.93000030517578,507.3399963378906,100,100,0.0087000001221895
5353,LSIL_3_patch12.png,0,154.02000427246094,343.57000732421875,100,100,0.0049999998882412
5354,LSIL_3_patch12.png,0,47.119998931884766,353.3099975585937,100,100,0.0028999999631196
5355,LSIL_3_patch12.png,0,86.45999908447266,431.1499938964844,100,100,0.0024999999441206
5356,LSIL_3_patch12.png,0,135.6300048828125,355.5299987792969,100,100,0.0023000000510364
5357,LSIL_3_patch12.png,0,75.08000183105469,347.760009765625,100,100,0.0019000000320374
5358,LSIL_3_patch12.png,0,86.62999725341797,382.7999877929688,100,100,0.0015000000130385
5359,LSIL_3_patch12.png,0,63.68000030517578,579.6699829101562,100,100,0.0062000001780688
5360,LSIL_3_patch12.png,0,41.59999847412109,599.7100219726562,100,100,0.0020999999251216
5361,LSIL_3_patch12.png,0,258.7099914550781,82.55000305175781,100,100,0.0049999998882412
5362,LSIL_3_patch12.png,0,275.6199951171875,80.0,100,100,0.0043000001460313
5363,LSIL_3_patch12.png,0,286.17999267578125,91.58000183105467,100,100,0.0032999999821186
5364,LSIL_3_patch12.png,0,390.6199951171875,572.280029296875,100,100,0.0078999996185302
5365,LSIL_3_patch12.png,0,415.8699951171875,577.0900268554688,100,100,0.0049999998882412
5366,LSIL_3_patch12.png,0,405.1900024414063,562.1099853515625,100,100,0.0046000001020729
5367,LSIL_3_patch12.png,0,453.7000122070313,597.8699951171875,100,100,0.0041000000201165
5368,LSIL_3_patch12.png,0,416.8399963378906,544.3499755859375,100,100,0.0035999999381601
5369,LSIL_3_patch12.png,0,395.4100036621094,593.52001953125,100,100,0.0027000000700354
5370,LSIL_3_patch12.png,0,441.6199951171875,536.6799926757812,100,100,0.00179999996908
5371,LSIL_3_patch12.png,0,425.7300109863281,620.25,100,100,0.0013999999500811
5372,LSIL_3_patch12.png,0,497.3500061035156,790.8900146484375,100,100,0.0085000004619359
5373,LSIL_3_patch12.png,0,488.1199951171875,881.72998046875,100,100,0.0065999999642372
5374,LSIL_3_patch12.png,0,350.3699951171875,774.6400146484375,100,100,0.0057999999262392
5375,LSIL_3_patch12.png,0,475.8599853515625,806.280029296875,100,100,0.0046000001020729
5376,LSIL_3_patch12.png,0,355.5400085449219,790.6300048828125,100,100,0.0041000000201165
5377,LSIL_3_patch12.png,0,503.6499938964844,875.030029296875,100,100,0.0028999999631196
5378,LSIL_3_patch12.png,0,471.3200073242188,786.4500122070312,100,100,0.0027000000700354
5379,LSIL_3_patch12.png,0,330.42999267578125,775.4299926757812,100,100,0.002199999988079
5380,LSIL_3_patch12.png,0,753.1199951171875,96.73999786376952,100,100,0.0074000000022351
5381,LSIL_3_patch12.png,0,710.1500244140625,149.25,100,100,0.0063000000081956
5382,LSIL_3_patch12.png,0,720.8800048828125,192.22000122070312,100,100,0.0060999998822808
5383,LSIL_3_patch12.png,0,766.5499877929688,118.0,100,100,0.0052000000141561
5384,LSIL_3_patch12.png,0,731.6799926757812,184.0800018310547,100,100,0.0049000000581145
5385,LSIL_3_patch12.png,0,699.02001953125,162.86000061035156,100,100,0.0038000000640749
5386,LSIL_3_patch12.png,0,749.3099975585938,133.33999633789062,100,100,0.0024999999441206
5387,LSIL_3_patch12.png,0,675.4099731445312,148.57000732421875,100,100,0.0024999999441206
5388,LSIL_3_patch12.png,0,738.9600219726562,126.91000366210938,100,100,0.0020999999251216
5389,LSIL_3_patch12.png,0,688.719970703125,319.8999938964844,100,100,0.0096000004559755
5390,LSIL_3_patch12.png,0,664.530029296875,470.6400146484375,100,100,0.0057999999262392
5391,LSIL_3_patch12.png,0,690.5999755859375,447.1600036621094,100,100,0.0046000001020729
5392,LSIL_3_patch12.png,0,752.2999877929688,348.45001220703125,100,100,0.0043999999761581
5393,LSIL_3_patch12.png,0,684.9600219726562,304.2799987792969,100,100,0.0035000001080334
5394,LSIL_3_patch12.png,0,706.6900024414062,300.6300048828125,100,100,0.0028999999631196
5395,LSIL_3_patch12.png,0,695.5399780273438,462.3900146484375,100,100,0.0027999999001622
5396,LSIL_3_patch12.png,0,710.9099731445312,337.32000732421875,100,100,0.0010999999940395
5397,LSIL_3_patch12.png,0,553.9000244140625,771.989990234375,100,100,0.0080000003799796
5398,LSIL_3_patch12.png,0,576.1599731445312,773.1099853515625,100,100,0.006800000090152
5399,LSIL_3_patch12.png,0,660.1900024414062,986.5999755859376,100,100,0.0049999998882412
5400,LSIL_3_patch12.png,0,716.5,979.4299926757812,100,100,0.0027999999001622
5401,LSIL_3_patch12.png,0,739.4099731445312,936.8200073242188,100,100,0.0023000000510364
5402,LSIL_3_patch12.png,0,687.9299926757812,974.6199951171876,100,100,0.0020999999251216
5403,LSIL_3_patch12.png,0,802.1400146484375,92.33000183105467,100,100,0.0093999998643994
5404,LSIL_3_patch12.png,0,880.0599975585938,172.25,100,100,0.0073000001721084
5405,LSIL_3_patch12.png,0,785.27001953125,104.2300033569336,100,100,0.0063999998383224
5406,LSIL_3_patch12.png,0,907.010009765625,177.63999938964844,100,100,0.0052000000141561
5407,LSIL_3_patch12.png,0,826.6199951171875,237.94000244140625,100,100,0.0049999998882412
5408,LSIL_3_patch12.png,0,788.9500122070312,75.0199966430664,100,100,0.0035999999381601
5409,LSIL_3_patch12.png,0,875.739990234375,188.30999755859372,100,100,0.0020000000949949
5410,LSIL_3_patch12.png,0,1019.9000244140624,812.8400268554688,100,100,0.0052000000141561
5411,LSIL_3_patch12.png,0,1018.7899780273438,796.9000244140625,100,100,0.0038000000640749
5412,LSIL_3_patch12.png,0,815.0499877929688,812.969970703125,100,100,0.0031999999191612
5413,LSIL_3_patch12.png,0,1006.9000244140624,788.4400024414062,100,100,0.0031999999191612
5414,LSIL_3_patch12.png,0,830.1199951171875,813.6900024414062,100,100,0.0027999999001622
5415,LSIL_3_patch12.png,0,974.030029296875,798.739990234375,100,100,0.0027000000700354
5416,LSIL_3_patch12.png,0,991.5999755859376,812.9600219726562,100,100,0.0015999999595806
5417,LSIL_3_patch12.png,0,925.1300048828124,785.3099975585938,100,100,0.0015000000130385
5418,LSIL_3_patch12.png,0,805.5,821.6799926757812,100,100,0.001300000003539
5419,LSIL_3_patch13.png,0,30.68,984.28,100,100,0.6156
5420,LSIL_3_patch13.png,0,323.44,620.86,100,100,0.6847
5421,LSIL_3_patch13.png,0,436.18,643.89,100,100,0.6395
5422,LSIL_3_patch13.png,0,318.73,736.92,100,100,0.4308
5423,LSIL_3_patch13.png,0,342.3299865722656,737.9600219726562,100,100,0.1997999995946884
5424,LSIL_3_patch13.png,0,331.6000061035156,612.1599731445312,100,100,0.024100000038743
5425,LSIL_3_patch13.png,0,419.239990234375,640.5599975585938,100,100,0.0120999999344348
5426,LSIL_3_patch13.png,0,311.04998779296875,724.47998046875,100,100,0.0116999996826052
5427,LSIL_3_patch13.png,0,430.9599914550781,633.530029296875,100,100,0.0103000001981854
5428,LSIL_3_patch13.png,0,470.71,985.11,100,100,0.6246
5429,LSIL_3_patch13.png,0,301.35,1007.65,100,100,0.463
5430,LSIL_3_patch13.png,0,447.2000122070313,1010.27001953125,100,100,0.1386999934911728
5431,LSIL_3_patch13.png,0,333.510009765625,988.2100219726562,100,100,0.0910999998450279
5432,LSIL_3_patch13.png,0,331.1300048828125,1018.2000122070312,100,100,0.0516999997198581
5433,LSIL_3_patch13.png,0,319.3099975585937,1011.9600219726562,100,100,0.0307000000029802
5434,LSIL_3_patch13.png,0,311.739990234375,1001.6599731445312,100,100,0.0165999997407197
5435,LSIL_3_patch13.png,0,485.6700134277344,1018.5,100,100,0.0156999994069337
5436,LSIL_3_patch13.png,0,341.0299987792969,1008.77001953125,100,100,0.0109999999403953
5437,LSIL_3_patch13.png,0,620.15,766.6,100,100,0.6994
5438,LSIL_3_patch13.png,0,841.8099975585938,170.33999633789062,100,100,0.0416000001132488
5439,LSIL_3_patch13.png,0,825.1799926757812,675.6099853515625,100,100,0.0412999987602233
5440,LSIL_3_patch13.png,0,47.369998931884766,950.5399780273438,100,100,0.0052999998442828
5441,LSIL_3_patch13.png,0,40.709999084472656,968.27001953125,100,100,0.0041999998502433
5442,LSIL_3_patch13.png,0,21.690000534057617,969.3599853515624,100,100,0.0024999999441206
5443,LSIL_3_patch13.png,0,328.489990234375,718.0,100,100,0.0097000002861022
5444,LSIL_3_patch13.png,0,439.8999938964844,621.1699829101562,100,100,0.0077999997884035
5445,LSIL_3_patch13.png,0,304.19000244140625,708.3499755859375,100,100,0.0076000001281499
5446,LSIL_3_patch13.png,0,323.8699951171875,748.8099975585938,100,100,0.0073000001721084
5447,LSIL_3_patch13.png,0,306.5,610.9199829101562,100,100,0.006000000052154
5448,LSIL_3_patch13.png,0,451.6199951171875,648.010009765625,100,100,0.0052000000141561
5449,LSIL_3_patch13.png,0,307.2200012207031,749.1199951171875,100,100,0.0048000002279877
5450,LSIL_3_patch13.png,0,307.0,626.52001953125,100,100,0.003000000026077
5451,LSIL_3_patch13.png,0,340.6700134277344,620.719970703125,100,100,0.0015999999595806
5452,LSIL_3_patch13.png,0,325.8399963378906,601.260009765625,100,100,0.0015000000130385
5453,LSIL_3_patch13.png,0,480.3999938964844,971.9600219726562,100,100,0.0066999997943639
5454,LSIL_3_patch13.png,0,454.9700012207031,1001.97998046875,100,100,0.0054999999701976
5455,LSIL_3_patch13.png,0,462.760009765625,973.010009765625,100,100,0.0048000002279877
5456,LSIL_3_patch13.png,0,479.8599853515625,994.9099731445312,100,100,0.0046000001020729
5457,LSIL_3_patch13.png,0,287.0299987792969,1007.7100219726562,100,100,0.0037000000011175
5458,LSIL_3_patch13.png,0,607.739990234375,760.97998046875,100,100,0.0076000001281499
5459,LSIL_3_patch13.png,0,634.2999877929688,758.75,100,100,0.002600000007078
5460,LSIL_3_patch14.png,0,74.94,39.86,100,100,0.4931
5461,LSIL_3_patch14.png,0,81.03,158.08,100,100,0.462
5462,LSIL_3_patch14.png,0,141.12,61.42,100,100,0.4163
5463,LSIL_3_patch14.png,0,143.14999389648438,12.739999771118164,100,100,0.2612999975681305
5464,LSIL_3_patch14.png,0,151.4199981689453,77.25,100,100,0.2277999967336654
5465,LSIL_3_patch14.png,0,13.98,77.05,100,100,0.2119
5466,LSIL_3_patch14.png,0,41.2599983215332,117.8499984741211,100,100,0.1083000004291534
5467,LSIL_3_patch14.png,0,28.899999618530277,43.290000915527344,100,100,0.0630000010132789
5468,LSIL_3_patch14.png,0,62.81999969482422,8.800000190734863,100,100,0.0226000007241964
5469,LSIL_3_patch14.png,0,174.8000030517578,92.38999938964844,100,100,0.0135000003501772
5470,LSIL_3_patch14.png,0,47.310001373291016,25.780000686645508,100,100,0.0114000001922249
5471,LSIL_3_patch14.png,0,250.44,677.45,100,100,0.7148
5472,LSIL_3_patch14.png,0,237.1699981689453,672.5399780273438,100,100,0.0140000004321336
5473,LSIL_3_patch14.png,0,448.989990234375,4.869999885559082,100,100,0.0524000003933906
5474,LSIL_3_patch14.png,0,307.2900085449219,837.0700073242188,100,100,0.0507999993860721
5475,LSIL_3_patch14.png,0,450.1400146484375,964.7899780273438,100,100,0.0122999995946884
5476,LSIL_3_patch14.png,0,464.5499877929688,972.0800170898438,100,100,0.0104000000283122
5477,LSIL_3_patch14.png,0,763.1799926757812,629.5700073242188,100,100,0.0353999994695186
5478,LSIL_3_patch14.png,0,908.739990234375,1014.719970703125,100,100,0.0173000004142522
5479,LSIL_3_patch14.png,0,160.52000427246094,48.59999847412109,100,100,0.0087000001221895
5480,LSIL_3_patch14.png,0,85.16000366210938,29.270000457763672,100,100,0.0057999999262392
5481,LSIL_3_patch14.png,0,84.9800033569336,46.56999969482422,100,100,0.0044999998062849
5482,LSIL_3_patch14.png,0,135.00999450683594,76.94999694824219,100,100,0.0032999999821186
5483,LSIL_3_patch14.png,0,70.4000015258789,149.99000549316406,100,100,0.0027999999001622
5484,LSIL_3_patch14.png,0,45.4900016784668,9.029999732971191,100,100,0.0027000000700354
5485,LSIL_3_patch14.png,0,59.25,41.91999816894531,100,100,0.0020000000949949
5486,LSIL_3_patch14.png,0,163.5800018310547,66.79000091552734,100,100,0.0015000000130385
5487,LSIL_3_patch14.png,0,258.9200134277344,664.3599853515625,100,100,0.0070000002160668
5488,LSIL_3_patch14.png,0,267.989990234375,683.3499755859375,100,100,0.0019000000320374
5489,LSIL_3_patch14.png,0,322.1000061035156,844.6699829101562,100,100,0.0074999998323619
5490,LSIL_8_patch01.png,0,7.78000020980835,111.12000274658205,100,100,0.0160000007599592
5491,LSIL_8_patch01.png,0,148.27000427246094,433.9100036621094,100,100,0.0216000005602836
5492,LSIL_8_patch01.png,0,40.65999984741211,690.3400268554688,100,100,0.0135000003501772
5493,LSIL_8_patch01.png,0,210.69000244140625,1009.8900146484376,100,100,0.0388999991118907
5494,LSIL_8_patch01.png,0,23.940000534057617,918.6799926757812,100,100,0.0160000007599592
5495,LSIL_8_patch01.png,0,280.4,247.71,100,100,0.5639
5496,LSIL_8_patch01.png,0,294.92999267578125,99.9499969482422,100,100,0.0179999992251396
5497,LSIL_8_patch01.png,0,266.989990234375,236.55999755859372,100,100,0.0171000007539987
5498,LSIL_8_patch01.png,0,368.43,697.97,100,100,0.6584
5499,LSIL_8_patch01.png,0,383.80999755859375,708.72998046875,100,100,0.0357000008225441
5500,LSIL_8_patch01.png,0,403.8299865722656,921.3599853515624,100,100,0.018300000578165
5501,LSIL_8_patch01.png,0,361.9100036621094,825.8800048828125,100,100,0.0137000000104308
5502,LSIL_8_patch01.png,0,531.219970703125,73.73999786376953,100,100,0.0115000000223517
5503,LSIL_8_patch01.png,0,612.28,510.87,100,100,0.6118
5504,LSIL_8_patch01.png,0,646.0999755859375,486.2099914550781,100,100,0.0109999999403953
5505,LSIL_8_patch01.png,0,844.0399780273438,252.00999450683597,100,100,0.0227000005543231
5506,LSIL_8_patch01.png,0,1017.2999877929688,199.9199981689453,100,100,0.0142000000923872
5507,LSIL_8_patch01.png,0,949.530029296875,400.7200012207031,100,100,0.0308999996632337
5508,LSIL_8_patch01.png,0,1016.8099975585938,320.5400085449219,100,100,0.0208999998867511
5509,LSIL_8_patch01.png,0,1013.3599853515624,431.3999938964844,100,100,0.0148000000044703
5510,LSIL_8_patch01.png,0,946.5800170898438,433.6900024414063,100,100,0.0121999997645616
5511,LSIL_8_patch01.png,0,950.8699951171876,962.780029296875,100,100,0.0152000002562999
5512,LSIL_8_patch01.png,0,7.889999866485596,209.3600006103516,100,100,0.0024999999441206
5513,LSIL_8_patch01.png,0,39.040000915527344,184.2899932861328,100,100,0.0023000000510364
5514,LSIL_8_patch01.png,0,294.8599853515625,234.07000732421875,100,100,0.0035000001080334
5515,LSIL_8_patch01.png,0,297.29998779296875,255.7100067138672,100,100,0.001700000022538
5516,LSIL_8_patch01.png,0,375.6199951171875,684.1500244140625,100,100,0.0063000000081956
5517,LSIL_8_patch01.png,0,357.3500061035156,687.5700073242188,100,100,0.0041999998502433
5518,LSIL_8_patch01.png,0,356.0599975585937,700.9299926757812,100,100,0.0020000000949949
5519,LSIL_8_patch01.png,0,624.4400024414062,500.5,100,100,0.0066999997943639
5520,LSIL_8_patch01.png,0,744.739990234375,360.4599914550781,100,100,0.0052999998442828
5521,LSIL_8_patch01.png,0,582.5900268554688,490.2699890136719,100,100,0.0024999999441206
5522,LSIL_8_patch02.png,0,118.12000274658205,108.26000213623048,100,100,0.1213999986648559
5523,LSIL_8_patch02.png,0,22.600000381469727,38.93999862670898,100,100,0.0772999972105026
5524,LSIL_8_patch02.png,0,36.619998931884766,4.53000020980835,100,100,0.0351999998092651
5525,LSIL_8_patch02.png,0,182.8699951171875,187.82000732421875,100,100,0.0175000000745058
5526,LSIL_8_patch02.png,0,161.7899932861328,340.75,100,100,0.0181000009179115
5527,LSIL_8_patch02.png,0,99.03,622.5,100,100,0.755
5528,LSIL_8_patch02.png,0,225.7,658.28,100,100,0.6183
5529,LSIL_8_patch02.png,0,128.27000427246094,688.3400268554688,100,100,0.0568000003695488
5530,LSIL_8_patch02.png,0,116.58000183105467,738.0,100,100,0.0164000000804662
5531,LSIL_8_patch02.png,0,142.29,798.14,100,100,0.3772
5532,LSIL_8_patch02.png,0,293.54,117.88,100,100,0.7321
5533,LSIL_8_patch02.png,0,355.26708984375,20.90604782104492,100,100,0.3252651393413543
5534,LSIL_8_patch02.png,0,354.6700134277344,3.900000095367432,100,100,0.1015999987721443
5535,LSIL_8_patch02.png,0,414.4200134277344,232.6699981689453,100,100,0.0197999998927116
5536,LSIL_8_patch02.png,0,385.7999877929688,472.489990234375,100,100,0.0143999997526407
5537,LSIL_8_patch02.png,0,669.69,85.87,100,100,0.3439
5538,LSIL_8_patch02.png,0,682.5,45.619998931884766,100,100,0.0178999993950128
5539,LSIL_8_patch02.png,0,764.2100219726562,229.57000732421875,100,100,0.0133999995887279
5540,LSIL_8_patch02.png,0,677.3300170898438,61.08000183105469,100,100,0.0102000003680586
5541,LSIL_8_patch02.png,0,520.7,337.51,100,100,0.7109
5542,LSIL_8_patch02.png,0,652.8300170898438,393.3399963378906,100,100,0.0217000003904104
5543,LSIL_8_patch02.png,0,634.9199829101562,611.5700073242188,100,100,0.0269000008702278
5544,LSIL_8_patch02.png,0,596.73,873.86,100,100,0.4545
5545,LSIL_8_patch02.png,0,763.02001953125,1004.4000244140624,100,100,0.0649999976158142
5546,LSIL_8_patch02.png,0,703.8599853515625,904.6199951171876,100,100,0.0487999990582466
5547,LSIL_8_patch02.png,0,757.5,1015.3499755859376,100,100,0.0264999996870756
5548,LSIL_8_patch02.png,0,907.49,54.59,100,100,0.7345
5549,LSIL_8_patch02.png,0,1016.8400268554688,92.37999725341795,100,100,0.0178999993950128
5550,LSIL_8_patch02.png,0,778.8699951171875,462.239990234375,100,100,0.0428999997675418
5551,LSIL_8_patch02.png,0,869.07,726.22,100,100,0.3272
5552,LSIL_8_patch02.png,0,887.8599853515625,963.22998046875,100,100,0.0838999971747398
5553,LSIL_8_patch02.png,0,892.9099731445312,774.4500122070312,100,100,0.0829000025987625
5554,LSIL_8_patch02.png,0,817.5,920.8900146484376,100,100,0.06700000166893
5555,LSIL_8_patch02.png,0,808.72998046875,936.530029296875,100,100,0.0230999998748302
5556,LSIL_8_patch02.png,0,240.1499938964844,650.0999755859375,100,100,0.0065000001341104
5557,LSIL_8_patch02.png,0,211.19000244140625,654.0499877929688,100,100,0.0049000000581145
5558,LSIL_8_patch02.png,0,113.05999755859376,606.4299926757812,100,100,0.0015000000130385
5559,LSIL_8_patch02.png,0,281.010009765625,112.63999938964844,100,100,0.0048000002279877
5560,LSIL_8_patch02.png,0,297.3999938964844,106.0,100,100,0.003400000045076
5561,LSIL_8_patch02.png,0,510.75,326.2799987792969,100,100,0.0043000001460313
5562,LSIL_8_patch02.png,0,664.0700073242188,67.86000061035156,100,100,0.0032999999821186
5563,LSIL_8_patch02.png,0,665.010009765625,97.98999786376952,100,100,0.0024000001139938
5564,LSIL_8_patch02.png,0,924.0,46.88999938964844,100,100,0.006000000052154
5565,LSIL_8_patch02.png,0,905.7899780273438,39.09999847412109,100,100,0.002600000007078
5566,LSIL_8_patch02.png,0,893.02001953125,48.880001068115234,100,100,0.0012000000569969
5567,LSIL_8_patch02.png,0,890.25,723.8300170898438,100,100,0.0024000001139938
5568,LSIL_8_patch02.png,0,932.72998046875,523.8300170898438,100,100,0.0015000000130385
5569,LSIL_8_patch02.png,0,877.5800170898438,955.8400268554688,100,100,0.0083999997004866
5570,LSIL_8_patch03.png,0,215.69,79.12,100,100,0.7123
5571,LSIL_8_patch03.png,0,31.36000061035156,225.92999267578125,100,100,0.0144999995827674
5572,LSIL_8_patch03.png,0,133.58999633789062,14.119999885559082,100,100,0.0121999997645616
5573,LSIL_8_patch03.png,0,48.84999847412109,483.5,100,100,0.0273000001907348
5574,LSIL_8_patch03.png,0,43.85,674.91,100,100,0.6297
5575,LSIL_8_patch03.png,0,125.80999755859376,557.5599975585938,100,100,0.1283999979496002
5576,LSIL_8_patch03.png,0,36.98,898.21,100,100,0.3512
5577,LSIL_8_patch03.png,0,55.18999862670898,771.4400024414062,100,100,0.248099997639656
5578,LSIL_8_patch03.png,0,17.219999313354492,971.3800048828124,100,100,0.0491999983787536
5579,LSIL_8_patch03.png,0,182.2100067138672,825.469970703125,100,100,0.0205000005662441
5580,LSIL_8_patch03.png,0,283.29,47.4,100,100,0.1864
5581,LSIL_8_patch03.png,0,352.7200012207031,7.760000228881836,100,100,0.0639000013470649
5582,LSIL_8_patch03.png,0,370.1900024414063,357.3900146484375,100,100,0.0449000000953674
5583,LSIL_8_patch03.png,0,331.2799987792969,379.739990234375,100,100,0.0384000018239021
5584,LSIL_8_patch03.png,0,380.3200073242188,403.9400024414063,100,100,0.0289999991655349
5585,LSIL_8_patch03.png,0,321.8900146484375,464.760009765625,100,100,0.0110999997705221
5586,LSIL_8_patch03.png,0,305.92999267578125,734.5999755859375,100,100,0.0120999999344348
5587,LSIL_8_patch03.png,0,303.5400085449219,976.510009765625,100,100,0.0295000001788139
5588,LSIL_8_patch03.png,0,483.0299987792969,1005.0999755859376,100,100,0.018300000578165
5589,LSIL_8_patch03.png,0,301.8900146484375,888.47998046875,100,100,0.010700000450015
5590,LSIL_8_patch03.png,0,289.6300048828125,1018.0900268554688,100,100,0.0103000001981854
5591,LSIL_8_patch03.png,0,745.17,544.58,100,100,0.5633
5592,LSIL_8_patch03.png,0,747.0900268554688,660.8499755859375,100,100,0.0750999972224235
5593,LSIL_8_patch03.png,0,727.0900268554688,637.75,100,100,0.0152000002562999
5594,LSIL_8_patch03.png,0,868.1,254.94,100,100,0.7603
5595,LSIL_8_patch03.png,0,1001.02001953125,234.27999877929688,100,100,0.046399999409914
5596,LSIL_8_patch03.png,0,803.29,421.8,100,100,0.7524
5597,LSIL_8_patch03.png,0,779.76,505.58,100,100,0.211
5598,LSIL_8_patch03.png,0,902.0999755859376,388.5299987792969,100,100,0.0288999993354082
5599,LSIL_8_patch03.png,0,875.1400146484375,338.4800109863281,100,100,0.0282000005245208
5600,LSIL_8_patch03.png,0,887.3099975585938,541.75,100,100,0.0829999968409538
5601,LSIL_8_patch03.png,0,1014.6300048828124,582.0999755859375,100,100,0.0423999987542629
5602,LSIL_8_patch03.png,0,947.8300170898438,637.280029296875,100,100,0.0264999996870756
5603,LSIL_8_patch03.png,0,1019.02001953125,522.3200073242188,100,100,0.0189999993890523
5604,LSIL_8_patch03.png,0,847.6699829101562,665.0700073242188,100,100,0.0119000002741813
5605,LSIL_8_patch03.png,0,1002.4199829101562,883.2999877929688,100,100,0.0612999983131885
5606,LSIL_8_patch03.png,0,209.1199951171875,68.01000213623047,100,100,0.0065000001341104
5607,LSIL_8_patch03.png,0,224.7100067138672,71.19000244140625,100,100,0.0060999998822808
5608,LSIL_8_patch03.png,0,203.1300048828125,114.19000244140624,100,100,0.003000000026077
5609,LSIL_8_patch03.png,0,15.8100004196167,436.0700073242188,100,100,0.0024000001139938
5610,LSIL_8_patch03.png,0,129.69000244140625,580.3499755859375,100,100,0.0057000000961124
5611,LSIL_8_patch03.png,0,43.27000045776367,765.989990234375,100,100,0.0043000001460313
5612,LSIL_8_patch03.png,0,57.709999084472656,647.7999877929688,100,100,0.0041999998502433
5613,LSIL_8_patch03.png,0,35.130001068115234,664.75,100,100,0.0023000000510364
5614,LSIL_8_patch03.png,0,115.16000366210938,569.3900146484375,100,100,0.001300000003539
5615,LSIL_8_patch03.png,0,62.18999862670898,760.25,100,100,0.0010999999940395
5616,LSIL_8_patch03.png,0,29.88999938964844,889.739990234375,100,100,0.0048000002279877
5617,LSIL_8_patch03.png,0,46.470001220703125,887.97998046875,100,100,0.0031000000890344
5618,LSIL_8_patch03.png,0,760.1400146484375,540.239990234375,100,100,0.0052999998442828
5619,LSIL_8_patch03.png,0,738.7000122070312,531.9099731445312,100,100,0.0027000000700354
5620,LSIL_8_patch03.png,0,728.6300048828125,540.6400146484375,100,100,0.0023000000510364
5621,LSIL_8_patch03.png,0,916.3300170898438,164.14999389648438,100,100,0.0057999999262392
5622,LSIL_8_patch03.png,0,877.4299926757812,243.6199951171875,100,100,0.0046999999321997
5623,LSIL_8_patch03.png,0,1010.47998046875,225.6999969482422,100,100,0.0038999998942017
5624,LSIL_8_patch03.png,0,855.1199951171875,249.42999267578125,100,100,0.002199999988079
5625,LSIL_8_patch03.png,0,815.9000244140625,427.8299865722656,100,100,0.0035999999381601
5626,LSIL_8_patch03.png,0,812.97998046875,409.05999755859375,100,100,0.0027999999001622
5627,LSIL_8_patch03.png,0,792.239990234375,409.7200012207031,100,100,0.0024000001139938
5628,LSIL_8_patch03.png,0,855.4299926757812,542.3499755859375,100,100,0.0027000000700354
5629,LSIL_8_patch04.png,0,219.0,969.08,100,100,0.6969
5630,LSIL_8_patch04.png,0,131.99000549316406,948.77001953125,100,100,0.2113000005483627
5631,LSIL_8_patch04.png,0,16.309999465942383,1007.6900024414062,100,100,0.1189000010490417
5632,LSIL_8_patch04.png,0,92.06999969482422,954.3599853515624,100,100,0.1177999973297119
5633,LSIL_8_patch04.png,0,38.36000061035156,964.6099853515624,100,100,0.0549999997019767
5634,LSIL_8_patch04.png,0,56.66999816894531,922.5499877929688,100,100,0.0502999983727932
5635,LSIL_8_patch04.png,0,137.22000122070312,1007.77001953125,100,100,0.0469000004231929
5636,LSIL_8_patch04.png,0,91.48999786376952,995.9600219726562,100,100,0.0229000002145767
5637,LSIL_8_patch04.png,0,220.2400054931641,954.6199951171876,100,100,0.0167999994009733
5638,LSIL_8_patch04.png,0,454.74,971.17,100,100,0.7128
5639,LSIL_8_patch04.png,0,398.75,891.5,100,100,0.0502000004053115
5640,LSIL_8_patch04.png,0,738.04,936.24,100,100,0.2868
5641,LSIL_8_patch04.png,0,532.55,991.39,100,100,0.2778
5642,LSIL_8_patch04.png,0,642.989990234375,953.9500122070312,100,100,0.169400006532669
5643,LSIL_8_patch04.png,0,677.1799926757812,946.8800048828124,100,100,0.0866999998688697
5644,LSIL_8_patch04.png,0,737.6699829101562,826.8499755859375,100,100,0.0727000012993812
5645,LSIL_8_patch04.png,0,556.1400146484375,913.7000122070312,100,100,0.067900002002716
5646,LSIL_8_patch04.png,0,700.8699951171875,927.2999877929688,100,100,0.0588999986648559
5647,LSIL_8_patch04.png,0,766.7000122070312,969.0900268554688,100,100,0.0520999990403652
5648,LSIL_8_patch04.png,0,629.6599731445312,919.75,100,100,0.0154999997466802
5649,LSIL_8_patch04.png,0,712.6099853515625,1016.2999877929688,100,100,0.0133999995887279
5650,LSIL_8_patch04.png,0,689.1099853515625,985.0599975585938,100,100,0.0131999999284744
5651,LSIL_8_patch04.png,0,640.2899780273438,1016.7999877929688,100,100,0.0130000002682209
5652,LSIL_8_patch04.png,0,520.6500244140625,1017.4199829101562,100,100,0.0108000002801418
5653,LSIL_8_patch04.png,0,854.96,915.6,100,100,0.4061
5654,LSIL_8_patch04.png,0,805.2999877929688,794.3099975585938,100,100,0.220100000500679
5655,LSIL_8_patch04.png,0,971.3400268554688,949.0900268554688,100,100,0.1050999984145164
5656,LSIL_8_patch04.png,0,851.9299926757812,947.4199829101562,100,100,0.1015999987721443
5657,LSIL_8_patch04.png,0,771.7100219726562,775.5399780273438,100,100,0.0666999965906143
5658,LSIL_8_patch04.png,0,805.6199951171875,885.22998046875,100,100,0.0527999997138977
5659,LSIL_8_patch04.png,0,934.5800170898438,943.739990234375,100,100,0.0381999984383583
5660,LSIL_8_patch04.png,0,855.5999755859375,872.530029296875,100,100,0.0271000005304813
5661,LSIL_8_patch04.png,0,887.25,919.3499755859376,100,100,0.0223999992012977
5662,LSIL_8_patch04.png,0,999.6900024414062,1015.3800048828124,100,100,0.016499999910593
5663,LSIL_8_patch04.png,0,960.8699951171876,771.4199829101562,100,100,0.0142999999225139
5664,LSIL_8_patch04.png,0,181.7700042724609,985.9299926757812,100,100,0.0068999999202787
5665,LSIL_8_patch04.png,0,231.8300018310547,972.0800170898438,100,100,0.003000000026077
5666,LSIL_8_patch04.png,0,183.3999938964844,972.8099975585938,100,100,0.001700000022538
5667,LSIL_8_patch04.png,0,347.94000244140625,1015.4500122070312,100,100,0.0068999999202787
5668,LSIL_8_patch04.png,0,459.5499877929688,957.4199829101562,100,100,0.0032999999821186
5669,LSIL_8_patch04.png,0,443.5899963378906,967.5800170898438,100,100,0.0031999999191612
5670,LSIL_8_patch04.png,0,393.8399963378906,923.969970703125,100,100,0.00179999996908
5671,LSIL_8_patch04.png,0,321.989990234375,1010.780029296875,100,100,0.001300000003539
5672,LSIL_8_patch04.png,0,726.5499877929688,894.8400268554688,100,100,0.0052000000141561
5673,LSIL_8_patch04.png,0,729.2100219726562,929.1099853515624,100,100,0.0038999998942017
5674,LSIL_8_patch04.png,0,523.6199951171875,982.739990234375,100,100,0.0023000000510364
5675,LSIL_8_patch04.png,0,522.2000122070312,1001.4099731445312,100,100,0.0015000000130385
5676,LSIL_8_patch04.png,0,943.530029296875,927.0700073242188,100,100,0.0057000000961124
5677,LSIL_8_patch04.png,0,889.6199951171875,1019.52001953125,100,100,0.0052000000141561
5678,LSIL_8_patch04.png,0,867.739990234375,944.0,100,100,0.0049999998882412
5679,LSIL_8_patch04.png,0,924.77001953125,969.0800170898438,100,100,0.0046999999321997
5680,LSIL_8_patch04.png,0,908.9000244140624,1007.280029296875,100,100,0.0027999999001622
5681,LSIL_8_patch04.png,0,846.1500244140625,928.6699829101562,100,100,0.0023000000510364
5682,LSIL_8_patch04.png,0,864.6199951171875,922.9600219726562,100,100,0.0020000000949949
5683,LSIL_8_patch05.png,0,147.5399932861328,143.94000244140625,100,100,0.0878999978303909
5684,LSIL_8_patch05.png,0,13.5600004196167,50.380001068115234,100,100,0.0731000006198883
5685,LSIL_8_patch05.png,0,30.790000915527344,139.97000122070312,100,100,0.0535999983549118
5686,LSIL_8_patch05.png,0,178.22999572753906,79.62000274658203,100,100,0.0496999993920326
5687,LSIL_8_patch05.png,0,61.810001373291016,40.04999923706055,100,100,0.0428999997675418
5688,LSIL_8_patch05.png,0,42.41999816894531,70.33000183105469,100,100,0.032999999821186
5689,LSIL_8_patch05.png,0,13.079999923706056,170.07000732421875,100,100,0.0243999995291233
5690,LSIL_8_patch05.png,0,51.58000183105469,128.0500030517578,100,100,0.0230999998748302
5691,LSIL_8_patch05.png,0,8.470000267028809,81.06999969482422,100,100,0.0164000000804662
5692,LSIL_8_patch05.png,0,146.8699951171875,196.27999877929688,100,100,0.0105999996885657
5693,LSIL_8_patch05.png,0,53.23,418.4,100,100,0.4051
5694,LSIL_8_patch05.png,0,243.21,258.88,100,100,0.3802
5695,LSIL_8_patch05.png,0,18.48,470.07,100,100,0.3364
5696,LSIL_8_patch05.png,0,21.06,437.13,100,100,0.2673
5697,LSIL_8_patch05.png,0,24.68,403.05,100,100,0.2543
5698,LSIL_8_patch05.png,0,54.55,384.88,100,100,0.2217
5699,LSIL_8_patch05.png,0,17.07,257.32,100,100,0.1725
5700,LSIL_8_patch05.png,0,108.29,286.99,100,100,0.1259
5701,LSIL_8_patch05.png,0,154.47000122070312,397.7300109863281,100,100,0.1171000003814697
5702,LSIL_8_patch05.png,0,128.5500030517578,455.260009765625,100,100,0.0751999989151954
5703,LSIL_8_patch05.png,0,183.4499969482422,486.3299865722656,100,100,0.0432000011205673
5704,LSIL_8_patch05.png,0,201.66000366210935,423.3500061035156,100,100,0.0421000011265277
5705,LSIL_8_patch05.png,0,241.55999755859372,496.3299865722656,100,100,0.0346000008285045
5706,LSIL_8_patch05.png,0,185.44000244140625,379.9100036621094,100,100,0.031199999153614
5707,LSIL_8_patch05.png,0,211.2400054931641,487.6700134277344,100,100,0.023199999704957
5708,LSIL_8_patch05.png,0,216.0200042724609,390.2999877929688,100,100,0.0197000000625848
5709,LSIL_8_patch05.png,0,82.81999969482422,372.8299865722656,100,100,0.0148999998345971
5710,LSIL_8_patch05.png,0,148.66000366210938,266.75,100,100,0.0138999996706843
5711,LSIL_8_patch05.png,0,132.1699981689453,304.7300109863281,100,100,0.0108000002801418
5712,LSIL_8_patch05.png,0,199.04,523.34,100,100,0.2175
5713,LSIL_8_patch05.png,0,97.26000213623048,685.280029296875,100,100,0.0671000033617019
5714,LSIL_8_patch05.png,0,65.95999908447266,594.9000244140625,100,100,0.0258000008761882
5715,LSIL_8_patch05.png,0,200.4600067138672,735.72998046875,100,100,0.0230000000447034
5716,LSIL_8_patch05.png,0,63.95000076293945,734.9600219726562,100,100,0.0228000003844499
5717,LSIL_8_patch05.png,0,184.16000366210935,690.9600219726562,100,100,0.0215000007301569
5718,LSIL_8_patch05.png,0,232.6300048828125,530.5399780273438,100,100,0.0161000005900859
5719,LSIL_8_patch05.png,0,243.4199981689453,669.6799926757812,100,100,0.0115000000223517
5720,LSIL_8_patch05.png,0,230.6100006103516,705.2899780273438,100,100,0.0104999998584389
5721,LSIL_8_patch05.png,0,211.49,825.8,100,100,0.2837
5722,LSIL_8_patch05.png,0,176.25,920.19,100,100,0.1695
5723,LSIL_8_patch05.png,0,142.1,905.81,100,100,0.1542
5724,LSIL_8_patch05.png,0,7.579999923706055,936.5399780273438,100,100,0.1108999997377395
5725,LSIL_8_patch05.png,0,25.709999084472656,906.1799926757812,100,100,0.0405000001192092
5726,LSIL_8_patch05.png,0,173.77000427246094,1016.8200073242188,100,100,0.0359000004827976
5727,LSIL_8_patch05.png,0,135.75,842.1400146484375,100,100,0.033500000834465
5728,LSIL_8_patch05.png,0,224.94000244140625,878.780029296875,100,100,0.0276999995112419
5729,LSIL_8_patch05.png,0,25.270000457763672,880.4299926757812,100,100,0.0210999995470047
5730,LSIL_8_patch05.png,0,7.78000020980835,889.7999877929688,100,100,0.0193000007420778
5731,LSIL_8_patch05.png,0,376.7,126.1,100,100,0.204
5732,LSIL_8_patch05.png,0,272.4599914550781,244.83999633789065,100,100,0.0577000007033348
5733,LSIL_8_patch05.png,0,388.9700012207031,219.1699981689453,100,100,0.0544999986886978
5734,LSIL_8_patch05.png,0,387.2900085449219,136.0500030517578,100,100,0.0126000000163912
5735,LSIL_8_patch05.png,0,415.9599914550781,121.0999984741211,100,100,0.0114000001922249
5736,LSIL_8_patch05.png,0,436.19,424.97,100,100,0.2121
5737,LSIL_8_patch05.png,0,392.83,307.21,100,100,0.1975
5738,LSIL_8_patch05.png,0,394.9200134277344,413.739990234375,100,100,0.0498000010848045
5739,LSIL_8_patch05.png,0,307.1600036621094,353.3599853515625,100,100,0.0427000001072883
5740,LSIL_8_patch05.png,0,500.5299987792969,414.8200073242188,100,100,0.0335999988019466
5741,LSIL_8_patch05.png,0,487.8500061035156,488.6199951171875,100,100,0.0269000008702278
5742,LSIL_8_patch05.png,0,307.19000244140625,307.5199890136719,100,100,0.0197000000625848
5743,LSIL_8_patch05.png,0,452.1600036621094,475.3999938964844,100,100,0.0170000009238719
5744,LSIL_8_patch05.png,0,458.05999755859375,371.8399963378906,100,100,0.0104999998584389
5745,LSIL_8_patch05.png,0,377.35,721.93,100,100,0.4429
5746,LSIL_8_patch05.png,0,452.27,647.95,100,100,0.3536
5747,LSIL_8_patch05.png,0,493.65,571.58,100,100,0.2307
5748,LSIL_8_patch05.png,0,475.9200134277344,616.469970703125,100,100,0.0283000003546476
5749,LSIL_8_patch05.png,0,383.1199951171875,583.489990234375,100,100,0.0270000007003545
5750,LSIL_8_patch05.png,0,294.6300048828125,696.27001953125,100,100,0.02449999935925
5751,LSIL_8_patch05.png,0,329.4700012207031,631.3200073242188,100,100,0.0127999996766448
5752,LSIL_8_patch05.png,0,438.739990234375,521.8499755859375,100,100,0.0124000003561377
5753,LSIL_8_patch05.png,0,505.4299926757813,584.4600219726562,100,100,0.0116999996826052
5754,LSIL_8_patch05.png,0,390.6199951171875,527.7000122070312,100,100,0.0114000001922249
5755,LSIL_8_patch05.png,0,293.010009765625,657.3400268554688,100,100,0.0109999999403953
5756,LSIL_8_patch05.png,0,405.4700012207031,736.5700073242188,100,100,0.0109000001102685
5757,LSIL_8_patch05.png,0,407.73,910.41,100,100,0.3939
5758,LSIL_8_patch05.png,0,445.71,818.32,100,100,0.3681
5759,LSIL_8_patch05.png,0,305.0,949.0,100,100,0.3450005054473877
5760,LSIL_8_patch05.png,0,288.0,993.0,100,100,0.2221755534410476
5761,LSIL_8_patch05.png,0,476.7099914550781,821.3099975585938,100,100,0.1278000026941299
5762,LSIL_8_patch05.png,0,482.2200012207031,887.5700073242188,100,100,0.0333999991416931
5763,LSIL_8_patch05.png,0,315.3599853515625,896.5599975585938,100,100,0.023199999704957
5764,LSIL_8_patch05.png,0,480.760009765625,981.97998046875,100,100,0.0200999993830919
5765,LSIL_8_patch05.png,0,509.9100036621094,817.97998046875,100,100,0.0166999995708465
5766,LSIL_8_patch05.png,0,395.8299865722656,874.9299926757812,100,100,0.0100999996066093
5767,LSIL_8_patch05.png,0,594.24,65.72,100,100,0.3036
5768,LSIL_8_patch05.png,0,564.01,135.54,100,100,0.2821
5769,LSIL_8_patch05.png,0,749.26,230.79,100,100,0.1479
5770,LSIL_8_patch05.png,0,660.2899780273438,166.1199951171875,100,100,0.0460000000894069
5771,LSIL_8_patch05.png,0,653.0700073242188,200.94000244140625,100,100,0.0427000001072883
5772,LSIL_8_patch05.png,0,601.5999755859375,110.91000366210938,100,100,0.0425000004470348
5773,LSIL_8_patch05.png,0,678.6099853515625,13.880000114440918,100,100,0.0419999994337558
5774,LSIL_8_patch05.png,0,695.5900268554688,188.52999877929688,100,100,0.0419000014662742
5775,LSIL_8_patch05.png,0,696.2000122070312,123.68000030517578,100,100,0.0277999993413686
5776,LSIL_8_patch05.png,0,693.9099731445312,216.77999877929688,100,100,0.0217000003904104
5777,LSIL_8_patch05.png,0,523.5399780273438,152.9199981689453,100,100,0.0215000007301569
5778,LSIL_8_patch05.png,0,589.4500122070312,164.50999450683594,100,100,0.0186999998986721
5779,LSIL_8_patch05.png,0,600.5700073242188,7.460000038146973,100,100,0.0182000007480382
5780,LSIL_8_patch05.png,0,737.989990234375,176.19000244140625,100,100,0.0165999997407197
5781,LSIL_8_patch05.png,0,710.5900268554688,96.1500015258789,100,100,0.0141000002622604
5782,LSIL_8_patch05.png,0,611.74,286.78,100,100,0.32
5783,LSIL_8_patch05.png,0,611.92,328.52,100,100,0.277
5784,LSIL_8_patch05.png,0,562.96,461.42,100,100,0.2511
5785,LSIL_8_patch05.png,0,564.739990234375,416.30999755859375,100,100,0.2197999954223632
5786,LSIL_8_patch05.png,0,629.8400268554688,317.3500061035156,100,100,0.1618999987840652
5787,LSIL_8_patch05.png,0,652.7000122070312,268.8599853515625,100,100,0.1432999968528747
5788,LSIL_8_patch05.png,0,603.219970703125,436.2999877929688,100,100,0.1255999952554702
5789,LSIL_8_patch05.png,0,602.02001953125,368.510009765625,100,100,0.0925000011920929
5790,LSIL_8_patch05.png,0,709.3099975585938,362.2900085449219,100,100,0.0899000018835067
5791,LSIL_8_patch05.png,0,625.2899780273438,387.1199951171875,100,100,0.068800002336502
5792,LSIL_8_patch05.png,0,527.3200073242188,458.9400024414063,100,100,0.064699999988079
5793,LSIL_8_patch05.png,0,746.719970703125,375.8699951171875,100,100,0.0615000016987323
5794,LSIL_8_patch05.png,0,656.02001953125,334.19000244140625,100,100,0.0238000005483627
5795,LSIL_8_patch05.png,0,556.72998046875,373.7799987792969,100,100,0.0220999997109174
5796,LSIL_8_patch05.png,0,761.4199829101562,441.760009765625,100,100,0.0141000002622604
5797,LSIL_8_patch05.png,0,625.5499877929688,257.3699951171875,100,100,0.0135000003501772
5798,LSIL_8_patch05.png,0,523.42,752.7,100,100,0.3549
5799,LSIL_8_patch05.png,0,529.58,635.91,100,100,0.1939
5800,LSIL_8_patch05.png,0,638.8599853515625,710.1500244140625,100,100,0.0788000002503395
5801,LSIL_8_patch05.png,0,678.0,736.0900268554688,100,100,0.0741999968886375
5802,LSIL_8_patch05.png,0,528.1300048828125,611.8099975585938,100,100,0.0529999993741512
5803,LSIL_8_patch05.png,0,575.3099975585938,581.9299926757812,100,100,0.0296999998390674
5804,LSIL_8_patch05.png,0,603.47998046875,650.030029296875,100,100,0.0216000005602836
5805,LSIL_8_patch05.png,0,564.5599975585938,672.8499755859375,100,100,0.0208999998867511
5806,LSIL_8_patch05.png,0,579.3499755859375,560.010009765625,100,100,0.0153999999165534
5807,LSIL_8_patch05.png,0,759.34,905.12,100,100,0.5111
5808,LSIL_8_patch05.png,0,622.1300048828125,1001.510009765625,100,100,0.1568000018596649
5809,LSIL_8_patch05.png,0,582.3200073242188,994.0599975585938,100,100,0.0756999999284744
5810,LSIL_8_patch05.png,0,754.7000122070312,834.219970703125,100,100,0.0719000026583671
5811,LSIL_8_patch05.png,0,532.9500122070312,1013.3699951171876,100,100,0.0256999991834163
5812,LSIL_8_patch05.png,0,739.030029296875,860.8400268554688,100,100,0.0166999995708465
5813,LSIL_8_patch05.png,0,658.469970703125,1017.489990234375,100,100,0.0115999998524785
5814,LSIL_8_patch05.png,0,742.4500122070312,1018.5999755859376,100,100,0.0109000001102685
5815,LSIL_8_patch05.png,0,877.43,51.45,100,100,0.6198
5816,LSIL_8_patch05.png,0,889.98,106.91,100,100,0.5097
5817,LSIL_8_patch05.png,0,991.34,102.49,100,100,0.4976
5818,LSIL_8_patch05.png,0,854.46,243.58,100,100,0.1988
5819,LSIL_8_patch05.png,0,921.2899780273438,128.58999633789062,100,100,0.1541000008583068
5820,LSIL_8_patch05.png,0,881.73,212.16,100,100,0.1361
5821,LSIL_8_patch05.png,0,784.5399780273438,165.1199951171875,100,100,0.0859000012278556
5822,LSIL_8_patch05.png,0,983.8900146484376,92.44000244140624,100,100,0.0610000006854534
5823,LSIL_8_patch05.png,0,867.0,10.600000381469728,100,100,0.0507000014185905
5824,LSIL_8_patch05.png,0,807.1799926757812,250.8000030517578,100,100,0.0423999987542629
5825,LSIL_8_patch05.png,0,833.3300170898438,13.119999885559082,100,100,0.0274000000208616
5826,LSIL_8_patch05.png,0,806.1199951171875,190.7700042724609,100,100,0.0187999997287988
5827,LSIL_8_patch05.png,0,773.7100219726562,179.80999755859375,100,100,0.0109000001102685
5828,LSIL_8_patch05.png,0,770.18,414.54,100,100,0.5407
5829,LSIL_8_patch05.png,0,828.44,286.69,100,100,0.5007
5830,LSIL_8_patch05.png,0,781.96,267.4,100,100,0.1526
5831,LSIL_8_patch05.png,0,783.6900024414062,463.9599914550781,100,100,0.0425999984145164
5832,LSIL_8_patch05.png,0,854.5399780273438,317.5400085449219,100,100,0.0160000007599592
5833,LSIL_8_patch05.png,0,882.010009765625,509.1600036621094,100,100,0.0129000004380941
5834,LSIL_8_patch05.png,0,785.1799926757812,661.4299926757812,100,100,0.0368999987840652
5835,LSIL_8_patch05.png,0,936.8599853515624,695.6300048828125,100,100,0.0361000001430511
5836,LSIL_8_patch05.png,0,979.969970703125,564.75,100,100,0.0188999995589256
5837,LSIL_8_patch05.png,0,1016.6799926757812,739.77001953125,100,100,0.0166999995708465
5838,LSIL_8_patch05.png,0,1015.77001953125,565.3499755859375,100,100,0.0121999997645616
5839,LSIL_8_patch05.png,0,824.27,799.98,100,100,0.5558
5840,LSIL_8_patch05.png,0,872.84,810.85,100,100,0.4497
5841,LSIL_8_patch05.png,0,780.3099975585938,972.6199951171876,100,100,0.0734999999403953
5842,LSIL_8_patch05.png,0,799.1799926757812,778.4199829101562,100,100,0.0692000016570091
5843,LSIL_8_patch05.png,0,770.3099975585938,860.1199951171875,100,100,0.0285999998450279
5844,LSIL_8_patch05.png,0,1014.75,781.4500122070312,100,100,0.0222999993711709
5845,LSIL_8_patch05.png,0,851.02001953125,797.0499877929688,100,100,0.0207000002264976
5846,LSIL_8_patch05.png,0,858.97998046875,885.030029296875,100,100,0.0199999995529651
5847,LSIL_8_patch05.png,0,915.8400268554688,792.8099975585938,100,100,0.0124000003561377
5848,LSIL_8_patch05.png,0,998.3300170898438,846.8400268554688,100,100,0.0114000001922249
5849,LSIL_8_patch05.png,0,169.89999389648438,114.9800033569336,100,100,0.0054999999701976
5850,LSIL_8_patch05.png,0,224.6499938964844,248.44000244140625,100,100,0.0040000001899898
5851,LSIL_8_patch05.png,0,193.30999755859372,134.41000366210938,100,100,0.0028999999631196
5852,LSIL_8_patch05.png,0,164.99000549316406,129.8699951171875,100,100,0.001300000003539
5853,LSIL_8_patch05.png,0,86.76000213623047,387.4299926757813,100,100,0.003400000045076
5854,LSIL_8_patch05.png,0,162.0500030517578,354.5299987792969,100,100,0.0023000000510364
5855,LSIL_8_patch05.png,0,140.44000244140625,292.3900146484375,100,100,0.0020000000949949
5856,LSIL_8_patch05.png,0,176.33999633789062,642.219970703125,100,100,0.008899999782443
5857,LSIL_8_patch05.png,0,172.91000366210938,685.2899780273438,100,100,0.002199999988079
5858,LSIL_8_patch05.png,0,63.79999923706055,1011.9099731445312,100,100,0.0063000000081956
5859,LSIL_8_patch05.png,0,223.1499938964844,819.3099975585938,100,100,0.001700000022538
5860,LSIL_8_patch05.png,0,478.8900146484375,246.72000122070312,100,100,0.0052000000141561
5861,LSIL_8_patch05.png,0,378.8900146484375,179.61000061035156,100,100,0.002600000007078
5862,LSIL_8_patch05.png,0,337.54998779296875,428.9100036621094,100,100,0.0097000002861022
5863,LSIL_8_patch05.png,0,457.3699951171875,431.489990234375,100,100,0.0078999996185302
5864,LSIL_8_patch05.png,0,453.3299865722656,491.2000122070313,100,100,0.003400000045076
5865,LSIL_8_patch05.png,0,262.8699951171875,391.4800109863281,100,100,0.0031000000890344
5866,LSIL_8_patch05.png,0,261.82000732421875,470.9200134277344,100,100,0.0020999999251216
5867,LSIL_8_patch05.png,0,435.9100036621094,409.1600036621094,100,100,0.0015999999595806
5868,LSIL_8_patch05.png,0,419.3699951171875,418.7699890136719,100,100,0.0010999999940395
5869,LSIL_8_patch05.png,0,391.3399963378906,718.9400024414062,100,100,0.0038000000640749
5870,LSIL_8_patch05.png,0,384.6400146484375,704.6599731445312,100,100,0.0035000001080334
5871,LSIL_8_patch05.png,0,366.3200073242188,710.4600219726562,100,100,0.001700000022538
5872,LSIL_8_patch05.png,0,433.3299865722656,807.7000122070312,100,100,0.0049000000581145
5873,LSIL_8_patch05.png,0,325.6300048828125,871.9500122070312,100,100,0.0041999998502433
5874,LSIL_8_patch05.png,0,417.260009765625,899.6599731445312,100,100,0.002600000007078
5875,LSIL_8_patch05.png,0,393.0,905.97998046875,100,100,0.0015999999595806
5876,LSIL_8_patch05.png,0,613.1300048828125,179.91000366210938,100,100,0.0082000000402331
5877,LSIL_8_patch05.png,0,599.280029296875,80.36000061035156,100,100,0.0080000003799796
5878,LSIL_8_patch05.png,0,609.52001953125,96.61000061035156,100,100,0.0038999998942017
5879,LSIL_8_patch05.png,0,591.8099975585938,92.01000213623048,100,100,0.0032999999821186
5880,LSIL_8_patch05.png,0,754.4000244140625,215.6499938964844,100,100,0.0024000001139938
5881,LSIL_8_patch05.png,0,731.8200073242188,58.59999847412109,100,100,0.0020000000949949
5882,LSIL_8_patch05.png,0,750.219970703125,82.69000244140625,100,100,0.001700000022538
5883,LSIL_8_patch05.png,0,572.8300170898438,124.81999969482422,100,100,0.0015000000130385
5884,LSIL_8_patch05.png,0,547.4000244140625,383.6300048828125,100,100,0.0096000004559755
5885,LSIL_8_patch05.png,0,576.219970703125,464.5400085449219,100,100,0.0059000002220273
5886,LSIL_8_patch05.png,0,553.530029296875,399.7999877929688,100,100,0.0057999999262392
5887,LSIL_8_patch05.png,0,640.1500244140625,326.4200134277344,100,100,0.0048000002279877
5888,LSIL_8_patch05.png,0,622.6599731445312,294.3900146484375,100,100,0.0043000001460313
5889,LSIL_8_patch05.png,0,702.2999877929688,752.4600219726562,100,100,0.0066999997943639
5890,LSIL_8_patch05.png,0,569.9400024414062,597.969970703125,100,100,0.0038000000640749
5891,LSIL_8_patch05.png,0,681.719970703125,875.5700073242188,100,100,0.0081000002101063
5892,LSIL_8_patch05.png,0,596.469970703125,1001.0999755859376,100,100,0.0065000001341104
5893,LSIL_8_patch05.png,0,588.0700073242188,1011.6400146484376,100,100,0.006000000052154
5894,LSIL_8_patch05.png,0,605.6500244140625,777.6300048828125,100,100,0.003000000026077
5895,LSIL_8_patch05.png,0,857.3200073242188,136.97999572753906,100,100,0.0087000001221895
5896,LSIL_8_patch05.png,0,898.6699829101562,94.31999969482422,100,100,0.0059000002220273
5897,LSIL_8_patch05.png,0,863.9600219726562,46.27000045776367,100,100,0.0057000000961124
5898,LSIL_8_patch05.png,0,1001.6699829101562,116.70999908447266,100,100,0.0043999999761581
5899,LSIL_8_patch05.png,0,878.239990234375,98.43000030517578,100,100,0.0027999999001622
5900,LSIL_8_patch05.png,0,884.030029296875,39.150001525878906,100,100,0.0024999999441206
5901,LSIL_8_patch05.png,0,795.8499755859375,157.17999267578125,100,100,0.002199999988079
5902,LSIL_8_patch05.png,0,913.3300170898438,116.87999725341795,100,100,0.0020999999251216
5903,LSIL_8_patch05.png,0,888.5499877929688,153.27999877929688,100,100,0.00179999996908
5904,LSIL_8_patch05.png,0,889.6599731445312,65.25,100,100,0.0015999999595806
5905,LSIL_8_patch05.png,0,795.2000122070312,174.22000122070312,100,100,0.0015000000130385
5906,LSIL_8_patch05.png,0,834.8200073242188,274.0199890136719,100,100,0.0038000000640749
5907,LSIL_8_patch05.png,0,814.1699829101562,277.5899963378906,100,100,0.0037000000011175
5908,LSIL_8_patch05.png,0,824.8699951171875,960.0399780273438,100,100,0.008899999782443
5909,LSIL_8_patch05.png,0,884.8099975585938,805.72998046875,100,100,0.0035000001080334
5910,LSIL_8_patch05.png,0,804.3099975585938,797.1500244140625,100,100,0.0032999999821186
5911,LSIL_8_patch05.png,0,772.2899780273438,901.47998046875,100,100,0.002600000007078
5912,LSIL_8_patch05.png,0,836.02001953125,788.6900024414062,100,100,0.00179999996908
5913,LSIL_8_patch06.png,0,212.57000732421875,433.1199951171875,100,100,0.1348000019788742
5914,LSIL_8_patch06.png,0,230.4600067138672,466.2300109863281,100,100,0.1288000047206878
5915,LSIL_8_patch06.png,0,7.070000171661377,284.20001220703125,100,100,0.0945999994874
5916,LSIL_8_patch06.png,0,33.439998626708984,378.3500061035156,100,100,0.0549000017344951
5917,LSIL_8_patch06.png,0,114.91999816894533,425.4800109863281,100,100,0.0350000001490116
5918,LSIL_8_patch06.png,0,15.279999732971191,477.1400146484375,100,100,0.0217000003904104
5919,LSIL_8_patch06.png,0,184.07000732421875,436.0,100,100,0.0165999997407197
5920,LSIL_8_patch06.png,0,214.32000732421875,397.3500061035156,100,100,0.0162000004202127
5921,LSIL_8_patch06.png,0,63.630001068115234,398.3299865722656,100,100,0.0148999998345971
5922,LSIL_8_patch06.png,0,92.53,544.38,100,100,0.7032
5923,LSIL_8_patch06.png,0,159.24000549316406,512.02001953125,100,100,0.1800999939441681
5924,LSIL_8_patch06.png,0,32.959999084472656,638.489990234375,100,100,0.0100999996066093
5925,LSIL_8_patch06.png,0,245.50999450683597,823.22998046875,100,100,0.0445000007748603
5926,LSIL_8_patch06.png,0,255.9900054931641,870.8200073242188,100,100,0.0403000004589557
5927,LSIL_8_patch06.png,0,20.149999618530277,1013.4099731445312,100,100,0.0397999994456768
5928,LSIL_8_patch06.png,0,207.8699951171875,844.469970703125,100,100,0.0394000001251697
5929,LSIL_8_patch06.png,0,138.02999877929688,998.530029296875,100,100,0.0265999995172023
5930,LSIL_8_patch06.png,0,153.6300048828125,1017.8400268554688,100,100,0.0249000005424022
5931,LSIL_8_patch06.png,0,27.809999465942383,893.3800048828125,100,100,0.0219999998807907
5932,LSIL_8_patch06.png,0,428.71,72.43,100,100,0.7107
5933,LSIL_8_patch06.png,0,278.1600036621094,102.5999984741211,100,100,0.0377000011503696
5934,LSIL_8_patch06.png,0,463.2000122070313,19.479999542236328,100,100,0.0138999996706843
5935,LSIL_8_patch06.png,0,487.1799926757813,863.3800048828125,100,100,0.0102000003680586
5936,LSIL_8_patch06.png,0,619.54,106.26,100,100,0.5081
5937,LSIL_8_patch06.png,0,601.36,62.33,100,100,0.1936
5938,LSIL_8_patch06.png,0,600.0900268554688,183.07000732421875,100,100,0.0467000007629394
5939,LSIL_8_patch06.png,0,655.1400146484375,55.95000076293945,100,100,0.0461000017821788
5940,LSIL_8_patch06.png,0,519.0700073242188,149.75999450683594,100,100,0.0403999984264373
5941,LSIL_8_patch06.png,0,634.0700073242188,285.8399963378906,100,100,0.0828000009059906
5942,LSIL_8_patch06.png,0,696.3699951171875,321.510009765625,100,100,0.015599999576807
5943,LSIL_8_patch06.png,0,744.89,719.67,100,100,0.7551
5944,LSIL_8_patch06.png,0,680.49,886.48,100,100,0.7511
5945,LSIL_8_patch06.png,0,623.29,1004.6,100,100,0.2532
5946,LSIL_8_patch06.png,0,656.64,969.51,100,100,0.1862
5947,LSIL_8_patch06.png,0,764.6599731445312,1003.1599731445312,100,100,0.05180000141263
5948,LSIL_8_patch06.png,0,752.1099853515625,802.8200073242188,100,100,0.018300000578165
5949,LSIL_8_patch06.png,0,542.7899780273438,845.8499755859375,100,100,0.0127999996766448
5950,LSIL_8_patch06.png,0,872.42,67.19,100,100,0.1863
5951,LSIL_8_patch06.png,0,1007.6199951171876,96.4000015258789,100,100,0.0142999999225139
5952,LSIL_8_patch06.png,0,984.9600219726562,11.68000030517578,100,100,0.0127999996766448
5953,LSIL_8_patch06.png,0,1000.77001953125,53.7400016784668,100,100,0.0103000001981854
5954,LSIL_8_patch06.png,0,898.0,337.7699890136719,100,100,0.0416000001132488
5955,LSIL_8_patch06.png,0,885.4500122070312,451.2099914550781,100,100,0.0173000004142522
5956,LSIL_8_patch06.png,0,883.239990234375,694.3499755859375,100,100,0.0318999998271465
5957,LSIL_8_patch06.png,0,1011.77001953125,581.02001953125,100,100,0.0226000007241964
5958,LSIL_8_patch06.png,0,923.2000122070312,576.6599731445312,100,100,0.0137999998405575
5959,LSIL_8_patch06.png,0,1003.93,914.12,100,100,0.2581
5960,LSIL_8_patch06.png,0,953.8099975585938,1019.3499755859376,100,100,0.035300001502037
5961,LSIL_8_patch06.png,0,779.47998046875,852.1799926757812,100,100,0.0310999993234872
5962,LSIL_8_patch06.png,0,1003.8300170898438,985.989990234375,100,100,0.0274999998509883
5963,LSIL_8_patch06.png,0,1006.7999877929688,775.5700073242188,100,100,0.0267999991774559
5964,LSIL_8_patch06.png,0,143.24000549316406,588.0399780273438,100,100,0.0097000002861022
5965,LSIL_8_patch06.png,0,84.04000091552734,534.4400024414062,100,100,0.0028999999631196
5966,LSIL_8_patch06.png,0,102.43000030517578,529.0599975585938,100,100,0.0024999999441206
5967,LSIL_8_patch06.png,0,404.3999938964844,61.650001525878906,100,100,0.0097000002861022
5968,LSIL_8_patch06.png,0,436.9400024414063,61.18999862670898,100,100,0.0065000001341104
5969,LSIL_8_patch06.png,0,290.8800048828125,158.1699981689453,100,100,0.0054999999701976
5970,LSIL_8_patch06.png,0,629.2000122070312,98.3499984741211,100,100,0.0037000000011175
5971,LSIL_8_patch06.png,0,733.719970703125,711.47998046875,100,100,0.0065000001341104
5972,LSIL_8_patch06.png,0,757.0999755859375,709.9199829101562,100,100,0.0027999999001622
5973,LSIL_8_patch06.png,0,608.530029296875,1012.780029296875,100,100,0.0078999996185302
5974,LSIL_8_patch06.png,0,669.6799926757812,877.5599975585938,100,100,0.0038999998942017
5975,LSIL_8_patch06.png,0,662.5,957.4600219726562,100,100,0.0035999999381601
5976,LSIL_8_patch06.png,0,633.719970703125,1012.1699829101562,100,100,0.002600000007078
5977,LSIL_8_patch06.png,0,689.4500122070312,874.5399780273438,100,100,0.0024000001139938
5978,LSIL_8_patch06.png,0,794.3400268554688,629.7899780273438,100,100,0.0051000001840293
5979,LSIL_8_patch06.png,0,918.239990234375,816.0900268554688,100,100,0.0086000002920627
5980,LSIL_8_patch06.png,0,1017.3300170898438,909.2000122070312,100,100,0.0071000000461936
5981,LSIL_8_patch07.png,0,97.15,103.93,100,100,0.7461
5982,LSIL_8_patch07.png,0,21.01000022888184,118.33999633789062,100,100,0.1569000035524368
5983,LSIL_8_patch07.png,0,49.27999877929688,64.97000122070312,100,100,0.034800000488758
5984,LSIL_8_patch07.png,0,30.239999771118164,4.579999923706055,100,100,0.0260000005364418
5985,LSIL_8_patch07.png,0,18.790000915527344,12.75,100,100,0.0199999995529651
5986,LSIL_8_patch07.png,0,7.989999771118164,206.1999969482422,100,100,0.0120999999344348
5987,LSIL_8_patch07.png,0,435.01,215.28,100,100,0.6485
5988,LSIL_8_patch07.png,0,307.26,148.04,100,100,0.5947
5989,LSIL_8_patch07.png,0,384.28,13.64,100,100,0.3969
5990,LSIL_8_patch07.png,0,498.55999755859375,74.0,100,100,0.2309000045061111
5991,LSIL_8_patch07.png,0,408.4100036621094,33.2599983215332,100,100,0.1905999928712844
5992,LSIL_8_patch07.png,0,455.5299987792969,6.980000019073486,100,100,0.1278000026941299
5993,LSIL_8_patch07.png,0,510.5,223.0399932861328,100,100,0.0337999984622001
5994,LSIL_8_patch07.png,0,374.5700073242188,5.440000057220459,100,100,0.0125000001862645
5995,LSIL_8_patch07.png,0,401.8599853515625,20.1200008392334,100,100,0.0111999996006488
5996,LSIL_8_patch07.png,0,473.1799926757813,302.3800048828125,100,100,0.0233999993652105
5997,LSIL_8_patch07.png,0,519.61,246.67,100,100,0.3003
5998,LSIL_8_patch07.png,0,680.47998046875,177.91000366210938,100,100,0.1018999963998794
5999,LSIL_8_patch07.png,0,622.23,336.18,100,100,0.5029
6000,LSIL_8_patch07.png,0,727.6099853515625,373.260009765625,100,100,0.2025000005960464
6001,LSIL_8_patch07.png,0,535.8900146484375,868.6599731445312,100,100,0.0421999990940094
6002,LSIL_8_patch07.png,0,867.46,164.21,100,100,0.6195
6003,LSIL_8_patch07.png,0,1008.5499877929688,158.27000427246094,100,100,0.2249999940395355
6004,LSIL_8_patch07.png,0,1009.9600219726562,4.210000038146973,100,100,0.1377999931573867
6005,LSIL_8_patch07.png,0,1018.3599853515624,164.41000366210938,100,100,0.1233000010251998
6006,LSIL_8_patch07.png,0,1001.3400268554688,99.98999786376952,100,100,0.045899998396635
6007,LSIL_8_patch07.png,0,1014.52001953125,95.58000183105467,100,100,0.0170000009238719
6008,LSIL_8_patch07.png,0,1019.0,39.36000061035156,100,100,0.0152000002562999
6009,LSIL_8_patch07.png,0,1016.3400268554688,148.97999572753906,100,100,0.0148999998345971
6010,LSIL_8_patch07.png,0,976.04,273.94,100,100,0.7061
6011,LSIL_8_patch07.png,0,981.0999755859376,379.0799865722656,100,100,0.0588999986648559
6012,LSIL_8_patch07.png,0,796.8099975585938,482.1099853515625,100,100,0.0571000017225742
6013,LSIL_8_patch07.png,0,967.489990234375,353.6600036621094,100,100,0.0126000000163912
6014,LSIL_8_patch07.png,0,951.97998046875,658.8800048828125,100,100,0.0439000017940998
6015,LSIL_8_patch07.png,0,1011.0,679.530029296875,100,100,0.0205000005662441
6016,LSIL_8_patch07.png,0,797.8400268554688,516.97998046875,100,100,0.0187999997287988
6017,LSIL_8_patch07.png,0,981.1900024414062,563.9099731445312,100,100,0.0181000009179115
6018,LSIL_8_patch07.png,0,916.1599731445312,673.8800048828125,100,100,0.0153999999165534
6019,LSIL_8_patch07.png,0,877.2899780273438,660.4000244140625,100,100,0.0108000002801418
6020,LSIL_8_patch07.png,0,91.02999877929688,90.93000030517578,100,100,0.001300000003539
6021,LSIL_8_patch07.png,0,423.8999938964844,209.5200042724609,100,100,0.0093999998643994
6022,LSIL_8_patch07.png,0,478.4800109863281,198.3999938964844,100,100,0.0087999999523162
6023,LSIL_8_patch07.png,0,447.6099853515625,219.30999755859372,100,100,0.0070000002160668
6024,LSIL_8_patch07.png,0,293.989990234375,143.8000030517578,100,100,0.0052000000141561
6025,LSIL_8_patch07.png,0,417.2200012207031,17.420000076293945,100,100,0.0041999998502433
6026,LSIL_8_patch07.png,0,395.2999877929688,5.550000190734863,100,100,0.0041000000201165
6027,LSIL_8_patch07.png,0,315.5400085449219,135.52999877929688,100,100,0.0038999998942017
6028,LSIL_8_patch07.png,0,442.55999755859375,203.27999877929688,100,100,0.0035999999381601
6029,LSIL_8_patch07.png,0,510.8200073242188,64.86000061035156,100,100,0.0019000000320374
6030,LSIL_8_patch07.png,0,410.1799926757813,6.659999847412109,100,100,0.001700000022538
6031,LSIL_8_patch07.png,0,674.9000244140625,146.39999389648438,100,100,0.0083999997004866
6032,LSIL_8_patch07.png,0,533.3800048828125,79.9000015258789,100,100,0.0044999998062849
6033,LSIL_8_patch07.png,0,627.3699951171875,196.25,100,100,0.0027000000700354
6034,LSIL_8_patch07.png,0,618.52001953125,228.3600006103516,100,100,0.0027000000700354
6035,LSIL_8_patch07.png,0,527.239990234375,233.13999938964844,100,100,0.002600000007078
6036,LSIL_8_patch07.png,0,765.6400146484375,509.5799865722656,100,100,0.0060999998822808
6037,LSIL_8_patch07.png,0,633.489990234375,329.8099975585937,100,100,0.0038000000640749
6038,LSIL_8_patch07.png,0,762.6599731445312,482.7300109863281,100,100,0.0031000000890344
6039,LSIL_8_patch07.png,0,610.22998046875,343.9800109863281,100,100,0.001700000022538
6040,LSIL_8_patch07.png,0,943.6400146484376,162.05999755859375,100,100,0.0043000001460313
6041,LSIL_8_patch07.png,0,874.9199829101562,154.8699951171875,100,100,0.0040000001899898
6042,LSIL_8_patch07.png,0,857.3599853515625,156.75,100,100,0.0027000000700354
6043,LSIL_8_patch07.png,0,992.719970703125,420.489990234375,100,100,0.0073000001721084
6044,LSIL_8_patch07.png,0,830.0999755859375,499.7799987792969,100,100,0.006000000052154
6045,LSIL_8_patch07.png,0,984.5800170898438,264.9200134277344,100,100,0.0038999998942017
6046,LSIL_8_patch07.png,0,970.489990234375,258.8900146484375,100,100,0.0015999999595806
6047,LSIL_8_patch07.png,0,931.5700073242188,567.2100219726562,100,100,0.0038999998942017
6048,LSIL_8_patch08.png,0,232.94,208.97,100,100,0.698
6049,LSIL_8_patch08.png,0,240.75,854.9000244140625,100,100,0.0759000033140182
6050,LSIL_8_patch08.png,0,105.70999908447266,890.3099975585938,100,100,0.0114000001922249
6051,LSIL_8_patch08.png,0,624.3200073242188,562.2899780273438,100,100,0.1005999967455864
6052,LSIL_8_patch08.png,0,236.1300048828125,196.30999755859372,100,100,0.0081000002101063
6053,LSIL_8_patch08.png,0,246.80999755859372,212.32000732421875,100,100,0.0065999999642372
6054,LSIL_8_patch08.png,0,217.42999267578125,209.0500030517578,100,100,0.0035000001080334
6055,LSIL_8_patch08.png,0,589.8499755859375,645.969970703125,100,100,0.0096000004559755
6056,LSIL_8_patch08.png,0,598.8699951171875,651.969970703125,100,100,0.0027999999001622
6057,LSIL_8_patch09.png,0,121.83999633789062,6.190000057220459,100,100,0.0125000001862645
6058,LSIL_8_patch09.png,0,185.24,398.77,100,100,0.7415
6059,LSIL_8_patch09.png,0,245.1199951171875,455.05999755859375,100,100,0.0511000007390975
6060,LSIL_8_patch09.png,0,151.1699981689453,453.0499877929688,100,100,0.0303000006824731
6061,LSIL_8_patch09.png,0,194.3800048828125,387.7000122070313,100,100,0.0104999998584389
6062,LSIL_8_patch09.png,0,208.3699951171875,755.9099731445312,100,100,0.0239000003784894
6063,LSIL_8_patch09.png,0,146.89999389648438,1006.989990234375,100,100,0.304500013589859
6064,LSIL_8_patch09.png,0,80.81999969482422,955.22998046875,100,100,0.0216000005602836
6065,LSIL_8_patch09.png,0,12.369999885559082,962.969970703125,100,100,0.0181000009179115
6066,LSIL_8_patch09.png,0,415.4700012207031,721.4500122070312,100,100,0.0621000006794929
6067,LSIL_8_patch09.png,0,338.54998779296875,827.6199951171875,100,100,0.0170000009238719
6068,LSIL_8_patch09.png,0,486.4599914550781,1015.489990234375,100,100,0.0110999997705221
6069,LSIL_8_patch09.png,0,683.74,21.2,100,100,0.4171
6070,LSIL_8_patch09.png,0,593.3800048828125,101.6999969482422,100,100,0.0467000007629394
6071,LSIL_8_patch09.png,0,673.9500122070312,202.42999267578125,100,100,0.0182000007480382
6072,LSIL_8_patch09.png,0,631.7999877929688,48.70000076293945,100,100,0.0159000009298324
6073,LSIL_8_patch09.png,0,551.739990234375,138.35000610351562,100,100,0.0103000001981854
6074,LSIL_8_patch09.png,0,567.79,389.76,100,100,0.5437
6075,LSIL_8_patch09.png,0,742.1799926757812,572.5399780273438,100,100,0.0135000003501772
6076,LSIL_8_patch09.png,0,724.22998046875,800.8900146484375,100,100,0.0113000003620982
6077,LSIL_8_patch09.png,0,980.8,129.16,100,100,0.4352
6078,LSIL_8_patch09.png,0,966.239990234375,120.9800033569336,100,100,0.0196000002324581
6079,LSIL_8_patch09.png,0,995.5,132.0500030517578,100,100,0.0154999997466802
6080,LSIL_8_patch09.png,0,1018.969970703125,137.1199951171875,100,100,0.0133999995887279
6081,LSIL_8_patch09.png,0,848.75,314.3299865722656,100,100,0.0207000002264976
6082,LSIL_8_patch09.png,0,1014.6199951171876,341.4800109863281,100,100,0.0153999999165534
6083,LSIL_8_patch09.png,0,944.22998046875,693.02001953125,100,100,0.0103000001981854
6084,LSIL_8_patch09.png,0,912.1300048828124,897.72998046875,100,100,0.0205000005662441
6085,LSIL_8_patch09.png,0,101.6999969482422,16.3799991607666,100,100,0.0031999999191612
6086,LSIL_8_patch09.png,0,179.0800018310547,386.6600036621094,100,100,0.0071000000461936
6087,LSIL_8_patch09.png,0,137.30999755859375,1013.4199829101562,100,100,0.0066999997943639
6088,LSIL_8_patch09.png,0,159.75999450683594,1017.3300170898438,100,100,0.0035000001080334
6089,LSIL_8_patch09.png,0,419.4299926757813,437.4200134277344,100,100,0.0081000002101063
6090,LSIL_8_patch09.png,0,680.9099731445312,5.71999979019165,100,100,0.0060999998822808
6091,LSIL_8_patch09.png,0,697.030029296875,12.010000228881836,100,100,0.001300000003539
6092,LSIL_8_patch09.png,0,557.6900024414062,382.010009765625,100,100,0.003400000045076
6093,LSIL_8_patch10.png,0,112.8,90.15,100,100,0.6445
6094,LSIL_8_patch10.png,0,139.49000549316406,28.63999938964844,100,100,0.1379999965429306
6095,LSIL_8_patch10.png,0,6.889999866485596,205.6999969482422,100,100,0.0592000000178813
6096,LSIL_8_patch10.png,0,17.93000030517578,8.220000267028809,100,100,0.0239000003784894
6097,LSIL_8_patch10.png,0,11.40999984741211,363.55999755859375,100,100,0.0502999983727932
6098,LSIL_8_patch10.png,0,65.37999725341797,442.8999938964844,100,100,0.0130000002682209
6099,LSIL_8_patch10.png,0,58.9900016784668,580.6400146484375,100,100,0.1094999983906745
6100,LSIL_8_patch10.png,0,4.28000020980835,569.6400146484375,100,100,0.0452000014483928
6101,LSIL_8_patch10.png,0,83.86000061035156,546.6400146484375,100,100,0.026300000026822
6102,LSIL_8_patch10.png,0,83.4000015258789,632.8800048828125,100,100,0.0197000000625848
6103,LSIL_8_patch10.png,0,190.75999450683597,563.989990234375,100,100,0.0119000002741813
6104,LSIL_8_patch10.png,0,28.540000915527344,770.260009765625,100,100,0.0182000007480382
6105,LSIL_8_patch10.png,0,283.68,101.27,100,100,0.681
6106,LSIL_8_patch10.png,0,469.7799987792969,208.66000366210935,100,100,0.0542000010609626
6107,LSIL_8_patch10.png,0,444.3500061035156,4.590000152587891,100,100,0.0403000004589557
6108,LSIL_8_patch10.png,0,491.9800109863281,242.2700042724609,100,100,0.035300001502037
6109,LSIL_8_patch10.png,0,334.07000732421875,8.239999771118164,100,100,0.0197999998927116
6110,LSIL_8_patch10.png,0,465.1000061035156,252.69000244140625,100,100,0.0189999993890523
6111,LSIL_8_patch10.png,0,497.8999938964844,110.79000091552734,100,100,0.016499999910593
6112,LSIL_8_patch10.png,0,442.93,652.23,100,100,0.4837
6113,LSIL_8_patch10.png,0,567.13,42.27,100,100,0.2351
6114,LSIL_8_patch10.png,0,757.4500122070312,133.86000061035156,100,100,0.0124000003561377
6115,LSIL_8_patch10.png,0,757.6099853515625,536.469970703125,100,100,0.0172000005841255
6116,LSIL_8_patch10.png,0,571.57,938.89,100,100,0.7312
6117,LSIL_8_patch10.png,0,589.6500244140625,811.4299926757812,100,100,0.0241999998688697
6118,LSIL_8_patch10.png,0,641.239990234375,840.9099731445312,100,100,0.0135000003501772
6119,LSIL_8_patch10.png,0,857.27,250.6,100,100,0.2287
6120,LSIL_8_patch10.png,0,963.260009765625,83.18000030517578,100,100,0.1264999955892563
6121,LSIL_8_patch10.png,0,770.719970703125,173.5500030517578,100,100,0.0742999985814094
6122,LSIL_8_patch10.png,0,939.9199829101562,146.7100067138672,100,100,0.0568000003695488
6123,LSIL_8_patch10.png,0,880.510009765625,391.8200073242188,100,100,0.0214000009000301
6124,LSIL_8_patch10.png,0,776.6199951171875,502.5299987792969,100,100,0.0142000000923872
6125,LSIL_8_patch10.png,0,997.5499877929688,291.3500061035156,100,100,0.0105999996885657
6126,LSIL_8_patch10.png,0,983.6699829101562,656.6900024414062,100,100,0.1425999999046325
6127,LSIL_8_patch10.png,0,951.4199829101562,531.3400268554688,100,100,0.0417999997735023
6128,LSIL_8_patch10.png,0,970.8400268554688,599.6799926757812,100,100,0.0168999992311
6129,LSIL_8_patch10.png,0,953.6199951171876,628.739990234375,100,100,0.0113000003620982
6130,LSIL_8_patch10.png,0,121.5199966430664,80.97000122070312,100,100,0.0037000000011175
6131,LSIL_8_patch10.png,0,293.0599975585937,92.8000030517578,100,100,0.0063000000081956
6132,LSIL_8_patch10.png,0,268.32000732421875,98.36000061035156,100,100,0.0063000000081956
6133,LSIL_8_patch10.png,0,304.8800048828125,120.0500030517578,100,100,0.001700000022538
6134,LSIL_8_patch10.png,0,300.92999267578125,106.4499969482422,100,100,0.0015000000130385
6135,LSIL_8_patch10.png,0,452.9200134277344,645.3300170898438,100,100,0.0019000000320374
6136,LSIL_8_patch10.png,0,427.0499877929688,772.6900024414062,100,100,0.0038000000640749
6137,LSIL_8_patch10.png,0,543.4600219726562,39.31999969482422,100,100,0.003400000045076
6138,LSIL_8_patch10.png,0,518.0999755859375,278.4800109863281,100,100,0.0089999996125698
6139,LSIL_8_patch10.png,0,559.72998046875,653.1400146484375,100,100,0.0027000000700354
6140,LSIL_8_patch10.png,0,721.6900024414062,974.3900146484376,100,100,0.006800000090152
6141,LSIL_8_patch10.png,0,558.5900268554688,934.969970703125,100,100,0.0054999999701976
6142,LSIL_8_patch10.png,0,577.6199951171875,926.1199951171876,100,100,0.0046000001020729
6143,LSIL_8_patch10.png,0,586.6300048828125,936.3400268554688,100,100,0.0038000000640749
6144,LSIL_8_patch10.png,0,960.6300048828124,117.02999877929688,100,100,0.006800000090152
6145,LSIL_8_patch10.png,0,972.989990234375,76.69000244140625,100,100,0.00179999996908
6146,LSIL_8_patch11.png,0,150.39,306.74,100,100,0.4223
6147,LSIL_8_patch11.png,0,73.47000122070312,323.1000061035156,100,100,0.2671000063419342
6148,LSIL_8_patch11.png,0,214.77999877929688,330.1700134277344,100,100,0.0267999991774559
6149,LSIL_8_patch11.png,0,213.8699951171875,368.7300109863281,100,100,0.0121999997645616
6150,LSIL_8_patch11.png,0,37.040000915527344,509.739990234375,100,100,0.010700000450015
6151,LSIL_8_patch11.png,0,82.22000122070312,417.9299926757813,100,100,0.0102000003680586
6152,LSIL_8_patch11.png,0,13.61,761.3,100,100,0.3153
6153,LSIL_8_patch11.png,0,21.27,639.88,100,100,0.2212
6154,LSIL_8_patch11.png,0,26.74,531.11,100,100,0.1631
6155,LSIL_8_patch11.png,0,20.22,682.48,100,100,0.107
6156,LSIL_8_patch11.png,0,210.3300018310547,596.9400024414062,100,100,0.0414000004529953
6157,LSIL_8_patch11.png,0,233.1699981689453,698.2999877929688,100,100,0.0350000001490116
6158,LSIL_8_patch11.png,0,121.51000213623048,534.969970703125,100,100,0.0100999996066093
6159,LSIL_8_patch11.png,0,187.67999267578125,1014.52001953125,100,100,0.0860999971628189
6160,LSIL_8_patch11.png,0,142.10000610351562,801.4500122070312,100,100,0.0775000005960464
6161,LSIL_8_patch11.png,0,175.8300018310547,878.8499755859375,100,100,0.0507999993860721
6162,LSIL_8_patch11.png,0,187.69000244140625,924.8599853515624,100,100,0.031199999153614
6163,LSIL_8_patch11.png,0,158.14999389648438,980.1500244140624,100,100,0.0201999992132186
6164,LSIL_8_patch11.png,0,193.33999633789065,949.8200073242188,100,100,0.0159000009298324
6165,LSIL_8_patch11.png,0,129.1999969482422,943.6699829101562,100,100,0.0154999997466802
6166,LSIL_8_patch11.png,0,97.27999877929688,876.02001953125,100,100,0.0152000002562999
6167,LSIL_8_patch11.png,0,196.5500030517578,982.9400024414062,100,100,0.0119000002741813
6168,LSIL_8_patch11.png,0,192.80999755859372,785.0900268554688,100,100,0.0111999996006488
6169,LSIL_8_patch11.png,0,121.12999725341795,910.6400146484376,100,100,0.0109999999403953
6170,LSIL_8_patch11.png,0,320.55,421.7,100,100,0.2693
6171,LSIL_8_patch11.png,0,287.8999938964844,388.25,100,100,0.1371999979019165
6172,LSIL_8_patch11.png,0,259.71,621.11,100,100,0.2792
6173,LSIL_8_patch11.png,0,271.3099975585937,617.530029296875,100,100,0.0105999996885657
6174,LSIL_8_patch11.png,0,368.55999755859375,796.3699951171875,100,100,0.0944999977946281
6175,LSIL_8_patch11.png,0,273.07000732421875,773.5700073242188,100,100,0.0381000004708766
6176,LSIL_8_patch11.png,0,322.94000244140625,838.030029296875,100,100,0.0350000001490116
6177,LSIL_8_patch11.png,0,273.7699890136719,821.7000122070312,100,100,0.0124000003561377
6178,LSIL_8_patch11.png,0,523.530029296875,702.6599731445312,100,100,0.2757000029087066
6179,LSIL_8_patch11.png,0,559.74,787.33,100,100,0.6005
6180,LSIL_8_patch11.png,0,657.4500122070312,816.4600219726562,100,100,0.0588000006973743
6181,LSIL_8_patch11.png,0,569.97998046875,843.8400268554688,100,100,0.0130000002682209
6182,LSIL_8_patch11.png,0,200.1199951171875,422.6900024414063,100,100,0.0063000000081956
6183,LSIL_8_patch11.png,0,131.77999877929688,276.1499938964844,100,100,0.0037000000011175
6184,LSIL_8_patch11.png,0,164.75999450683594,299.1300048828125,100,100,0.0037000000011175
6185,LSIL_8_patch11.png,0,178.0800018310547,463.0499877929688,100,100,0.0024999999441206
6186,LSIL_8_patch11.png,0,175.6699981689453,608.77001953125,100,100,0.0099999997764825
6187,LSIL_8_patch11.png,0,87.91000366210938,516.4600219726562,100,100,0.0087000001221895
6188,LSIL_8_patch11.png,0,242.63999938964844,749.3699951171875,100,100,0.0080000003799796
6189,LSIL_8_patch11.png,0,7.010000228881836,750.5700073242188,100,100,0.0073000001721084
6190,LSIL_8_patch11.png,0,242.8600006103516,610.0,100,100,0.0046000001020729
6191,LSIL_8_patch11.png,0,55.2400016784668,587.5499877929688,100,100,0.0038999998942017
6192,LSIL_8_patch11.png,0,246.19000244140625,626.469970703125,100,100,0.0038000000640749
6193,LSIL_8_patch11.png,0,82.88999938964844,554.0499877929688,100,100,0.003400000045076
6194,LSIL_8_patch11.png,0,81.5,712.3900146484375,100,100,0.0031000000890344
6195,LSIL_8_patch11.png,0,221.27999877929688,589.6199951171875,100,100,0.0024000001139938
6196,LSIL_8_patch11.png,0,208.4900054931641,685.3900146484375,100,100,0.0023000000510364
6197,LSIL_8_patch11.png,0,7.099999904632568,634.27001953125,100,100,0.002199999988079
6198,LSIL_8_patch11.png,0,14.489999771118164,522.030029296875,100,100,0.0019000000320374
6199,LSIL_8_patch11.png,0,6.050000190734863,799.969970703125,100,100,0.0065999999642372
6200,LSIL_8_patch11.png,0,174.88999938964844,824.9299926757812,100,100,0.0024000001139938
6201,LSIL_8_patch11.png,0,9.880000114440918,776.3400268554688,100,100,0.0023000000510364
6202,LSIL_8_patch11.png,0,276.3999938964844,380.1900024414063,100,100,0.0031999999191612
6203,LSIL_8_patch11.png,0,280.57000732421875,398.6499938964844,100,100,0.0028999999631196
6204,LSIL_8_patch11.png,0,331.9700012207031,414.989990234375,100,100,0.001700000022538
6205,LSIL_8_patch11.png,0,416.8599853515625,729.030029296875,100,100,0.0098999999463558
6206,LSIL_8_patch11.png,0,263.94000244140625,603.030029296875,100,100,0.0027000000700354
6207,LSIL_8_patch12.png,0,83.93,24.3,100,100,0.4914
6208,LSIL_8_patch12.png,0,38.33,228.4,100,100,0.2302
6209,LSIL_8_patch12.png,0,251.83,210.48,100,100,0.2301
6210,LSIL_8_patch12.png,0,17.670000076293945,177.8800048828125,100,100,0.0302000008523464
6211,LSIL_8_patch12.png,0,6.46999979019165,188.6499938964844,100,100,0.0296000000089406
6212,LSIL_8_patch12.png,0,200.41000366210935,183.72000122070312,100,100,0.0109000001102685
6213,LSIL_8_patch12.png,0,253.31,404.21,100,100,0.5305
6214,LSIL_8_patch12.png,0,171.64,497.87,100,100,0.4376
6215,LSIL_8_patch12.png,0,44.89,508.15,100,100,0.3695
6216,LSIL_8_patch12.png,0,15.15,325.96,100,100,0.3606
6217,LSIL_8_patch12.png,0,57.35,435.57,100,100,0.2747
6218,LSIL_8_patch12.png,0,169.24000549316406,382.25,100,100,0.1147999987006187
6219,LSIL_8_patch12.png,0,70.06,690.22,100,100,0.7064
6220,LSIL_8_patch12.png,0,208.21,626.66,100,100,0.5517
6221,LSIL_8_patch12.png,0,84.68,554.45,100,100,0.5468
6222,LSIL_8_patch12.png,0,153.15,614.18,100,100,0.2286
6223,LSIL_8_patch12.png,0,60.47999954223633,568.5,100,100,0.0606999993324279
6224,LSIL_8_patch12.png,0,29.82999992370605,749.47998046875,100,100,0.0157999992370605
6225,LSIL_8_patch12.png,0,7.380000114440918,991.030029296875,100,100,0.0147000001743435
6226,LSIL_8_patch12.png,0,404.43,122.67,100,100,0.4902
6227,LSIL_8_patch12.png,0,466.80999755859375,90.81999969482422,100,100,0.0767000019550323
6228,LSIL_8_patch12.png,0,430.5,110.08999633789062,100,100,0.0690999999642372
6229,LSIL_8_patch12.png,0,405.2000122070313,9.31999969482422,100,100,0.0208000000566244
6230,LSIL_8_patch12.png,0,386.73,347.38,100,100,0.6666
6231,LSIL_8_patch12.png,0,287.9,469.8,100,100,0.5663
6232,LSIL_8_patch12.png,0,424.87,435.6,100,100,0.5188
6233,LSIL_8_patch12.png,0,510.0,288.0,100,100,0.2067634463310241
6234,LSIL_8_patch12.png,0,324.0199890136719,443.1799926757813,100,100,0.1519999951124191
6235,LSIL_8_patch12.png,0,381.3699951171875,441.6199951171875,100,100,0.1345999985933303
6236,LSIL_8_patch12.png,0,408.8299865722656,317.17999267578125,100,100,0.1208000034093856
6237,LSIL_8_patch12.png,0,494.3699951171875,291.6700134277344,100,100,0.0820999965071678
6238,LSIL_8_patch12.png,0,296.5400085449219,421.0799865722656,100,100,0.0417999997735023
6239,LSIL_8_patch12.png,0,484.5700073242188,429.6900024414063,100,100,0.0292000006884336
6240,LSIL_8_patch12.png,0,489.3800048828125,404.2099914550781,100,100,0.0270000007003545
6241,LSIL_8_patch12.png,0,304.8800048828125,265.5400085449219,100,100,0.0254999995231628
6242,LSIL_8_patch12.png,0,489.7799987792969,373.6900024414063,100,100,0.0149999996647238
6243,LSIL_8_patch12.png,0,423.8599853515625,288.25,100,100,0.0119000002741813
6244,LSIL_8_patch12.png,0,460.29,520.12,100,100,0.6686
6245,LSIL_8_patch12.png,0,347.51,547.11,100,100,0.4931
6246,LSIL_8_patch12.png,0,258.78,745.82,100,100,0.2584
6247,LSIL_8_patch12.png,0,503.4400024414063,512.6500244140625,100,100,0.036200001835823
6248,LSIL_8_patch12.png,0,277.0299987792969,536.510009765625,100,100,0.0216000005602836
6249,LSIL_8_patch12.png,0,272.70001220703125,739.1699829101562,100,100,0.0144999995827674
6250,LSIL_8_patch12.png,0,594.13,197.61,100,100,0.4218
6251,LSIL_8_patch12.png,0,521.219970703125,236.02999877929688,100,100,0.032600000500679
6252,LSIL_8_patch12.png,0,583.72998046875,19.899999618530277,100,100,0.0296999998390674
6253,LSIL_8_patch12.png,0,640.7999877929688,38.02999877929688,100,100,0.0130000002682209
6254,LSIL_8_patch12.png,0,663.1300048828125,181.8600006103516,100,100,0.0115000000223517
6255,LSIL_8_patch12.png,0,518.5499877929688,276.9800109863281,100,100,0.0405000001192092
6256,LSIL_8_patch12.png,0,672.3699951171875,580.6099853515625,100,100,0.0111999996006488
6257,LSIL_8_patch12.png,0,630.71,788.87,100,100,0.6524
6258,LSIL_8_patch12.png,0,825.33,229.42,100,100,0.6418
6259,LSIL_8_patch12.png,0,1017.97998046875,101.2699966430664,100,100,0.1020999997854232
6260,LSIL_8_patch12.png,0,903.11,353.82,100,100,0.7444
6261,LSIL_8_patch12.png,0,847.59,473.06,100,100,0.4452
6262,LSIL_8_patch12.png,0,833.0700073242188,498.2000122070313,100,100,0.1383000016212463
6263,LSIL_8_patch12.png,0,863.8099975585938,455.239990234375,100,100,0.016499999910593
6264,LSIL_8_patch12.png,0,883.6400146484375,482.3800048828125,100,100,0.0146000003442168
6265,LSIL_8_patch12.png,0,838.3699951171875,486.1600036621094,100,100,0.0142999999225139
6266,LSIL_8_patch12.png,0,976.9,654.88,100,100,0.6321
6267,LSIL_8_patch12.png,0,824.97,694.98,100,100,0.3559
6268,LSIL_8_patch12.png,0,903.5599975585938,536.7999877929688,100,100,0.0263999998569488
6269,LSIL_8_patch12.png,0,853.27,966.33,100,100,0.6125
6270,LSIL_8_patch12.png,0,889.719970703125,872.1799926757812,100,100,0.026300000026822
6271,LSIL_8_patch12.png,0,85.95999908447266,9.84000015258789,100,100,0.006000000052154
6272,LSIL_8_patch12.png,0,63.0099983215332,129.0399932861328,100,100,0.0038999998942017
6273,LSIL_8_patch12.png,0,33.959999084472656,13.90999984741211,100,100,0.0038000000640749
6274,LSIL_8_patch12.png,0,71.2300033569336,164.75,100,100,0.0028999999631196
6275,LSIL_8_patch12.png,0,35.790000915527344,211.9499969482422,100,100,0.0023000000510364
6276,LSIL_8_patch12.png,0,22.25,226.1000061035156,100,100,0.0015000000130385
6277,LSIL_8_patch12.png,0,191.6999969482422,626.5399780273438,100,100,0.006800000090152
6278,LSIL_8_patch12.png,0,216.25,613.7999877929688,100,100,0.0043999999761581
6279,LSIL_8_patch12.png,0,78.81999969482422,680.9500122070312,100,100,0.0043999999761581
6280,LSIL_8_patch12.png,0,169.22999572753906,625.1699829101562,100,100,0.0043000001460313
6281,LSIL_8_patch12.png,0,59.83000183105469,683.8200073242188,100,100,0.0027000000700354
6282,LSIL_8_patch12.png,0,248.55999755859372,730.0499877929688,100,100,0.0023000000510364
6283,LSIL_8_patch12.png,0,74.01000213623047,546.489990234375,100,100,0.0020999999251216
6284,LSIL_8_patch12.png,0,201.2100067138672,612.7999877929688,100,100,0.001700000022538
6285,LSIL_8_patch12.png,0,38.630001068115234,777.989990234375,100,100,0.0024000001139938
6286,LSIL_8_patch12.png,0,363.1600036621094,69.19999694824219,100,100,0.0063000000081956
6287,LSIL_8_patch12.png,0,294.8500061035156,455.7799987792969,100,100,0.0071999998763203
6288,LSIL_8_patch12.png,0,460.260009765625,499.7200012207031,100,100,0.006000000052154
6289,LSIL_8_patch12.png,0,384.05999755859375,506.7999877929688,100,100,0.0057999999262392
6290,LSIL_8_patch12.png,0,275.2799987792969,463.3999938964844,100,100,0.0052000000141561
6291,LSIL_8_patch12.png,0,258.3699951171875,327.0400085449219,100,100,0.0048000002279877
6292,LSIL_8_patch12.png,0,319.2099914550781,432.1400146484375,100,100,0.0038999998942017
6293,LSIL_8_patch12.png,0,417.3200073242188,426.6900024414063,100,100,0.0037000000011175
6294,LSIL_8_patch12.png,0,262.4200134277344,393.1300048828125,100,100,0.0031999999191612
6295,LSIL_8_patch12.png,0,437.2000122070313,425.6499938964844,100,100,0.0024000001139938
6296,LSIL_8_patch12.png,0,401.8999938964844,343.69000244140625,100,100,0.0024000001139938
6297,LSIL_8_patch12.png,0,397.489990234375,307.489990234375,100,100,0.0024000001139938
6298,LSIL_8_patch12.png,0,475.4700012207031,504.05999755859375,100,100,0.0020000000949949
6299,LSIL_8_patch12.png,0,393.2300109863281,431.6700134277344,100,100,0.0015999999595806
6300,LSIL_8_patch12.png,0,352.2200012207031,536.8800048828125,100,100,0.0068999999202787
6301,LSIL_8_patch12.png,0,332.1600036621094,540.72998046875,100,100,0.0043999999761581
6302,LSIL_8_patch12.png,0,443.3900146484375,528.0399780273438,100,100,0.00179999996908
6303,LSIL_8_patch12.png,0,360.7999877929688,552.25,100,100,0.001300000003539
6304,LSIL_8_patch12.png,0,695.239990234375,179.25999450683594,100,100,0.0049000000581145
6305,LSIL_8_patch12.png,0,648.760009765625,789.7899780273438,100,100,0.0028999999631196
6306,LSIL_8_patch12.png,0,835.2000122070312,221.80999755859372,100,100,0.0038999998942017
6307,LSIL_8_patch12.png,0,911.1900024414062,343.510009765625,100,100,0.0060999998822808
6308,LSIL_8_patch12.png,0,822.1400146484375,492.7999877929688,100,100,0.0052000000141561
6309,LSIL_8_patch12.png,0,896.1599731445312,341.2200012207031,100,100,0.0020999999251216
6310,LSIL_8_patch12.png,0,841.1099853515625,459.2000122070313,100,100,0.0012000000569969
6311,LSIL_8_patch12.png,0,970.8499755859376,694.6900024414062,100,100,0.0052000000141561
6312,LSIL_8_patch12.png,0,804.7899780273438,691.6699829101562,100,100,0.0041000000201165
6313,LSIL_8_patch12.png,0,970.4199829101562,642.1799926757812,100,100,0.003400000045076
6314,LSIL_8_patch12.png,0,833.5900268554688,684.6400146484375,100,100,0.0031000000890344
6315,LSIL_8_patch12.png,0,987.72998046875,641.1300048828125,100,100,0.00179999996908
6316,LSIL_8_patch12.png,0,833.47998046875,706.6599731445312,100,100,0.0013999999500811
6317,LSIL_8_patch12.png,0,861.1300048828125,955.9299926757812,100,100,0.0078999996185302
6318,LSIL_8_patch12.png,0,841.8200073242188,957.7999877929688,100,100,0.0071000000461936
6319,LSIL_8_patch13.png,0,101.15,204.19,100,100,0.2665
6320,LSIL_8_patch13.png,0,13.92,142.69,100,100,0.2153
6321,LSIL_8_patch13.png,0,66.22000122070312,211.3300018310547,100,100,0.1228000000119209
6322,LSIL_8_patch13.png,0,240.47999572753903,31.88999938964844,100,100,0.0414000004529953
6323,LSIL_8_patch13.png,0,54.70000076293945,72.06999969482422,100,100,0.0350000001490116
6324,LSIL_8_patch13.png,0,188.50999450683597,125.11000061035156,100,100,0.0308999996632337
6325,LSIL_8_patch13.png,0,248.0,165.4499969482422,100,100,0.0135000003501772
6326,LSIL_8_patch13.png,0,125.41000366210938,135.32000732421875,100,100,0.0119000002741813
6327,LSIL_8_patch13.png,0,15.16,475.88,100,100,0.2101
6328,LSIL_8_patch13.png,0,43.5099983215332,319.45001220703125,100,100,0.0794999971985817
6329,LSIL_8_patch13.png,0,186.7899932861328,344.82000732421875,100,100,0.0784000009298324
6330,LSIL_8_patch13.png,0,5.920000076293945,481.8599853515625,100,100,0.0520000010728836
6331,LSIL_8_patch13.png,0,126.29000091552734,268.67999267578125,100,100,0.0375999994575977
6332,LSIL_8_patch13.png,0,54.880001068115234,421.25,100,100,0.0198999997228384
6333,LSIL_8_patch13.png,0,47.470001220703125,481.9599914550781,100,100,0.0144999995827674
6334,LSIL_8_patch13.png,0,10.81999969482422,389.5899963378906,100,100,0.0130000002682209
6335,LSIL_8_patch13.png,0,141.93,727.98,100,100,0.7509
6336,LSIL_8_patch13.png,0,172.44,645.68,100,100,0.385
6337,LSIL_8_patch13.png,0,50.44,657.73,100,100,0.2612
6338,LSIL_8_patch13.png,0,26.19,568.69,100,100,0.2104
6339,LSIL_8_patch13.png,0,84.31,527.85,100,100,0.1595
6340,LSIL_8_patch13.png,0,18.1200008392334,695.4199829101562,100,100,0.0733999982476234
6341,LSIL_8_patch13.png,0,117.93000030517578,558.3800048828125,100,100,0.0219000000506639
6342,LSIL_8_patch13.png,0,12.880000114440918,543.030029296875,100,100,0.019200000911951
6343,LSIL_8_patch13.png,0,234.6000061035156,648.6699829101562,100,100,0.0120000001043081
6344,LSIL_8_patch13.png,0,70.38,874.59,100,100,0.507
6345,LSIL_8_patch13.png,0,219.22999572753903,800.1099853515625,100,100,0.1711000055074691
6346,LSIL_8_patch13.png,0,19.790000915527344,1000.1699829101562,100,100,0.0980999991297721
6347,LSIL_8_patch13.png,0,114.6500015258789,803.22998046875,100,100,0.0825999975204467
6348,LSIL_8_patch13.png,0,6.369999885559082,881.02001953125,100,100,0.0639000013470649
6349,LSIL_8_patch13.png,0,70.37000274658203,899.0599975585938,100,100,0.0190999992191791
6350,LSIL_8_patch13.png,0,4.75,779.1900024414062,100,100,0.0132999997586011
6351,LSIL_8_patch13.png,0,11.68000030517578,991.469970703125,100,100,0.0119000002741813
6352,LSIL_8_patch13.png,0,347.99,221.81,100,100,0.7301
6353,LSIL_8_patch13.png,0,309.77,114.82,100,100,0.2806
6354,LSIL_8_patch13.png,0,453.25,184.99,100,100,0.2225
6355,LSIL_8_patch13.png,0,460.43,8.01,100,100,0.2019
6356,LSIL_8_patch13.png,0,475.49,231.43,100,100,0.1972
6357,LSIL_8_patch13.png,0,357.17999267578125,94.33000183105467,100,100,0.0709000006318092
6358,LSIL_8_patch13.png,0,430.6400146484375,169.94000244140625,100,100,0.0551999993622303
6359,LSIL_8_patch13.png,0,466.4100036621094,66.08999633789062,100,100,0.0199999995529651
6360,LSIL_8_patch13.png,0,312.7900085449219,8.350000381469727,100,100,0.0176999997347593
6361,LSIL_8_patch13.png,0,430.9599914550781,34.9900016784668,100,100,0.0120000001043081
6362,LSIL_8_patch13.png,0,483.4500122070313,101.0199966430664,100,100,0.0109000001102685
6363,LSIL_8_patch13.png,0,396.1600036621094,72.95999908447266,100,100,0.0100999996066093
6364,LSIL_8_patch13.png,0,280.46,382.49,100,100,0.5354
6365,LSIL_8_patch13.png,0,455.01,272.75,100,100,0.2625
6366,LSIL_8_patch13.png,0,400.3500061035156,256.5599975585937,100,100,0.0627000033855438
6367,LSIL_8_patch13.png,0,347.5599975585937,405.2300109863281,100,100,0.0390999987721443
6368,LSIL_8_patch13.png,0,314.70001220703125,336.7300109863281,100,100,0.026300000026822
6369,LSIL_8_patch13.png,0,458.2000122070313,304.1600036621094,100,100,0.0190999992191791
6370,LSIL_8_patch13.png,0,388.2300109863281,399.4500122070313,100,100,0.0152000002562999
6371,LSIL_8_patch13.png,0,355.1499938964844,373.4100036621094,100,100,0.0102000003680586
6372,LSIL_8_patch13.png,0,312.82,687.52,100,100,0.7159
6373,LSIL_8_patch13.png,0,354.13,716.44,100,100,0.2265
6374,LSIL_8_patch13.png,0,392.510009765625,630.8300170898438,100,100,0.0877000018954277
6375,LSIL_8_patch13.png,0,468.4599914550781,756.239990234375,100,100,0.066100001335144
6376,LSIL_8_patch13.png,0,382.2999877929688,734.1400146484375,100,100,0.0562000013887882
6377,LSIL_8_patch13.png,0,433.2699890136719,749.75,100,100,0.0350000001490116
6378,LSIL_8_patch13.png,0,287.3800048828125,651.489990234375,100,100,0.0121999997645616
6379,LSIL_8_patch13.png,0,385.99,859.05,100,100,0.602
6380,LSIL_8_patch13.png,0,367.38,933.23,100,100,0.5977
6381,LSIL_8_patch13.png,0,469.9299926757813,841.489990234375,100,100,0.0141000002622604
6382,LSIL_8_patch13.png,0,416.3599853515625,874.4400024414062,100,100,0.0127999996766448
6383,LSIL_8_patch13.png,0,387.4500122070313,818.8800048828125,100,100,0.0115000000223517
6384,LSIL_8_patch13.png,0,664.62,81.07,100,100,0.5986
6385,LSIL_8_patch13.png,0,712.44,60.97,100,100,0.4887
6386,LSIL_8_patch13.png,0,596.67,160.89,100,100,0.4014
6387,LSIL_8_patch13.png,0,596.55,68.94,100,100,0.1124
6388,LSIL_8_patch13.png,0,759.0700073242188,56.52000045776367,100,100,0.1055999994277954
6389,LSIL_8_patch13.png,0,564.9199829101562,190.55999755859372,100,100,0.1018999963998794
6390,LSIL_8_patch13.png,0,554.02001953125,217.25999450683597,100,100,0.0910999998450279
6391,LSIL_8_patch13.png,0,700.0800170898438,41.150001525878906,100,100,0.0816000029444694
6392,LSIL_8_patch13.png,0,513.3900146484375,171.67999267578125,100,100,0.0340000018477439
6393,LSIL_8_patch13.png,0,744.7999877929688,8.430000305175781,100,100,0.0196000002324581
6394,LSIL_8_patch13.png,0,650.47998046875,5.920000076293945,100,100,0.016499999910593
6395,LSIL_8_patch13.png,0,700.489990234375,8.069999694824219,100,100,0.010700000450015
6396,LSIL_8_patch13.png,0,528.1,789.07,100,100,0.676
6397,LSIL_8_patch13.png,0,609.97998046875,813.6300048828125,100,100,0.0104000000283122
6398,LSIL_8_patch13.png,0,1007.14,98.28,100,100,0.3356
6399,LSIL_8_patch13.png,0,954.18,118.9,100,100,0.2935
6400,LSIL_8_patch13.png,0,929.7899780273438,97.18000030517578,100,100,0.0463000014424324
6401,LSIL_8_patch13.png,0,970.3599853515624,242.05999755859372,100,100,0.0452999994158744
6402,LSIL_8_patch13.png,0,945.3599853515624,197.3600006103516,100,100,0.0428000018000602
6403,LSIL_8_patch13.png,0,1008.1799926757812,169.91000366210938,100,100,0.0335999988019466
6404,LSIL_8_patch13.png,0,1018.0,162.1199951171875,100,100,0.0233999993652105
6405,LSIL_8_patch13.png,0,897.4600219726562,118.54000091552734,100,100,0.0203000009059906
6406,LSIL_8_patch13.png,0,1002.9099731445312,184.67999267578125,100,100,0.0179999992251396
6407,LSIL_8_patch13.png,0,978.469970703125,230.8500061035156,100,100,0.0165999997407197
6408,LSIL_8_patch13.png,0,900.2899780273438,159.00999450683594,100,100,0.0144999995827674
6409,LSIL_8_patch13.png,0,808.2000122070312,316.7699890136719,100,100,0.0232999995350837
6410,LSIL_8_patch13.png,0,779.5999755859375,495.6099853515625,100,100,0.016499999910593
6411,LSIL_8_patch13.png,0,939.78,717.98,100,100,0.7343
6412,LSIL_8_patch13.png,0,856.12,533.57,100,100,0.7279
6413,LSIL_8_patch13.png,0,1002.510009765625,720.7899780273438,100,100,0.0588999986648559
6414,LSIL_8_patch13.png,0,934.97998046875,673.719970703125,100,100,0.0201999992132186
6415,LSIL_8_patch13.png,0,252.4900054931641,123.73999786376952,100,100,0.0097000002861022
6416,LSIL_8_patch13.png,0,180.69000244140625,178.75999450683594,100,100,0.0054000001400709
6417,LSIL_8_patch13.png,0,129.00999450683594,412.6099853515625,100,100,0.006800000090152
6418,LSIL_8_patch13.png,0,10.0,465.6300048828125,100,100,0.0059000002220273
6419,LSIL_8_patch13.png,0,30.96999931335449,686.969970703125,100,100,0.0038999998942017
6420,LSIL_8_patch13.png,0,128.4499969482422,723.9000244140625,100,100,0.0032999999821186
6421,LSIL_8_patch13.png,0,35.93000030517578,558.280029296875,100,100,0.0032999999821186
6422,LSIL_8_patch13.png,0,137.16000366210938,712.4299926757812,100,100,0.0031999999191612
6423,LSIL_8_patch13.png,0,151.30999755859375,716.2100219726562,100,100,0.0028999999631196
6424,LSIL_8_patch13.png,0,40.540000915527344,648.4600219726562,100,100,0.0027000000700354
6425,LSIL_8_patch13.png,0,61.7400016784668,644.6500244140625,100,100,0.0024000001139938
6426,LSIL_8_patch13.png,0,179.82000732421875,654.8099975585938,100,100,0.0015000000130385
6427,LSIL_8_patch13.png,0,229.1300048828125,835.6599731445312,100,100,0.0091000003740191
6428,LSIL_8_patch13.png,0,81.47000122070312,864.4199829101562,100,100,0.0046000001020729
6429,LSIL_8_patch13.png,0,206.4600067138672,797.9199829101562,100,100,0.0040000001899898
6430,LSIL_8_patch13.png,0,67.45999908447266,858.5599975585938,100,100,0.0038999998942017
6431,LSIL_8_patch13.png,0,37.970001220703125,895.8499755859375,100,100,0.0027999999001622
6432,LSIL_8_patch13.png,0,57.7400016784668,869.969970703125,100,100,0.0027000000700354
6433,LSIL_8_patch13.png,0,220.0200042724609,783.6500244140625,100,100,0.0012000000569969
6434,LSIL_8_patch13.png,0,465.5499877929688,179.2100067138672,100,100,0.0089999996125698
6435,LSIL_8_patch13.png,0,511.4599914550781,55.5,100,100,0.0080000003799796
6436,LSIL_8_patch13.png,0,352.69000244140625,42.72999954223633,100,100,0.0071999998763203
6437,LSIL_8_patch13.png,0,441.3699951171875,180.6000061035156,100,100,0.0043000001460313
6438,LSIL_8_patch13.png,0,486.0700073242188,60.7400016784668,100,100,0.0032999999821186
6439,LSIL_8_patch13.png,0,341.3900146484375,208.3000030517578,100,100,0.002199999988079
6440,LSIL_8_patch13.png,0,473.4100036621094,86.9800033569336,100,100,0.0020999999251216
6441,LSIL_8_patch13.png,0,356.94000244140625,209.22999572753903,100,100,0.00179999996908
6442,LSIL_8_patch13.png,0,323.0199890136719,109.95999908447266,100,100,0.001300000003539
6443,LSIL_8_patch13.png,0,308.489990234375,100.3499984741211,100,100,0.0010999999940395
6444,LSIL_8_patch13.png,0,284.6400146484375,418.9200134277344,100,100,0.002600000007078
6445,LSIL_8_patch13.png,0,265.6300048828125,377.9400024414063,100,100,0.0024000001139938
6446,LSIL_8_patch13.png,0,321.54998779296875,676.8400268554688,100,100,0.0066999997943639
6447,LSIL_8_patch13.png,0,368.760009765625,722.6599731445312,100,100,0.0041999998502433
6448,LSIL_8_patch13.png,0,302.67999267578125,678.1199951171875,100,100,0.0040000001899898
6449,LSIL_8_patch13.png,0,345.7699890136719,709.4299926757812,100,100,0.0027999999001622
6450,LSIL_8_patch13.png,0,389.1900024414063,722.6900024414062,100,100,0.002600000007078
6451,LSIL_8_patch13.png,0,460.0499877929688,767.2000122070312,100,100,0.002600000007078
6452,LSIL_8_patch13.png,0,345.5799865722656,874.739990234375,100,100,0.0078999996185302
6453,LSIL_8_patch13.png,0,358.3699951171875,922.4199829101562,100,100,0.0046999999321997
6454,LSIL_8_patch13.png,0,376.3500061035156,923.219970703125,100,100,0.0037000000011175
6455,LSIL_8_patch13.png,0,378.1300048828125,849.0399780273438,100,100,0.0035999999381601
6456,LSIL_8_patch13.png,0,510.8699951171875,782.8200073242188,100,100,0.0035000001080334
6457,LSIL_8_patch13.png,0,433.8999938964844,856.469970703125,100,100,0.0032999999821186
6458,LSIL_8_patch13.png,0,724.0800170898438,51.040000915527344,100,100,0.0044999998062849
6459,LSIL_8_patch13.png,0,746.3900146484375,151.89999389648438,100,100,0.0032999999821186
6460,LSIL_8_patch13.png,0,738.8800048828125,184.8699951171875,100,100,0.0032999999821186
6461,LSIL_8_patch13.png,0,696.5399780273438,134.02000427246094,100,100,0.003000000026077
6462,LSIL_8_patch13.png,0,589.4500122070312,146.9499969482422,100,100,0.0027999999001622
6463,LSIL_8_patch13.png,0,728.5399780273438,65.3499984741211,100,100,0.0020000000949949
6464,LSIL_8_patch13.png,0,656.510009765625,69.08999633789062,100,100,0.0015000000130385
6465,LSIL_8_patch13.png,0,540.9000244140625,782.7999877929688,100,100,0.006000000052154
6466,LSIL_8_patch13.png,0,540.27001953125,797.4299926757812,100,100,0.003000000026077
6467,LSIL_8_patch13.png,0,532.010009765625,773.5700073242188,100,100,0.0013999999500811
6468,LSIL_8_patch13.png,0,975.8599853515624,40.61000061035156,100,100,0.0071000000461936
6469,LSIL_8_patch13.png,0,869.9099731445312,15.760000228881836,100,100,0.0051000001840293
6470,LSIL_8_patch13.png,0,1014.4099731445312,85.66999816894531,100,100,0.0037000000011175
6471,LSIL_8_patch13.png,0,958.7100219726562,232.44000244140625,100,100,0.002199999988079
6472,LSIL_8_patch13.png,0,967.6799926757812,108.9000015258789,100,100,0.00179999996908
6473,LSIL_8_patch13.png,0,945.030029296875,87.13999938964844,100,100,0.0013999999500811
6474,LSIL_8_patch13.png,0,893.4400024414062,507.6300048828125,100,100,0.0020999999251216
6475,LSIL_8_patch13.png,0,846.989990234375,524.3599853515625,100,100,0.0059000002220273
6476,LSIL_8_patch13.png,0,948.5599975585938,707.8300170898438,100,100,0.0040000001899898
6477,LSIL_8_patch13.png,0,928.7000122070312,709.1699829101562,100,100,0.0035999999381601
6478,LSIL_8_patch13.png,0,867.8499755859375,527.1599731445312,100,100,0.0031000000890344
6479,LSIL_8_patch14.png,0,140.2,164.49,100,100,0.7473
6480,LSIL_8_patch14.png,0,50.91,194.72,100,100,0.7102
6481,LSIL_8_patch14.png,0,12.960000038146973,418.7000122070313,100,100,0.0149999996647238
6482,LSIL_8_patch14.png,0,64.8,788.55,100,100,0.378
6483,LSIL_8_patch14.png,0,252.9499969482422,1017.1199951171876,100,100,0.0187999997287988
6484,LSIL_8_patch14.png,0,128.22000122070312,1017.5,100,100,0.017799999564886
6485,LSIL_8_patch14.png,0,5.849999904632568,804.6799926757812,100,100,0.0141000002622604
6486,LSIL_8_patch14.png,0,393.739990234375,103.93000030517578,100,100,0.0104999998584389
6487,LSIL_8_patch14.png,0,407.79,553.8,100,100,0.7829
6488,LSIL_8_patch14.png,0,256.32,688.62,100,100,0.4552
6489,LSIL_8_patch14.png,0,409.2200012207031,582.3800048828125,100,100,0.0214000009000301
6490,LSIL_8_patch14.png,0,348.35,805.51,100,100,0.7356
6491,LSIL_8_patch14.png,0,440.04,925.53,100,100,0.6978
6492,LSIL_8_patch14.png,0,459.989990234375,1005.530029296875,100,100,0.0248000007122755
6493,LSIL_8_patch14.png,0,637.1599731445312,216.8699951171875,100,100,0.1348000019788742
6494,LSIL_8_patch14.png,0,654.97998046875,740.5399780273438,100,100,0.2549999952316284
6495,LSIL_8_patch14.png,0,718.1900024414062,755.510009765625,100,100,0.012699999846518
6496,LSIL_8_patch14.png,0,687.55,772.94,100,100,0.6159
6497,LSIL_8_patch14.png,0,757.7999877929688,854.3300170898438,100,100,0.0153000000864267
6498,LSIL_8_patch14.png,0,834.12,739.49,100,100,0.434
6499,LSIL_8_patch14.png,0,885.8499755859375,740.6300048828125,100,100,0.019200000911951
6500,LSIL_8_patch14.png,0,861.51,849.69,100,100,0.7037
6501,LSIL_8_patch14.png,0,928.49,934.82,100,100,0.6647
6502,LSIL_8_patch14.png,0,956.05,794.05,100,100,0.5678
6503,LSIL_8_patch14.png,0,864.6900024414062,820.6199951171875,100,100,0.1811999976634979
6504,LSIL_8_patch14.png,0,885.52,978.67,100,100,0.1686
6505,LSIL_8_patch14.png,0,963.5499877929688,901.7000122070312,100,100,0.0242999996989965
6506,LSIL_8_patch14.png,0,1015.989990234375,996.1400146484376,100,100,0.0142999999225139
6507,LSIL_8_patch14.png,0,43.79999923706055,184.13999938964844,100,100,0.0099999997764825
6508,LSIL_8_patch14.png,0,131.6300048828125,155.52999877929688,100,100,0.0035999999381601
6509,LSIL_8_patch14.png,0,151.07000732421875,159.0800018310547,100,100,0.0020000000949949
6510,LSIL_8_patch14.png,0,40.40999984741211,202.25999450683597,100,100,0.0015999999595806
6511,LSIL_8_patch14.png,0,414.7799987792969,542.27001953125,100,100,0.0043999999761581
6512,LSIL_8_patch14.png,0,396.9500122070313,544.4199829101562,100,100,0.0023000000510364
6513,LSIL_8_patch14.png,0,417.5799865722656,563.510009765625,100,100,0.0015000000130385
6514,LSIL_8_patch14.png,0,401.2300109863281,572.2000122070312,100,100,0.0013999999500811
6515,LSIL_8_patch14.png,0,364.0400085449219,800.6099853515625,100,100,0.0035999999381601
6516,LSIL_8_patch14.png,0,342.04998779296875,794.0599975585938,100,100,0.0031999999191612
6517,LSIL_8_patch14.png,0,431.6499938964844,914.2999877929688,100,100,0.0024000001139938
6518,LSIL_8_patch14.png,0,671.4000244140625,759.0,100,100,0.0041999998502433
6519,LSIL_8_patch14.png,0,761.6500244140625,892.489990234375,100,100,0.0082999998703598
6520,LSIL_8_patch14.png,0,825.3800048828125,753.22998046875,100,100,0.0032999999821186
6521,LSIL_8_patch14.png,0,844.4000244140625,728.3200073242188,100,100,0.003000000026077
6522,LSIL_8_patch14.png,0,851.9500122070312,742.0499877929688,100,100,0.0027000000700354
6523,LSIL_8_patch14.png,0,817.8800048828125,735.469970703125,100,100,0.0024999999441206
6524,LSIL_8_patch14.png,0,850.1799926757812,842.969970703125,100,100,0.0082999998703598
6525,LSIL_8_patch14.png,0,946.760009765625,784.8300170898438,100,100,0.0082000000402331
6526,LSIL_8_patch14.png,0,967.6599731445312,785.1400146484375,100,100,0.0071999998763203
6527,LSIL_8_patch14.png,0,920.7100219726562,919.8800048828124,100,100,0.0043999999761581
6528,LSIL_8_patch14.png,0,939.1900024414062,921.1099853515624,100,100,0.0031999999191612
6529,LSIL_8_patch14.png,0,871.4400024414062,859.47998046875,100,100,0.0023000000510364
6530,SCC_1_patch01.png,0,59.65,153.47,100,100,0.1439
6531,SCC_1_patch01.png,0,200.94,407.15,100,100,0.227
6532,SCC_1_patch01.png,0,252.07000732421875,762.6400146484375,100,100,0.0368000008165836
6533,SCC_1_patch01.png,0,42.58000183105469,1013.239990234375,100,100,0.0529000014066696
6534,SCC_1_patch01.png,0,339.51,33.45,100,100,0.4208
6535,SCC_1_patch01.png,0,272.74,11.2,100,100,0.3329
6536,SCC_1_patch01.png,0,464.36,113.49,100,100,0.153
6537,SCC_1_patch01.png,0,485.6700134277344,88.80000305175781,100,100,0.0340999998152256
6538,SCC_1_patch01.png,0,409.73,433.71,100,100,0.4728
6539,SCC_1_patch01.png,0,440.32,410.66,100,100,0.411
6540,SCC_1_patch01.png,0,349.49,429.73,100,100,0.1702
6541,SCC_1_patch01.png,0,273.85,494.42,100,100,0.1284
6542,SCC_1_patch01.png,0,420.0899963378906,422.989990234375,100,100,0.0109000001102685
6543,SCC_1_patch01.png,0,445.55999755859375,317.5799865722656,100,100,0.010700000450015
6544,SCC_1_patch01.png,0,349.75,640.5599975585938,100,100,0.1747000068426132
6545,SCC_1_patch01.png,0,505.14,807.89,100,100,0.2138
6546,SCC_1_patch01.png,0,501.09,838.86,100,100,0.1178
6547,SCC_1_patch01.png,0,685.98,254.36,100,100,0.2934
6548,SCC_1_patch01.png,0,712.4600219726562,220.33999633789065,100,100,0.125
6549,SCC_1_patch01.png,0,574.97998046875,11.68000030517578,100,100,0.0163000002503395
6550,SCC_1_patch01.png,0,613.7,281.8,100,100,0.5045
6551,SCC_1_patch01.png,0,751.07,365.12,100,100,0.3586
6552,SCC_1_patch01.png,0,572.64,441.6,100,100,0.2492
6553,SCC_1_patch01.png,0,706.49,404.29,100,100,0.1382
6554,SCC_1_patch01.png,0,711.5599975585938,359.19000244140625,100,100,0.0527999997138977
6555,SCC_1_patch01.png,0,603.8400268554688,268.8800048828125,100,100,0.0178999993950128
6556,SCC_1_patch01.png,0,620.52001953125,457.2200012207031,100,100,0.0108000002801418
6557,SCC_1_patch01.png,0,635.38,755.63,100,100,0.6369
6558,SCC_1_patch01.png,0,524.74,598.51,100,100,0.4916
6559,SCC_1_patch01.png,0,681.66,918.04,100,100,0.5775
6560,SCC_1_patch01.png,0,526.1,1008.67,100,100,0.2924
6561,SCC_1_patch01.png,0,800.77,68.33,100,100,0.4618
6562,SCC_1_patch01.png,0,888.1500244140625,94.8000030517578,100,100,0.0828000009059906
6563,SCC_1_patch01.png,0,858.48,292.35,100,100,0.4571
6564,SCC_1_patch01.png,0,940.39,404.98,100,100,0.3773
6565,SCC_1_patch01.png,0,867.46,488.18,100,100,0.3285
6566,SCC_1_patch01.png,0,789.03,301.0,100,100,0.2267
6567,SCC_1_patch01.png,0,897.2000122070312,343.5400085449219,100,100,0.0531999990344047
6568,SCC_1_patch01.png,0,962.1300048828124,332.3900146484375,100,100,0.0441000014543533
6569,SCC_1_patch01.png,0,954.3,930.41,100,100,0.5909
6570,SCC_1_patch01.png,0,785.22998046875,1008.760009765625,100,100,0.025000000372529
6571,SCC_1_patch01.png,0,110.38999938964844,808.1099853515625,100,100,0.0046999999321997
6572,SCC_1_patch01.png,0,346.0,16.149999618530273,100,100,0.0019000000320374
6573,SCC_1_patch01.png,0,399.1600036621094,425.3200073242188,100,100,0.003400000045076
6574,SCC_1_patch01.png,0,434.7099914550781,396.010009765625,100,100,0.0020000000949949
6575,SCC_1_patch01.png,0,299.8500061035156,716.5999755859375,100,100,0.0092000002041459
6576,SCC_1_patch01.png,0,265.67999267578125,758.9500122070312,100,100,0.0024999999441206
6577,SCC_1_patch01.png,0,390.3500061035156,524.25,100,100,0.0020999999251216
6578,SCC_1_patch01.png,0,633.8900146484375,203.30999755859372,100,100,0.0054999999701976
6579,SCC_1_patch01.png,0,616.8400268554688,199.50999450683597,100,100,0.0032999999821186
6580,SCC_1_patch01.png,0,722.02001953125,55.45000076293945,100,100,0.0023000000510364
6581,SCC_1_patch01.png,0,625.739990234375,288.6199951171875,100,100,0.0087000001221895
6582,SCC_1_patch01.png,0,622.9099731445312,270.1400146484375,100,100,0.0060999998822808
6583,SCC_1_patch01.png,0,760.1699829101562,351.260009765625,100,100,0.0027999999001622
6584,SCC_1_patch01.png,0,766.0999755859375,366.1499938964844,100,100,0.0020999999251216
6585,SCC_1_patch01.png,0,737.8099975585938,353.17999267578125,100,100,0.001700000022538
6586,SCC_1_patch01.png,0,625.030029296875,748.9600219726562,100,100,0.0059000002220273
6587,SCC_1_patch01.png,0,515.8699951171875,585.5599975585938,100,100,0.0035000001080334
6588,SCC_1_patch01.png,0,644.719970703125,745.6099853515625,100,100,0.0031999999191612
6589,SCC_1_patch01.png,0,532.6099853515625,586.0599975585938,100,100,0.00179999996908
6590,SCC_1_patch01.png,0,667.7999877929688,917.0999755859376,100,100,0.0091000003740191
6591,SCC_1_patch01.png,0,701.530029296875,913.3400268554688,100,100,0.006000000052154
6592,SCC_1_patch01.png,0,693.0599975585938,923.9199829101562,100,100,0.0038000000640749
6593,SCC_1_patch01.png,0,594.3800048828125,878.22998046875,100,100,0.0028999999631196
6594,SCC_1_patch01.png,0,533.4099731445312,931.0399780273438,100,100,0.0027000000700354
6595,SCC_1_patch01.png,0,929.469970703125,395.1400146484375,100,100,0.0097000002861022
6596,SCC_1_patch01.png,0,788.7899780273438,389.1199951171875,100,100,0.0076000001281499
6597,SCC_1_patch01.png,0,874.6400146484375,285.6199951171875,100,100,0.0049000000581145
6598,SCC_1_patch01.png,0,846.9500122070312,300.8800048828125,100,100,0.00179999996908
6599,SCC_1_patch01.png,0,936.7100219726562,777.8900146484375,100,100,0.0070000002160668
6600,SCC_1_patch02.png,0,198.79,105.26,100,100,0.4573
6601,SCC_1_patch02.png,0,124.58,51.52,100,100,0.3926
6602,SCC_1_patch02.png,0,172.6699981689453,9.960000038146973,100,100,0.0417000018060207
6603,SCC_1_patch02.png,0,159.58999633789062,6.550000190734863,100,100,0.0296000000089406
6604,SCC_1_patch02.png,0,197.1199951171875,31.479999542236328,100,100,0.0140000004321336
6605,SCC_1_patch02.png,0,252.25,4.489999771118164,100,100,0.0100999996066093
6606,SCC_1_patch02.png,0,157.33,372.32,100,100,0.6066
6607,SCC_1_patch02.png,0,113.35,445.49,100,100,0.4134
6608,SCC_1_patch02.png,0,91.44,400.11,100,100,0.2361
6609,SCC_1_patch02.png,0,8.270000457763672,509.3999938964844,100,100,0.0172000005841255
6610,SCC_1_patch02.png,0,170.02999877929688,376.3299865722656,100,100,0.0104000000283122
6611,SCC_1_patch02.png,0,68.83000183105469,633.9500122070312,100,100,0.0115999998524785
6612,SCC_1_patch02.png,0,208.72999572753903,1016.3400268554688,100,100,0.0146000003442168
6613,SCC_1_patch02.png,0,479.99,124.39,100,100,0.3257
6614,SCC_1_patch02.png,0,405.9,191.57,100,100,0.1728
6615,SCC_1_patch02.png,0,442.3599853515625,118.38999938964844,100,100,0.0627000033855438
6616,SCC_1_patch02.png,0,324.1000061035156,252.55999755859372,100,100,0.0260000005364418
6617,SCC_1_patch02.png,0,403.9400024414063,172.38999938964844,100,100,0.0198999997228384
6618,SCC_1_patch02.png,0,434.3900146484375,6.570000171661377,100,100,0.0197999998927116
6619,SCC_1_patch02.png,0,275.1600036621094,18.86000061035156,100,100,0.0147000001743435
6620,SCC_1_patch02.png,0,499.5400085449219,4.880000114440918,100,100,0.0130000002682209
6621,SCC_1_patch02.png,0,357.1000061035156,11.289999961853027,100,100,0.0119000002741813
6622,SCC_1_patch02.png,0,507.43,296.99,100,100,0.5699
6623,SCC_1_patch02.png,0,488.8699951171875,377.9800109863281,100,100,0.0799999982118606
6624,SCC_1_patch02.png,0,267.29,699.8,100,100,0.4034
6625,SCC_1_patch02.png,0,338.75,564.5599975585938,100,100,0.0159000009298324
6626,SCC_1_patch02.png,0,476.05,864.83,100,100,0.5167
6627,SCC_1_patch02.png,0,325.7300109863281,835.2100219726562,100,100,0.0340000018477439
6628,SCC_1_patch02.png,0,284.4100036621094,961.0,100,100,0.0242999996989965
6629,SCC_1_patch02.png,0,474.510009765625,954.0599975585938,100,100,0.0200999993830919
6630,SCC_1_patch02.png,0,391.2799987792969,1010.6799926757812,100,100,0.0161000005900859
6631,SCC_1_patch02.png,0,602.79,205.71,100,100,0.369
6632,SCC_1_patch02.png,0,597.0800170898438,158.6300048828125,100,100,0.0386000014841556
6633,SCC_1_patch02.png,0,686.77,333.98,100,100,0.3604
6634,SCC_1_patch02.png,0,725.7,485.63,100,100,0.299
6635,SCC_1_patch02.png,0,616.2000122070312,271.0599975585937,100,100,0.128600001335144
6636,SCC_1_patch02.png,0,755.1900024414062,370.2200012207031,100,100,0.0898000001907348
6637,SCC_1_patch02.png,0,589.5599975585938,318.8299865722656,100,100,0.0392999984323978
6638,SCC_1_patch02.png,0,692.6199951171875,295.7200012207031,100,100,0.0297999996691942
6639,SCC_1_patch02.png,0,514.81,629.13,100,100,0.202
6640,SCC_1_patch02.png,0,619.03,852.72,100,100,0.4358
6641,SCC_1_patch02.png,0,874.5399780273438,187.7899932861328,100,100,0.0242999996989965
6642,SCC_1_patch02.png,0,1003.8400268554688,199.17999267578125,100,100,0.017400000244379
6643,SCC_1_patch02.png,0,960.54,493.75,100,100,0.615
6644,SCC_1_patch02.png,0,819.17,374.74,100,100,0.369
6645,SCC_1_patch02.png,0,885.34,441.3,100,100,0.1213
6646,SCC_1_patch02.png,0,801.5599975585938,408.9299926757813,100,100,0.0357000008225441
6647,SCC_1_patch02.png,0,846.260009765625,506.2900085449219,100,100,0.0255999993532896
6648,SCC_1_patch02.png,0,871.2899780273438,392.1799926757813,100,100,0.0152000002562999
6649,SCC_1_patch02.png,0,951.1400146484376,365.80999755859375,100,100,0.0121999997645616
6650,SCC_1_patch02.png,0,948.81,707.07,100,100,0.6335
6651,SCC_1_patch02.png,0,883.1500244140625,580.489990234375,100,100,0.010700000450015
6652,SCC_1_patch02.png,0,950.54,861.13,100,100,0.4451
6653,SCC_1_patch02.png,0,893.7000122070312,935.2100219726562,100,100,0.1756000071763992
6654,SCC_1_patch02.png,0,846.6500244140625,769.5399780273438,100,100,0.1177000030875206
6655,SCC_1_patch02.png,0,910.5700073242188,1004.0599975585938,100,100,0.0131000000983476
6656,SCC_1_patch02.png,0,58.56999969482422,139.2899932861328,100,100,0.0062000001780688
6657,SCC_1_patch02.png,0,167.47000122070312,357.6099853515625,100,100,0.0023000000510364
6658,SCC_1_patch02.png,0,492.2300109863281,300.8599853515625,100,100,0.0049999998882412
6659,SCC_1_patch02.png,0,497.5199890136719,285.17999267578125,100,100,0.002600000007078
6660,SCC_1_patch02.png,0,499.55999755859375,620.0700073242188,100,100,0.002199999988079
6661,SCC_1_patch02.png,0,624.6400146484375,204.8000030517578,100,100,0.0051000001840293
6662,SCC_1_patch02.png,0,751.6099853515625,391.2999877929688,100,100,0.0063000000081956
6663,SCC_1_patch02.png,0,718.030029296875,475.5700073242188,100,100,0.006000000052154
6664,SCC_1_patch02.png,0,517.3200073242188,284.6199951171875,100,100,0.0041999998502433
6665,SCC_1_patch02.png,0,545.5599975585938,658.7999877929688,100,100,0.0041999998502433
6666,SCC_1_patch02.png,0,995.6599731445312,576.6699829101562,100,100,0.0023000000510364
6667,SCC_1_patch02.png,0,936.0499877929688,699.5,100,100,0.001300000003539
6668,SCC_1_patch03.png,0,173.89,177.0,100,100,0.5338
6669,SCC_1_patch03.png,0,250.55,98.08,100,100,0.1815
6670,SCC_1_patch03.png,0,59.790000915527344,189.55999755859372,100,100,0.0120000001043081
6671,SCC_1_patch03.png,0,97.6,303.88,100,100,0.5378
6672,SCC_1_patch03.png,0,209.43,764.6,100,100,0.2206
6673,SCC_1_patch03.png,0,130.67999267578125,1017.6300048828124,100,100,0.1334999948740005
6674,SCC_1_patch03.png,0,73.12000274658203,1008.989990234375,100,100,0.0859000012278556
6675,SCC_1_patch03.png,0,88.66000366210938,969.0,100,100,0.0278999991714954
6676,SCC_1_patch03.png,0,20.86000061035156,1009.280029296875,100,100,0.0220999997109174
6677,SCC_1_patch03.png,0,331.5,145.74,100,100,0.2755
6678,SCC_1_patch03.png,0,380.32,121.58,100,100,0.1206
6679,SCC_1_patch03.png,0,263.75,91.52999877929688,100,100,0.0269000008702278
6680,SCC_1_patch03.png,0,351.05,731.19,100,100,0.1307
6681,SCC_1_patch03.png,0,264.8299865722656,746.6799926757812,100,100,0.0518999993801116
6682,SCC_1_patch03.png,0,508.6000061035156,693.719970703125,100,100,0.0118000004440546
6683,SCC_1_patch03.png,0,488.09,935.82,100,100,0.6985
6684,SCC_1_patch03.png,0,424.12,826.37,100,100,0.4655
6685,SCC_1_patch03.png,0,363.75,922.219970703125,100,100,0.0348999984562397
6686,SCC_1_patch03.png,0,569.17,88.07,100,100,0.4371
6687,SCC_1_patch03.png,0,682.47,187.5,100,100,0.4326
6688,SCC_1_patch03.png,0,530.27001953125,151.16000366210938,100,100,0.0114000001922249
6689,SCC_1_patch03.png,0,729.35,387.1,100,100,0.5942
6690,SCC_1_patch03.png,0,688.9199829101562,364.8599853515625,100,100,0.088699996471405
6691,SCC_1_patch03.png,0,653.469970703125,270.42999267578125,100,100,0.0649999976158142
6692,SCC_1_patch03.png,0,707.6900024414062,440.1000061035156,100,100,0.0443999990820884
6693,SCC_1_patch03.png,0,546.3599853515625,259.8500061035156,100,100,0.0328000001609325
6694,SCC_1_patch03.png,0,676.6500244140625,330.95001220703125,100,100,0.024100000038743
6695,SCC_1_patch03.png,0,703.719970703125,330.75,100,100,0.0105999996885657
6696,SCC_1_patch03.png,0,699.11,568.09,100,100,0.3402
6697,SCC_1_patch03.png,0,636.5700073242188,526.77001953125,100,100,0.0635000020265579
6698,SCC_1_patch03.png,0,661.6900024414062,635.530029296875,100,100,0.0281000006943941
6699,SCC_1_patch03.png,0,685.7899780273438,576.8200073242188,100,100,0.0141000002622604
6700,SCC_1_patch03.png,0,725.6799926757812,682.3599853515625,100,100,0.0115000000223517
6701,SCC_1_patch03.png,0,547.0,794.0,100,100,0.2613687813282013
6702,SCC_1_patch03.png,0,590.5499877929688,858.0499877929688,100,100,0.1054000034928321
6703,SCC_1_patch03.png,0,538.6699829101562,939.3200073242188,100,100,0.0280000008642673
6704,SCC_1_patch03.png,0,964.1699829101562,248.3500061035156,100,100,0.0738999992609024
6705,SCC_1_patch03.png,0,808.9600219726562,15.960000038146973,100,100,0.0233999993652105
6706,SCC_1_patch03.png,0,819.3800048828125,57.27000045776367,100,100,0.013600000180304
6707,SCC_1_patch03.png,0,1014.8200073242188,126.41999816894533,100,100,0.0122999995946884
6708,SCC_1_patch03.png,0,784.8200073242188,238.7700042724609,100,100,0.0104999998584389
6709,SCC_1_patch03.png,0,948.13,459.29,100,100,0.3465
6710,SCC_1_patch03.png,0,853.010009765625,329.5599975585937,100,100,0.2348999977111816
6711,SCC_1_patch03.png,0,908.4600219726562,271.44000244140625,100,100,0.0353999994695186
6712,SCC_1_patch03.png,0,956.030029296875,487.3299865722656,100,100,0.0269000008702278
6713,SCC_1_patch03.png,0,866.780029296875,480.4800109863281,100,100,0.0230000000447034
6714,SCC_1_patch03.png,0,774.7999877929688,352.54998779296875,100,100,0.0175999999046325
6715,SCC_1_patch03.png,0,938.6599731445312,450.0,100,100,0.0146000003442168
6716,SCC_1_patch03.png,0,949.83,746.64,100,100,0.51
6717,SCC_1_patch03.png,0,988.9299926757812,551.260009765625,100,100,0.1328999996185302
6718,SCC_1_patch03.png,0,884.5800170898438,521.4500122070312,100,100,0.1063999980688095
6719,SCC_1_patch03.png,0,959.3400268554688,616.6599731445312,100,100,0.0515000000596046
6720,SCC_1_patch03.png,0,870.9400024414062,615.4500122070312,100,100,0.0450000017881393
6721,SCC_1_patch03.png,0,1018.6500244140624,635.9400024414062,100,100,0.0277999993413686
6722,SCC_1_patch03.png,0,931.3400268554688,544.9299926757812,100,100,0.0219999998807907
6723,SCC_1_patch03.png,0,1006.8499755859376,736.8200073242188,100,100,0.0170000009238719
6724,SCC_1_patch03.png,0,1019.72998046875,719.02001953125,100,100,0.0108000002801418
6725,SCC_1_patch03.png,0,918.73,916.21,100,100,0.53
6726,SCC_1_patch03.png,0,943.9199829101562,992.75,100,100,0.0674000009894371
6727,SCC_1_patch03.png,0,1015.22998046875,809.2899780273438,100,100,0.0502999983727932
6728,SCC_1_patch03.png,0,816.3499755859375,825.3200073242188,100,100,0.0190999992191791
6729,SCC_1_patch03.png,0,871.8200073242188,980.1599731445312,100,100,0.0166999995708465
6730,SCC_1_patch03.png,0,831.3900146484375,812.6199951171875,100,100,0.0133999995887279
6731,SCC_1_patch03.png,0,183.8800048828125,166.08999633789062,100,100,0.0046999999321997
6732,SCC_1_patch03.png,0,85.0999984741211,293.1400146484375,100,100,0.0076000001281499
6733,SCC_1_patch03.png,0,101.7699966430664,286.95001220703125,100,100,0.0071999998763203
6734,SCC_1_patch03.png,0,47.09999847412109,305.79998779296875,100,100,0.0035999999381601
6735,SCC_1_patch03.png,0,295.7099914550781,759.7899780273438,100,100,0.00179999996908
6736,SCC_1_patch03.png,0,470.6600036621094,930.25,100,100,0.0043000001460313
6737,SCC_1_patch03.png,0,326.010009765625,938.7100219726562,100,100,0.0035000001080334
6738,SCC_1_patch03.png,0,415.1600036621094,810.5900268554688,100,100,0.0031999999191612
6739,SCC_1_patch03.png,0,665.5399780273438,181.9199981689453,100,100,0.0054000001400709
6740,SCC_1_patch03.png,0,692.4400024414062,197.97999572753903,100,100,0.0051000001840293
6741,SCC_1_patch03.png,0,529.3699951171875,194.5,100,100,0.0040000001899898
6742,SCC_1_patch03.png,0,695.030029296875,172.6699981689453,100,100,0.0015999999595806
6743,SCC_1_patch03.png,0,518.1500244140625,180.0500030517578,100,100,0.0012000000569969
6744,SCC_1_patch03.png,0,720.0599975585938,427.55999755859375,100,100,0.0035000001080334
6745,SCC_1_patch03.png,0,712.780029296875,563.6099853515625,100,100,0.0066999997943639
6746,SCC_1_patch03.png,0,697.0399780273438,554.4299926757812,100,100,0.0015999999595806
6747,SCC_1_patch03.png,0,929.3200073242188,13.170000076293944,100,100,0.0068999999202787
6748,SCC_1_patch03.png,0,920.5900268554688,6.150000095367432,100,100,0.0057999999262392
6749,SCC_1_patch03.png,0,1019.0700073242188,36.54999923706055,100,100,0.0055999998003244
6750,SCC_1_patch03.png,0,1009.4199829101562,8.729999542236328,100,100,0.0040000001899898
6751,SCC_1_patch03.png,0,1014.8699951171876,520.6799926757812,100,100,0.0065000001341104
6752,SCC_1_patch03.png,0,953.8200073242188,629.8499755859375,100,100,0.0043999999761581
6753,SCC_1_patch03.png,0,982.6300048828124,704.280029296875,100,100,0.0038000000640749
6754,SCC_1_patch03.png,0,957.3900146484376,730.8900146484375,100,100,0.001700000022538
6755,SCC_1_patch03.png,0,929.8699951171876,901.5800170898438,100,100,0.0015999999595806
6756,SCC_1_patch04.png,0,145.97999572753906,6.190000057220459,100,100,0.015599999576807
6757,SCC_1_patch04.png,0,486.45,650.32,100,100,0.4668
6758,SCC_1_patch04.png,0,448.0,693.24,100,100,0.4234
6759,SCC_1_patch04.png,0,337.68,609.77,100,100,0.1238
6760,SCC_1_patch04.png,0,407.5799865722656,762.260009765625,100,100,0.0129000004380941
6761,SCC_1_patch04.png,0,398.23,919.06,100,100,0.4915
6762,SCC_1_patch04.png,0,420.02,773.65,100,100,0.4256
6763,SCC_1_patch04.png,0,509.97,794.33,100,100,0.4194
6764,SCC_1_patch04.png,0,306.73,979.87,100,100,0.3006
6765,SCC_1_patch04.png,0,421.0499877929688,790.530029296875,100,100,0.0132999997586011
6766,SCC_1_patch04.png,0,495.5400085449219,785.010009765625,100,100,0.0111999996006488
6767,SCC_1_patch04.png,0,696.92,500.2,100,100,0.5043
6768,SCC_1_patch04.png,0,692.11,698.26,100,100,0.5481
6769,SCC_1_patch04.png,0,627.7,677.05,100,100,0.5349
6770,SCC_1_patch04.png,0,570.86,693.03,100,100,0.5148
6771,SCC_1_patch04.png,0,643.82,604.83,100,100,0.5063
6772,SCC_1_patch04.png,0,641.76,743.09,100,100,0.4031
6773,SCC_1_patch04.png,0,559.25,683.0999755859375,100,100,0.0816000029444694
6774,SCC_1_patch04.png,0,574.3699951171875,725.8300170898438,100,100,0.0581000000238418
6775,SCC_1_patch04.png,0,575.5800170898438,592.2100219726562,100,100,0.0428999997675418
6776,SCC_1_patch04.png,0,739.5800170898438,572.9500122070312,100,100,0.0210999995470047
6777,SCC_1_patch04.png,0,616.0999755859375,665.77001953125,100,100,0.0207000002264976
6778,SCC_1_patch04.png,0,693.3900146484375,682.219970703125,100,100,0.0204000007361173
6779,SCC_1_patch04.png,0,643.030029296875,714.7999877929688,100,100,0.0182000007480382
6780,SCC_1_patch04.png,0,638.510009765625,684.5900268554688,100,100,0.0161000005900859
6781,SCC_1_patch04.png,0,659.3699951171875,737.239990234375,100,100,0.0126000000163912
6782,SCC_1_patch04.png,0,679.45,785.58,100,100,0.5186
6783,SCC_1_patch04.png,0,585.7,817.94,100,100,0.4281
6784,SCC_1_patch04.png,0,658.14,1001.41,100,100,0.2187
6785,SCC_1_patch04.png,0,570.9199829101562,824.52001953125,100,100,0.0531000010669231
6786,SCC_1_patch04.png,0,595.9500122070312,808.5,100,100,0.048700001090765
6787,SCC_1_patch04.png,0,612.1099853515625,875.0900268554688,100,100,0.0216000005602836
6788,SCC_1_patch04.png,0,615.989990234375,860.5999755859375,100,100,0.012699999846518
6789,SCC_1_patch04.png,0,524.9299926757812,781.6400146484375,100,100,0.0109000001102685
6790,SCC_1_patch04.png,0,543.969970703125,1017.8800048828124,100,100,0.0103000001981854
6791,SCC_1_patch04.png,0,947.02,464.51,100,100,0.4487
6792,SCC_1_patch04.png,0,836.61,414.85,100,100,0.3185
6793,SCC_1_patch04.png,0,855.27,439.78,100,100,0.2818
6794,SCC_1_patch04.png,0,823.25,364.3399963378906,100,100,0.1309999972581863
6795,SCC_1_patch04.png,0,902.6900024414062,450.2699890136719,100,100,0.1194000020623207
6796,SCC_1_patch04.png,0,798.9299926757812,469.6199951171875,100,100,0.013600000180304
6797,SCC_1_patch04.png,0,984.739990234375,338.17999267578125,100,100,0.0133999995887279
6798,SCC_1_patch04.png,0,972.22998046875,497.4400024414063,100,100,0.0115000000223517
6799,SCC_1_patch04.png,0,941.0900268554688,703.5599975585938,100,100,0.1134999990463256
6800,SCC_1_patch04.png,0,833.5,580.5499877929688,100,100,0.1115000024437904
6801,SCC_1_patch04.png,0,937.6799926757812,512.5900268554688,100,100,0.0515000000596046
6802,SCC_1_patch04.png,0,972.45,991.16,100,100,0.5118
6803,SCC_1_patch04.png,0,848.01,966.11,100,100,0.4069
6804,SCC_1_patch04.png,0,804.07,990.36,100,100,0.3177
6805,SCC_1_patch04.png,0,921.21,885.64,100,100,0.2706
6806,SCC_1_patch04.png,0,993.43,895.33,100,100,0.2388
6807,SCC_1_patch04.png,0,792.74,961.77,100,100,0.2297
6808,SCC_1_patch04.png,0,887.8699951171875,983.1300048828124,100,100,0.1833000034093856
6809,SCC_1_patch04.png,0,849.39,1021.08,100,100,0.1337
6810,SCC_1_patch04.png,0,787.4099731445312,843.25,100,100,0.1027999967336654
6811,SCC_1_patch04.png,0,418.010009765625,750.0599975585938,100,100,0.0020000000949949
6812,SCC_1_patch04.png,0,406.2999877929688,779.2000122070312,100,100,0.0091000003740191
6813,SCC_1_patch04.png,0,413.5199890136719,912.3400268554688,100,100,0.0083999997004866
6814,SCC_1_patch04.png,0,409.9599914550781,927.3300170898438,100,100,0.0071000000461936
6815,SCC_1_patch04.png,0,398.75,902.8200073242188,100,100,0.0049999998882412
6816,SCC_1_patch04.png,0,710.0800170898438,492.5499877929688,100,100,0.0038000000640749
6817,SCC_1_patch04.png,0,682.969970703125,494.260009765625,100,100,0.0024999999441206
6818,SCC_1_patch04.png,0,584.3800048828125,710.1500244140625,100,100,0.0093000000342726
6819,SCC_1_patch04.png,0,631.010009765625,726.219970703125,100,100,0.0082999998703598
6820,SCC_1_patch04.png,0,632.25,591.3800048828125,100,100,0.0062000001780688
6821,SCC_1_patch04.png,0,633.4500122070312,614.0599975585938,100,100,0.0046999999321997
6822,SCC_1_patch04.png,0,584.989990234375,684.6599731445312,100,100,0.0043000001460313
6823,SCC_1_patch04.png,0,653.280029296875,589.8900146484375,100,100,0.0041999998502433
6824,SCC_1_patch04.png,0,527.4400024414062,732.2000122070312,100,100,0.0041999998502433
6825,SCC_1_patch04.png,0,666.9099731445312,767.52001953125,100,100,0.0031000000890344
6826,SCC_1_patch04.png,0,621.6900024414062,713.6099853515625,100,100,0.0020000000949949
6827,SCC_1_patch04.png,0,706.6699829101562,694.5900268554688,100,100,0.0020000000949949
6828,SCC_1_patch04.png,0,649.4299926757812,620.8400268554688,100,100,0.0019000000320374
6829,SCC_1_patch04.png,0,575.5499877929688,671.3800048828125,100,100,0.00179999996908
6830,SCC_1_patch04.png,0,523.219970703125,797.8300170898438,100,100,0.0091000003740191
6831,SCC_1_patch04.png,0,556.3900146484375,830.1400146484375,100,100,0.0074999998323619
6832,SCC_1_patch04.png,0,575.97998046875,804.1400146484375,100,100,0.0073000001721084
6833,SCC_1_patch04.png,0,690.1900024414062,773.1699829101562,100,100,0.0068999999202787
6834,SCC_1_patch04.png,0,582.6099853515625,834.5999755859375,100,100,0.0040000001899898
6835,SCC_1_patch04.png,0,667.8900146484375,789.239990234375,100,100,0.0035999999381601
6836,SCC_1_patch04.png,0,845.77001953125,428.1499938964844,100,100,0.0085000004619359
6837,SCC_1_patch04.png,0,936.3599853515624,451.5700073242188,100,100,0.0071000000461936
6838,SCC_1_patch04.png,0,871.4600219726562,437.5700073242188,100,100,0.0015000000130385
6839,SCC_1_patch04.png,0,958.77001953125,443.7300109863281,100,100,0.001300000003539
6840,SCC_1_patch04.png,0,930.3300170898438,472.5799865722656,100,100,0.0012000000569969
6841,SCC_1_patch05.png,0,249.92,218.9,100,100,0.5322
6842,SCC_1_patch05.png,0,77.62,28.23,100,100,0.3436
6843,SCC_1_patch05.png,0,208.8300018310547,38.52999877929688,100,100,0.1701000034809112
6844,SCC_1_patch05.png,0,203.0,14.09000015258789,100,100,0.0621999986469745
6845,SCC_1_patch05.png,0,152.24000549316406,16.09000015258789,100,100,0.0401999987661838
6846,SCC_1_patch05.png,0,39.77000045776367,193.3699951171875,100,100,0.0383000001311302
6847,SCC_1_patch05.png,0,208.22999572753903,152.55999755859375,100,100,0.0232999995350837
6848,SCC_1_patch05.png,0,26.399999618530277,983.489990234375,100,100,0.0260000005364418
6849,SCC_1_patch05.png,0,283.87,19.61,100,100,0.4358
6850,SCC_1_patch05.png,0,424.7099914550781,114.12999725341795,100,100,0.1896000057458877
6851,SCC_1_patch05.png,0,329.66,37.95,100,100,0.1245
6852,SCC_1_patch05.png,0,344.6400146484375,133.19000244140625,100,100,0.0768000036478042
6853,SCC_1_patch05.png,0,362.3900146484375,60.400001525878906,100,100,0.0168999992311
6854,SCC_1_patch05.png,0,293.8999938964844,195.1199951171875,100,100,0.0160000007599592
6855,SCC_1_patch05.png,0,290.6,443.26,100,100,0.5149
6856,SCC_1_patch05.png,0,311.89,401.86,100,100,0.1189
6857,SCC_1_patch05.png,0,277.0899963378906,356.3900146484375,100,100,0.0175999999046325
6858,SCC_1_patch05.png,0,535.83,62.2,100,100,0.1544
6859,SCC_1_patch05.png,0,512.030029296875,105.45999908447266,100,100,0.0590000003576278
6860,SCC_1_patch05.png,0,533.760009765625,177.39999389648438,100,100,0.0272000003606081
6861,SCC_1_patch05.png,0,592.77001953125,66.01000213623047,100,100,0.0113000003620982
6862,SCC_1_patch05.png,0,710.1900024414062,102.01000213623048,100,100,0.0104999998584389
6863,SCC_1_patch05.png,0,758.93,285.66,100,100,0.4787
6864,SCC_1_patch05.png,0,625.05,456.72,100,100,0.4132
6865,SCC_1_patch05.png,0,904.8200073242188,90.61000061035156,100,100,0.0188999995589256
6866,SCC_1_patch05.png,0,947.7,438.1,100,100,0.5221
6867,SCC_1_patch05.png,0,990.02,392.82,100,100,0.1566
6868,SCC_1_patch05.png,0,969.6,565.11,100,100,0.1311
6869,SCC_1_patch05.png,0,1001.760009765625,588.9000244140625,100,100,0.050500001758337
6870,SCC_1_patch05.png,0,893.6699829101562,522.6799926757812,100,100,0.0287999995052814
6871,SCC_1_patch05.png,0,1010.6400146484376,675.0499877929688,100,100,0.0104000000283122
6872,SCC_1_patch05.png,0,875.239990234375,1005.9299926757812,100,100,0.0425999984145164
6873,SCC_1_patch05.png,0,87.69000244140625,13.359999656677246,100,100,0.0059000002220273
6874,SCC_1_patch05.png,0,218.7899932861328,28.280000686645508,100,100,0.0055999998003244
6875,SCC_1_patch05.png,0,68.75,16.760000228881836,100,100,0.0043999999761581
6876,SCC_1_patch05.png,0,33.59000015258789,170.10000610351562,100,100,0.0043999999761581
6877,SCC_1_patch05.png,0,20.34000015258789,208.6000061035156,100,100,0.0041999998502433
6878,SCC_1_patch05.png,0,216.58999633789065,7.650000095367432,100,100,0.0032999999821186
6879,SCC_1_patch05.png,0,66.19999694824219,390.7900085449219,100,100,0.0035000001080334
6880,SCC_1_patch05.png,0,435.1300048828125,103.81999969482422,100,100,0.0070000002160668
6881,SCC_1_patch05.png,0,271.3699951171875,14.670000076293944,100,100,0.0046000001020729
6882,SCC_1_patch05.png,0,578.4099731445312,165.85000610351562,100,100,0.006800000090152
6883,SCC_1_patch05.png,0,714.5900268554688,272.6000061035156,100,100,0.0038000000640749
6884,SCC_1_patch05.png,0,768.77001953125,273.3299865722656,100,100,0.0051000001840293
6885,SCC_1_patch05.png,0,951.219970703125,420.489990234375,100,100,0.0024999999441206
6886,SCC_1_patch05.png,0,952.0499877929688,450.010009765625,100,100,0.0015999999595806
6887,SCC_1_patch06.png,0,51.18,132.46,100,100,0.4879
6888,SCC_1_patch06.png,0,186.63999938964844,446.5199890136719,100,100,0.0291000008583068
6889,SCC_1_patch06.png,0,204.3300018310547,800.2100219726562,100,100,0.0269000008702278
6890,SCC_1_patch06.png,0,432.760009765625,92.41999816894533,100,100,0.0542000010609626
6891,SCC_1_patch06.png,0,716.2999877929688,151.75999450683594,100,100,0.0241999998688697
6892,SCC_1_patch06.png,0,645.3400268554688,8.25,100,100,0.0153000000864267
6893,SCC_1_patch06.png,0,593.1300048828125,12.739999771118164,100,100,0.0103000001981854
6894,SCC_1_patch06.png,0,520.84,355.91,100,100,0.3842
6895,SCC_1_patch06.png,0,681.0,463.76,100,100,0.3156
6896,SCC_1_patch06.png,0,692.8200073242188,478.3599853515625,100,100,0.0148999998345971
6897,SCC_1_patch06.png,0,697.6099853515625,451.6700134277344,100,100,0.0121999997645616
6898,SCC_1_patch06.png,0,578.05,668.32,100,100,0.4902
6899,SCC_1_patch06.png,0,971.04,471.99,100,100,0.591
6900,SCC_1_patch06.png,0,872.4,308.04,100,100,0.5564
6901,SCC_1_patch06.png,0,802.92,446.77,100,100,0.3875
6902,SCC_1_patch06.png,0,960.75,462.2699890136719,100,100,0.0131000000983476
6903,SCC_1_patch06.png,0,825.12,696.8,100,100,0.55
6904,SCC_1_patch06.png,0,934.0,552.0,100,100,0.2461775541305542
6905,SCC_1_patch06.png,0,955.8,581.61,100,100,0.2405
6906,SCC_1_patch06.png,0,958.3400268554688,709.8200073242188,100,100,0.1744000017642974
6907,SCC_1_patch06.png,0,886.88,684.19,100,100,0.1675
6908,SCC_1_patch06.png,0,845.4099731445312,735.0999755859375,100,100,0.1430000066757202
6909,SCC_1_patch06.png,0,61.4900016784668,119.9800033569336,100,100,0.0059000002220273
6910,SCC_1_patch06.png,0,35.400001525878906,130.57000732421875,100,100,0.0043000001460313
6911,SCC_1_patch06.png,0,43.630001068115234,116.16999816894533,100,100,0.001700000022538
6912,SCC_1_patch06.png,0,528.1099853515625,341.239990234375,100,100,0.0051000001840293
6913,SCC_1_patch06.png,0,759.469970703125,464.2900085449219,100,100,0.0015000000130385
6914,SCC_1_patch06.png,0,586.7999877929688,655.9000244140625,100,100,0.0065000001341104
6915,SCC_1_patch06.png,0,643.739990234375,562.3699951171875,100,100,0.006000000052154
6916,SCC_1_patch06.png,0,567.5599975585938,659.5999755859375,100,100,0.0035999999381601
6917,SCC_1_patch06.png,0,977.5900268554688,456.8299865722656,100,100,0.0052999998442828
6918,SCC_1_patch06.png,0,854.7899780273438,300.7200012207031,100,100,0.0037000000011175
6919,SCC_1_patch06.png,0,870.6699829101562,323.6199951171875,100,100,0.001300000003539
6920,SCC_1_patch06.png,0,857.5900268554688,727.8900146484375,100,100,0.0071999998763203
6921,SCC_1_patch06.png,0,835.6099853515625,744.8800048828125,100,100,0.0071000000461936
6922,SCC_1_patch06.png,0,830.0399780273438,729.260009765625,100,100,0.0032999999821186
6923,SCC_1_patch06.png,0,837.6900024414062,686.2100219726562,100,100,0.0028999999631196
6924,SCC_1_patch06.png,0,972.2100219726562,715.3599853515625,100,100,0.0024999999441206
6925,SCC_1_patch07.png,0,202.47,71.42,100,100,0.7313
6926,SCC_1_patch07.png,0,136.1,344.0,100,100,0.6769
6927,SCC_1_patch07.png,0,178.41,666.0,100,100,0.6246
6928,SCC_1_patch07.png,0,33.94,738.17,100,100,0.5392
6929,SCC_1_patch07.png,0,149.10000610351562,631.25,100,100,0.0324000008404254
6930,SCC_1_patch07.png,0,47.220001220703125,734.9000244140625,100,100,0.016499999910593
6931,SCC_1_patch07.png,0,207.76,962.39,100,100,0.2987
6932,SCC_1_patch07.png,0,205.1499938964844,921.5900268554688,100,100,0.1553000062704086
6933,SCC_1_patch07.png,0,386.8299865722656,15.84000015258789,100,100,0.0681999996304512
6934,SCC_1_patch07.png,0,313.7300109863281,8.779999732971191,100,100,0.0156999994069337
6935,SCC_1_patch07.png,0,462.88,284.58,100,100,0.3623
6936,SCC_1_patch07.png,0,475.45,325.05,100,100,0.3184
6937,SCC_1_patch07.png,0,409.6600036621094,600.8800048828125,100,100,0.0970000028610229
6938,SCC_1_patch07.png,0,373.37,862.45,100,100,0.1696
6939,SCC_1_patch07.png,0,748.8699951171875,356.5299987792969,100,100,0.0384000018239021
6940,SCC_1_patch07.png,0,635.77001953125,414.9100036621094,100,100,0.0149999996647238
6941,SCC_1_patch07.png,0,526.29,574.33,100,100,0.303
6942,SCC_1_patch07.png,0,673.6,655.79,100,100,0.2874
6943,SCC_1_patch07.png,0,645.23,596.24,100,100,0.1646
6944,SCC_1_patch07.png,0,667.1799926757812,729.5399780273438,100,100,0.0105999996885657
6945,SCC_1_patch07.png,0,577.48,953.63,100,100,0.4158
6946,SCC_1_patch07.png,0,529.77,918.26,100,100,0.3382
6947,SCC_1_patch07.png,0,705.65,848.55,100,100,0.1566
6948,SCC_1_patch07.png,0,725.23,873.68,100,100,0.1505
6949,SCC_1_patch07.png,0,764.3900146484375,893.3200073242188,100,100,0.1020999997854232
6950,SCC_1_patch07.png,0,741.1099853515625,912.8400268554688,100,100,0.0203000009059906
6951,SCC_1_patch07.png,0,825.29,164.33,100,100,0.682
6952,SCC_1_patch07.png,0,982.25,84.21,100,100,0.6023
6953,SCC_1_patch07.png,0,1002.62,236.55,100,100,0.3693
6954,SCC_1_patch07.png,0,869.15,10.63,100,100,0.2672
6955,SCC_1_patch07.png,0,973.6500244140624,64.55000305175781,100,100,0.015599999576807
6956,SCC_1_patch07.png,0,930.01,401.3,100,100,0.521
6957,SCC_1_patch07.png,0,804.52001953125,284.9100036621094,100,100,0.0772000029683113
6958,SCC_1_patch07.png,0,884.5599975585938,282.1499938964844,100,100,0.0153000000864267
6959,SCC_1_patch07.png,0,1019.5399780273438,505.6600036621094,100,100,0.0105999996885657
6960,SCC_1_patch07.png,0,781.32,883.98,100,100,0.302
6961,SCC_1_patch07.png,0,956.24,811.96,100,100,0.2404
6962,SCC_1_patch07.png,0,836.489990234375,874.6599731445312,100,100,0.0131999999284744
6963,SCC_1_patch07.png,0,189.9499969482422,68.11000061035156,100,100,0.0049999998882412
6964,SCC_1_patch07.png,0,126.47000122070312,354.5799865722656,100,100,0.001700000022538
6965,SCC_1_patch07.png,0,144.0,358.44000244140625,100,100,0.0012000000569969
6966,SCC_1_patch07.png,0,166.97999572753906,659.1300048828125,100,100,0.0078999996185302
6967,SCC_1_patch07.png,0,114.3000030517578,553.2899780273438,100,100,0.0046999999321997
6968,SCC_1_patch07.png,0,27.06999969482422,722.5900268554688,100,100,0.0043999999761581
6969,SCC_1_patch07.png,0,469.55999755859375,294.9700012207031,100,100,0.0027999999001622
6970,SCC_1_patch07.png,0,519.9099731445312,900.780029296875,100,100,0.0040000001899898
6971,SCC_1_patch07.png,0,815.2000122070312,152.92999267578125,100,100,0.0044999998062849
6972,SCC_1_patch07.png,0,924.1199951171876,27.1299991607666,100,100,0.0035999999381601
6973,SCC_1_patch07.png,0,839.97998046875,156.8000030517578,100,100,0.0019000000320374
6974,SCC_1_patch07.png,0,809.6699829101562,537.739990234375,100,100,0.0071999998763203
6975,SCC_1_patch07.png,0,831.5700073242188,588.530029296875,100,100,0.0020999999251216
6976,SCC_1_patch08.png,0,6.960000038146973,183.0500030517578,100,100,0.0949999988079071
6977,SCC_1_patch08.png,0,81.23999786376953,136.5500030517578,100,100,0.062399998307228
6978,SCC_1_patch08.png,0,152.49000549316406,94.47000122070312,100,100,0.0364000014960765
6979,SCC_1_patch08.png,0,113.37999725341795,100.0999984741211,100,100,0.0344999991357326
6980,SCC_1_patch08.png,0,182.7700042724609,83.79000091552734,100,100,0.0236000008881092
6981,SCC_1_patch08.png,0,116.56999969482422,44.83000183105469,100,100,0.0227000005543231
6982,SCC_1_patch08.png,0,209.38,389.74,100,100,0.3045
6983,SCC_1_patch08.png,0,223.91000366210935,335.7699890136719,100,100,0.1992000043392181
6984,SCC_1_patch08.png,0,189.57000732421875,359.4599914550781,100,100,0.128600001335144
6985,SCC_1_patch08.png,0,86.93000030517578,379.80999755859375,100,100,0.0577000007033348
6986,SCC_1_patch08.png,0,28.11000061035156,407.6400146484375,100,100,0.0137999998405575
6987,SCC_1_patch08.png,0,136.14,686.83,100,100,0.3036
6988,SCC_1_patch08.png,0,205.91000366210935,583.3200073242188,100,100,0.1737000048160553
6989,SCC_1_patch08.png,0,198.3699951171875,569.510009765625,100,100,0.019200000911951
6990,SCC_1_patch08.png,0,95.12,908.49,100,100,0.5618
6991,SCC_1_patch08.png,0,195.24,773.49,100,100,0.4368
6992,SCC_1_patch08.png,0,163.02999877929688,969.4299926757812,100,100,0.0120000001043081
6993,SCC_1_patch08.png,0,7.639999866485596,805.22998046875,100,100,0.0115999998524785
6994,SCC_1_patch08.png,0,346.55,38.56,100,100,0.2706
6995,SCC_1_patch08.png,0,461.15,163.96,100,100,0.1988
6996,SCC_1_patch08.png,0,348.9700012207031,242.6300048828125,100,100,0.0619000010192394
6997,SCC_1_patch08.png,0,401.2999877929688,196.19000244140625,100,100,0.0416000001132488
6998,SCC_1_patch08.png,0,321.8099975585937,220.22999572753903,100,100,0.0359000004827976
6999,SCC_1_patch08.png,0,298.32000732421875,171.89999389648438,100,100,0.0355000011622905
7000,SCC_1_patch08.png,0,280.7300109863281,210.6100006103516,100,100,0.033500000834465
7001,SCC_1_patch08.png,0,497.2799987792969,102.83999633789062,100,100,0.0214000009000301
7002,SCC_1_patch08.png,0,351.69000244140625,181.1300048828125,100,100,0.0193000007420778
7003,SCC_1_patch08.png,0,479.7300109863281,109.4000015258789,100,100,0.0166999995708465
7004,SCC_1_patch08.png,0,275.55,398.17,100,100,0.2142
7005,SCC_1_patch08.png,0,268.45001220703125,343.4800109863281,100,100,0.1756000071763992
7006,SCC_1_patch08.png,0,308.1000061035156,316.8800048828125,100,100,0.0683000013232231
7007,SCC_1_patch08.png,0,303.239990234375,397.8500061035156,100,100,0.0337000004947185
7008,SCC_1_patch08.png,0,280.65,576.43,100,100,0.5798
7009,SCC_1_patch08.png,0,394.74,649.42,100,100,0.3284
7010,SCC_1_patch08.png,0,286.3299865722656,636.489990234375,100,100,0.0137000000104308
7011,SCC_1_patch08.png,0,501.5499877929688,956.7999877929688,100,100,0.0254999995231628
7012,SCC_1_patch08.png,0,498.8800048828125,892.510009765625,100,100,0.0162000004202127
7013,SCC_1_patch08.png,0,453.8500061035156,768.030029296875,100,100,0.0156999994069337
7014,SCC_1_patch08.png,0,416.6900024414063,992.97998046875,100,100,0.0148000000044703
7015,SCC_1_patch08.png,0,264.8500061035156,881.0900268554688,100,100,0.0114000001922249
7016,SCC_1_patch08.png,0,766.56,190.83,100,100,0.2495
7017,SCC_1_patch08.png,0,630.1300048828125,240.66000366210935,100,100,0.1158000007271766
7018,SCC_1_patch08.png,0,552.8099975585938,222.33999633789065,100,100,0.0895000025629997
7019,SCC_1_patch08.png,0,730.4000244140625,41.11000061035156,100,100,0.0696000009775161
7020,SCC_1_patch08.png,0,627.3699951171875,66.63999938964844,100,100,0.0573000013828277
7021,SCC_1_patch08.png,0,515.7000122070312,200.41000366210935,100,100,0.0549000017344951
7022,SCC_1_patch08.png,0,527.22998046875,9.960000038146973,100,100,0.0322999991476535
7023,SCC_1_patch08.png,0,735.219970703125,102.2699966430664,100,100,0.0273000001907348
7024,SCC_1_patch08.png,0,617.0700073242188,167.47000122070312,100,100,0.0219999998807907
7025,SCC_1_patch08.png,0,560.25,20.780000686645508,100,100,0.0216000005602836
7026,SCC_1_patch08.png,0,679.3200073242188,209.17999267578125,100,100,0.0162000004202127
7027,SCC_1_patch08.png,0,733.5900268554688,6.880000114440918,100,100,0.0152000002562999
7028,SCC_1_patch08.png,0,599.239990234375,159.5,100,100,0.013600000180304
7029,SCC_1_patch08.png,0,678.010009765625,675.0399780273438,100,100,0.221900001168251
7030,SCC_1_patch08.png,0,583.5800170898438,660.010009765625,100,100,0.0766000002622604
7031,SCC_1_patch08.png,0,689.4600219726562,764.280029296875,100,100,0.0405000001192092
7032,SCC_1_patch08.png,0,672.1300048828125,707.010009765625,100,100,0.0207000002264976
7033,SCC_1_patch08.png,0,514.27,794.65,100,100,0.3492
7034,SCC_1_patch08.png,0,870.31,74.07,100,100,0.6295
7035,SCC_1_patch08.png,0,993.29,225.3,100,100,0.5589
7036,SCC_1_patch08.png,0,997.37,170.34,100,100,0.3422
7037,SCC_1_patch08.png,0,997.9000244140624,87.95999908447266,100,100,0.1023999974131584
7038,SCC_1_patch08.png,0,932.5999755859376,110.1500015258789,100,100,0.0308999996632337
7039,SCC_1_patch08.png,0,1011.0,160.2899932861328,100,100,0.0163000002503395
7040,SCC_1_patch08.png,0,1004.5900268554688,132.8000030517578,100,100,0.0125000001862645
7041,SCC_1_patch08.png,0,887.6900024414062,318.44000244140625,100,100,0.0272000003606081
7042,SCC_1_patch08.png,0,1014.719970703125,264.7900085449219,100,100,0.0120000001043081
7043,SCC_1_patch08.png,0,931.32,544.1,100,100,0.6208
7044,SCC_1_patch08.png,0,781.11,522.64,100,100,0.2974
7045,SCC_1_patch08.png,0,858.06,706.11,100,100,0.1582
7046,SCC_1_patch08.png,0,785.1300048828125,537.3499755859375,100,100,0.0126000000163912
7047,SCC_1_patch08.png,0,909.2999877929688,708.2899780273438,100,100,0.0126000000163912
7048,SCC_1_patch08.png,0,899.989990234375,667.47998046875,100,100,0.0104000000283122
7049,SCC_1_patch08.png,0,823.0499877929688,757.8499755859375,100,100,0.0102000003680586
7050,SCC_1_patch08.png,0,923.95,1010.81,100,100,0.3023
7051,SCC_1_patch08.png,0,958.969970703125,921.010009765625,100,100,0.1526000052690506
7052,SCC_1_patch08.png,0,802.7,971.3,100,100,0.1143
7053,SCC_1_patch08.png,0,857.3599853515625,786.3400268554688,100,100,0.0281000006943941
7054,SCC_1_patch08.png,0,208.19000244140625,763.719970703125,100,100,0.0028999999631196
7055,SCC_1_patch08.png,0,83.41999816894531,894.8800048828125,100,100,0.0070000002160668
7056,SCC_1_patch08.png,0,107.1999969482422,894.22998046875,100,100,0.0048000002279877
7057,SCC_1_patch08.png,0,294.7099914550781,383.75,100,100,0.0038000000640749
7058,SCC_1_patch08.png,0,272.1099853515625,382.739990234375,100,100,0.003400000045076
7059,SCC_1_patch08.png,0,321.4800109863281,324.9700012207031,100,100,0.0015000000130385
7060,SCC_1_patch08.png,0,296.2300109863281,417.2900085449219,100,100,0.0012000000569969
7061,SCC_1_patch08.png,0,290.760009765625,563.510009765625,100,100,0.0098999999463558
7062,SCC_1_patch08.png,0,262.0899963378906,567.7999877929688,100,100,0.00179999996908
7063,SCC_1_patch08.png,0,761.8200073242188,176.9199981689453,100,100,0.0046000001020729
7064,SCC_1_patch08.png,0,525.3300170898438,191.5500030517578,100,100,0.0020999999251216
7065,SCC_1_patch08.png,0,980.1199951171876,231.2100067138672,100,100,0.0089999996125698
7066,SCC_1_patch08.png,0,859.760009765625,63.650001525878906,100,100,0.0063000000081956
7067,SCC_1_patch08.png,0,883.1699829101562,62.630001068115234,100,100,0.0041000000201165
7068,SCC_1_patch08.png,0,883.5800170898438,81.80999755859375,100,100,0.0038999998942017
7069,SCC_1_patch08.png,0,1008.739990234375,227.3999938964844,100,100,0.0035000001080334
7070,SCC_1_patch08.png,0,1018.3800048828124,212.6300048828125,100,100,0.0012000000569969
7071,SCC_1_patch08.png,0,782.5599975585938,373.75,100,100,0.0049999998882412
7072,SCC_1_patch08.png,0,797.9199829101562,266.1499938964844,100,100,0.0037000000011175
7073,SCC_1_patch08.png,0,918.4500122070312,534.1599731445312,100,100,0.0074000000022351
7074,SCC_1_patch08.png,0,943.0599975585938,535.52001953125,100,100,0.0065999999642372
7075,SCC_1_patch08.png,0,887.7100219726562,763.469970703125,100,100,0.0041999998502433
7076,SCC_1_patch08.png,0,986.760009765625,942.1400146484376,100,100,0.0038000000640749
7077,SCC_1_patch09.png,0,34.529998779296875,73.58999633789062,100,100,0.0384000018239021
7078,SCC_1_patch09.png,0,177.97,928.33,100,100,0.5639
7079,SCC_1_patch09.png,0,162.77000427246094,911.3300170898438,100,100,0.0118000004440546
7080,SCC_1_patch09.png,0,297.0,140.0,100,100,0.3040961921215057
7081,SCC_1_patch09.png,0,408.0,83.0,100,100,0.243162453174591
7082,SCC_1_patch09.png,0,303.0,20.0,100,100,0.2382697314023971
7083,SCC_1_patch09.png,0,368.0,226.0,100,100,0.2001775503158569
7084,SCC_1_patch09.png,0,341.5,203.52,100,100,0.1667
7085,SCC_1_patch09.png,0,309.12,178.71,100,100,0.165
7086,SCC_1_patch09.png,0,471.27,496.43,100,100,0.5443
7087,SCC_1_patch09.png,0,321.0199890136719,497.4500122070313,100,100,0.0281000006943941
7088,SCC_1_patch09.png,0,320.13,524.68,100,100,0.2648
7089,SCC_1_patch09.png,0,393.6499938964844,660.2000122070312,100,100,0.0104000000283122
7090,SCC_1_patch09.png,0,494.99,963.05,100,100,0.6675
7091,SCC_1_patch09.png,0,510.65,832.65,100,100,0.4349
7092,SCC_1_patch09.png,0,461.0,1023.0,100,100,0.2647038698196411
7093,SCC_1_patch09.png,0,462.4599914550781,1006.4199829101562,100,100,0.1544999927282333
7094,SCC_1_patch09.png,0,507.8299865722656,909.75,100,100,0.0131999999284744
7095,SCC_1_patch09.png,0,483.5700073242188,955.510009765625,100,100,0.0118000004440546
7096,SCC_1_patch09.png,0,702.43,52.94,100,100,0.5385
7097,SCC_1_patch09.png,0,688.219970703125,45.75,100,100,0.0160000007599592
7098,SCC_1_patch09.png,0,756.2100219726562,128.60000610351562,100,100,0.0105999996885657
7099,SCC_1_patch09.png,0,609.55,448.79,100,100,0.5176
7100,SCC_1_patch09.png,0,618.55,692.23,100,100,0.2355
7101,SCC_1_patch09.png,0,654.65,699.29,100,100,0.1576
7102,SCC_1_patch09.png,0,697.15,822.36,100,100,0.5398
7103,SCC_1_patch09.png,0,623.27,907.8,100,100,0.1479
7104,SCC_1_patch09.png,0,592.2899780273438,1001.8400268554688,100,100,0.0181000009179115
7105,SCC_1_patch09.png,0,512.22998046875,964.4600219726562,100,100,0.012699999846518
7106,SCC_1_patch09.png,0,774.29,187.07,100,100,0.4023
7107,SCC_1_patch09.png,0,1014.0,503.7000122070313,100,100,0.0277999993413686
7108,SCC_1_patch09.png,0,1012.0900268554688,749.47998046875,100,100,0.290800005197525
7109,SCC_1_patch09.png,0,852.780029296875,652.030029296875,100,100,0.2248000055551529
7110,SCC_1_patch09.png,0,1017.4500122070312,738.1500244140625,100,100,0.0175999999046325
7111,SCC_1_patch09.png,0,838.5399780273438,739.8599853515625,100,100,0.0125000001862645
7112,SCC_1_patch09.png,0,1019.1199951171876,821.6599731445312,100,100,0.0359999984502792
7113,SCC_1_patch09.png,0,930.969970703125,997.010009765625,100,100,0.0108000002801418
7114,SCC_1_patch09.png,0,186.3000030517578,911.0999755859376,100,100,0.0049999998882412
7115,SCC_1_patch09.png,0,456.6700134277344,496.6400146484375,100,100,0.0097000002861022
7116,SCC_1_patch09.png,0,484.5,490.5400085449219,100,100,0.0071000000461936
7117,SCC_1_patch09.png,0,281.69000244140625,1003.6300048828124,100,100,0.0027000000700354
7118,SCC_1_patch09.png,0,507.3800048828125,943.9600219726562,100,100,0.0020000000949949
7119,SCC_1_patch09.png,0,762.0399780273438,193.72000122070312,100,100,0.0038000000640749
7120,SCC_1_patch09.png,0,587.9199829101562,585.8699951171875,100,100,0.009800000116229
7121,SCC_1_patch09.png,0,642.1900024414062,536.6300048828125,100,100,0.0038999998942017
7122,SCC_1_patch09.png,0,681.760009765625,891.9299926757812,100,100,0.0071999998763203
7123,SCC_1_patch09.png,0,723.7999877929688,824.72998046875,100,100,0.0052999998442828
7124,SCC_1_patch09.png,0,683.6900024414062,813.9299926757812,100,100,0.0037000000011175
7125,SCC_1_patch09.png,0,705.0499877929688,804.6799926757812,100,100,0.0015000000130385
7126,SCC_1_patch09.png,0,844.8599853515625,639.3400268554688,100,100,0.0031000000890344
7127,SCC_1_patch10.png,0,179.26,31.09,100,100,0.4
7128,SCC_1_patch10.png,0,255.48,32.84,100,100,0.3678
7129,SCC_1_patch10.png,0,150.12,155.7,100,100,0.2133
7130,SCC_1_patch10.png,0,10.729999542236328,55.880001068115234,100,100,0.0715999975800514
7131,SCC_1_patch10.png,0,20.040000915527344,6.610000133514404,100,100,0.0138999996706843
7132,SCC_1_patch10.png,0,180.0399932861328,393.25,100,100,0.0104000000283122
7133,SCC_1_patch10.png,0,76.91999816894531,576.6799926757812,100,100,0.0105999996885657
7134,SCC_1_patch10.png,0,167.02000427246094,775.3699951171875,100,100,0.0196000002324581
7135,SCC_1_patch10.png,0,266.59,154.17,100,100,0.4454
7136,SCC_1_patch10.png,0,511.16,193.68,100,100,0.2945
7137,SCC_1_patch10.png,0,376.72,254.72,100,100,0.1763
7138,SCC_1_patch10.png,0,277.69000244140625,207.6999969482422,100,100,0.0102000003680586
7139,SCC_1_patch10.png,0,320.09,256.22,100,100,0.568
7140,SCC_1_patch10.png,0,510.65,329.62,100,100,0.3279
7141,SCC_1_patch10.png,0,491.3599853515625,326.95001220703125,100,100,0.061999998986721
7142,SCC_1_patch10.png,0,443.57,729.89,100,100,0.5311
7143,SCC_1_patch10.png,0,438.09,613.67,100,100,0.4881
7144,SCC_1_patch10.png,0,452.6000061035156,622.219970703125,100,100,0.0205000005662441
7145,SCC_1_patch10.png,0,419.7200012207031,605.1099853515625,100,100,0.0108000002801418
7146,SCC_1_patch10.png,0,265.93,926.14,100,100,0.2195
7147,SCC_1_patch10.png,0,668.11,344.79,100,100,0.3604
7148,SCC_1_patch10.png,0,522.9,405.44,100,100,0.3303
7149,SCC_1_patch10.png,0,670.3800048828125,383.8999938964844,100,100,0.0896999984979629
7150,SCC_1_patch10.png,0,628.9400024414062,348.0199890136719,100,100,0.0394000001251697
7151,SCC_1_patch10.png,0,616.77001953125,321.0599975585937,100,100,0.0102000003680586
7152,SCC_1_patch10.png,0,657.11,564.27,100,100,0.7527
7153,SCC_1_patch10.png,0,721.95,663.78,100,100,0.3544
7154,SCC_1_patch10.png,0,602.4,715.83,100,100,0.1522
7155,SCC_1_patch10.png,0,685.1599731445312,664.0800170898438,100,100,0.025900000706315
7156,SCC_1_patch10.png,0,660.56,792.55,100,100,0.5845
7157,SCC_1_patch10.png,0,592.04,962.92,100,100,0.2239
7158,SCC_1_patch10.png,0,553.43,892.68,100,100,0.1478
7159,SCC_1_patch10.png,0,626.6099853515625,793.2100219726562,100,100,0.0208999998867511
7160,SCC_1_patch10.png,0,850.3,88.67,100,100,0.541
7161,SCC_1_patch10.png,0,904.75,72.79,100,100,0.4512
7162,SCC_1_patch10.png,0,768.3300170898438,204.7899932861328,100,100,0.0105999996885657
7163,SCC_1_patch10.png,0,973.71,461.14,100,100,0.286
7164,SCC_1_patch10.png,0,913.48,339.93,100,100,0.1891
7165,SCC_1_patch10.png,0,866.3,286.47,100,100,0.1601
7166,SCC_1_patch10.png,0,837.59,586.34,100,100,0.3754
7167,SCC_1_patch10.png,0,877.96,585.46,100,100,0.1916
7168,SCC_1_patch10.png,0,956.32,588.09,100,100,0.1776
7169,SCC_1_patch10.png,0,811.7000122070312,693.280029296875,100,100,0.0140000004321336
7170,SCC_1_patch10.png,0,995.86,918.18,100,100,0.262
7171,SCC_1_patch10.png,0,979.71,996.14,100,100,0.1906
7172,SCC_1_patch10.png,0,1014.739990234375,847.0,100,100,0.0307000000029802
7173,SCC_1_patch10.png,0,955.9000244140624,769.8099975585938,100,100,0.0121999997645616
7174,SCC_1_patch10.png,0,192.47999572753903,34.59000015258789,100,100,0.0041999998502433
7175,SCC_1_patch10.png,0,164.3699951171875,24.479999542236328,100,100,0.003000000026077
7176,SCC_1_patch10.png,0,173.22000122070312,40.459999084472656,100,100,0.0027000000700354
7177,SCC_1_patch10.png,0,140.52000427246094,146.14999389648438,100,100,0.0015000000130385
7178,SCC_1_patch10.png,0,93.5199966430664,560.75,100,100,0.0023000000510364
7179,SCC_1_patch10.png,0,262.3900146484375,140.13999938964844,100,100,0.0038999998942017
7180,SCC_1_patch10.png,0,433.30999755859375,252.3800048828125,100,100,0.0015999999595806
7181,SCC_1_patch10.png,0,443.7999877929688,262.260009765625,100,100,0.0019000000320374
7182,SCC_1_patch10.png,0,432.75,715.5499877929688,100,100,0.0081000002101063
7183,SCC_1_patch10.png,0,450.739990234375,713.1099853515625,100,100,0.0062000001780688
7184,SCC_1_patch10.png,0,452.4599914550781,738.219970703125,100,100,0.0031999999191612
7185,SCC_1_patch10.png,0,428.5799865722656,565.6900024414062,100,100,0.0019000000320374
7186,SCC_1_patch10.png,0,698.8499755859375,143.57000732421875,100,100,0.0049999998882412
7187,SCC_1_patch10.png,0,681.2100219726562,374.4700012207031,100,100,0.0015000000130385
7188,SCC_1_patch10.png,0,669.6500244140625,555.47998046875,100,100,0.0060999998822808
7189,SCC_1_patch10.png,0,706.02001953125,665.260009765625,100,100,0.0054000001400709
7190,SCC_1_patch10.png,0,653.3499755859375,546.5900268554688,100,100,0.0027000000700354
7191,SCC_1_patch10.png,0,839.27001953125,97.88999938964844,100,100,0.0046999999321997
7192,SCC_1_patch10.png,0,860.469970703125,76.70999908447266,100,100,0.0043000001460313
7193,SCC_1_patch10.png,0,899.4400024414062,224.63999938964844,100,100,0.0024000001139938
7194,SCC_1_patch10.png,0,998.780029296875,13.34000015258789,100,100,0.00179999996908
7195,SCC_1_patch10.png,0,916.02001953125,60.11000061035156,100,100,0.0015999999595806
7196,SCC_1_patch10.png,0,961.3900146484376,452.260009765625,100,100,0.0024999999441206
7197,SCC_1_patch10.png,0,829.9099731445312,573.1300048828125,100,100,0.0015000000130385
7198,SCC_1_patch11.png,0,246.69,84.54,100,100,0.2336
7199,SCC_1_patch11.png,0,102.15,177.31,100,100,0.2201
7200,SCC_1_patch11.png,0,86.70999908447266,242.4600067138672,100,100,0.0425000004470348
7201,SCC_1_patch11.png,0,67.02999877929688,196.1499938964844,100,100,0.0233999993652105
7202,SCC_1_patch11.png,0,132.44000244140625,197.08999633789065,100,100,0.0214000009000301
7203,SCC_1_patch11.png,0,160.72000122070312,251.6499938964844,100,100,0.0108000002801418
7204,SCC_1_patch11.png,0,121.6500015258789,55.97999954223633,100,100,0.0104000000283122
7205,SCC_1_patch11.png,0,150.88,259.77,100,100,0.4791
7206,SCC_1_patch11.png,0,185.64,445.38,100,100,0.2944
7207,SCC_1_patch11.png,0,8.229999542236328,445.25,100,100,0.0529000014066696
7208,SCC_1_patch11.png,0,166.31,852.49,100,100,0.1155
7209,SCC_1_patch11.png,0,28.520000457763672,904.239990234375,100,100,0.031599998474121
7210,SCC_1_patch11.png,0,440.7099914550781,86.48999786376953,100,100,0.1683000028133392
7211,SCC_1_patch11.png,0,407.3500061035156,15.880000114440918,100,100,0.0274000000208616
7212,SCC_1_patch11.png,0,308.05,453.65,100,100,0.6218
7213,SCC_1_patch11.png,0,293.38,498.18,100,100,0.159
7214,SCC_1_patch11.png,0,556.42,224.07,100,100,0.5692
7215,SCC_1_patch11.png,0,575.68,176.77,100,100,0.5492
7216,SCC_1_patch11.png,0,513.0,176.71,100,100,0.4404
7217,SCC_1_patch11.png,0,543.9000244140625,213.33999633789065,100,100,0.0131999999284744
7218,SCC_1_patch11.png,0,731.39,399.68,100,100,0.6021
7219,SCC_1_patch11.png,0,591.17,464.49,100,100,0.5576
7220,SCC_1_patch11.png,0,656.74,473.38,100,100,0.4886
7221,SCC_1_patch11.png,0,665.8,386.65,100,100,0.3314
7222,SCC_1_patch11.png,0,540.18,615.45,100,100,0.6331
7223,SCC_1_patch11.png,0,698.0999755859375,575.0900268554688,100,100,0.010700000450015
7224,SCC_1_patch11.png,0,652.6599731445312,1014.5599975585938,100,100,0.1246000006794929
7225,SCC_1_patch11.png,0,851.28,41.51,100,100,0.4916
7226,SCC_1_patch11.png,0,929.11,129.0,100,100,0.3153
7227,SCC_1_patch11.png,0,999.59,294.29,100,100,0.3562
7228,SCC_1_patch11.png,0,1007.17,353.76,100,100,0.3162
7229,SCC_1_patch11.png,0,1000.97998046875,460.1499938964844,100,100,0.0190999992191791
7230,SCC_1_patch11.png,0,89.5,183.1999969482422,100,100,0.0031999999191612
7231,SCC_1_patch11.png,0,141.99000549316406,246.6300048828125,100,100,0.003000000026077
7232,SCC_1_patch11.png,0,187.22999572753903,882.780029296875,100,100,0.0046999999321997
7233,SCC_1_patch11.png,0,461.4299926757813,170.86000061035156,100,100,0.0057000000961124
7234,SCC_1_patch11.png,0,313.94000244140625,437.6000061035156,100,100,0.0027000000700354
7235,SCC_1_patch11.png,0,589.8900146484375,169.39999389648438,100,100,0.003000000026077
7236,SCC_1_patch11.png,0,574.4099731445312,219.30999755859372,100,100,0.0024999999441206
7237,SCC_1_patch11.png,0,739.75,387.4700012207031,100,100,0.0071000000461936
7238,SCC_1_patch11.png,0,642.8599853515625,465.1400146484375,100,100,0.0057000000961124
7239,SCC_1_patch11.png,0,582.9000244140625,489.3599853515625,100,100,0.0040000001899898
7240,SCC_1_patch11.png,0,717.8699951171875,386.3800048828125,100,100,0.0027999999001622
7241,SCC_1_patch11.png,0,718.02001953125,405.739990234375,100,100,0.002600000007078
7242,SCC_1_patch11.png,0,647.6599731445312,486.8800048828125,100,100,0.0023000000510364
7243,SCC_1_patch11.png,0,662.7899780273438,457.4100036621094,100,100,0.002199999988079
7244,SCC_1_patch11.png,0,525.5599975585938,610.280029296875,100,100,0.0076999999582767
7245,SCC_1_patch11.png,0,554.9299926757812,622.5999755859375,100,100,0.0031999999191612
7246,SCC_1_patch11.png,0,548.5900268554688,601.4299926757812,100,100,0.0020000000949949
7247,SCC_1_patch11.png,0,839.8599853515625,29.790000915527344,100,100,0.0081000002101063
7248,SCC_1_patch11.png,0,864.3900146484375,31.739999771118164,100,100,0.0076000001281499
7249,SCC_1_patch11.png,0,861.2999877929688,52.4900016784668,100,100,0.0049000000581145
7250,SCC_1_patch12.png,0,65.28,100.39,100,100,0.2972
7251,SCC_1_patch12.png,0,28.94,913.1,100,100,0.305
7252,SCC_1_patch12.png,0,66.29,921.58,100,100,0.2036
7253,SCC_1_patch12.png,0,329.010009765625,632.3800048828125,100,100,0.0197000000625848
7254,SCC_1_patch12.png,0,513.32,341.99,100,100,0.3344
7255,SCC_1_patch12.png,0,678.4000244140625,262.4599914550781,100,100,0.0500999987125396
7256,SCC_1_patch12.png,0,524.42,862.92,100,100,0.3333
7257,SCC_1_patch12.png,0,575.02,833.74,100,100,0.2009
7258,SCC_1_patch12.png,0,886.39,396.12,100,100,0.3072
7259,SCC_1_patch12.png,0,868.37,528.81,100,100,0.1203
7260,SCC_1_patch12.png,0,857.67,842.48,100,100,0.5098
7261,SCC_1_patch12.png,0,525.8200073242188,329.5299987792969,100,100,0.002600000007078
7262,SCC_1_patch12.png,0,872.9500122070312,833.77001953125,100,100,0.0028999999631196
